# This file uses centimeters as units for non-parametric coordinates.

mtllib sp_tree_crown.mtl
g default
v 163.572388 1076.959473 1980.001343
v 209.431091 1211.445801 1994.127319
v 219.026489 1347.713745 1923.713989
v 205.196106 1439.860840 1841.587891
v 51.823792 1047.836670 1950.617310
v 32.009155 1205.527344 1958.496948
v 33.879944 1352.195801 1907.154663
v 67.124634 1433.314209 1785.658813
v -116.447754 1029.603882 1892.397339
v -136.261414 1187.293701 1900.278931
v -117.517700 1311.247314 1807.277222
v -101.146912 1415.080566 1727.440918
v -206.128601 990.196777 1803.913208
v -216.794067 1135.571289 1789.208740
v -207.197144 1271.840088 1718.793945
v -158.696472 1334.606201 1718.971069
v 160.151550 1221.492676 1705.612915
v 241.630981 1336.612305 1683.303345
v 260.660400 1460.203857 1593.958618
v 242.906128 1548.192383 1508.112183
v 41.889832 1225.761475 1719.589966
v 68.437012 1382.342773 1709.674805
v 90.155212 1519.076172 1639.081909
v 97.453918 1580.570312 1502.657593
v -134.489258 1255.927979 1723.755493
v -107.942688 1412.510010 1713.839233
v -92.099731 1520.537354 1602.288208
v -78.926697 1610.738037 1506.822388
v -256.996094 1240.941040 1676.931519
v -233.635254 1381.959961 1644.808472
v -214.606506 1505.551270 1555.463867
v -154.636475 1550.861084 1530.113647
v -128.619446 1061.561523 -97.911713
v -29.845428 1159.120972 -131.302475
v 104.910889 1180.655762 -201.988266
v 207.691498 1162.209473 -269.238586
v -181.251465 990.564270 -177.840851
v -94.339996 1077.065430 -279.255005
v 31.816940 1117.089355 -360.701599
v 173.504608 1075.071045 -385.310608
v -235.562744 886.613098 -313.050232
v -148.651398 973.113953 -414.464539
v -3.711731 972.753174 -472.406982
v 119.193329 971.119751 -520.519897
v -248.374939 769.748840 -373.079102
v -151.280121 834.354187 -461.750122
v -16.524063 855.889038 -532.435852
v 46.098618 904.116577 -525.767151
v 180.059616 1039.919922 -200.498993
v 236.350067 1144.640869 -121.416862
v 366.856995 1198.029297 -60.285187
v 486.768372 1213.165527 -31.669121
v 220.297455 1009.523560 -308.463745
v 316.694336 1133.600708 -283.298279
v 442.217896 1208.104736 -229.968933
v 568.550110 1184.411133 -152.993011
v 306.543274 973.477112 -461.105286
v 402.940155 1097.554443 -435.939819
v 539.348511 1125.936523 -365.568359
v 654.795959 1148.364746 -305.634583
v 376.137604 894.099915 -540.356323
v 478.436188 993.170898 -505.951294
v 608.943176 1046.559326 -444.819519
v 630.987122 1088.576782 -381.254150
v 20.816284 1329.168457 112.333496
v 189.647827 1455.403564 71.896820
v 399.212738 1462.181885 -25.113365
v 552.921936 1415.794556 -120.414719
v -66.497559 1236.343018 -13.551376
v 86.960083 1350.428223 -157.267654
v 288.157776 1386.786621 -270.286316
v 492.207153 1296.214111 -300.022797
v -159.276367 1096.337891 -223.758041
v -5.818878 1210.422852 -367.474487
v 213.654922 1182.171143 -445.526733
v 399.428345 1156.208740 -510.229675
v -197.869232 926.579834 -318.988800
v -34.502686 1005.634888 -443.747498
v 175.062241 1012.413208 -540.757690
v 277.517761 1071.369995 -525.096069
v 203.297760 1136.242188 41.383179
v 182.114792 1197.509033 -85.843826
v 118.915398 1177.728394 -224.530792
v 54.532547 1130.690430 -319.762085
v 115.700027 1092.079346 109.026657
v 25.389496 1151.309082 -7.835052
v -47.331573 1152.483154 -145.171631
v -69.657623 1067.580566 -266.578552
v -29.749268 1021.063904 185.436417
v -120.059814 1080.293701 68.574707
v -171.983215 1035.697632 -71.711258
v -215.106934 996.565125 -190.168823
v -99.751526 919.233643 231.860306
v -178.786102 953.647827 113.399323
v -241.985504 933.867310 -25.287659
v -228.828522 958.069397 -99.672485
v 39.094223 1270.472412 -63.912857
v 49.995224 1336.804443 -189.890198
v 50.385727 1315.577637 -342.102783
v 41.344604 1263.432617 -454.467957
v -51.202484 1198.462158 -34.579765
v -104.886200 1243.871582 -177.327362
v -119.275024 1240.166016 -332.021515
v -70.835144 1165.219238 -452.367249
v -188.581665 1084.779419 -19.078430
v -242.265625 1130.188477 -161.826096
v -224.372925 1088.212036 -311.100281
v -208.214264 1051.536377 -436.865723
v -239.412384 964.104919 -2.380081
v -275.593964 988.764465 -142.189087
v -275.203491 967.537598 -294.401978
v -242.930176 1001.777954 -358.261169
v 600.042175 1081.276855 -301.374756
v 718.601685 1215.897705 -244.346176
v 772.523193 1330.976562 -86.566757
v 783.683350 1394.135498 64.079773
v 582.182922 943.714478 -227.666656
v 736.342163 1020.747559 -108.073685
v 819.480469 1129.252441 44.515854
v 769.865967 1247.745361 194.530899
v 565.323975 756.349487 -85.247864
v 719.483215 833.382568 34.345139
v 738.805054 956.246582 198.271072
v 753.006897 1060.380371 336.949768
v 477.095276 651.134888 21.644341
v 596.654785 735.953186 147.383499
v 650.576294 851.031982 305.163147
v 691.506531 945.914612 321.161865
v 546.509888 1250.907104 -272.588745
v 434.011719 1295.101562 -206.242615
v 330.118225 1257.086182 -107.329109
v 267.804779 1197.212402 -24.166481
v 639.249878 1208.030762 -219.669525
v 558.776428 1245.509521 -94.256073
v 457.828583 1226.879639 15.201736
v 360.584076 1131.701050 64.331070
v 760.526062 1135.481689 -120.169846
v 680.052612 1172.960571 5.243622
v 572.670959 1111.988281 91.669937
v 481.860413 1059.152100 163.830612
v 832.088745 1036.794678 -82.932449
v 748.126953 1051.316528 29.993988
v 644.233887 1013.301270 128.907166
v 570.913269 1030.165649 143.270981
v -173.012817 1191.518555 2171.722168
v -149.148865 1261.504395 2179.071289
v -144.154419 1332.417847 2142.428955
v -151.352112 1380.370117 2099.690186
v -231.166199 1176.362915 2156.428955
v -241.478149 1258.424561 2160.529541
v -240.505859 1334.749268 2133.812256
v -223.204346 1376.963379 2070.585205
v -318.734558 1166.875854 2126.129883
v -329.043579 1248.936401 2130.232178
v -319.292053 1313.440430 2081.836670
v -310.771545 1367.474487 2040.289429
v -365.402588 1146.367432 2080.085205
v -370.954102 1222.019043 2072.435059
v -365.960205 1292.932861 2035.791870
v -340.717773 1325.596436 2035.883667
v -921.797119 630.769043 1290.758057
v -921.278198 704.657043 1282.894653
v -921.140381 764.097290 1229.385620
v -923.658813 797.047119 1173.836548
v -963.860718 593.601196 1264.401001
v -995.605469 666.008911 1239.769653
v -1004.182983 730.975952 1192.378052
v -975.690674 763.132935 1127.318848
v -1027.864624 548.406189 1214.032715
v -1059.607788 620.814209 1189.400391
v -1049.146729 673.708862 1128.648071
v -1039.693848 717.939026 1076.949097
v -1046.704956 504.233826 1164.914429
v -1068.126953 570.094971 1133.038208
v -1067.988281 629.535339 1079.530029
v -1053.939697 668.267395 1077.013794
v -851.198608 813.280396 1423.921509
v -918.461304 878.887695 1363.515503
v -981.169312 886.159912 1261.196045
v -1023.557007 863.750000 1176.688110
v -872.466675 725.918091 1448.519775
v -979.765503 754.477417 1392.244995
v -1056.760498 767.814514 1299.113892
v -1063.160645 754.206543 1182.878296
v -916.851196 594.324951 1466.369629
v -1024.151489 622.881165 1410.096680
v -1069.941284 622.971802 1296.897583
v -1107.547119 622.610718 1200.731079
v -908.141235 492.201904 1453.772461
v -998.520752 513.577637 1386.619873
v -1061.228394 520.850281 1284.300537
v -1079.796753 565.100098 1244.960327
v 140.594513 1182.112793 -530.293335
v 129.570969 1213.995605 -596.501648
v 96.682327 1203.702148 -668.673523
v 63.177902 1179.223877 -718.231384
v 95.009079 1159.130615 -495.092041
v 48.011963 1189.953613 -555.906311
v 10.168289 1190.564575 -627.375488
v -1.450027 1146.381714 -690.554993
v 19.318054 1122.174561 -455.328796
v -27.679047 1152.997559 -516.143066
v -54.699707 1129.790039 -589.147095
v -77.141052 1109.425781 -650.791748
v -17.110748 1069.182861 -431.170105
v -58.239868 1087.091797 -492.816528
v -91.128479 1076.798096 -564.988464
v -84.281677 1089.392700 -603.697998
v -274.453857 1250.342285 2151.987305
v -217.455566 1293.057373 2173.156982
v -150.215088 1328.404541 2148.139404
v -102.489929 1350.524658 2110.580078
v -311.192444 1263.326416 2103.747803
v -264.513428 1331.677368 2101.241455
v -200.657715 1377.230225 2081.546631
v -132.913391 1373.829590 2043.107300
v -354.247925 1289.859863 2025.526245
v -307.568237 1358.210449 2023.018921
v -236.318909 1381.470703 1991.696655
v -175.964600 1400.363037 1964.884644
v -373.471252 1280.252197 1960.283569
v -322.786560 1336.516602 1951.469360
v -255.545227 1371.864502 1926.450317
v -219.178711 1383.029053 1942.475830
v -62.049805 1171.530029 2112.632568
v -79.435303 1243.727783 2115.268799
v -134.496216 1297.886841 2094.502686
v -188.714355 1325.386230 2072.546631
v -99.463440 1126.318604 2132.668701
v -146.509644 1190.734619 2154.903076
v -201.212463 1249.505615 2145.202881
v -248.833496 1280.194336 2091.640381
v -166.962830 1067.867432 2159.188232
v -214.008423 1132.282837 2181.423340
v -269.493042 1180.985107 2147.541016
v -316.334412 1221.743164 2118.161377
v -212.071777 1017.444641 2147.285889
v -259.542969 1076.402832 2156.407471
v -314.600098 1130.563721 2135.639404
v -315.778870 1170.651367 2125.870361
v -913.118164 741.587463 1402.437134
v -986.847412 733.837830 1407.490112
v -1047.012939 681.461914 1401.723755
v -1080.598267 626.588501 1395.506470
v -872.572998 706.898804 1434.029175
v -942.035645 675.841980 1466.703979
v -1006.749146 627.553589 1471.261108
v -1042.708984 570.057983 1432.791016
v -822.377197 644.063354 1481.017700
v -891.839111 613.006409 1513.692749
v -946.619507 555.790039 1495.700684
v -992.511108 507.222198 1479.779419
v -777.520264 592.152161 1484.483398
v -841.597900 556.255249 1504.932495
v -901.762817 503.879456 1499.166748
v -941.707642 504.344940 1488.768555
v 510.132812 1174.578613 -541.246399
v 381.143524 1201.885986 -500.911926
v 282.190857 1180.893066 -392.327942
v 231.452606 1149.444580 -288.306274
v 603.218140 1197.301270 -477.541260
v 497.938232 1258.135254 -383.602112
v 393.958313 1258.827148 -275.406982
v 326.836121 1170.525391 -182.527618
v 725.966187 1227.870605 -359.770752
v 620.686401 1288.704590 -265.831604
v 527.687134 1242.031738 -156.786987
v 449.584290 1201.094727 -64.757164
v 819.558350 1190.573853 -281.690979
v 720.231873 1225.727783 -187.291153
v 621.279175 1204.734863 -78.707184
v 545.193604 1199.321289 -71.757156
v 1154.319092 1252.755859 -85.231827
v 1065.169922 1356.241943 -104.044815
v 933.528076 1410.550293 -62.285965
v 829.695435 1427.079590 -4.584488
v 1195.068359 1221.371582 17.695206
v 1112.787598 1342.732666 63.635422
v 990.263062 1417.192505 107.929245
v 849.515137 1397.412964 134.909637
v 1231.888428 1183.997559 182.373520
v 1149.607544 1305.358887 228.313583
v 1007.168091 1335.802124 267.070618
v 886.335205 1360.038940 299.588013
v 1231.886963 1106.298828 283.417542
v 1138.808716 1203.795288 326.355713
v 1007.166626 1258.103516 368.114624
v 951.092163 1300.347412 337.492188
v 1118.277832 1968.604736 1083.845581
v 1132.485840 2029.932373 1044.365845
v 1101.615479 2081.752197 991.847839
v 1060.454468 2113.201904 953.191345
v 1069.616821 1962.558105 1121.804688
v 1057.290527 2041.474365 1099.955688
v 1030.463989 2102.433105 1054.077759
v 991.253052 2116.405273 988.152893
v 989.631836 1963.278076 1169.531372
v 977.304199 2042.194336 1147.681885
v 941.644714 2083.191895 1087.300415
v 911.268066 2117.124756 1035.879150
v 926.614380 1939.602295 1183.211792
v 909.498108 2007.696289 1153.499268
v 878.627686 2059.515869 1100.980957
v 892.257507 2083.903320 1070.593506
v 1195.660889 1677.970215 528.641052
v 1139.929932 1726.646729 521.838989
v 1095.367676 1780.020752 561.359131
v 1072.429688 1819.154541 607.403748
v 1251.408447 1692.402100 551.647766
v 1218.166382 1768.210938 553.923218
v 1175.216309 1829.500000 584.570923
v 1132.370117 1848.766113 646.794739
v 1327.734863 1724.592773 594.238098
v 1294.493286 1800.401367 596.513855
v 1248.021606 1844.401855 646.539856
v 1208.697266 1880.956543 689.385315
v 1373.412720 1724.739746 645.545471
v 1338.261108 1791.175293 658.326721
v 1293.698975 1844.548828 697.846558
v 1255.366211 1859.729980 695.833923
v 1111.221191 1853.062256 1041.609619
v 1115.618408 1921.806396 1013.744080
v 1072.675537 1985.199707 990.644958
v 1023.477539 2025.674805 979.736023
v 1080.985107 1838.929443 1093.872559
v 1070.039917 1920.977783 1096.204712
v 1034.419189 1991.585938 1079.293457
v 974.350830 2021.585205 1039.662842
v 1026.734375 1829.556641 1169.005737
v 1015.789307 1911.604980 1171.338135
v 964.174316 1966.454346 1140.912231
v 920.100220 2012.212158 1114.796143
v 971.892212 1804.360840 1201.813599
v 952.275635 1877.864746 1196.818726
v 909.332642 1941.258057 1173.720093
v 912.610718 1971.975098 1146.339844
v 624.318176 1534.363770 7.889160
v 651.699463 1603.698975 210.709030
v 710.279968 1568.940430 440.646179
v 768.061646 1501.298584 602.173035
v 723.572083 1463.446655 -95.064880
v 832.690796 1516.003418 93.783752
v 907.048035 1503.972168 320.140747
v 905.115723 1400.661621 525.795532
v 885.880005 1348.836182 -207.750168
v 994.999146 1401.392578 -18.902023
v 1034.896240 1339.719238 215.275497
v 1067.424072 1286.050781 413.110291
v 950.385742 1213.798828 -272.016113
v 1040.821289 1239.440430 -78.927536
v 1099.401733 1204.682129 151.009933
v 1082.892822 1236.788574 269.556641
v -461.280212 1002.463257 1694.703247
v -565.940918 1126.003418 1611.089600
v -671.640259 1158.655273 1460.003052
v -746.858337 1136.021729 1333.916870
v -504.745300 827.185364 1745.213257
v -678.597290 870.029663 1681.335571
v -806.460938 906.557251 1549.073364
v -823.486328 921.490479 1360.324463
v -591.151855 566.621765 1793.168701
v -765.004150 609.466370 1729.290161
v -844.453857 637.528320 1555.912476
v -909.893433 660.926880 1408.279663
v -589.118713 385.905823 1774.808228
v -736.721436 424.161133 1688.638062
v -842.419556 456.813782 1537.550049
v -869.329346 547.084473 1475.964355
v 768.118835 1895.054199 1009.428650
v 698.595093 1942.869141 973.834045
v 598.132690 1948.316162 953.072937
v 518.469849 1934.497803 948.965149
v 782.311279 1871.556885 1084.909058
v 704.256042 1923.384033 1093.423462
v 606.575439 1941.699219 1079.977539
v 512.756836 1904.404053 1038.645508
v 784.676880 1836.832275 1195.834229
v 706.620605 1888.658447 1204.346924
v 602.862732 1878.865723 1174.921509
v 515.120605 1869.678467 1149.567749
v 778.870117 1780.110107 1249.073242
v 697.519775 1816.696777 1248.923340
v 597.057007 1822.143799 1228.161865
v 559.535889 1841.130859 1191.862183
v -561.925842 1339.678467 1556.458130
v -744.239380 1296.497070 1583.359009
v -903.768677 1134.708496 1595.182495
v -999.212280 973.159729 1602.370728
v -477.674194 1242.988525 1639.258911
v -660.322510 1126.676270 1741.389160
v -831.492188 971.937744 1778.309570
v -928.200562 812.484131 1706.582520
v -379.976135 1064.818359 1767.564209
v -562.623657 948.505493 1869.695435
v -708.369690 778.368591 1851.794556
v -830.501587 634.314087 1834.888794
v -285.302856 929.620117 1785.193726
v -454.168030 804.957520 1857.601929
v -613.696838 643.170227 1869.424316
v -709.097046 637.022766 1849.910278
v -594.721924 1060.366699 1315.185547
v -572.366638 1270.991943 1272.407715
v -547.433533 1455.149902 1120.829468
v -535.744080 1564.652832 972.920471
v -702.789246 952.706787 1268.166138
v -756.633057 1155.763794 1189.414429
v -752.419434 1351.225098 1052.709961
v -663.937744 1469.800293 876.408875
v -862.520630 824.090088 1167.561768
v -916.365112 1027.146240 1088.809448
v -866.896118 1197.915283 919.621155
v -823.669556 1341.183594 775.803833
v -912.279907 710.072266 1062.442749
v -941.587524 899.740356 966.079407
v -916.655151 1083.896973 814.502991
v -871.669189 1197.501465 793.834839
v 28.002304 1585.181885 41.809204
v 21.352356 1656.804443 -133.269272
v -10.387131 1619.003662 -355.369720
v -48.765228 1546.063232 -524.088196
v -93.070618 1494.062988 60.294983
v -192.070648 1534.816650 -153.848923
v -243.267181 1517.245361 -381.171875
v -206.708862 1419.499023 -551.560364
v -283.452301 1348.117920 45.899399
v -382.452515 1388.871582 -168.244583
v -391.150635 1327.113770 -384.160767
v -397.090332 1273.553955 -565.955750
v -356.600708 1199.180054 50.279587
v -432.559448 1215.976807 -157.680222
v -464.298950 1178.175903 -379.780701
v -431.340332 1216.911865 -463.045044
v -558.483948 874.677856 682.285950
v -559.588196 934.091187 726.900452
v -514.433838 991.601196 759.305298
v -464.574524 1030.234863 773.420776
v -535.717346 875.308960 624.609192
v -525.974243 955.769653 641.589050
v -489.002625 1021.473633 670.853699
v -424.268921 1043.321289 708.416626
v -492.413269 887.283813 543.016785
v -482.669861 967.744385 559.995911
v -427.825378 1015.550659 596.120239
v -380.964844 1055.295898 626.824219
v -442.460693 873.467285 497.931213
v -423.027161 944.223999 518.629700
v -377.872925 1001.734253 551.035278
v -377.580017 1024.518433 585.454529
v 163.213684 1090.312256 1855.699341
v 133.512817 1197.388184 1844.298218
v 48.757080 1270.835205 1800.980835
v -33.401001 1304.405273 1761.437622
v 108.639099 1025.216187 1894.086060
v 34.203796 1123.212158 1912.837769
v -50.552124 1205.820557 1885.056763
v -122.059265 1237.963135 1797.935181
v 9.331238 940.188904 1944.227173
v -65.104370 1038.184570 1962.978638
v -149.858948 1100.781616 1901.261719
v -221.367737 1152.936035 1848.076294
v -55.639771 860.350647 1935.982300
v -130.075195 947.495911 1936.335083
v -214.831055 1020.943237 1893.015869
v -218.269897 1078.523438 1870.144165
v -566.952332 916.714111 811.376709
v -596.875977 941.630066 748.088928
v -623.735168 919.570557 676.058411
v -642.381165 883.902710 625.483521
v -591.667847 871.337036 845.661560
v -651.328552 876.173096 788.439819
v -688.055603 860.736084 718.060913
v -678.594116 820.566528 651.912415
v -634.433838 798.037720 884.056335
v -694.095154 802.873535 826.834900
v -709.268005 772.971558 752.848694
v -721.360718 747.266907 690.307800
v -636.340820 732.582397 904.813171
v -684.315674 729.575867 845.635437
v -711.175049 707.516357 773.605774
v -714.203918 723.926270 735.849792
v 26.703766 889.511475 -586.703186
v 17.635315 953.541748 -550.104492
v 30.204468 990.624573 -480.367188
v 50.256363 1004.009460 -420.396545
v 81.286392 860.713623 -592.766968
v 108.308868 928.079285 -552.907349
v 125.250549 974.681519 -489.020142
v 121.621483 974.980469 -411.138855
v 166.781799 823.977966 -588.642090
v 193.804337 891.343689 -548.782410
v 201.195358 917.153320 -472.117371
v 207.116867 938.244873 -407.013916
v 211.164429 774.790771 -570.486023
v 233.008881 830.883240 -523.698547
v 245.577972 867.966064 -453.961365
v 227.824051 897.827637 -431.667480
v -697.897461 796.995972 739.817383
v -681.691467 868.052185 725.327332
v -630.040833 916.396729 688.025879
v -581.580444 938.236572 651.251770
v -704.361816 753.512207 696.081970
v -692.488464 818.376770 645.994934
v -649.998413 872.850952 603.952698
v -576.600281 893.686218 587.912659
v -704.310547 696.578003 622.363586
v -692.436890 761.442505 572.275757
v -629.938110 802.528320 540.588196
v -576.548462 836.752197 514.193909
v -680.072083 643.132446 586.657410
v -657.350098 700.738159 542.183716
v -605.699768 749.082764 504.882690
v -590.869629 787.317444 509.586182
v -511.100952 982.038208 659.408813
v -582.518921 994.199951 642.881836
v -655.078125 960.642944 640.532654
v -703.983459 918.967041 647.541321
v -491.623779 960.080566 714.033508
v -572.237610 965.723389 732.107727
v -649.417480 941.771851 735.267517
v -695.594849 882.191284 715.353760
v -475.870422 920.229004 796.735718
v -556.484619 925.871826 814.810364
v -623.571350 880.939819 805.937805
v -679.841125 842.339844 798.055725
v -453.354736 868.775757 836.288879
v -528.497375 863.043213 847.840088
v -601.056152 829.486328 845.490845
v -635.749390 833.365112 823.462219
v 5.494049 990.550354 -366.409363
v 11.166870 1025.069092 -431.967346
v 11.370056 1014.022827 -511.177979
v 6.665176 986.886841 -569.652161
v -41.495819 953.076599 -351.144623
v -69.432556 976.707397 -425.429688
v -76.920441 974.779053 -505.931702
v -51.712601 935.777161 -568.558960
v -112.987244 893.916687 -343.077820
v -140.924042 917.547363 -417.362915
v -131.612793 895.703003 -495.044373
v -123.203949 876.617188 -560.492065
v -139.439240 831.118347 -334.388092
v -158.267944 843.951050 -407.143982
v -158.064728 832.904663 -486.354675
v -141.269928 850.723145 -519.586670
v -221.430511 1320.431519 -399.851929
v -127.758057 1480.931763 -335.498779
v 61.606842 1577.789307 -241.394379
v 229.935944 1614.023682 -172.238831
v -181.539734 1223.087402 -511.317139
v -38.211853 1371.976074 -515.178101
v 144.868042 1486.293945 -444.737427
v 325.097321 1511.176270 -288.307617
v -84.549835 1093.455078 -662.972168
v 58.777893 1242.343994 -666.832947
v 255.586060 1318.524536 -544.704773
v 422.086792 1381.543945 -439.963135
v -4.486099 962.508240 -699.667053
v 146.285141 1090.720215 -675.503967
v 335.650055 1187.577881 -581.399292
v 376.322815 1271.448730 -513.945923
v 299.494507 1420.022095 1819.920532
v 422.354675 1586.656494 1758.024292
v 474.792419 1768.159912 1610.315552
v 474.673889 1897.304932 1478.685181
v 144.330627 1409.248535 1855.812988
v 198.986084 1622.444336 1812.302856
v 253.779114 1818.663330 1688.176880
v 290.358276 1923.894531 1486.785278
v -81.825989 1427.609863 1882.164185
v -27.167908 1640.804199 1838.654297
v 22.483093 1804.880615 1663.016968
v 64.203369 1942.255371 1513.135864
v -236.007751 1400.738525 1837.091675
v -184.139221 1596.506348 1765.652222
v -131.700134 1778.010498 1617.943604
v -44.696411 1849.668457 1566.445190
v 263.767426 1440.183594 217.181839
v 213.013977 1503.521118 33.374100
v 97.836037 1464.553467 -181.942261
v -11.826477 1395.708496 -336.685699
v 155.891022 1386.179565 293.904602
v 13.324646 1443.509521 110.903229
v -113.182495 1429.586426 -102.746002
v -173.479858 1315.181641 -289.836975
v -30.382034 1296.509033 369.459473
v -172.948547 1353.838867 186.458267
v -274.710327 1285.212402 -30.832306
v -359.752930 1225.511230 -214.282120
v -122.317902 1171.666992 414.487000
v -251.468109 1199.337891 229.511459
v -366.646240 1160.370117 14.194992
v -362.393860 1184.846313 -88.992081
v 341.628754 1181.018066 -539.010620
v 435.777435 1348.049316 -407.323181
v 488.103638 1420.954102 -187.114502
v 458.502563 1073.928223 -478.557312
v 540.496460 1214.981567 -331.307922
v 604.977234 1313.864258 -126.661377
v -219.575745 1317.395264 -57.943985
v -86.221802 1439.862549 -78.578316
v 83.600220 1469.012451 -151.901062
v 208.226105 1447.702393 -229.886612
v -311.689148 1221.291992 -190.013168
v -208.949860 1324.194824 -312.473206
v -51.821747 1374.491211 -401.680664
v 132.780014 1330.247559 -411.835388
v -419.384766 1080.581787 -405.096985
v -316.645691 1183.484375 -527.557312
v -131.791534 1187.591675 -582.069336
v 25.084106 1189.537109 -626.919556
v -456.305542 932.646179 -503.846436
v -338.534180 1010.506409 -607.495667
v -168.712280 1039.656372 -680.818298
v -79.363159 1102.883545 -654.640869
v 428.058319 1461.615234 -169.879211
v 284.448486 1560.383057 -243.405533
v 76.929604 1571.634521 -286.290833
v -87.625305 1543.090576 -294.775757
v 457.374847 1413.078613 -13.964424
v 296.139832 1520.132568 3.619865
v 94.369255 1557.966309 -24.152290
v -99.427887 1480.927490 -109.532715
v 462.258881 1341.348633 215.162949
v 301.024139 1448.402710 232.747635
v 86.697998 1428.174561 171.964493
v -94.543701 1409.197510 119.594833
v 450.266541 1224.181885 325.138123
v 282.224304 1299.756592 324.825195
v 74.705414 1311.008057 281.939636
v -2.797455 1350.229492 206.960526
v 674.626343 1780.190674 973.820496
v 636.562195 1851.206787 931.255188
v 596.546631 1939.736328 944.700745
v 571.914062 2007.296631 978.043518
v 733.820068 1786.081543 1021.194275
v 728.750793 1883.501953 992.980774
v 696.961731 1977.413086 995.477844
v 636.419556 2034.588623 1042.461182
v 816.265320 1812.004150 1095.884766
v 811.195129 1909.424072 1067.670410
v 761.437622 1991.581543 1094.081543
v 718.864075 2060.511230 1117.151245
v 848.470215 1814.746094 1173.681396
v 833.656738 1905.792969 1158.431030
v 793.640015 1994.322754 1171.875488
v 758.763245 2023.389648 1149.487427
v -820.002075 434.051758 1464.423706
v -803.214600 568.834412 1440.702148
v -828.789185 677.812866 1343.273804
v -868.404785 739.338013 1248.253540
v -921.705444 380.455811 1459.609253
v -971.922974 523.430664 1434.202515
v -1005.091064 645.339172 1353.229614
v -1001.951172 695.193970 1217.459351
v -1081.423218 319.738464 1433.620605
v -1131.639893 462.713898 1408.214478
v -1148.223267 556.380188 1291.296875
v -1161.667114 634.478271 1191.468750
v -1165.855103 245.850342 1373.135742
v -1207.081665 373.512115 1328.241333
v -1232.656494 482.491028 1230.811646
v -1199.983276 548.545227 1209.931152
v -88.094238 890.686646 2200.491455
v -64.229126 960.672180 2207.844482
v -59.235413 1031.586060 2171.201904
v -66.432434 1079.538574 2128.463135
v -146.248352 875.531311 2185.200928
v -156.558533 957.591797 2189.301270
v -155.585388 1033.918213 2162.582031
v -138.284851 1076.131714 2099.358398
v -233.813843 866.043213 2154.903076
v -244.126526 948.104126 2159.003662
v -234.370972 1012.609253 2110.607422
v -225.852539 1066.643311 2069.060791
v -280.485046 845.536865 2108.855957
v -286.034546 921.186890 2101.205811
v -281.041138 992.102661 2064.560303
v -255.800903 1024.764038 2064.654297
v -89.873230 965.901245 2057.701660
v -47.473877 1025.808960 2046.093628
v -37.570435 1090.124756 1999.599487
v -46.809204 1135.913696 1954.924683
v -151.416016 968.122009 2064.976318
v -137.602356 1049.606445 2059.814453
v -126.298767 1120.761475 2023.080933
v -122.501953 1152.763184 1952.085083
v -243.203613 983.821167 2067.142334
v -229.389343 1065.305176 2061.983154
v -221.143188 1121.522705 2003.932495
v -214.289612 1168.462402 1954.251587
v -306.955383 976.021729 2042.775269
v -294.797607 1049.407471 2026.060425
v -284.894531 1113.723389 1979.565552
v -253.688110 1137.302246 1966.374390
v -199.645630 1096.707031 -431.286682
v -111.786621 1162.399048 -452.329651
v -2.730164 1165.926514 -502.813171
v 77.259277 1141.786621 -552.407532
v -245.083252 1048.401123 -496.796387
v -165.224731 1107.770386 -571.585571
v -60.522552 1126.691162 -630.399841
v 45.663605 1079.557617 -645.874573
v -293.364868 975.543152 -606.186829
v -213.506348 1034.912354 -680.976074
v -99.293457 1020.210449 -721.594116
v -2.618011 1006.699707 -755.265076
v -313.448364 887.202026 -655.744446
v -228.433319 928.341919 -720.668152
v -119.376892 931.869263 -771.151733
v -66.059540 962.550049 -763.001465
v -104.683197 996.309204 -468.208740
v -115.706757 1028.192017 -534.416992
v -148.595398 1017.898376 -606.588928
v -182.099823 993.420166 -656.146790
v -150.268677 973.327026 -433.007446
v -197.265717 1004.149902 -493.821655
v -235.109436 1004.760925 -565.290894
v -246.727783 960.578064 -628.470398
v -225.959656 936.371033 -393.244202
v -272.956757 967.193848 -454.058411
v -299.977417 943.986328 -527.062500
v -322.418823 923.622009 -588.707153
v -262.388489 883.379150 -369.085571
v -303.517578 901.288147 -430.731934
v -336.406250 890.994385 -502.903870
v -329.559448 903.588989 -541.613403
v -168.924164 965.123047 -743.298035
v -177.992615 1029.153320 -706.699341
v -165.423492 1066.236084 -636.962036
v -145.371582 1079.621094 -576.991394
v -114.341553 936.325134 -749.361755
v -87.319061 1003.690796 -709.502197
v -70.377411 1050.293091 -645.614929
v -74.006439 1050.592041 -567.733704
v -28.846115 899.589539 -745.236938
v -1.823624 966.955200 -705.377258
v 5.567413 992.764771 -628.712219
v 11.488937 1013.856445 -563.608765
v 15.536484 850.402344 -727.080872
v 37.380966 906.494751 -680.293396
v 49.950027 943.577637 -610.556152
v 32.196106 973.439148 -588.262268
v -277.411133 957.445862 -540.697021
v -226.009674 1008.215149 -558.073486
v -155.883240 1019.421753 -594.857910
v -102.396790 1009.822449 -629.854614
v -304.800598 920.499207 -582.291809
v -259.572357 965.513916 -635.067200
v -193.920959 986.342163 -677.451477
v -120.187439 964.476013 -690.257874
v -333.063843 866.403564 -652.653931
v -287.835663 911.418152 -705.429382
v -212.409851 911.230408 -735.582336
v -148.450775 910.380371 -760.620117
v -339.731262 805.588013 -683.892700
v -289.203674 839.208313 -730.036682
v -219.077271 850.414917 -766.821045
v -186.488800 875.512268 -763.350708
v -721.290100 558.403564 1570.316772
v -795.018860 550.653564 1575.370239
v -855.185913 498.276611 1569.605347
v -888.770630 443.403809 1563.387573
v -680.745605 523.714233 1601.910278
v -750.207947 492.657166 1634.585205
v -814.920410 444.369324 1639.141968
v -850.880127 386.874390 1600.671021
v -630.549377 460.877380 1648.900513
v -700.011169 429.821228 1681.574341
v -754.792175 372.605408 1663.581787
v -800.683350 324.038696 1647.659546
v -585.691467 408.968750 1652.364136
v -649.770142 373.070251 1672.812988
v -709.933960 320.696045 1667.046509
v -749.879517 321.160950 1656.650513
v 1031.328613 1356.912354 -198.603348
v 1041.508789 1418.597412 -106.035660
v 1036.195312 1415.598267 14.035690
v 1029.414551 1384.232422 105.746262
v 1078.430176 1277.887207 -213.638016
v 1130.605347 1308.496216 -104.843246
v 1140.841309 1314.590698 16.143509
v 1085.740967 1282.457764 114.469193
v 1149.112549 1157.016846 -213.529129
v 1201.287598 1187.625854 -104.734451
v 1177.560425 1173.857422 14.253220
v 1156.423462 1161.587646 114.578018
v 1154.271606 1053.908447 -215.876297
v 1188.032959 1073.748291 -108.165024
v 1182.719727 1070.749146 11.906204
v 1168.371582 1109.567871 58.141464
v 1017.062866 1402.115234 422.808533
v 950.639587 1474.818115 326.304199
v 816.453552 1513.596436 276.172729
v 697.792053 1527.885254 266.216431
v 999.033691 1414.339355 535.790955
v 905.311035 1525.989990 487.218262
v 777.723633 1585.994873 435.843201
v 643.028809 1549.614502 397.595154
v 945.890381 1440.374023 698.177673
v 852.167542 1552.024902 649.604919
v 710.166870 1565.666016 600.946106
v 589.885376 1575.649414 559.981812
v 893.685303 1401.321655 807.705872
v 792.147705 1487.835205 760.606140
v 657.961731 1526.613525 710.474731
v 625.744385 1545.066406 643.481018
v 968.305603 1348.665283 69.758255
v 881.930786 1445.149780 117.096527
v 760.484619 1467.832031 199.310745
v 667.247925 1450.732300 272.784546
v 1022.562256 1272.796875 137.136246
v 953.415405 1353.787109 247.899155
v 842.230469 1393.175537 340.661987
v 706.362732 1357.929688 375.688599
v 1081.895508 1161.650269 255.447037
v 1012.748718 1242.640381 366.210144
v 879.151062 1245.538818 435.932312
v 765.696045 1246.783081 493.999634
v 1093.602051 1044.789795 304.980835
v 1012.303894 1105.996094 403.251953
v 890.858032 1128.678467 485.466064
v 832.729675 1178.491699 487.994751
v -836.500610 1205.185303 699.324036
v -799.277832 1337.939941 700.607300
v -689.300903 1432.234375 668.414246
v -586.067932 1478.113770 628.141907
v -831.767334 1138.347656 605.783142
v -788.181152 1270.112061 539.850403
v -692.701721 1377.798096 497.354675
v -552.719727 1413.762329 503.728577
v -803.502319 1054.661011 457.226624
v -759.914978 1186.426270 391.293518
v -632.769775 1264.861816 371.300720
v -524.453613 1330.075439 355.172852
v -746.701904 964.525085 387.253601
v -685.946960 1080.430298 333.520752
v -575.968689 1174.726074 301.327148
v -549.929749 1242.105225 326.795898
v -1000.941772 435.821716 1387.610840
v -1075.166138 433.196259 1385.285767
v -1138.122437 384.094238 1380.599365
v -1174.854614 330.940033 1378.885986
v -966.603027 404.279602 1428.491455
v -1041.210449 382.782349 1457.283081
v -1109.450562 339.596710 1461.596069
v -1145.365112 278.913696 1428.334961
v -926.389771 346.860229 1489.826660
v -1000.995483 325.363525 1518.617554
v -1057.694702 269.257538 1503.266724
v -1105.151978 221.494080 1489.668335
v -886.117676 293.663452 1506.167358
v -954.465576 265.160431 1524.298218
v -1017.422729 216.059753 1519.607056
v -1055.918091 217.166412 1504.750366
v 334.749878 1329.004639 -86.682129
v 277.322510 1226.918945 -51.876938
v 285.119995 1105.728882 11.684311
v 318.172150 1018.730835 69.602005
v 383.077087 1382.782104 -27.263016
v 334.391571 1289.990967 61.379196
v 326.997681 1172.532471 133.918808
v 383.028931 1058.136230 158.318710
v 458.136475 1441.435059 75.360550
v 409.451111 1348.643921 164.002609
v 435.238892 1223.034912 216.931290
v 458.088287 1116.789062 260.942261
v 547.384338 1469.949463 118.779480
v 516.689331 1372.739502 196.788986
v 524.486816 1251.549316 260.350220
v 497.590851 1190.260010 259.497009
v 474.409058 1266.091797 88.082809
v 363.792328 1225.026001 56.328598
v 287.281891 1119.313354 14.389648
v 251.079254 1019.922058 -14.355865
v 527.232361 1224.415039 153.128189
v 414.939514 1146.016113 162.174240
v 326.091888 1044.253662 132.785324
v 301.700562 942.203979 56.547043
v 592.989746 1140.727051 244.111526
v 480.697052 1062.328125 253.157425
v 418.796814 951.937500 196.356186
v 367.457947 858.516052 147.530380
v 668.610107 1075.536133 270.477417
v 570.927612 992.459106 264.661072
v 494.417206 886.746582 222.722122
v 439.591064 872.865845 186.917984
v 1165.099365 1921.772705 1154.909180
v 1254.378906 1925.537842 1087.883911
v 1291.889771 1910.034912 974.716492
v 1293.140747 1894.802490 878.763123
v 1085.923096 1968.115967 1138.385986
v 1151.661621 2011.618164 1042.045532
v 1198.143555 2011.739990 929.710632
v 1200.586792 1947.797363 831.517700
v 972.580994 2035.692627 1091.560547
v 1038.320068 2079.195068 995.220032
v 1065.205444 2045.188721 881.065491
v 1087.244629 2015.374268 784.692444
v 874.721619 2038.620850 1058.723145
v 929.835571 2063.619873 961.395569
v 967.345886 2048.116699 848.228088
v 1019.356567 2030.827148 819.135071
v 434.614990 1383.053467 43.096268
v 392.517029 1297.797363 101.718781
v 420.887970 1198.059326 162.560684
v 471.100525 1127.658447 206.867111
v 501.563660 1439.655518 74.776596
v 487.108582 1370.989990 177.594894
v 504.709381 1276.429443 251.946457
v 563.706055 1175.425293 259.301453
v 608.909668 1506.716797 134.653915
v 594.454590 1438.051270 237.472305
v 635.579956 1332.181641 282.315430
v 671.052124 1242.486572 319.178894
v 707.599243 1536.911621 138.132996
v 705.898560 1462.114746 224.952591
v 734.269531 1362.376709 285.794495
v 708.170166 1307.587158 298.733521
v 1096.928711 1757.609619 641.290466
v 1032.038818 1751.412598 605.618347
v 952.635437 1751.177002 615.183472
v 893.655212 1756.073975 641.165161
v 1111.405029 1805.053955 678.503601
v 1037.526001 1832.570801 653.170105
v 956.988220 1839.919434 653.505920
v 893.686401 1815.032715 691.615784
v 1118.234497 1877.230957 736.983032
v 1044.355713 1904.747803 711.649231
v 966.295349 1895.531006 732.141296
v 900.516479 1887.209473 750.094543
v 1125.699463 1904.414551 799.626648
v 1053.163452 1922.950195 785.221008
v 973.759949 1922.714600 794.784912
v 940.897217 1905.650879 776.540710
v 20.014404 1011.028320 -552.504150
v 49.923264 1081.536865 -538.110901
v 117.520432 1117.975220 -515.766907
v 179.227478 1129.265747 -500.194824
v 43.332672 970.910156 -593.639709
v 96.615814 1037.031738 -606.791260
v 162.735886 1081.565063 -593.179260
v 224.576981 1085.957275 -545.902039
v 91.774673 916.818726 -651.979065
v 145.057800 982.940247 -665.130554
v 214.404388 1009.792358 -632.445679
v 273.018921 1031.865723 -604.241394
v 127.371384 860.040039 -667.075439
v 183.086090 912.046265 -669.032349
v 250.683365 948.484741 -646.688293
v 261.589325 982.393372 -625.826965
v -87.737915 1177.853516 1837.888916
v -45.336060 1237.761230 1826.278198
v -35.433533 1302.077393 1779.782959
v -44.674622 1347.866211 1735.110474
v -149.281677 1180.074951 1845.161499
v -135.466492 1261.559082 1840.001709
v -124.163147 1332.714111 1803.266235
v -120.365417 1364.716064 1732.270142
v -241.067078 1195.773438 1847.329590
v -227.252319 1277.258057 1842.169312
v -219.009460 1333.474854 1784.118774
v -212.152832 1380.414551 1734.437378
v -304.820129 1187.974731 1822.961426
v -292.663757 1261.360107 1806.246216
v -282.760132 1325.676025 1759.750854
v -251.552490 1349.254883 1746.559204
v 135.817810 1237.534668 1887.772583
v 106.115051 1344.610352 1876.371948
v 21.360413 1418.057373 1833.055176
v -60.798035 1451.627686 1793.510376
v 81.242188 1172.438354 1926.161255
v 6.807617 1270.434326 1944.911011
v -77.950195 1353.042725 1917.129639
v -149.456482 1385.185791 1830.008667
v -18.065369 1087.411133 1976.301147
v -92.502136 1185.407959 1995.051147
v -177.256287 1248.004395 1933.335693
v -248.765930 1300.158691 1880.148682
v -83.037720 1007.573364 1968.055542
v -157.470764 1094.718262 1968.409058
v -242.226440 1168.165527 1925.089722
v -245.667358 1225.746216 1902.217651
v 110.765961 1010.215332 -629.339172
v 101.697525 1074.245605 -592.740417
v 114.266678 1111.328491 -523.003113
v 134.318558 1124.713379 -463.032532
v 165.348587 981.417480 -635.402893
v 192.371078 1048.783203 -595.543274
v 209.312744 1095.385376 -531.656067
v 205.683685 1095.684326 -453.774780
v 250.843994 944.681885 -631.278015
v 277.866547 1012.047607 -591.418335
v 285.257538 1037.857178 -514.753296
v 291.179077 1058.948730 -449.649902
v 295.226624 895.494629 -613.121948
v 317.071075 951.587158 -566.334473
v 329.640137 988.669922 -496.597290
v 311.886230 1018.531494 -474.303406
v -691.901367 945.979797 704.866272
v -675.694946 1017.036072 690.376831
v -624.044128 1065.380859 653.075623
v -575.584045 1087.220459 616.301270
v -698.365906 902.496094 661.131836
v -686.492065 967.360718 611.043884
v -644.002014 1021.834961 569.002563
v -570.603210 1042.670410 552.962158
v -698.314514 845.561890 587.413086
v -686.440979 910.426270 537.325256
v -623.941284 951.512329 505.637268
v -570.552368 985.735962 479.243103
v -674.075806 792.116333 551.706970
v -651.353943 849.721985 507.233337
v -599.703247 898.066650 469.931824
v -584.873962 936.301270 474.636230
v 1231.417236 1795.864258 560.676392
v 1171.403809 1817.507080 522.576660
v 1092.416748 1829.141357 527.282654
v 1032.170532 1834.719482 550.019592
v 1248.460571 1820.434570 615.000488
v 1183.721436 1869.829102 599.962830
v 1106.000122 1892.180420 599.424561
v 1035.237549 1867.109131 620.466736
v 1259.279541 1860.064453 698.596741
v 1194.539795 1909.458740 683.558777
v 1114.053589 1908.401611 694.475769
v 1046.055908 1906.739502 704.063843
v 1263.011841 1857.676270 767.147705
v 1196.773193 1894.378906 758.320496
v 1117.786133 1906.012939 763.026367
v 1085.193359 1904.598877 737.735535
v 1024.467041 1634.379150 344.242615
v 1044.527100 1690.699707 300.116333
v 1017.471436 1744.776367 247.770920
v 978.361694 1781.124268 211.342850
v 979.577393 1638.278320 386.846680
v 978.294250 1717.160645 361.686707
v 957.386963 1779.824463 315.033997
v 914.542725 1797.495850 252.336990
v 906.062500 1654.570068 441.674683
v 904.779175 1733.452637 416.515137
v 870.441284 1777.359863 357.427185
v 841.028381 1813.787598 307.165710
v 841.718628 1642.539062 462.504395
v 833.152954 1711.252197 430.602783
v 806.097046 1765.329102 378.257019
v 820.412964 1785.757324 345.367920
v -261.377075 1256.174805 1579.721680
v -286.609894 1377.822876 1509.336426
v -350.433167 1437.530518 1382.920532
v -413.774292 1450.126587 1276.826416
v -346.220642 1177.811646 1609.051636
v -440.308167 1289.004150 1544.984131
v -514.536377 1364.784668 1431.412354
v -534.513672 1362.838623 1282.941528
v -487.596741 1069.958496 1629.487305
v -581.684448 1181.150879 1565.420166
v -633.185486 1221.824707 1423.793091
v -675.889648 1254.985352 1303.377441
v -552.600098 956.925781 1608.919067
v -634.365662 1049.084106 1529.640869
v -698.189087 1108.791870 1403.224609
v -686.922119 1171.429932 1355.880127
v 3.022430 1370.428955 829.839172
v 121.801880 1449.494873 835.234253
v 259.948242 1471.081909 771.445190
v 357.999542 1462.993652 695.634583
v -61.677750 1354.771851 731.005249
v 45.036236 1456.660767 671.410034
v 179.186111 1500.933838 606.643188
v 308.750885 1445.297363 556.006653
v -133.710602 1335.071899 568.338989
v -26.996624 1436.960938 508.743805
v 115.882416 1431.682007 446.112762
v 236.718018 1425.597290 393.340393
v -170.279007 1262.240234 464.497040
v -58.832344 1337.263428 406.059540
v 79.314133 1358.850342 342.270447
v 150.819427 1384.820190 364.732178
v 211.797150 1617.603271 1149.534912
v 313.156372 1723.003906 992.399658
v 368.253052 1716.682617 768.125854
v 378.280151 1666.544434 588.553345
v 41.438610 1563.219727 1139.157471
v 52.186810 1677.985596 929.557068
v 96.987076 1704.577637 701.825989
v 176.990143 1592.101562 523.858337
v -207.337479 1479.224121 1080.408936
v -196.589523 1593.989868 870.808533
v -129.299347 1548.690918 650.628906
v -71.786171 1508.105835 465.109680
v -342.895386 1337.303223 1051.107178
v -319.953949 1413.091553 845.600769
v -264.857269 1406.770020 621.326904
v -176.958466 1446.209473 551.065674
v 107.709702 1473.022339 652.920288
v 34.442440 1582.296265 708.419861
v -60.863998 1623.475098 821.735779
v -129.961044 1621.719360 924.930725
v 184.027100 1406.004150 715.239014
v 147.716003 1510.205078 829.888550
v 65.373062 1569.995605 947.343994
v -57.237617 1544.152222 1029.473511
v 281.948517 1311.872314 831.805298
v 245.637543 1416.072998 946.454834
v 134.979050 1435.211060 1054.868164
v 40.683910 1450.020264 1146.039795
v 311.761292 1201.108398 897.131226
v 260.098175 1283.268433 1006.878479
v 164.791733 1324.447510 1120.194092
v 106.840317 1377.374756 1131.696045
v 46.979191 2011.302246 773.226685
v -33.096954 1883.725830 886.113525
v -19.274633 1693.545288 954.563721
v 34.882404 1542.037231 984.900330
v 198.351120 2052.445801 781.531738
v 194.937622 1921.678589 945.513306
v 204.505447 1741.415527 1042.376831
v 230.016968 1548.674805 1007.635376
v 431.424042 2078.653809 807.283264
v 428.010529 1947.886841 971.264832
v 446.871185 1745.961914 1006.066711
v 463.089844 1574.883057 1033.386841
v 595.155151 2069.596680 749.055725
v 596.779907 1927.084961 879.389038
v 610.602295 1736.904419 947.839172
v 545.844727 1662.018799 981.492798
v -168.481857 1187.734009 657.514465
v -131.614136 1369.707520 626.566406
v 12.334740 1511.928711 636.412537
v 156.577377 1587.099365 655.158936
v -83.900185 1070.004883 597.007996
v 16.173756 1228.669678 503.133911
v 152.915756 1380.126831 484.934906
v 297.826935 1470.054199 584.536987
v 72.422348 918.029419 506.787720
v 172.496307 1076.694214 412.913666
v 324.979797 1207.977661 455.972046
v 454.149475 1318.078735 494.316742
v 193.739929 794.194397 521.863281
v 302.348511 941.921509 461.201508
v 446.297363 1084.142578 471.047638
v 451.911743 1187.453613 486.189758
v 220.150848 1535.080078 498.563477
v 212.629959 1582.357666 627.865723
v 215.779755 1542.491333 770.776794
v 227.074371 1478.173828 871.372864
v 306.561432 1470.123047 459.151154
v 361.756104 1495.359619 600.310059
v 379.247955 1471.974365 747.502625
v 335.218048 1384.688232 854.140625
v 438.703125 1363.607422 426.525269
v 493.897797 1388.843750 567.684204
v 480.063080 1329.459961 705.525024
v 467.359741 1278.172485 821.514709
v 487.262177 1250.371216 393.866821
v 525.472412 1256.090088 529.955505
v 528.622192 1216.223755 672.866577
v 498.990387 1240.722046 739.111816
v 477.375031 904.474854 1334.296997
v 527.640381 902.233521 1279.616699
v 536.921875 897.193054 1200.339355
v 524.882141 895.057251 1136.871948
v 430.504730 945.023804 1336.381714
v 467.372803 973.726013 1268.014648
v 484.510590 977.747681 1189.081421
v 466.768677 943.993896 1121.076172
v 360.934692 1005.783936 1324.373413
v 397.802765 1034.486084 1256.006104
v 397.781891 1018.712769 1176.322266
v 397.199127 1004.753662 1109.067871
v 294.661194 1021.590820 1315.608521
v 322.226440 1039.560669 1246.835449
v 331.508148 1034.520142 1167.557739
v 359.436310 1019.727356 1141.003784
v -231.794678 861.525635 1818.995605
v -307.371887 943.604004 1813.636719
v -420.290039 970.064697 1781.956055
v -512.623474 962.155640 1752.756104
v -246.766785 780.021545 1861.686768
v -354.593964 834.829224 1891.096436
v -469.880951 869.925476 1875.072632
v -557.439514 864.139038 1797.376953
v -291.183380 661.020264 1920.604736
v -399.010834 715.827759 1950.015259
v -509.123444 732.060913 1899.794067
v -601.856140 745.137024 1856.296143
v -313.984283 560.344238 1917.784912
v -419.005554 604.924438 1928.654297
v -531.923828 631.385071 1896.973755
v -563.317139 680.650879 1876.049316
v 444.481232 1034.474976 1420.094238
v 515.633606 1037.438354 1398.878418
v 572.066101 1000.265808 1356.100708
v 602.247314 959.235657 1316.309570
v 396.932434 1029.366943 1380.617798
v 457.686523 1034.917480 1324.624390
v 517.181641 1008.193359 1276.807007
v 554.826660 942.816406 1257.123169
v 335.358948 1014.472046 1312.331421
v 396.113464 1020.022461 1256.338989
v 448.920074 970.475525 1219.530518
v 493.253632 927.921448 1188.837524
v 286.983215 977.118408 1280.973877
v 344.111694 970.294739 1230.949707
v 400.544739 933.121582 1188.173096
v 441.588165 928.810974 1189.050293
v -303.797668 806.786743 1854.418945
v -353.032074 815.548218 1909.380859
v -409.132294 778.398621 1952.613403
v -447.576294 732.870239 1977.651855
v -260.617126 762.288574 1853.599609
v -292.370483 745.981995 1928.319336
v -343.678558 713.296875 1981.605591
v -406.608276 667.421021 1985.354126
v -205.629852 687.435791 1860.631470
v -237.382889 671.129883 1935.350952
v -299.156677 628.692932 1966.678223
v -351.620483 592.567993 1992.387207
v -182.313980 626.667053 1838.668091
v -219.741196 605.074402 1901.481934
v -275.840881 567.924316 1944.715088
v -310.684723 577.888794 1964.477295
v -23.849277 1515.436157 359.264099
v -65.092499 1553.478760 485.210663
v -47.607674 1527.664551 630.299377
v -6.780544 1485.462158 734.874634
v 86.348679 1512.221191 326.315430
v 108.065598 1569.560791 467.204468
v 127.290604 1565.633789 615.977661
v 136.377945 1472.605225 726.396240
v 257.446014 1502.383545 303.945984
v 279.162933 1559.723145 444.834961
v 294.586945 1507.989258 585.560425
v 307.475281 1462.767456 704.026733
v 364.789581 1438.115234 279.575195
v 384.445709 1469.535156 416.100952
v 401.930542 1443.720947 561.189636
v 359.765137 1448.326172 624.966675
v -13.665804 1646.446289 271.560425
v -32.049213 1685.043457 402.644745
v 16.923248 1666.225586 541.462646
v 82.032684 1631.793823 636.115234
v 87.340164 1652.249756 216.754883
v 131.439102 1716.413818 349.221497
v 180.709793 1719.669189 490.926422
v 221.057465 1631.937744 598.650269
v 250.475311 1657.480103 159.912720
v 294.574249 1721.644287 292.379395
v 343.193573 1676.686279 427.778351
v 384.192657 1637.168213 541.808105
v 356.419678 1602.578613 115.095093
v 400.165405 1640.602783 244.142883
v 449.137878 1621.784912 382.960754
v 420.530487 1624.774658 453.948914
v -231.193344 1262.612061 1383.583496
v -269.439148 1307.349854 1338.225464
v -332.060150 1311.096436 1288.617188
v -385.686005 1296.121094 1255.788574
v -256.907379 1230.267334 1429.821533
v -324.730988 1270.941528 1405.271240
v -390.861206 1284.914551 1360.864990
v -432.271332 1254.785278 1302.075806
v -308.043365 1181.748291 1490.706665
v -375.866943 1222.422485 1466.156372
v -434.332092 1214.058228 1410.387573
v -483.407318 1206.266113 1362.960938
v -332.226959 1122.983032 1516.795898
v -395.894714 1151.546509 1486.084961
v -458.515686 1155.292969 1436.476685
v -469.380676 1176.244507 1402.610474
v -515.969727 1148.507935 991.557373
v -358.340149 1226.179932 1075.265015
v -148.841339 1226.179932 1075.265015
v 12.647762 1196.546021 1033.924316
v -542.326721 1148.507935 831.274353
v -358.340149 1263.399780 831.274353
v -148.841339 1294.828979 831.274353
v 27.914562 1192.518066 831.274353
v -542.326721 1148.507935 587.283630
v -358.340149 1263.399780 587.283630
v -148.841339 1226.179932 587.283630
v 27.914562 1192.518066 587.283630
v -542.326721 1065.463501 427.651001
v -358.340149 1143.135498 427.651001
v -148.841339 1143.135498 427.651001
v -68.960526 1159.774414 498.601318
v -480.273041 1289.120239 1721.660645
v -342.608673 1407.079102 1703.178711
v -213.113892 1472.475464 1584.773438
v -136.773544 1496.172119 1459.561279
v -635.130859 1272.671631 1617.202637
v -568.938843 1425.452881 1525.456665
v -452.447418 1516.932617 1410.399658
v -300.862518 1487.200806 1299.600586
v -846.062134 1260.156738 1435.515503
v -779.870544 1412.938477 1343.769531
v -634.977051 1447.446289 1221.398926
v -511.794250 1474.686401 1117.913330
v -949.708008 1183.050903 1307.798218
v -868.117432 1304.943604 1212.087158
v -738.622620 1370.340088 1093.682007
v -634.793762 1412.723389 1103.140259
v -326.220184 1738.434326 1019.032227
v -182.856720 1868.948486 986.029419
v 26.244152 1918.131470 896.844543
v 189.413101 1916.034546 808.517883
v -409.492493 1658.389404 918.284119
v -290.520935 1782.844482 803.905823
v -99.109161 1854.256958 704.858032
v 134.895615 1823.390137 661.718384
v -496.207458 1545.960449 747.840515
v -377.235870 1670.415527 633.462402
v -147.186462 1693.273438 555.957520
v 48.179951 1710.961182 491.274750
v -506.201080 1413.666992 662.386719
v -366.280701 1511.796875 559.688416
v -157.179611 1560.979980 470.503723
v -61.599483 1624.195068 480.839844
v 445.913300 1911.118286 1248.361938
v 611.675842 2037.006348 1060.683472
v 701.780579 2029.456299 792.816284
v 718.178833 1969.572266 578.339111
v 167.309692 1846.164062 1235.967407
v 184.887283 1983.237549 985.625671
v 258.153503 2014.998291 713.629150
v 388.990173 1880.659912 501.068970
v -239.537766 1745.841553 1165.799561
v -221.960403 1882.915039 915.457825
v -111.914581 1828.811035 652.480530
v -17.857531 1780.337280 430.900970
v -461.228607 1576.334595 1130.802246
v -423.710205 1666.854370 885.350403
v -333.605438 1659.304199 617.483032
v -189.855835 1706.409668 533.564575
v -337.112885 1738.434326 746.228333
v -219.865463 1868.948486 814.926514
v -2.130199 1918.131470 892.310364
v 189.098877 1916.034546 942.284241
v -268.715729 1658.389404 639.675598
v -72.397423 1782.844482 648.336121
v 146.732651 1854.256958 709.498230
v 325.896973 1823.390137 827.593567
v -122.899704 1545.960449 492.295471
v 73.418839 1670.415527 500.956055
v 289.502319 1693.273438 597.550293
v 471.713226 1710.961182 680.213684
v -31.183695 1413.666992 438.733185
v 163.483063 1511.796875 466.604004
v 381.218079 1560.979980 543.987976
v 422.575592 1624.195068 607.762695
v 263.667023 943.997925 1724.840820
v 157.478851 1092.050781 1721.411133
v -14.037060 1155.390137 1680.967041
v -157.984604 1156.791626 1644.296753
v 233.878235 780.590942 1811.868896
v 77.386063 864.644897 1879.587891
v -95.734467 935.760925 1867.385254
v -235.222977 963.887085 1741.328613
v 155.684341 543.976685 1936.600586
v -0.808804 628.030945 2004.319458
v -170.425125 682.160278 1930.431763
v -313.417053 727.272400 1866.060303
v 108.763245 368.622528 1943.586304
v -45.830254 443.467651 1977.860596
v -217.346252 506.806946 1937.416260
v -260.855438 603.880371 1900.675659
v 782.407288 987.113464 1447.872314
v 768.337524 1163.893555 1381.710327
v 635.231689 1343.806274 1340.734985
v 494.466156 1467.629395 1330.153442
v 708.481018 980.484009 1581.266357
v 648.870667 1212.106812 1592.083984
v 531.435425 1412.159180 1563.911743
v 368.118500 1498.395386 1487.662720
v 570.455078 1004.848694 1776.478271
v 510.844696 1236.471069 1787.295654
v 359.179840 1392.535156 1731.158569
v 230.092651 1522.759521 1682.874390
v 438.743225 967.576782 1870.367676
v 360.574921 1175.350586 1866.023071
v 227.468445 1355.263062 1825.047485
v 225.148834 1427.439819 1759.436035
v -415.143524 1317.440186 827.403748
v -369.524200 1374.305664 813.024292
v -302.986847 1395.734985 774.166077
v -251.065292 1394.821289 735.681763
v -441.641327 1282.564331 783.507385
v -403.783722 1336.789795 733.672302
v -342.875183 1367.904541 690.516846
v -268.413208 1354.455811 671.720642
v -469.234711 1233.578491 709.244446
v -431.377106 1287.804077 659.409363
v -358.173706 1297.763428 625.640137
v -296.006714 1305.469971 597.457703
v -472.414734 1175.937744 672.011902
v -427.891083 1218.693359 627.265747
v -361.353607 1240.122559 588.407593
v -330.939362 1267.665649 592.911133
v -418.609619 1317.440186 708.542053
v -381.300659 1374.305664 738.474121
v -312.015747 1395.734985 772.190552
v -251.165298 1394.821289 793.964355
v -396.845184 1282.564331 662.116516
v -334.375275 1336.789795 665.890015
v -264.646576 1367.904541 692.538574
v -207.635147 1354.455811 743.993164
v -350.445465 1233.578491 597.902405
v -287.975494 1287.804077 601.675903
v -219.216248 1297.763428 643.762329
v -161.235428 1305.469971 679.779114
v -321.260803 1175.937744 574.565063
v -259.316437 1218.693359 586.708557
v -190.031631 1240.122559 620.424988
v -176.871368 1267.665649 648.211975
v -240.488525 1378.399658 862.635803
v -278.734375 1423.137573 817.277771
v -341.355286 1426.884033 767.669495
v -394.981262 1411.908691 734.840820
v -266.202576 1346.055054 908.873840
v -334.026154 1386.729248 884.323486
v -400.156403 1400.702271 839.917358
v -441.566620 1370.572998 781.128113
v -317.338562 1297.536011 969.758972
v -385.162201 1338.210083 945.208679
v -443.627258 1329.845947 889.439880
v -492.702515 1322.053833 842.013245
v -341.522186 1238.770752 995.848145
v -405.189972 1267.334229 965.137207
v -467.810883 1271.080688 915.528992
v -478.675873 1292.032227 881.662781
v 464.897278 1670.733398 1025.195679
v 309.368378 1773.416504 950.097107
v 66.818100 1791.855713 905.656921
v -133.393539 1769.344238 894.722473
v 445.027893 1619.973877 1157.365234
v 232.984375 1730.113403 1154.494507
v -9.300695 1774.251953 1119.945557
v -214.805939 1706.150635 1050.253052
v 368.329681 1546.236450 1350.049438
v 156.286163 1656.375977 1347.178711
v -86.578354 1644.380981 1291.025269
v -291.504181 1632.413208 1242.937134
v 317.448578 1430.088745 1449.979614
v 105.090836 1509.793945 1435.395508
v -137.459686 1528.233154 1390.955322
v -207.498962 1570.311646 1323.216187
v -66.159248 1672.560547 1231.029053
v 27.824261 1775.865234 1113.971191
v 82.038376 1792.770264 935.532043
v 93.447800 1768.095581 789.489380
v -244.895721 1616.826660 1220.540283
v -251.407333 1724.254028 1063.830933
v -211.999557 1766.485107 885.391846
v -118.061066 1698.305176 734.841309
v -506.593323 1535.223633 1170.400146
v -513.105408 1642.650879 1013.690796
v -441.357819 1629.563965 835.251709
v -379.759155 1616.702026 684.701111
v -638.689941 1414.916260 1137.595459
v -627.668091 1492.351562 980.886292
v -573.453979 1509.256714 802.447327
v -484.521515 1552.839844 748.989685
v 275.689117 1738.434326 655.217407
v 155.868210 1868.948486 721.504761
v 0.004589 1918.131470 856.846497
v -112.996368 1916.034546 980.100159
v 400.498352 1658.389404 729.649536
v 341.115112 1782.844482 866.584106
v 206.452042 1854.256958 1006.870117
v 5.935135 1823.390137 1104.963623
v 560.638428 1545.960449 868.873413
v 501.255646 1670.415527 1005.807983
v 320.285370 1693.273438 1135.294434
v 166.075409 1710.961182 1244.187500
v 609.394165 1413.666992 946.897034
v 524.904785 1511.796875 1077.976562
v 369.040863 1560.979980 1213.318115
v 274.267426 1624.195068 1227.055664
v 222.651794 1878.344727 1099.894409
v 102.460068 1981.024170 995.791626
v -94.332756 1989.622925 881.934021
v -262.858002 1955.252686 806.587708
v 141.842621 1804.109375 1206.017090
v -71.300095 1897.462158 1149.670654
v -279.121643 1929.532104 1047.752686
v -409.257477 1860.381226 912.823303
v -18.857742 1692.751465 1345.756714
v -232.000702 1786.104248 1289.410400
v -415.733521 1766.907227 1161.413574
v -569.957581 1749.023193 1052.562988
v -94.857254 1557.877197 1405.634888
v -294.940186 1623.434326 1335.149170
v -491.733032 1632.032959 1221.291504
v -525.877380 1680.119507 1143.563965
v 46.979191 1549.543945 760.166504
v -33.096954 1719.769043 766.698792
v -19.274633 1904.551514 848.609741
v 34.882404 2035.043335 931.355713
v 198.351120 1525.537598 725.736206
v 194.937622 1733.370850 697.534180
v 204.505447 1930.614624 752.051880
v 230.016968 2045.952515 910.333557
v 431.424042 1524.382324 689.011841
v 428.010529 1732.215576 660.809814
v 446.871185 1902.240967 775.161011
v 463.089844 2044.797241 873.609192
v 595.155151 1490.700684 737.364990
v 596.779907 1683.776611 741.603210
v 610.602295 1868.559326 823.514160
v 545.844727 1945.948975 850.923218
v -256.867004 483.407898 1872.156372
v -235.051071 612.015625 1827.493164
v -298.745636 728.848145 1761.796387
v -379.881683 802.535278 1713.102051
v -341.396790 454.352631 1944.613892
v -365.665619 606.073608 1943.558350
v -420.696655 736.340576 1893.356567
v -502.637817 791.175598 1787.488281
v -482.270447 432.498474 2042.330566
v -506.539185 584.219482 2041.274536
v -580.493225 685.139648 1957.229492
v -643.511841 769.321838 1885.204712
v -597.328918 382.699371 2065.321289
v -631.857056 518.508545 2045.916748
v -695.551453 635.341064 1980.219482
v -674.286804 693.356079 1934.958496
v -497.993469 1394.893311 816.021851
v -436.181305 1436.038818 818.829407
v -364.290649 1447.272583 785.633911
v -313.265289 1443.063477 746.182556
v -531.663086 1386.745361 764.589233
v -476.129700 1439.767944 733.576233
v -406.318848 1462.807373 699.871948
v -338.894012 1433.854492 673.520935
v -569.148560 1376.493652 679.938599
v -513.615173 1429.516113 648.925598
v -439.261749 1426.769043 616.332703
v -376.379517 1423.602661 588.870239
v -588.178589 1338.592529 625.899780
v -530.182312 1377.634033 595.489258
v -458.291687 1388.867920 562.293701
v -421.080719 1402.382446 573.982727
v 685.483704 665.251648 1577.113525
v 692.296143 726.808472 1484.152100
v 627.848877 781.598267 1398.718140
v 553.654358 817.910217 1347.558350
v 635.372986 689.636780 1651.838257
v 615.605164 791.991882 1583.807861
v 561.232605 861.619019 1500.288818
v 474.059357 859.547180 1421.974609
v 546.749451 737.250122 1749.226807
v 526.982056 839.605103 1681.196899
v 450.602478 876.824707 1593.495117
v 385.436096 907.160400 1519.363037
v 462.145325 729.198242 1807.884766
v 430.445984 813.982666 1737.587158
v 365.998383 868.772766 1652.152832
v 372.529358 883.673340 1592.271729
v -638.512695 1448.282471 763.608154
v -601.203735 1505.147949 793.540222
v -531.918823 1526.577148 827.256653
v -471.068390 1525.663452 849.030457
v -616.748230 1413.406494 717.182617
v -554.278320 1467.632080 720.956055
v -484.549683 1498.746826 747.604614
v -427.538269 1485.297974 799.059265
v -570.348572 1364.420776 652.968506
v -507.878601 1418.646240 656.742004
v -439.119354 1428.605591 698.828491
v -381.138550 1436.312256 734.845215
v -541.163879 1306.779907 629.631165
v -479.219543 1349.535522 641.774658
v -409.934723 1370.964844 675.491089
v -396.774475 1398.507812 703.278076
v -90.522034 576.751648 1866.072021
v -139.755798 585.512512 1921.034180
v -195.856247 548.362732 1964.267212
v -234.300446 502.833527 1989.305786
v -47.341854 532.253174 1865.252441
v -79.094925 515.946899 1939.971802
v -130.403107 483.260986 1993.259521
v -193.332382 437.385345 1997.007324
v 7.645721 457.400360 1872.284912
v -24.106903 441.093658 1947.004150
v -85.881180 398.657959 1978.331177
v -138.344803 362.532867 2004.040283
v 30.961857 396.631134 1850.322144
v -6.465134 375.038452 1913.135376
v -62.565041 337.888855 1956.368286
v -97.408707 347.853485 1976.130859
v 492.379913 1754.395996 449.090424
v 397.026367 1770.688843 547.340332
v 356.009705 1727.676514 683.319702
v 355.322571 1676.393555 791.733093
v 605.337219 1767.235107 466.848145
v 557.193176 1807.170166 607.192444
v 512.860474 1785.415771 748.895752
v 489.049103 1679.926025 844.989868
v 769.431091 1778.542236 519.921875
v 721.287048 1818.477295 660.266113
v 684.197449 1750.290771 789.467102
v 653.142944 1691.232910 898.063599
v 885.552673 1729.771240 539.521667
v 841.335693 1744.531982 673.087524
v 800.319031 1701.519653 809.066895
v 735.206970 1693.085449 848.512085
v 149.550507 1646.224121 474.493530
v 197.163116 1687.379395 597.172241
v 287.711212 1651.496460 709.137817
v 369.976105 1595.900391 776.409363
v 217.234009 1617.782227 385.895905
v 327.493164 1661.622925 483.518127
v 426.449677 1646.353394 595.289856
v 475.474030 1548.976318 690.387024
v 337.606415 1567.614502 272.471252
v 447.865540 1611.455200 370.093445
v 528.455994 1551.161011 482.288513
v 595.846436 1498.808594 576.962402
v 394.143494 1480.325684 198.774475
v 494.444977 1499.755127 296.626160
v 584.993164 1463.872314 408.591705
v 588.966919 1475.691528 484.163879
v -390.651611 805.201904 1657.991821
v -366.495239 940.920288 1660.778076
v -387.311188 1068.224365 1587.407471
v -424.844940 1149.355713 1507.452515
v -495.346161 759.126953 1645.514526
v -537.628418 906.777161 1650.088501
v -565.009827 1043.887451 1595.596313
v -561.199463 1119.372070 1472.240479
v -658.704102 713.370728 1612.468994
v -700.985779 861.020325 1617.042847
v -714.026733 976.711121 1521.316528
v -724.557068 1073.615601 1439.194824
v -748.233948 657.522461 1540.967896
v -782.741028 793.559082 1523.186035
v -803.556824 920.863159 1449.815186
v -767.466431 987.900513 1441.443604
v 443.695831 993.608643 1864.261108
v 441.379944 1067.485352 1856.615723
v 392.522064 1130.665649 1852.428955
v 339.760834 1167.983276 1853.611084
v 416.473969 962.902466 1910.752441
v 398.739044 1039.768799 1935.935303
v 356.767609 1108.798218 1939.642700
v 293.128815 1143.065063 1910.407959
v 365.678497 928.259644 1980.721802
v 347.943451 1005.126343 2005.904785
v 290.930481 1061.380615 1992.366821
v 242.332764 1108.422485 1980.377563
v 314.248749 890.141235 2005.638672
v 288.358887 960.081665 2021.471558
v 239.501953 1023.262024 2017.283813
v 239.288971 1060.522217 1999.520874
v 399.682434 1357.604980 821.564026
v 327.420532 1383.365723 847.527039
v 257.251160 1370.838379 903.859314
v 212.859085 1347.019897 956.211792
v 447.206329 1346.609863 859.882141
v 386.681488 1377.944336 920.138794
v 316.812866 1376.998291 979.421204
v 256.631256 1328.728760 1017.345886
v 506.111115 1327.473633 929.000244
v 445.586243 1358.807983 989.256897
v 375.060669 1332.565796 1042.095581
v 315.536011 1309.592529 1086.463989
v 543.855286 1284.352783 966.426331
v 482.974213 1301.972168 1023.189331
v 412.804810 1289.444946 1079.521729
v 369.079834 1296.364258 1082.463867
v 495.036041 1254.035522 957.378967
v 408.508179 1310.640381 944.193970
v 291.726196 1314.800903 948.254700
v 201.250595 1295.283936 961.555664
v 510.673859 1213.932983 1024.613647
v 410.826508 1266.110840 1056.491211
v 294.786743 1283.545288 1068.296631
v 193.840744 1243.845093 1046.511597
v 512.113342 1153.683838 1127.739380
v 412.265930 1205.861572 1159.616943
v 294.604980 1194.302612 1154.505981
v 195.280151 1183.595947 1149.637207
v 511.093964 1079.192017 1174.746582
v 410.367615 1115.650269 1197.452393
v 293.585632 1119.810791 1201.513184
v 249.031677 1145.944458 1177.173584
v 251.139160 1607.941772 780.048279
v 218.774796 1510.735596 846.638550
v 243.349365 1380.137817 880.227051
v 286.984375 1280.114258 890.563660
v 338.204468 1642.254395 779.389038
v 354.209564 1542.938477 872.759460
v 377.258575 1416.547363 923.820496
v 402.958557 1292.666992 895.281372
v 475.445923 1669.475464 784.818237
v 491.451019 1570.159424 878.188660
v 517.832275 1434.580078 891.085388
v 540.200012 1319.887939 900.710510
v 569.268127 1676.169800 742.203125
v 587.079895 1571.872070 814.881836
v 611.654480 1441.274292 848.470337
v 580.308350 1385.789551 868.948792
v 453.854065 1494.310059 780.048279
v 352.978149 1476.406250 846.638550
v 249.902161 1392.531006 880.227051
v 182.789383 1306.481079 890.563660
v 525.530823 1434.142090 779.389038
v 445.864868 1372.715942 872.759460
v 345.759094 1292.187744 923.820496
v 249.124237 1210.526489 895.281372
v 614.900085 1326.488403 784.818237
v 535.234192 1265.062256 878.188660
v 428.640778 1177.223633 891.085388
v 338.493530 1102.872803 900.710510
v 665.522522 1247.211792 742.203125
v 582.339233 1181.822021 814.881836
v 479.263275 1097.946899 848.470337
v 415.545532 1099.042480 868.948792
v 422.975891 1622.079102 783.051331
v 421.949005 1534.624023 852.535156
v 461.975494 1422.365356 868.354004
v 509.581024 1338.457275 856.787415
v 500.939423 1661.493652 750.528259
v 554.142029 1578.020020 826.007874
v 599.106262 1469.896240 858.674194
v 616.803101 1361.723267 817.177429
v 627.284790 1699.993408 704.049500
v 680.487427 1616.519775 779.529114
v 714.666382 1499.364868 775.396484
v 743.148621 1400.223022 770.698730
v 696.900269 1714.257324 629.124939
v 744.255371 1625.887207 684.653076
v 784.281921 1513.628784 700.471924
v 765.417725 1461.818726 728.938416
v -371.661224 1430.279907 616.255798
v -334.352295 1487.145386 646.187866
v -265.067352 1508.574707 679.904297
v -204.216919 1507.660889 701.678101
v -349.896820 1395.404053 569.830261
v -287.426880 1449.629517 573.603760
v -217.698196 1480.744263 600.252319
v -160.686768 1467.295410 651.706909
v -303.497101 1346.418213 505.616180
v -241.027115 1400.643799 509.389648
v -172.267868 1410.603027 551.476074
v -114.287048 1418.309692 587.492920
v -274.312408 1288.777344 482.278809
v -212.368057 1331.533081 494.422302
v -143.083252 1352.962280 528.138794
v -129.922974 1380.505371 555.925720
v 0.372295 1276.020508 1344.343140
v -30.576649 1320.760010 1293.725830
v -92.267891 1328.793945 1243.466064
v -147.947113 1318.985596 1212.139771
v -29.769804 1253.904297 1393.817139
v -90.348457 1301.892578 1364.076660
v -153.790451 1321.123901 1317.755615
v -200.140701 1291.451904 1262.529053
v -87.468307 1221.776611 1459.503418
v -148.046967 1269.764893 1429.762939
v -207.664902 1264.538574 1374.838623
v -257.839203 1259.324219 1328.215332
v -120.591995 1171.170654 1492.071655
v -179.097351 1205.898560 1457.666504
v -240.788589 1213.932617 1407.406738
v -248.459808 1232.266357 1371.227295
vt 0.432001 0.787892
vt 0.458204 0.776911
vt 0.457880 0.811185
vt 0.427770 0.811204
vt 0.488906 0.777416
vt 0.487243 0.812629
vt 0.512902 0.784441
vt 0.515428 0.814410
vt 0.458130 0.844581
vt 0.428176 0.847129
vt 0.487289 0.848054
vt 0.512419 0.850049
vt 0.454780 0.871798
vt 0.425856 0.872919
vt 0.485603 0.873302
vt 0.498086 0.863616
vt 0.773972 0.536114
vt 0.796369 0.553594
vt 0.766319 0.570081
vt 0.751571 0.543831
vt 0.810951 0.580617
vt 0.779426 0.596396
vt 0.816564 0.604982
vt 0.791663 0.621847
vt 0.737315 0.586639
vt 0.720438 0.561761
vt 0.748554 0.613767
vt 0.759109 0.636661
vt 0.711940 0.597034
vt 0.696811 0.572358
vt 0.725709 0.624651
vt 0.740264 0.630799
vt 0.812713 0.116908
vt 0.827109 0.140375
vt 0.792649 0.146331
vt 0.789798 0.115917
vt 0.832529 0.169600
vt 0.797863 0.175204
vt 0.831226 0.194066
vt 0.803161 0.202965
vt 0.763963 0.184225
vt 0.758365 0.154361
vt 0.768998 0.209231
vt 0.740615 0.129503
vt 0.731398 0.162629
vt 0.716881 0.138483
vt 0.739603 0.191197
vt 0.752382 0.199592
vt 0.288891 0.818337
vt 0.314745 0.806557
vt 0.315474 0.840824
vt 0.285379 0.841768
vt 0.345448 0.806118
vt 0.344867 0.841366
vt 0.369648 0.812402
vt 0.373093 0.842279
vt 0.316749 0.874197
vt 0.286888 0.877663
vt 0.346001 0.876771
vt 0.371180 0.877994
vt 0.314237 0.901503
vt 0.285362 0.903513
vt 0.345091 0.902060
vt 0.357272 0.891995
vt 0.174973 0.038108
vt 0.209641 0.013166
vt 0.220755 0.063477
vt 0.176658 0.073685
vt 0.254782 0.003524
vt 0.264252 0.055665
vt 0.292304 0.005701
vt 0.306137 0.048743
vt 0.232412 0.112310
vt 0.189399 0.126168
vt 0.276296 0.107536
vt 0.313780 0.101963
vt 0.236708 0.153306
vt 0.194722 0.164728
vt 0.282363 0.145089
vt 0.297374 0.126681
vt 0.864679 0.693853
vt 0.841722 0.710590
vt 0.834118 0.677169
vt 0.863409 0.670194
vt 0.811733 0.717193
vt 0.805216 0.682548
vt 0.786764 0.715902
vt 0.777383 0.687328
vt 0.826159 0.644734
vt 0.854714 0.635335
vt 0.796987 0.648093
vt 0.772076 0.651957
vt 0.823130 0.617480
vt 0.851011 0.609706
vt 0.792794 0.623138
vt 0.782885 0.635446
vt 0.758687 0.270965
vt 0.784472 0.282892
vt 0.758961 0.305782
vt 0.738628 0.283575
vt 0.804819 0.305890
vt 0.777711 0.328426
vt 0.815828 0.328339
vt 0.795417 0.350427
vt 0.734484 0.328504
vt 0.712390 0.308118
vt 0.751600 0.352365
vt 0.767086 0.372257
vt 0.712139 0.344398
vt 0.691793 0.323811
vt 0.731829 0.368160
vt 0.747402 0.370836
vt 0.695487 0.017811
vt 0.730107 0.003525
vt 0.729434 0.048703
vt 0.689742 0.048511
vt 0.770576 0.004411
vt 0.768130 0.050818
vt 0.802157 0.013844
vt 0.805271 0.053368
vt 0.729522 0.092729
vt 0.690018 0.095871
vt 0.767935 0.097515
vt 0.801048 0.100327
vt 0.724911 0.128581
vt 0.686775 0.129852
vt 0.765531 0.130787
vt 0.782057 0.118108
vt 0.872740 0.225992
vt 0.878476 0.252819
vt 0.846010 0.246386
vt 0.851374 0.217811
vt 0.872509 0.281863
vt 0.839392 0.273991
vt 0.861554 0.303377
vt 0.832664 0.300418
vt 0.814275 0.240653
vt 0.817212 0.211774
vt 0.805769 0.267702
vt 0.799383 0.291192
vt 0.789048 0.232610
vt 0.793154 0.204964
vt 0.782111 0.261590
vt 0.789071 0.275167
vt 0.520068 0.913613
vt 0.533791 0.908114
vt 0.533342 0.925945
vt 0.517675 0.925708
vt 0.549763 0.908627
vt 0.548609 0.926937
vt 0.562191 0.912479
vt 0.563260 0.928093
vt 0.533199 0.943324
vt 0.517593 0.944405
vt 0.548343 0.945369
vt 0.561402 0.946613
vt 0.531233 0.957458
vt 0.516175 0.957805
vt 0.547259 0.958493
vt 0.553834 0.953555
vt 0.402633 0.952153
vt 0.416091 0.946032
vt 0.416459 0.963865
vt 0.400798 0.964346
vt 0.432069 0.945813
vt 0.431755 0.964156
vt 0.444660 0.949092
vt 0.446443 0.964641
vt 0.417112 0.981232
vt 0.401571 0.983026
vt 0.432333 0.982581
vt 0.445436 0.983226
vt 0.415796 0.995441
vt 0.400768 0.996477
vt 0.431852 0.995741
vt 0.438193 0.990507
vt 0.884634 0.200023
vt 0.904559 0.190176
vt 0.905972 0.216951
vt 0.882464 0.218430
vt 0.928555 0.189077
vt 0.928968 0.216651
vt 0.947631 0.193395
vt 0.951060 0.216671
vt 0.907790 0.243015
vt 0.884527 0.246459
vt 0.930726 0.244307
vt 0.950444 0.244644
vt 0.906498 0.264427
vt 0.883970 0.266709
vt 0.930637 0.264103
vt 0.939913 0.255933
vt 0.601814 0.675757
vt 0.614428 0.668044
vt 0.616962 0.685700
vt 0.601475 0.688082
vt 0.630260 0.665884
vt 0.632180 0.684129
vt 0.643157 0.667607
vt 0.646818 0.682824
vt 0.619722 0.702859
vt 0.604514 0.706530
vt 0.634994 0.702347
vt 0.648078 0.701394
vt 0.620143 0.717123
vt 0.605354 0.719979
vt 0.636117 0.715468
vt 0.641775 0.709502
vt 0.065112 0.692943
vt 0.079032 0.687962
vt 0.077916 0.705764
vt 0.062269 0.704940
vt 0.094973 0.689073
vt 0.093135 0.707327
vt 0.107248 0.693388
vt 0.107732 0.709031
vt 0.077121 0.723126
vt 0.061485 0.723621
vt 0.092178 0.725736
vt 0.105182 0.727469
vt 0.074628 0.737176
vt 0.059567 0.736958
vt 0.090604 0.738811
vt 0.097359 0.734122
vt 0.680606 0.923264
vt 0.694326 0.917756
vt 0.693888 0.935588
vt 0.678221 0.935360
vt 0.710298 0.918260
vt 0.709155 0.936570
vt 0.722728 0.922105
vt 0.723807 0.937718
vt 0.693755 0.952967
vt 0.678149 0.954057
vt 0.708900 0.955002
vt 0.721961 0.956239
vt 0.691799 0.967102
vt 0.676740 0.967458
vt 0.707825 0.968127
vt 0.714396 0.963186
vt 0.954938 0.166206
vt 0.968445 0.160194
vt 0.968668 0.178029
vt 0.953003 0.178382
vt 0.984424 0.160106
vt 0.983961 0.178445
vt 0.996988 0.163487
vt 0.998645 0.179050
vt 0.969179 0.195401
vt 0.953624 0.197068
vt 0.984389 0.196875
vt 0.997486 0.197627
vt 0.967747 0.209599
vt 0.952712 0.210513
vt 0.983800 0.210030
vt 0.990184 0.204848
vt 0.860150 0.426875
vt 0.833880 0.434779
vt 0.837646 0.401897
vt 0.866563 0.404914
vt 0.804446 0.431200
vt 0.809593 0.397551
vt 0.782111 0.422035
vt 0.782706 0.393000
vt 0.840772 0.369801
vt 0.869795 0.370374
vt 0.813120 0.363527
vt 0.789188 0.359078
vt 0.846732 0.344002
vt 0.874622 0.345840
vt 0.817284 0.339450
vt 0.804319 0.347493
vt 0.606603 0.723515
vt 0.629903 0.737995
vt 0.602747 0.756914
vt 0.585888 0.733227
vt 0.646682 0.762441
vt 0.618037 0.780832
vt 0.654577 0.785256
vt 0.632404 0.804010
vt 0.576603 0.775794
vt 0.557841 0.753644
vt 0.590183 0.800685
vt 0.602671 0.821580
vt 0.553309 0.788383
vt 0.536245 0.766247
vt 0.569368 0.813483
vt 0.583975 0.817890
vt 0.728222 0.922988
vt 0.741401 0.916288
vt 0.742542 0.934088
vt 0.726917 0.935248
vt 0.757355 0.915377
vt 0.757837 0.933717
vt 0.770077 0.918107
vt 0.772532 0.933564
vt 0.743948 0.951411
vt 0.728499 0.953877
vt 0.759213 0.952099
vt 0.772332 0.952175
vt 0.743249 0.965664
vt 0.728281 0.967351
vt 0.759303 0.965268
vt 0.765412 0.959764
vt 0.152571 0.941864
vt 0.166139 0.935992
vt 0.166177 0.953829
vt 0.150509 0.954020
vt 0.182119 0.936070
vt 0.181465 0.954404
vt 0.194647 0.939582
vt 0.196142 0.955161
vt 0.166508 0.971206
vt 0.150937 0.972711
vt 0.181702 0.972837
vt 0.194791 0.973724
vt 0.164929 0.985388
vt 0.149885 0.986146
vt 0.180977 0.985986
vt 0.187414 0.980870
vt 0.939311 0.319323
vt 0.952675 0.313000
vt 0.953311 0.330825
vt 0.937659 0.331542
vt 0.968648 0.312541
vt 0.968610 0.330887
vt 0.981287 0.315630
vt 0.983304 0.331151
vt 0.954225 0.348181
vt 0.938713 0.350208
vt 0.969465 0.349301
vt 0.982576 0.349749
vt 0.953122 0.362408
vt 0.938112 0.363670
vt 0.969181 0.362467
vt 0.975444 0.357138
vt 0.117074 0.373230
vt 0.135729 0.412011
vt 0.091070 0.407733
vt 0.086618 0.364418
vt 0.140980 0.459557
vt 0.096281 0.452398
vt 0.137792 0.495356
vt 0.101484 0.495524
vt 0.048656 0.403476
vt 0.040754 0.362458
vt 0.052079 0.449507
vt 0.056403 0.489590
vt 0.015496 0.400256
vt 0.009390 0.358806
vt 0.020272 0.448065
vt 0.035872 0.467340
vt 0.232019 0.607803
vt 0.263251 0.589942
vt 0.262614 0.645358
vt 0.226459 0.644487
vt 0.300169 0.586040
vt 0.297993 0.642518
vt 0.328816 0.590187
vt 0.333093 0.634893
vt 0.262524 0.697345
vt 0.226669 0.699936
vt 0.298423 0.694251
vt 0.329918 0.690772
vt 0.259460 0.732516
vt 0.225150 0.735531
vt 0.297572 0.729952
vt 0.312798 0.712947
vt 0.018914 0.238830
vt 0.035272 0.230445
vt 0.033446 0.253727
vt 0.015139 0.254469
vt 0.055733 0.227588
vt 0.052154 0.251277
vt 0.071539 0.228509
vt 0.072236 0.247054
vt 0.032052 0.275103
vt 0.015031 0.278104
vt 0.052074 0.272924
vt 0.069730 0.270341
vt 0.031722 0.290708
vt 0.014408 0.293335
vt 0.052471 0.288284
vt 0.060661 0.280499
vt 0.206730 0.492452
vt 0.216583 0.528185
vt 0.170263 0.535523
vt 0.177054 0.490433
vt 0.210499 0.573077
vt 0.162279 0.579094
vt 0.197216 0.608373
vt 0.156981 0.616441
vt 0.125666 0.541932
vt 0.129597 0.496736
vt 0.116495 0.583387
vt 0.109551 0.619018
vt 0.091760 0.539098
vt 0.097155 0.495764
vt 0.084655 0.583737
vt 0.095185 0.599809
vt 0.472108 0.169133
vt 0.488100 0.209086
vt 0.443831 0.201800
vt 0.442316 0.158283
vt 0.490125 0.256878
vt 0.446012 0.246715
vt 0.484525 0.292379
vt 0.448289 0.290094
vt 0.401801 0.194686
vt 0.396690 0.153228
vt 0.402107 0.240844
vt 0.403712 0.281127
vt 0.368936 0.189233
vt 0.365645 0.147466
vt 0.370470 0.237256
vt 0.384731 0.257541
vt 0.459536 0.547221
vt 0.468624 0.583155
vt 0.422157 0.589502
vt 0.429911 0.544567
vt 0.461581 0.627907
vt 0.413244 0.632892
vt 0.447547 0.662912
vt 0.407149 0.670117
vt 0.377434 0.594956
vt 0.382330 0.549855
vt 0.367378 0.636206
vt 0.359674 0.671681
vt 0.343595 0.591398
vt 0.349916 0.548189
vt 0.335539 0.635875
vt 0.345722 0.652169
vt 0.104140 0.912587
vt 0.117930 0.907256
vt 0.117264 0.925080
vt 0.101601 0.924652
vt 0.133894 0.907964
vt 0.132517 0.926258
vt 0.146274 0.911967
vt 0.147153 0.927593
vt 0.116908 0.942456
vt 0.101289 0.943346
vt 0.132026 0.944686
vt 0.145069 0.946089
vt 0.114770 0.956565
vt 0.099708 0.956728
vt 0.130782 0.957795
vt 0.137417 0.952939
vt 0.568543 0.381284
vt 0.569139 0.403501
vt 0.544234 0.393569
vt 0.552738 0.371604
vt 0.560086 0.425751
vt 0.534874 0.414576
vt 0.548174 0.441264
vt 0.525602 0.434628
vt 0.519806 0.384303
vt 0.526422 0.361736
vt 0.509025 0.404588
vt 0.500460 0.422352
vt 0.500903 0.374161
vt 0.508268 0.352749
vt 0.491086 0.396216
vt 0.494619 0.408060
vt 0.918688 0.271131
vt 0.931753 0.264211
vt 0.933192 0.281990
vt 0.917588 0.283411
vt 0.947689 0.263033
vt 0.948478 0.281362
vt 0.960455 0.265549
vt 0.963169 0.280963
vt 0.934887 0.299287
vt 0.919482 0.302011
vt 0.950162 0.299719
vt 0.963281 0.299575
vt 0.934427 0.313549
vt 0.919490 0.315487
vt 0.950473 0.312884
vt 0.956488 0.307279
vt 0.934175 0.513376
vt 0.947476 0.506924
vt 0.948286 0.524742
vt 0.932641 0.525610
vt 0.963444 0.506310
vt 0.963584 0.524655
vt 0.976113 0.509276
vt 0.978280 0.524776
vt 0.949368 0.542088
vt 0.933877 0.544266
vt 0.964619 0.543060
vt 0.977733 0.543380
vt 0.948404 0.556325
vt 0.933407 0.557733
vt 0.964463 0.556228
vt 0.970673 0.550839
vt 0.954810 0.216215
vt 0.968300 0.210164
vt 0.968574 0.227999
vt 0.952910 0.228397
vt 0.984279 0.210030
vt 0.983868 0.228371
vt 0.996853 0.213375
vt 0.998554 0.228933
vt 0.969135 0.245369
vt 0.953585 0.247081
vt 0.984349 0.246799
vt 0.997449 0.247513
vt 0.967744 0.259572
vt 0.952712 0.260528
vt 0.983799 0.259956
vt 0.990168 0.254756
vt 0.304953 0.906923
vt 0.318755 0.901625
vt 0.318046 0.919447
vt 0.302384 0.918982
vt 0.334717 0.902371
vt 0.333296 0.920662
vt 0.347088 0.906404
vt 0.347929 0.922032
vt 0.317649 0.936822
vt 0.302028 0.937675
vt 0.332761 0.939088
vt 0.345801 0.940523
vt 0.315477 0.950926
vt 0.300415 0.951053
vt 0.331486 0.952195
vt 0.338132 0.947354
vt 0.813222 0.905676
vt 0.826234 0.898656
vt 0.827810 0.916423
vt 0.812217 0.917965
vt 0.842160 0.897355
vt 0.843090 0.915677
vt 0.854945 0.899773
vt 0.857778 0.915165
vt 0.829639 0.933706
vt 0.814255 0.936550
vt 0.844916 0.934021
vt 0.858033 0.933776
vt 0.829289 0.947972
vt 0.814366 0.950025
vt 0.845328 0.947183
vt 0.851301 0.941531
vt 0.064847 0.339283
vt 0.064585 0.299713
vt 0.103101 0.320991
vt 0.088791 0.358574
vt 0.080369 0.255635
vt 0.117551 0.280734
vt 0.099093 0.224483
vt 0.132014 0.237880
vt 0.139302 0.340264
vt 0.129999 0.377165
vt 0.156680 0.297972
vt 0.170230 0.260289
vt 0.169668 0.352810
vt 0.157960 0.390245
vt 0.184888 0.308951
vt 0.179360 0.286665
vt 0.366176 0.376404
vt 0.405156 0.358169
vt 0.400397 0.402780
vt 0.357037 0.406764
vt 0.452756 0.353432
vt 0.445116 0.398052
vt 0.488519 0.357007
vt 0.488295 0.393314
vt 0.395682 0.445146
vt 0.354582 0.452604
vt 0.441748 0.442219
vt 0.481875 0.438328
vt 0.392105 0.478268
vt 0.350592 0.483927
vt 0.439963 0.474009
vt 0.459405 0.458619
vt 0.674316 0.052513
vt 0.684799 0.090661
vt 0.642671 0.093167
vt 0.646637 0.047867
vt 0.679388 0.139524
vt 0.635898 0.139822
vt 0.666130 0.177608
vt 0.629138 0.182291
vt 0.601382 0.095521
vt 0.603073 0.050261
vt 0.592269 0.141772
vt 0.585750 0.181639
vt 0.567707 0.093181
vt 0.571664 0.048621
vt 0.561334 0.141842
vt 0.571552 0.160091
vt 0.906662 0.367168
vt 0.882791 0.329401
vt 0.913794 0.311798
vt 0.933722 0.349012
vt 0.872429 0.284917
vt 0.900522 0.268402
vt 0.450945 0.037764
vt 0.478580 0.014726
vt 0.487625 0.069402
vt 0.451872 0.074855
vt 0.514250 0.004440
vt 0.521965 0.060431
vt 0.543181 0.003524
vt 0.555195 0.046797
vt 0.496609 0.120608
vt 0.461757 0.129416
vt 0.531417 0.111295
vt 0.561822 0.102372
vt 0.499731 0.155773
vt 0.466473 0.164730
vt 0.536810 0.146597
vt 0.548835 0.127196
vt 0.231030 0.156094
vt 0.265009 0.173044
vt 0.224038 0.198508
vt 0.200390 0.168960
vt 0.294811 0.203589
vt 0.251016 0.226635
vt 0.312630 0.231013
vt 0.282628 0.254876
vt 0.186766 0.222360
vt 0.160937 0.197715
vt 0.214904 0.253004
vt 0.240817 0.279216
vt 0.160400 0.240916
vt 0.134832 0.215326
vt 0.189836 0.272469
vt 0.212813 0.276563
vt 0.899620 0.011657
vt 0.916049 0.003986
vt 0.916717 0.025850
vt 0.897517 0.026630
vt 0.935640 0.003525
vt 0.935477 0.026022
vt 0.951120 0.007393
vt 0.953495 0.026438
vt 0.917728 0.047139
vt 0.898692 0.049528
vt 0.936410 0.048609
vt 0.952486 0.049241
vt 0.916286 0.064580
vt 0.897871 0.066033
vt 0.935979 0.064753
vt 0.943693 0.058258
vt 0.202732 0.844160
vt 0.227321 0.831996
vt 0.229078 0.865046
vt 0.200062 0.866881
vt 0.256940 0.830628
vt 0.257462 0.864665
vt 0.280488 0.835950
vt 0.284732 0.864679
vt 0.231334 0.897215
vt 0.202621 0.901478
vt 0.259645 0.898801
vt 0.283984 0.899207
vt 0.229750 0.923646
vt 0.201943 0.926473
vt 0.259545 0.923235
vt 0.270991 0.913147
vt 0.041255 0.934201
vt 0.054674 0.927994
vt 0.055154 0.945825
vt 0.039496 0.946405
vt 0.070650 0.927675
vt 0.070452 0.946019
vt 0.083262 0.930874
vt 0.085143 0.946411
vt 0.055917 0.963188
vt 0.040388 0.965080
vt 0.071147 0.964441
vt 0.084254 0.965003
vt 0.054690 0.977405
vt 0.039671 0.978536
vt 0.070749 0.977603
vt 0.077057 0.972330
vt 0.931108 0.567891
vt 0.944780 0.562266
vt 0.944496 0.580100
vt 0.928828 0.580008
vt 0.960756 0.562632
vt 0.959771 0.580951
vt 0.973219 0.566368
vt 0.974432 0.581972
vt 0.944513 0.597480
vt 0.928917 0.598704
vt 0.959675 0.599385
vt 0.972746 0.600508
vt 0.942678 0.611631
vt 0.927623 0.612117
vt 0.958713 0.612518
vt 0.965242 0.607520
vt 0.862394 0.620472
vt 0.880352 0.607378
vt 0.886301 0.633523
vt 0.863388 0.638980
vt 0.903811 0.602211
vt 0.908911 0.629314
vt 0.923344 0.603221
vt 0.930684 0.625573
vt 0.892528 0.658896
vt 0.870191 0.666249
vt 0.915349 0.656267
vt 0.934837 0.653243
vt 0.894899 0.680216
vt 0.873088 0.686298
vt 0.918630 0.675789
vt 0.926381 0.666160
vt 0.934219 0.658209
vt 0.947544 0.651805
vt 0.948289 0.669626
vt 0.932641 0.670438
vt 0.963514 0.651249
vt 0.963587 0.669594
vt 0.976172 0.654261
vt 0.978283 0.669769
vt 0.949308 0.686976
vt 0.933809 0.689097
vt 0.964555 0.688003
vt 0.977668 0.688371
vt 0.948292 0.701209
vt 0.933290 0.702563
vt 0.964351 0.701171
vt 0.970581 0.695804
vt 0.381167 0.811958
vt 0.395081 0.806958
vt 0.393988 0.824761
vt 0.378339 0.823959
vt 0.411023 0.808048
vt 0.409208 0.826304
vt 0.423303 0.812347
vt 0.423808 0.827989
vt 0.393216 0.842124
vt 0.377581 0.842640
vt 0.408276 0.844715
vt 0.421283 0.846430
vt 0.390741 0.856178
vt 0.375680 0.855980
vt 0.406719 0.857791
vt 0.413468 0.853094
vt 0.750377 0.371166
vt 0.759476 0.382819
vt 0.742224 0.387348
vt 0.738093 0.372233
vt 0.763426 0.398302
vt 0.745518 0.402288
vt 0.763183 0.411311
vt 0.748483 0.416682
vt 0.725491 0.392044
vt 0.720112 0.377354
vt 0.727739 0.407159
vt 0.730177 0.420050
vt 0.711368 0.394088
vt 0.706846 0.379720
vt 0.714832 0.409769
vt 0.721404 0.414711
vt 0.619303 0.934118
vt 0.632884 0.928274
vt 0.632886 0.946111
vt 0.617218 0.946270
vt 0.648864 0.928384
vt 0.648172 0.946716
vt 0.661385 0.931921
vt 0.662848 0.947503
vt 0.633181 0.963488
vt 0.617607 0.964962
vt 0.648372 0.965150
vt 0.661459 0.966063
vt 0.631574 0.977667
vt 0.616528 0.978394
vt 0.647620 0.978297
vt 0.654068 0.973195
vt 0.882773 0.451015
vt 0.903338 0.442586
vt 0.902875 0.469395
vt 0.879321 0.469225
vt 0.927352 0.443168
vt 0.925836 0.470704
vt 0.946080 0.448810
vt 0.947872 0.472269
vt 0.902866 0.495521
vt 0.879418 0.497330
vt 0.925654 0.498415
vt 0.945300 0.500130
vt 0.900079 0.516790
vt 0.877446 0.517491
vt 0.924181 0.518156
vt 0.934006 0.510655
vt 0.525010 0.826160
vt 0.550671 0.816459
vt 0.549187 0.849523
vt 0.520130 0.848512
vt 0.580281 0.817995
vt 0.577473 0.851920
vt 0.603197 0.825595
vt 0.604610 0.854601
vt 0.548287 0.881759
vt 0.519294 0.883193
vt 0.576306 0.886106
vt 0.600489 0.888890
vt 0.544124 0.907908
vt 0.516175 0.908002
vt 0.573817 0.910413
vt 0.586194 0.901493
vt 0.850191 0.707329
vt 0.875735 0.697326
vt 0.874642 0.730405
vt 0.845576 0.729737
vt 0.905362 0.698512
vt 0.902954 0.732468
vt 0.928366 0.705840
vt 0.930122 0.734828
vt 0.874123 0.762649
vt 0.845149 0.764426
vt 0.902192 0.766665
vt 0.926405 0.769164
vt 0.870270 0.788846
vt 0.842323 0.789270
vt 0.899989 0.791000
vt 0.912261 0.781934
vt 0.249861 0.733757
vt 0.276374 0.740804
vt 0.255924 0.766827
vt 0.232884 0.749094
vt 0.299559 0.759287
vt 0.277531 0.785239
vt 0.313771 0.778803
vt 0.298038 0.803213
vt 0.236430 0.792517
vt 0.212019 0.776810
vt 0.256686 0.812359
vt 0.274730 0.828698
vt 0.217827 0.811359
vt 0.195044 0.795168
vt 0.240514 0.830677
vt 0.255772 0.830627
vt 0.863883 0.924610
vt 0.877162 0.918110
vt 0.878035 0.935925
vt 0.862394 0.936849
vt 0.893128 0.917439
vt 0.893334 0.935784
vt 0.905807 0.920360
vt 0.908029 0.935852
vt 0.879179 0.953267
vt 0.863696 0.955500
vt 0.894433 0.954185
vt 0.907549 0.954458
vt 0.878266 0.967508
vt 0.863274 0.968969
vt 0.894324 0.967353
vt 0.900516 0.961942
vt 0.857792 0.588362
vt 0.852358 0.564739
vt 0.878893 0.568687
vt 0.875298 0.594466
vt 0.856672 0.537757
vt 0.883818 0.542987
vt 0.865402 0.517588
vt 0.888788 0.519015
vt 0.904860 0.572291
vt 0.903002 0.598172
vt 0.911297 0.546951
vt 0.915952 0.525009
vt 0.925712 0.577770
vt 0.922599 0.602933
vt 0.930705 0.550829
vt 0.924690 0.538977
vt 0.540284 0.580523
vt 0.547807 0.603567
vt 0.521025 0.602005
vt 0.522304 0.576007
vt 0.545920 0.630827
vt 0.518416 0.628042
vt 0.539026 0.651695
vt 0.515607 0.652362
vt 0.494841 0.600735
vt 0.494379 0.574791
vt 0.490692 0.626549
vt 0.488016 0.648818
vt 0.473583 0.597140
vt 0.474435 0.571799
vt 0.471016 0.624419
vt 0.478065 0.635686
vt 0.499257 0.159231
vt 0.520164 0.151691
vt 0.518552 0.178455
vt 0.495028 0.177277
vt 0.544131 0.153302
vt 0.541436 0.180748
vt 0.562600 0.159742
vt 0.563385 0.183256
vt 0.517424 0.204557
vt 0.493921 0.205360
vt 0.540067 0.208426
vt 0.559622 0.210981
vt 0.513728 0.225688
vt 0.491086 0.225417
vt 0.537749 0.228085
vt 0.547886 0.221012
vt 0.448830 0.882680
vt 0.469074 0.873508
vt 0.469587 0.900316
vt 0.446043 0.901004
vt 0.493093 0.873215
vt 0.492580 0.900788
vt 0.512014 0.878172
vt 0.514659 0.901550
vt 0.470530 0.926425
vt 0.447164 0.929087
vt 0.493409 0.928487
vt 0.513104 0.929486
vt 0.468519 0.947782
vt 0.445927 0.949306
vt 0.492655 0.948269
vt 0.502200 0.940415
vt 0.692038 0.871302
vt 0.705926 0.866231
vt 0.704924 0.884040
vt 0.689272 0.883317
vt 0.721874 0.867241
vt 0.720152 0.885505
vt 0.734176 0.871476
vt 0.734760 0.887116
vt 0.704241 0.901406
vt 0.688608 0.902001
vt 0.719314 0.903920
vt 0.732329 0.905569
vt 0.701838 0.915472
vt 0.686775 0.915352
vt 0.717823 0.917004
vt 0.724548 0.912273
vt 0.422373 0.286224
vt 0.437799 0.288947
vt 0.427934 0.303786
vt 0.413766 0.295159
vt 0.451071 0.297981
vt 0.440275 0.312807
vt 0.459487 0.307954
vt 0.451978 0.321704
vt 0.418470 0.318240
vt 0.404109 0.311434
vt 0.430120 0.328161
vt 0.440390 0.336298
vt 0.408630 0.329610
vt 0.395751 0.322008
vt 0.421474 0.339091
vt 0.429656 0.338556
vt 0.935453 0.933286
vt 0.949038 0.927453
vt 0.949025 0.945290
vt 0.933357 0.945436
vt 0.965017 0.927577
vt 0.964311 0.945909
vt 0.977536 0.931124
vt 0.978986 0.946707
vt 0.949306 0.962668
vt 0.933731 0.964129
vt 0.964495 0.964342
vt 0.977582 0.965267
vt 0.947687 0.976846
vt 0.932641 0.977560
vt 0.963733 0.977489
vt 0.970185 0.972392
vt 0.088071 0.511507
vt 0.086028 0.533638
vt 0.062476 0.520823
vt 0.073525 0.500021
vt 0.074401 0.554657
vt 0.050691 0.540572
vt 0.060733 0.568649
vt 0.039107 0.559384
vt 0.039319 0.508726
vt 0.048564 0.487103
vt 0.026209 0.527589
vt 0.015598 0.544212
vt 0.021753 0.496414
vt 0.031604 0.476026
vt 0.009390 0.517149
vt 0.011493 0.529329
vt 0.337525 0.951823
vt 0.351000 0.945738
vt 0.351319 0.963572
vt 0.335656 0.964010
vt 0.366978 0.945564
vt 0.366614 0.963906
vt 0.379561 0.948877
vt 0.381301 0.964431
vt 0.351924 0.980941
vt 0.336378 0.982692
vt 0.367142 0.982332
vt 0.380243 0.983013
vt 0.350569 0.995147
vt 0.335539 0.996142
vt 0.366624 0.995491
vt 0.372980 0.990275
vt 0.009821 0.683242
vt 0.022492 0.675623
vt 0.024894 0.693297
vt 0.009390 0.695564
vt 0.038340 0.673581
vt 0.040123 0.691840
vt 0.051224 0.675400
vt 0.054771 0.690643
vt 0.027526 0.710476
vt 0.012292 0.714033
vt 0.042803 0.710078
vt 0.055893 0.709222
vt 0.027842 0.724743
vt 0.013031 0.727489
vt 0.043827 0.723207
vt 0.049530 0.717283
vt 0.253595 0.927427
vt 0.267251 0.921762
vt 0.267019 0.939597
vt 0.251350 0.939550
vt 0.283228 0.922082
vt 0.282296 0.940404
vt 0.295701 0.925783
vt 0.296960 0.941383
vt 0.267086 0.956977
vt 0.251493 0.958246
vt 0.282253 0.958838
vt 0.295327 0.959924
vt 0.265292 0.971133
vt 0.250238 0.971663
vt 0.281329 0.971974
vt 0.287844 0.966957
vt 0.731934 0.219348
vt 0.744279 0.211213
vt 0.747410 0.228773
vt 0.732012 0.231678
vt 0.760030 0.208519
vt 0.762565 0.226688
vt 0.772977 0.209804
vt 0.777151 0.224888
vt 0.750749 0.245829
vt 0.735674 0.250012
vt 0.765995 0.244801
vt 0.779040 0.243405
vt 0.751653 0.260070
vt 0.736968 0.263425
vt 0.767561 0.257876
vt 0.773014 0.251722
vt 0.113156 0.802052
vt 0.138959 0.790162
vt 0.139835 0.824426
vt 0.109744 0.825498
vt 0.169660 0.789592
vt 0.169230 0.824842
vt 0.193886 0.795773
vt 0.197459 0.825635
vt 0.141252 0.857793
vt 0.111406 0.861387
vt 0.170515 0.860242
vt 0.195700 0.861358
vt 0.138857 0.885110
vt 0.109991 0.887243
vt 0.169714 0.885535
vt 0.181851 0.875418
vt 0.812067 0.014899
vt 0.838102 0.003526
vt 0.838292 0.037801
vt 0.808186 0.038272
vt 0.868808 0.003570
vt 0.867673 0.038804
vt 0.892906 0.010234
vt 0.895882 0.040161
vt 0.839043 0.071190
vt 0.809131 0.074186
vt 0.868251 0.074223
vt 0.893408 0.075842
vt 0.836103 0.098453
vt 0.807199 0.100009
vt 0.866944 0.099495
vt 0.879281 0.089622
vt 0.320387 0.022765
vt 0.359067 0.004659
vt 0.360691 0.056158
vt 0.315468 0.058040
vt 0.405213 0.003526
vt 0.404883 0.056519
vt 0.441686 0.012600
vt 0.447325 0.057457
vt 0.363123 0.106303
vt 0.318289 0.111974
vt 0.407132 0.109722
vt 0.445001 0.111172
vt 0.359768 0.147388
vt 0.316394 0.150854
vt 0.406155 0.147750
vt 0.424309 0.132433
vt 0.790134 0.447887
vt 0.815727 0.435551
vt 0.817196 0.469795
vt 0.787128 0.471389
vt 0.846413 0.434449
vt 0.846594 0.469701
vt 0.870743 0.440209
vt 0.874833 0.470005
vt 0.819192 0.503133
vt 0.789412 0.507243
vt 0.848493 0.505074
vt 0.873693 0.505753
vt 0.817271 0.530487
vt 0.788446 0.533119
vt 0.848130 0.530377
vt 0.860090 0.520051
vt 0.425290 0.792672
vt 0.390685 0.806994
vt 0.391310 0.761816
vt 0.431002 0.761965
vt 0.350215 0.806152
vt 0.352611 0.759742
vt 0.318624 0.796752
vt 0.315468 0.757232
vt 0.391174 0.717790
vt 0.430675 0.714606
vt 0.352757 0.713045
vt 0.319641 0.710268
vt 0.395748 0.681932
vt 0.433882 0.680622
vt 0.355125 0.679770
vt 0.338613 0.692467
vt 0.448665 0.664054
vt 0.483781 0.651034
vt 0.481468 0.696158
vt 0.441810 0.694525
vt 0.524191 0.653388
vt 0.520062 0.699676
vt 0.555408 0.663961
vt 0.557086 0.703572
vt 0.479958 0.740158
vt 0.440366 0.741864
vt 0.518172 0.746335
vt 0.551161 0.750347
vt 0.474049 0.775819
vt 0.435892 0.775704
vt 0.514562 0.779498
vt 0.531537 0.767427
vt 0.744117 0.790888
vt 0.748355 0.817992
vt 0.716296 0.809766
vt 0.723238 0.781533
vt 0.740785 0.846660
vt 0.708156 0.836961
vt 0.728653 0.867532
vt 0.699972 0.862974
vt 0.684928 0.802281
vt 0.689464 0.773610
vt 0.674934 0.828816
vt 0.667254 0.851915
vt 0.660187 0.792850
vt 0.665820 0.765474
vt 0.651652 0.821400
vt 0.657847 0.835343
vt 0.596577 0.461308
vt 0.609051 0.453372
vt 0.611899 0.470980
vt 0.596457 0.473637
vt 0.624843 0.450931
vt 0.627087 0.469139
vt 0.637768 0.452424
vt 0.641699 0.467573
vt 0.614964 0.488087
vt 0.599824 0.492028
vt 0.630225 0.487304
vt 0.643290 0.486117
vt 0.615639 0.502341
vt 0.600903 0.505460
vt 0.631581 0.500403
vt 0.637132 0.494337
vt 0.878814 0.375128
vt 0.899511 0.367028
vt 0.898621 0.393826
vt 0.875073 0.393281
vt 0.923513 0.367993
vt 0.921557 0.395501
vt 0.942148 0.373933
vt 0.943566 0.397417
vt 0.898195 0.419949
vt 0.874722 0.421384
vt 0.920934 0.423206
vt 0.940551 0.425234
vt 0.895070 0.441171
vt 0.872429 0.441511
vt 0.919147 0.442921
vt 0.929090 0.435578
vt 0.950141 0.418346
vt 0.963678 0.412402
vt 0.963812 0.430238
vt 0.948145 0.430514
vt 0.979657 0.412394
vt 0.979102 0.430731
vt 0.992204 0.415837
vt 0.993783 0.431408
vt 0.964236 0.447613
vt 0.948673 0.449203
vt 0.979439 0.449162
vt 0.992532 0.449979
vt 0.962734 0.461804
vt 0.947694 0.462642
vt 0.978784 0.462314
vt 0.985195 0.457164
vt 0.567633 0.915466
vt 0.580800 0.908741
vt 0.581975 0.926539
vt 0.566351 0.927729
vt 0.596751 0.907799
vt 0.597268 0.926138
vt 0.609478 0.910504
vt 0.611964 0.925956
vt 0.583413 0.943859
vt 0.567970 0.946355
vt 0.598680 0.944518
vt 0.611799 0.944568
vt 0.582742 0.958113
vt 0.567777 0.959829
vt 0.598795 0.957686
vt 0.604894 0.952170
vt 0.027623 0.847413
vt 0.052479 0.835805
vt 0.053493 0.868886
vt 0.024443 0.870070
vt 0.082121 0.835103
vt 0.081879 0.869143
vt 0.105544 0.840952
vt 0.109142 0.869769
vt 0.055027 0.901098
vt 0.026225 0.904716
vt 0.083295 0.903319
vt 0.107618 0.904272
vt 0.052849 0.927487
vt 0.024986 0.929689
vt 0.082646 0.927746
vt 0.094315 0.917917
vt 0.011444 0.656760
vt 0.009390 0.629404
vt 0.040687 0.640171
vt 0.031506 0.667757
vt 0.019231 0.601434
vt 0.050979 0.613715
vt 0.032997 0.581600
vt 0.061220 0.588441
vt 0.071354 0.650144
vt 0.064537 0.678360
vt 0.083442 0.624495
vt 0.092947 0.602085
vt 0.095262 0.661526
vt 0.087453 0.688363
vt 0.106056 0.633752
vt 0.100996 0.619358
vt 0.931272 0.117983
vt 0.944966 0.112409
vt 0.944615 0.130242
vt 0.928947 0.130092
vt 0.960939 0.112834
vt 0.959887 0.131149
vt 0.973388 0.116617
vt 0.974544 0.132225
vt 0.944568 0.147622
vt 0.928967 0.148788
vt 0.959722 0.149583
vt 0.972789 0.150755
vt 0.942680 0.161766
vt 0.927623 0.162196
vt 0.958711 0.162713
vt 0.965259 0.157739
vt 0.657277 0.650053
vt 0.692630 0.634243
vt 0.693297 0.680961
vt 0.652265 0.681959
vt 0.734487 0.633938
vt 0.733358 0.681980
vt 0.767415 0.642736
vt 0.771825 0.683495
vt 0.694716 0.726465
vt 0.653979 0.730904
vt 0.734566 0.730253
vt 0.768877 0.732161
vt 0.691031 0.763662
vt 0.651652 0.766125
vt 0.733084 0.764717
vt 0.749784 0.751113
vt 0.121037 0.635416
vt 0.152185 0.617410
vt 0.151806 0.672828
vt 0.115647 0.672125
vt 0.189084 0.613336
vt 0.187171 0.669824
vt 0.217750 0.617350
vt 0.222236 0.662036
vt 0.151957 0.724815
vt 0.116115 0.727572
vt 0.187842 0.721554
vt 0.219320 0.717928
vt 0.149057 0.760000
vt 0.114761 0.763174
vt 0.187156 0.757259
vt 0.202304 0.740183
vt 0.586788 0.346360
vt 0.624429 0.334151
vt 0.615786 0.377296
vt 0.575635 0.375015
vt 0.671216 0.335875
vt 0.658528 0.378904
vt 0.706570 0.344308
vt 0.703749 0.379739
vt 0.608356 0.417630
vt 0.570369 0.419914
vt 0.653922 0.421413
vt 0.693938 0.422940
vt 0.605574 0.450367
vt 0.566351 0.450520
vt 0.651982 0.451620
vt 0.671555 0.439615
vt 0.023516 0.036305
vt 0.071597 0.008617
vt 0.068429 0.092609
vt 0.013022 0.092072
vt 0.127481 0.003523
vt 0.121885 0.088431
vt 0.170356 0.011006
vt 0.174680 0.079170
vt 0.065889 0.171833
vt 0.012945 0.177131
vt 0.120207 0.168011
vt 0.167641 0.163762
vt 0.060620 0.226584
vt 0.009390 0.231980
vt 0.117602 0.223092
vt 0.140979 0.197369
vt 0.337538 0.458315
vt 0.349204 0.493235
vt 0.304473 0.501006
vt 0.308415 0.456875
vt 0.344402 0.539865
vt 0.298264 0.545768
vt 0.331709 0.577307
vt 0.292495 0.586349
vt 0.260720 0.508354
vt 0.262185 0.464363
vt 0.252474 0.552631
vt 0.246249 0.590604
vt 0.225887 0.509465
vt 0.228543 0.465845
vt 0.220132 0.555846
vt 0.231194 0.571781
vt 0.630618 0.195890
vt 0.662154 0.178571
vt 0.660560 0.233968
vt 0.624425 0.232473
vt 0.699134 0.175306
vt 0.695983 0.231738
vt 0.727704 0.179947
vt 0.731210 0.224720
vt 0.659573 0.285946
vt 0.623679 0.287916
vt 0.695520 0.283471
vt 0.727071 0.280536
vt 0.655903 0.321058
vt 0.621546 0.323481
vt 0.694053 0.319152
vt 0.709571 0.302413
vt 0.585230 0.453936
vt 0.592067 0.490367
vt 0.545296 0.493813
vt 0.555827 0.449447
vt 0.582257 0.534594
vt 0.533702 0.536565
vt 0.566074 0.568659
vt 0.525306 0.573340
vt 0.500320 0.496477
vt 0.508009 0.451767
vt 0.487720 0.537022
vt 0.477827 0.571950
vt 0.466768 0.490823
vt 0.475761 0.448090
vt 0.455963 0.534713
vt 0.465114 0.551609
vt 0.201671 0.932015
vt 0.215013 0.925645
vt 0.215711 0.943468
vt 0.200062 0.944239
vt 0.230984 0.925130
vt 0.231010 0.943476
vt 0.243634 0.928175
vt 0.245705 0.943688
vt 0.216686 0.960820
vt 0.201181 0.962902
vt 0.231930 0.961887
vt 0.245043 0.962289
vt 0.215633 0.975051
vt 0.200628 0.976366
vt 0.231692 0.975054
vt 0.237936 0.969703
vt 0.950193 0.368393
vt 0.963736 0.362464
vt 0.963850 0.380301
vt 0.948183 0.380558
vt 0.979716 0.362474
vt 0.979140 0.380811
vt 0.992259 0.365933
vt 0.993820 0.381506
vt 0.964254 0.397676
vt 0.948689 0.399247
vt 0.979454 0.399242
vt 0.992547 0.400075
vt 0.962734 0.411864
vt 0.947694 0.412686
vt 0.978785 0.412394
vt 0.985201 0.407252
vt 0.908539 0.888461
vt 0.921540 0.881421
vt 0.923143 0.899186
vt 0.907553 0.900751
vt 0.937465 0.880096
vt 0.938423 0.898417
vt 0.950253 0.882495
vt 0.953109 0.897883
vt 0.924998 0.916466
vt 0.909618 0.919333
vt 0.940276 0.916758
vt 0.953392 0.916493
vt 0.924669 0.930733
vt 0.909750 0.932807
vt 0.940707 0.929919
vt 0.946671 0.924259
vt 0.364405 0.239247
vt 0.385822 0.272511
vt 0.346373 0.287507
vt 0.336604 0.243095
vt 0.395278 0.320755
vt 0.353869 0.334052
vt 0.394022 0.361062
vt 0.360125 0.376597
vt 0.307680 0.302107
vt 0.295752 0.258414
vt 0.312822 0.348965
vt 0.318531 0.388957
vt 0.274847 0.309949
vt 0.265291 0.266246
vt 0.283325 0.358288
vt 0.298535 0.372643
vt 0.174973 0.348619
vt 0.201952 0.324815
vt 0.212526 0.379217
vt 0.176940 0.385670
vt 0.237319 0.313533
vt 0.246601 0.369286
vt 0.266213 0.311806
vt 0.279436 0.354726
vt 0.222943 0.430150
vt 0.188351 0.439932
vt 0.257476 0.419865
vt 0.287618 0.410093
vt 0.227049 0.465214
vt 0.194056 0.475100
vt 0.263856 0.455001
vt 0.275333 0.435271
vt 0.574758 0.558121
vt 0.609847 0.543607
vt 0.602171 0.591231
vt 0.564357 0.589682
vt 0.652451 0.541167
vt 0.641099 0.589336
vt 0.684838 0.545720
vt 0.683153 0.584018
vt 0.595706 0.635007
vt 0.560160 0.638322
vt 0.637294 0.633888
vt 0.674078 0.631539
vt 0.592404 0.667079
vt 0.556316 0.669576
vt 0.635529 0.665577
vt 0.653698 0.650927
vt 0.606396 0.224936
vt 0.616923 0.260475
vt 0.570750 0.268688
vt 0.576687 0.223478
vt 0.611688 0.305475
vt 0.563590 0.312402
vt 0.599075 0.341016
vt 0.559000 0.349842
vt 0.526282 0.275938
vt 0.529357 0.230677
vt 0.517896 0.317560
vt 0.511627 0.353316
vt 0.492328 0.273746
vt 0.496903 0.230318
vt 0.486069 0.318511
vt 0.496900 0.334382
vt 0.770603 0.534582
vt 0.735656 0.548049
vt 0.737393 0.502899
vt 0.777069 0.504026
vt 0.695219 0.546211
vt 0.698758 0.499874
vt 0.663870 0.536036
vt 0.661687 0.496451
vt 0.738341 0.458884
vt 0.777908 0.456672
vt 0.700051 0.453194
vt 0.667014 0.449604
vt 0.743795 0.423149
vt 0.781950 0.422777
vt 0.703238 0.419989
vt 0.686418 0.432275
vt 0.051529 0.738590
vt 0.078898 0.740466
vt 0.063771 0.769903
vt 0.037779 0.756874
vt 0.105175 0.754202
vt 0.088484 0.783870
vt 0.122839 0.770661
vt 0.112035 0.797617
vt 0.049518 0.798831
vt 0.022565 0.788052
vt 0.073176 0.814459
vt 0.093999 0.827069
vt 0.034836 0.820866
vt 0.009390 0.809304
vt 0.060783 0.835518
vt 0.075753 0.832568
vt 0.313385 0.391975
vt 0.327558 0.387765
vt 0.325466 0.405479
vt 0.309888 0.403798
vt 0.343414 0.389750
vt 0.340576 0.407875
vt 0.355434 0.394732
vt 0.355058 0.410378
vt 0.323720 0.422771
vt 0.308080 0.422407
vt 0.338611 0.426204
vt 0.351500 0.428648
vt 0.320459 0.436663
vt 0.305433 0.435620
vt 0.336321 0.439172
vt 0.343323 0.434862
vt 0.374218 0.879952
vt 0.394551 0.870979
vt 0.394802 0.897791
vt 0.371252 0.898248
vt 0.418572 0.870922
vt 0.417789 0.898489
vt 0.437443 0.876064
vt 0.439860 0.899467
vt 0.395488 0.923908
vt 0.372097 0.926341
vt 0.418345 0.926195
vt 0.438030 0.927386
vt 0.393268 0.945244
vt 0.370662 0.946546
vt 0.417398 0.945968
vt 0.427020 0.938208
vt 0.908484 0.838099
vt 0.921454 0.831002
vt 0.923136 0.848759
vt 0.907553 0.850394
vt 0.937373 0.829606
vt 0.938412 0.847923
vt 0.950171 0.831948
vt 0.953096 0.847323
vt 0.925067 0.866032
vt 0.909701 0.868966
vt 0.940347 0.866255
vt 0.953462 0.865932
vt 0.924802 0.880299
vt 0.909892 0.882440
vt 0.940837 0.879415
vt 0.946776 0.873728
vt 0.908440 0.787684
vt 0.921385 0.780541
vt 0.923130 0.798292
vt 0.907553 0.799982
vt 0.937298 0.779088
vt 0.938403 0.797400
vt 0.950105 0.781384
vt 0.953085 0.796748
vt 0.925123 0.815557
vt 0.909768 0.818547
vt 0.940403 0.815726
vt 0.953517 0.815356
vt 0.924909 0.829825
vt 0.910007 0.832020
vt 0.940941 0.828883
vt 0.946859 0.823175
vt 0.839589 0.802267
vt 0.818914 0.820298
vt 0.808789 0.788788
vt 0.836378 0.779615
vt 0.790622 0.829172
vt 0.781439 0.796393
vt 0.766495 0.830030
vt 0.755067 0.803332
vt 0.798405 0.758257
vt 0.825082 0.746814
vt 0.770626 0.763942
vt 0.746987 0.769754
vt 0.793199 0.732295
vt 0.819365 0.722473
vt 0.764493 0.740289
vt 0.755997 0.752962
vt 0.846127 0.108792
vt 0.871786 0.099087
vt 0.870308 0.132151
vt 0.841251 0.131145
vt 0.901397 0.100618
vt 0.898594 0.134543
vt 0.924314 0.108213
vt 0.925732 0.137220
vt 0.869413 0.164387
vt 0.840420 0.165826
vt 0.897433 0.168729
vt 0.921616 0.171510
vt 0.865255 0.190537
vt 0.837305 0.190635
vt 0.894948 0.193037
vt 0.907324 0.184115
vt 0.827875 0.815008
vt 0.853744 0.805877
vt 0.851531 0.838899
vt 0.822503 0.837247
vt 0.883314 0.808067
vt 0.879757 0.841921
vt 0.906056 0.816170
vt 0.906828 0.845201
vt 0.849918 0.871108
vt 0.820901 0.871901
vt 0.877835 0.876072
vt 0.901950 0.879391
vt 0.845179 0.897159
vt 0.817235 0.896635
vt 0.874809 0.900319
vt 0.887381 0.891674
vt 0.931484 0.067815
vt 0.945205 0.062306
vt 0.944768 0.080138
vt 0.929101 0.079912
vt 0.961176 0.062809
vt 0.960036 0.081119
vt 0.973607 0.066651
vt 0.974687 0.082265
vt 0.944637 0.097517
vt 0.929031 0.098608
vt 0.959783 0.099551
vt 0.972843 0.100786
vt 0.942682 0.111652
vt 0.927623 0.112010
vt 0.958708 0.112676
vt 0.965280 0.107733
vt 0.053402 0.294267
vt 0.059968 0.308932
vt 0.042206 0.309770
vt 0.041236 0.292545
vt 0.060625 0.327031
vt 0.042302 0.327114
vt 0.057537 0.341267
vt 0.042147 0.343340
vt 0.024858 0.310759
vt 0.022745 0.293690
vt 0.023924 0.328063
vt 0.023713 0.342928
vt 0.010596 0.309872
vt 0.009390 0.293109
vt 0.010806 0.328031
vt 0.016238 0.334967
vt 0.352048 0.151931
vt 0.360596 0.170760
vt 0.337742 0.171958
vt 0.336378 0.149796
vt 0.361563 0.194050
vt 0.337982 0.194278
vt 0.357684 0.212392
vt 0.337890 0.215162
vt 0.315423 0.173346
vt 0.312588 0.151394
vt 0.314336 0.195623
vt 0.314164 0.214756
vt 0.297061 0.172300
vt 0.295397 0.150735
vt 0.297453 0.195670
vt 0.304491 0.204559
vt 0.742790 0.849379
vt 0.765483 0.840857
vt 0.765093 0.867681
vt 0.739064 0.867539
vt 0.792799 0.841550
vt 0.791219 0.869150
vt 0.813949 0.847525
vt 0.815638 0.870894
vt 0.764968 0.893896
vt 0.739069 0.895491
vt 0.790938 0.896912
vt 0.813303 0.898613
vt 0.762305 0.915291
vt 0.736952 0.915546
vt 0.789670 0.916663
vt 0.800619 0.909128
vt 0.673658 0.855519
vt 0.682237 0.878190
vt 0.655412 0.877868
vt 0.655488 0.851839
vt 0.681613 0.905508
vt 0.654009 0.903997
vt 0.675692 0.926672
vt 0.652328 0.928421
vt 0.629197 0.877809
vt 0.627536 0.851915
vt 0.626246 0.903787
vt 0.624603 0.926157
vt 0.607795 0.875201
vt 0.607475 0.849848
vt 0.606492 0.902570
vt 0.614055 0.913499
vt 0.388345 0.544677
vt 0.377722 0.525155
vt 0.404421 0.522690
vt 0.406823 0.546121
vt 0.375680 0.501221
vt 0.403217 0.499723
vt 0.379245 0.481990
vt 0.402368 0.477647
vt 0.430392 0.519847
vt 0.434750 0.542957
vt 0.430782 0.496879
vt 0.430343 0.477163
vt 0.451839 0.520296
vt 0.455005 0.542717
vt 0.450566 0.496189
vt 0.442038 0.487241
vt 0.150885 0.893239
vt 0.163893 0.886214
vt 0.165477 0.903980
vt 0.149885 0.905528
vt 0.179819 0.884906
vt 0.180757 0.903227
vt 0.192605 0.887318
vt 0.195444 0.902709
vt 0.167313 0.921262
vt 0.151931 0.924112
vt 0.182591 0.921570
vt 0.195707 0.921320
vt 0.166969 0.935528
vt 0.152048 0.937587
vt 0.183008 0.934732
vt 0.188978 0.929078
vt 0.934234 0.708106
vt 0.947567 0.701718
vt 0.948290 0.719540
vt 0.932641 0.720332
vt 0.963538 0.701182
vt 0.963589 0.719527
vt 0.976192 0.704210
vt 0.978284 0.719720
vt 0.949287 0.736891
vt 0.933785 0.738993
vt 0.964533 0.737938
vt 0.977646 0.738322
vt 0.948254 0.751124
vt 0.933250 0.752458
vt 0.964313 0.751104
vt 0.970549 0.745746
vn -0.593108 0.409149 -0.693412
vn -0.412573 0.639338 -0.648869
vn -0.369103 0.552006 -0.747698
vn -0.569679 0.363325 -0.737198
vn -0.412573 0.639338 -0.648869
vn -0.123413 0.819311 -0.559910
vn -0.006579 0.747237 -0.664526
vn -0.369103 0.552006 -0.747698
vn -0.123413 0.819311 -0.559910
vn 0.128597 0.872919 -0.470612
vn 0.199001 0.792376 -0.576661
vn -0.006579 0.747237 -0.664526
vn -0.569679 0.363325 -0.737198
vn -0.369103 0.552006 -0.747698
vn -0.173225 0.376762 -0.909969
vn -0.396589 0.210905 -0.893441
vn -0.369103 0.552006 -0.747698
vn -0.006579 0.747237 -0.664526
vn 0.165579 0.544265 -0.822411
vn -0.173225 0.376762 -0.909969
vn -0.006579 0.747237 -0.664526
vn 0.199001 0.792376 -0.576661
vn 0.264645 0.665997 -0.697431
vn 0.165579 0.544265 -0.822411
vn -0.396589 0.210905 -0.893441
vn -0.173225 0.376762 -0.909969
vn 0.019183 0.170190 -0.985225
vn -0.180755 0.051271 -0.982191
vn -0.173225 0.376762 -0.909969
vn 0.165579 0.544265 -0.822411
vn 0.249921 0.309388 -0.917507
vn 0.019183 0.170190 -0.985225
vn 0.165579 0.544265 -0.822411
vn 0.264645 0.665997 -0.697431
vn 0.299916 0.390427 -0.870412
vn 0.249921 0.309388 -0.917507
vn -0.670275 0.627689 -0.395901
vn -0.495443 0.827269 -0.264882
vn -0.457976 0.796395 -0.394985
vn -0.649250 0.607959 -0.457012
vn -0.495443 0.827269 -0.264882
vn -0.206471 0.970576 -0.123901
vn -0.097139 0.961479 -0.257141
vn -0.457976 0.796395 -0.394985
vn -0.206471 0.970576 -0.123901
vn 0.050468 0.998047 -0.036809
vn 0.113801 0.978489 -0.172074
vn -0.097139 0.961479 -0.257141
vn -0.649250 0.607959 -0.457012
vn -0.457976 0.796395 -0.394985
vn -0.271349 0.726734 -0.631053
vn -0.485621 0.554275 -0.675982
vn -0.457976 0.796395 -0.394985
vn -0.097139 0.961479 -0.257141
vn 0.067370 0.863304 -0.500168
vn -0.271349 0.726734 -0.631053
vn -0.097139 0.961479 -0.257141
vn 0.113801 0.978489 -0.172074
vn 0.172809 0.924157 -0.340693
vn 0.067370 0.863304 -0.500168
vn -0.485621 0.554275 -0.675982
vn -0.271349 0.726734 -0.631053
vn -0.078889 0.590251 -0.803356
vn -0.272925 0.467478 -0.840819
vn -0.271349 0.726734 -0.631053
vn 0.067370 0.863304 -0.500168
vn 0.151567 0.702111 -0.695749
vn -0.078889 0.590251 -0.803356
vn 0.067370 0.863304 -0.500168
vn 0.172809 0.924157 -0.340693
vn 0.202537 0.757415 -0.620727
vn 0.151567 0.702111 -0.695749
vn -0.730457 0.678246 -0.080093
vn -0.510797 0.836094 -0.200083
vn -0.581565 0.759403 -0.291701
vn -0.761497 0.636372 -0.123092
vn -0.510797 0.836094 -0.200083
vn -0.207685 0.907935 -0.364034
vn -0.231436 0.825951 -0.514046
vn -0.581565 0.759403 -0.291701
vn -0.207685 0.907935 -0.364034
vn 0.031339 0.871151 -0.490014
vn -0.025381 0.794556 -0.606660
vn -0.231436 0.825951 -0.514046
vn -0.581565 0.759403 -0.291701
vn -0.231436 0.825951 -0.514046
vn -0.300428 0.614649 -0.729349
vn -0.629745 0.568320 -0.529560
vn -0.231436 0.825951 -0.514046
vn -0.025381 0.794556 -0.606660
vn -0.110352 0.678781 -0.726002
vn -0.300428 0.614649 -0.729349
vn -0.812361 0.472137 -0.342281
vn -0.629745 0.568320 -0.529560
vn -0.628788 0.332975 -0.702676
vn -0.790986 0.276838 -0.545620
vn -0.629745 0.568320 -0.529560
vn -0.300428 0.614649 -0.729349
vn -0.390657 0.386733 -0.835359
vn -0.628788 0.332975 -0.702676
vn -0.300428 0.614649 -0.729349
vn -0.110352 0.678781 -0.726002
vn -0.299666 0.440456 -0.846285
vn -0.390657 0.386733 -0.835359
vn -0.670275 0.627689 -0.395901
vn -0.495443 0.827269 -0.264882
vn -0.457976 0.796395 -0.394985
vn -0.649250 0.607959 -0.457012
vn -0.495443 0.827269 -0.264882
vn -0.206471 0.970576 -0.123901
vn -0.097139 0.961479 -0.257141
vn -0.457976 0.796395 -0.394985
vn -0.206471 0.970576 -0.123901
vn 0.050468 0.998047 -0.036809
vn 0.113801 0.978489 -0.172074
vn -0.097139 0.961479 -0.257141
vn -0.649250 0.607959 -0.457012
vn -0.457976 0.796395 -0.394985
vn -0.271349 0.726734 -0.631053
vn -0.485621 0.554275 -0.675982
vn -0.457976 0.796395 -0.394985
vn -0.097139 0.961479 -0.257141
vn 0.067370 0.863304 -0.500168
vn -0.271349 0.726734 -0.631053
vn -0.097139 0.961479 -0.257141
vn 0.113801 0.978489 -0.172074
vn 0.172809 0.924157 -0.340693
vn 0.067370 0.863304 -0.500168
vn -0.485621 0.554275 -0.675982
vn -0.271349 0.726734 -0.631053
vn -0.078889 0.590251 -0.803356
vn -0.272925 0.467478 -0.840819
vn -0.271349 0.726734 -0.631053
vn 0.067370 0.863304 -0.500168
vn 0.151567 0.702111 -0.695749
vn -0.078889 0.590251 -0.803356
vn 0.067370 0.863304 -0.500168
vn 0.172809 0.924157 -0.340693
vn 0.202537 0.757415 -0.620727
vn 0.151567 0.702111 -0.695749
vn -0.628920 0.771836 -0.093435
vn -0.385048 0.900879 -0.200385
vn -0.461334 0.836150 -0.296688
vn -0.663358 0.735338 -0.138687
vn -0.385048 0.900879 -0.200385
vn -0.068125 0.934300 -0.349919
vn -0.095997 0.859088 -0.502744
vn -0.461334 0.836150 -0.296688
vn -0.068125 0.934300 -0.349919
vn 0.169147 0.868023 -0.466824
vn 0.107885 0.801967 -0.587545
vn -0.095997 0.859088 -0.502744
vn -0.663358 0.735338 -0.138687
vn -0.461334 0.836150 -0.296688
vn -0.524115 0.657792 -0.540937
vn -0.726028 0.583589 -0.363741
vn -0.461334 0.836150 -0.296688
vn -0.095997 0.859088 -0.502744
vn -0.183081 0.663079 -0.725815
vn -0.524115 0.657792 -0.540937
vn -0.095997 0.859088 -0.502744
vn 0.107885 0.801967 -0.587545
vn 0.013531 0.700951 -0.713081
vn -0.183081 0.663079 -0.725815
vn -0.726028 0.583589 -0.363741
vn -0.524115 0.657792 -0.540937
vn -0.547023 0.427751 -0.719579
vn -0.722034 0.391039 -0.570751
vn -0.524115 0.657792 -0.540937
vn -0.183081 0.663079 -0.725815
vn -0.298228 0.451423 -0.840998
vn -0.547023 0.427751 -0.719579
vn -0.183081 0.663079 -0.725815
vn 0.013531 0.700951 -0.713081
vn -0.200478 0.492596 -0.846852
vn -0.298228 0.451423 -0.840998
vn -0.052599 0.885704 0.461261
vn -0.150161 0.969302 0.194695
vn -0.250597 0.926553 0.280536
vn -0.100139 0.859386 0.501426
vn -0.150161 0.969302 0.194695
vn -0.295306 0.947158 -0.125243
vn -0.452445 0.887656 -0.085798
vn -0.250597 0.926553 0.280536
vn -0.295306 0.947158 -0.125243
vn -0.414239 0.841537 -0.346729
vn -0.539026 0.795857 -0.275794
vn -0.452445 0.887656 -0.085798
vn -0.100139 0.859386 0.501426
vn -0.250597 0.926553 0.280536
vn -0.505257 0.778196 0.372997
vn -0.334084 0.735969 0.588844
vn -0.250597 0.926553 0.280536
vn -0.452445 0.887656 -0.085798
vn -0.687159 0.725693 0.034372
vn -0.505257 0.778196 0.372997
vn -0.452445 0.887656 -0.085798
vn -0.539026 0.795857 -0.275794
vn -0.670885 0.722840 -0.165578
vn -0.687159 0.725693 0.034372
vn -0.334084 0.735969 0.588844
vn -0.505257 0.778196 0.372997
vn -0.697162 0.567667 0.437856
vn -0.551937 0.558338 0.619374
vn -0.505257 0.778196 0.372997
vn -0.687159 0.725693 0.034372
vn -0.815278 0.548000 0.187131
vn -0.697162 0.567667 0.437856
vn -0.687159 0.725693 0.034372
vn -0.670885 0.722840 -0.165578
vn -0.818049 0.569120 0.083058
vn -0.815278 0.548000 0.187131
vn -0.462754 0.790009 0.402175
vn -0.474642 0.872212 0.118159
vn -0.583413 0.796378 0.159412
vn -0.512374 0.748318 0.421299
vn -0.474642 0.872212 0.118159
vn -0.479703 0.845972 -0.232844
vn -0.617076 0.744088 -0.256027
vn -0.583413 0.796378 0.159412
vn -0.479703 0.845972 -0.232844
vn -0.474446 0.736305 -0.482448
vn -0.598531 0.652867 -0.464248
vn -0.617076 0.744088 -0.256027
vn -0.512374 0.748318 0.421299
vn -0.583413 0.796378 0.159412
vn -0.802071 0.578481 0.148467
vn -0.717740 0.560256 0.413476
vn -0.583413 0.796378 0.159412
vn -0.617076 0.744088 -0.256027
vn -0.824431 0.515464 -0.233687
vn -0.802071 0.578481 0.148467
vn -0.617076 0.744088 -0.256027
vn -0.598531 0.652867 -0.464248
vn -0.735716 0.537333 -0.412304
vn -0.824431 0.515464 -0.233687
vn -0.717740 0.560256 0.413476
vn -0.802071 0.578481 0.148467
vn -0.937591 0.319944 0.136231
vn -0.872828 0.330095 0.359455
vn -0.802071 0.578481 0.148467
vn -0.824431 0.515464 -0.233687
vn -0.944791 0.296025 -0.140497
vn -0.937591 0.319944 0.136231
vn -0.824431 0.515464 -0.233687
vn -0.735716 0.537333 -0.412304
vn -0.914883 0.326207 -0.237859
vn -0.944791 0.296025 -0.140497
vn 0.217984 -0.174532 -0.960220
vn 0.296154 0.110637 -0.948711
vn 0.398837 0.022787 -0.916739
vn 0.265739 -0.217467 -0.939197
vn 0.296154 0.110637 -0.948711
vn 0.401561 0.418562 -0.814589
vn 0.552889 0.373708 -0.744753
vn 0.398837 0.022787 -0.916739
vn 0.401561 0.418562 -0.814589
vn 0.480880 0.606271 -0.633395
vn 0.605557 0.533362 -0.590615
vn 0.552889 0.373708 -0.744753
vn 0.265739 -0.217467 -0.939197
vn 0.398837 0.022787 -0.916739
vn 0.640369 -0.092443 -0.762484
vn 0.489581 -0.321883 -0.810371
vn 0.398837 0.022787 -0.916739
vn 0.552889 0.373708 -0.744753
vn 0.775991 0.226739 -0.588581
vn 0.640369 -0.092443 -0.762484
vn 0.552889 0.373708 -0.744753
vn 0.605557 0.533362 -0.590615
vn 0.737882 0.415401 -0.531951
vn 0.775991 0.226739 -0.588581
vn 0.489581 -0.321883 -0.810371
vn 0.640369 -0.092443 -0.762484
vn 0.808919 -0.203853 -0.551448
vn 0.684286 -0.389151 -0.616696
vn 0.640369 -0.092443 -0.762484
vn 0.775991 0.226739 -0.588581
vn 0.895525 0.037063 -0.443464
vn 0.808919 -0.203853 -0.551448
vn 0.775991 0.226739 -0.588581
vn 0.737882 0.415401 -0.531951
vn 0.889730 0.142677 -0.433616
vn 0.895525 0.037063 -0.443464
vn 0.390605 0.920558 0.000994
vn 0.167470 0.967473 0.189605
vn 0.284832 0.925230 0.250641
vn 0.446132 0.894486 0.029331
vn 0.167470 0.967473 0.189605
vn -0.082556 0.899983 0.428037
vn 0.011483 0.831436 0.555501
vn 0.284832 0.925230 0.250641
vn -0.082556 0.899983 0.428037
vn -0.243281 0.762190 0.599901
vn -0.131513 0.713392 0.688314
vn 0.011483 0.831436 0.555501
vn 0.446132 0.894486 0.029331
vn 0.284832 0.925230 0.250641
vn 0.467563 0.765628 0.441814
vn 0.615451 0.760877 0.205637
vn 0.284832 0.925230 0.250641
vn 0.011483 0.831436 0.555501
vn 0.214440 0.662938 0.717306
vn 0.467563 0.765628 0.441814
vn 0.011483 0.831436 0.555501
vn -0.131513 0.713392 0.688314
vn 0.021386 0.640936 0.767296
vn 0.214440 0.662938 0.717306
vn 0.615451 0.760877 0.205637
vn 0.467563 0.765628 0.441814
vn 0.607459 0.547029 0.575980
vn 0.729615 0.569087 0.379212
vn 0.467563 0.765628 0.441814
vn 0.214440 0.662938 0.717306
vn 0.413150 0.491467 0.766660
vn 0.607459 0.547029 0.575980
vn 0.214440 0.662938 0.717306
vn 0.021386 0.640936 0.767296
vn 0.314917 0.501438 0.805846
vn 0.413150 0.491467 0.766660
vn -0.593109 0.409149 -0.693411
vn -0.412574 0.639338 -0.648868
vn -0.369104 0.552006 -0.747698
vn -0.569679 0.363325 -0.737197
vn -0.412574 0.639338 -0.648868
vn -0.123413 0.819311 -0.559910
vn -0.006579 0.747236 -0.664526
vn -0.369104 0.552006 -0.747698
vn -0.123413 0.819311 -0.559910
vn 0.128598 0.872918 -0.470612
vn 0.199002 0.792376 -0.576661
vn -0.006579 0.747236 -0.664526
vn -0.569679 0.363325 -0.737197
vn -0.369104 0.552006 -0.747698
vn -0.173225 0.376762 -0.909969
vn -0.396589 0.210905 -0.893441
vn -0.369104 0.552006 -0.747698
vn -0.006579 0.747236 -0.664526
vn 0.165580 0.544265 -0.822411
vn -0.173225 0.376762 -0.909969
vn -0.006579 0.747236 -0.664526
vn 0.199002 0.792376 -0.576661
vn 0.264646 0.665998 -0.697431
vn 0.165580 0.544265 -0.822411
vn -0.396589 0.210905 -0.893441
vn -0.173225 0.376762 -0.909969
vn 0.019183 0.170191 -0.985224
vn -0.180755 0.051271 -0.982191
vn -0.173225 0.376762 -0.909969
vn 0.165580 0.544265 -0.822411
vn 0.249922 0.309388 -0.917507
vn 0.019183 0.170191 -0.985224
vn 0.165580 0.544265 -0.822411
vn 0.264646 0.665998 -0.697431
vn 0.299917 0.390426 -0.870412
vn 0.249922 0.309388 -0.917507
vn -0.670275 0.627689 -0.395901
vn -0.495443 0.827269 -0.264882
vn -0.457976 0.796395 -0.394984
vn -0.649250 0.607959 -0.457012
vn -0.495443 0.827269 -0.264882
vn -0.206471 0.970576 -0.123900
vn -0.097139 0.961479 -0.257141
vn -0.457976 0.796395 -0.394984
vn -0.206471 0.970576 -0.123900
vn 0.050468 0.998047 -0.036809
vn 0.113801 0.978489 -0.172073
vn -0.097139 0.961479 -0.257141
vn -0.649250 0.607959 -0.457012
vn -0.457976 0.796395 -0.394984
vn -0.271349 0.726734 -0.631053
vn -0.485621 0.554275 -0.675982
vn -0.457976 0.796395 -0.394984
vn -0.097139 0.961479 -0.257141
vn 0.067370 0.863304 -0.500168
vn -0.271349 0.726734 -0.631053
vn -0.097139 0.961479 -0.257141
vn 0.113801 0.978489 -0.172073
vn 0.172809 0.924157 -0.340692
vn 0.067370 0.863304 -0.500168
vn -0.485621 0.554275 -0.675982
vn -0.271349 0.726734 -0.631053
vn -0.078889 0.590251 -0.803356
vn -0.272924 0.467478 -0.840819
vn -0.271349 0.726734 -0.631053
vn 0.067370 0.863304 -0.500168
vn 0.151567 0.702110 -0.695750
vn -0.078889 0.590251 -0.803356
vn 0.067370 0.863304 -0.500168
vn 0.172809 0.924157 -0.340692
vn 0.202538 0.757414 -0.620727
vn 0.151567 0.702110 -0.695750
vn -0.628919 0.771836 -0.093436
vn -0.385048 0.900880 -0.200386
vn -0.461334 0.836150 -0.296688
vn -0.663358 0.735338 -0.138687
vn -0.385048 0.900880 -0.200386
vn -0.068125 0.934300 -0.349919
vn -0.095997 0.859088 -0.502744
vn -0.461334 0.836150 -0.296688
vn -0.068125 0.934300 -0.349919
vn 0.169147 0.868024 -0.466824
vn 0.107884 0.801968 -0.587545
vn -0.095997 0.859088 -0.502744
vn -0.663358 0.735338 -0.138687
vn -0.461334 0.836150 -0.296688
vn -0.524115 0.657792 -0.540937
vn -0.726028 0.583589 -0.363741
vn -0.461334 0.836150 -0.296688
vn -0.095997 0.859088 -0.502744
vn -0.183081 0.663079 -0.725815
vn -0.524115 0.657792 -0.540937
vn -0.095997 0.859088 -0.502744
vn 0.107884 0.801968 -0.587545
vn 0.013531 0.700951 -0.713081
vn -0.183081 0.663079 -0.725815
vn -0.726028 0.583589 -0.363741
vn -0.524115 0.657792 -0.540937
vn -0.547023 0.427751 -0.719579
vn -0.722033 0.391039 -0.570751
vn -0.524115 0.657792 -0.540937
vn -0.183081 0.663079 -0.725815
vn -0.298228 0.451423 -0.840998
vn -0.547023 0.427751 -0.719579
vn -0.183081 0.663079 -0.725815
vn 0.013531 0.700951 -0.713081
vn -0.200477 0.492596 -0.846852
vn -0.298228 0.451423 -0.840998
vn -0.052598 0.885704 0.461261
vn -0.150160 0.969302 0.194696
vn -0.250597 0.926553 0.280537
vn -0.100138 0.859386 0.501426
vn -0.150160 0.969302 0.194696
vn -0.295305 0.947158 -0.125242
vn -0.452445 0.887656 -0.085798
vn -0.250597 0.926553 0.280537
vn -0.295305 0.947158 -0.125242
vn -0.414239 0.841537 -0.346729
vn -0.539026 0.795857 -0.275794
vn -0.452445 0.887656 -0.085798
vn -0.100138 0.859386 0.501426
vn -0.250597 0.926553 0.280537
vn -0.505257 0.778196 0.372998
vn -0.334084 0.735969 0.588844
vn -0.250597 0.926553 0.280537
vn -0.452445 0.887656 -0.085798
vn -0.687160 0.725693 0.034372
vn -0.505257 0.778196 0.372998
vn -0.452445 0.887656 -0.085798
vn -0.539026 0.795857 -0.275794
vn -0.670885 0.722840 -0.165578
vn -0.687160 0.725693 0.034372
vn -0.334084 0.735969 0.588844
vn -0.505257 0.778196 0.372998
vn -0.697163 0.567667 0.437857
vn -0.551937 0.558338 0.619374
vn -0.505257 0.778196 0.372998
vn -0.687160 0.725693 0.034372
vn -0.815278 0.548000 0.187131
vn -0.697163 0.567667 0.437857
vn -0.687160 0.725693 0.034372
vn -0.670885 0.722840 -0.165578
vn -0.818049 0.569120 0.083059
vn -0.815278 0.548000 0.187131
vn 0.128605 0.485579 -0.864681
vn 0.145581 0.717282 -0.681406
vn 0.267669 0.655807 -0.705883
vn 0.186591 0.451758 -0.872410
vn 0.145581 0.717282 -0.681406
vn 0.199425 0.900752 -0.385843
vn 0.364306 0.861861 -0.352811
vn 0.267669 0.655807 -0.705883
vn 0.199425 0.900752 -0.385843
vn 0.259237 0.957568 -0.125936
vn 0.400837 0.906568 -0.132156
vn 0.364306 0.861861 -0.352811
vn 0.186591 0.451758 -0.872410
vn 0.267669 0.655807 -0.705883
vn 0.545380 0.534892 -0.645330
vn 0.441700 0.349867 -0.826132
vn 0.267669 0.655807 -0.705883
vn 0.364306 0.861861 -0.352811
vn 0.631093 0.710901 -0.310388
vn 0.545380 0.534892 -0.645330
vn 0.364306 0.861861 -0.352811
vn 0.400837 0.906568 -0.132156
vn 0.561346 0.813384 -0.152635
vn 0.631093 0.710901 -0.310388
vn 0.441700 0.349867 -0.826132
vn 0.545380 0.534892 -0.645330
vn 0.758601 0.365627 -0.539297
vn 0.668791 0.231190 -0.706590
vn 0.545380 0.534892 -0.645330
vn 0.631093 0.710901 -0.310388
vn 0.805120 0.508379 -0.305504
vn 0.758601 0.365627 -0.539297
vn 0.631093 0.710901 -0.310388
vn 0.561346 0.813384 -0.152635
vn 0.778418 0.582433 -0.234176
vn 0.805120 0.508379 -0.305504
vn -0.730457 0.678247 -0.080092
vn -0.510797 0.836094 -0.200083
vn -0.581565 0.759402 -0.291701
vn -0.761498 0.636372 -0.123092
vn -0.510797 0.836094 -0.200083
vn -0.207685 0.907935 -0.364034
vn -0.231436 0.825951 -0.514046
vn -0.581565 0.759402 -0.291701
vn -0.207685 0.907935 -0.364034
vn 0.031339 0.871151 -0.490014
vn -0.025382 0.794556 -0.606660
vn -0.231436 0.825951 -0.514046
vn -0.761498 0.636372 -0.123092
vn -0.581565 0.759402 -0.291701
vn -0.629745 0.568320 -0.529560
vn -0.812361 0.472137 -0.342281
vn -0.581565 0.759402 -0.291701
vn -0.231436 0.825951 -0.514046
vn -0.300428 0.614649 -0.729349
vn -0.629745 0.568320 -0.529560
vn -0.231436 0.825951 -0.514046
vn -0.025382 0.794556 -0.606660
vn -0.110352 0.678782 -0.726001
vn -0.300428 0.614649 -0.729349
vn -0.812361 0.472137 -0.342281
vn -0.629745 0.568320 -0.529560
vn -0.628789 0.332976 -0.702675
vn -0.790987 0.276839 -0.545619
vn -0.629745 0.568320 -0.529560
vn -0.300428 0.614649 -0.729349
vn -0.390657 0.386734 -0.835359
vn -0.628789 0.332976 -0.702675
vn -0.300428 0.614649 -0.729349
vn -0.110352 0.678782 -0.726001
vn -0.299667 0.440456 -0.846285
vn -0.390657 0.386734 -0.835359
vn -0.462754 0.790009 0.402174
vn -0.474641 0.872212 0.118158
vn -0.583412 0.796378 0.159411
vn -0.512374 0.748319 0.421299
vn -0.474641 0.872212 0.118158
vn -0.479703 0.845972 -0.232845
vn -0.617076 0.744088 -0.256027
vn -0.583412 0.796378 0.159411
vn -0.479703 0.845972 -0.232845
vn -0.474446 0.736305 -0.482448
vn -0.598531 0.652867 -0.464247
vn -0.617076 0.744088 -0.256027
vn -0.512374 0.748319 0.421299
vn -0.583412 0.796378 0.159411
vn -0.802071 0.578481 0.148467
vn -0.717741 0.560256 0.413475
vn -0.583412 0.796378 0.159411
vn -0.617076 0.744088 -0.256027
vn -0.824431 0.515464 -0.233686
vn -0.802071 0.578481 0.148467
vn -0.617076 0.744088 -0.256027
vn -0.598531 0.652867 -0.464247
vn -0.735717 0.537333 -0.412304
vn -0.824431 0.515464 -0.233686
vn -0.717741 0.560256 0.413475
vn -0.802071 0.578481 0.148467
vn -0.937591 0.319943 0.136231
vn -0.872829 0.330094 0.359455
vn -0.802071 0.578481 0.148467
vn -0.824431 0.515464 -0.233686
vn -0.944791 0.296025 -0.140497
vn -0.937591 0.319943 0.136231
vn -0.824431 0.515464 -0.233686
vn -0.735717 0.537333 -0.412304
vn -0.914883 0.326208 -0.237859
vn -0.944791 0.296025 -0.140497
vn 0.066991 0.883711 -0.463214
vn -0.183781 0.931600 -0.313601
vn -0.069030 0.967309 -0.244026
vn 0.123332 0.895422 -0.427795
vn -0.183781 0.931600 -0.313601
vn -0.429746 0.900702 -0.063673
vn -0.337755 0.938037 0.077511
vn -0.069030 0.967309 -0.244026
vn -0.429746 0.900702 -0.063673
vn -0.559929 0.813076 0.159333
vn -0.452187 0.854342 0.256178
vn -0.337755 0.938037 0.077511
vn 0.123332 0.895422 -0.427795
vn -0.069030 0.967309 -0.244026
vn 0.126330 0.991970 -0.006041
vn 0.299846 0.929449 -0.214982
vn -0.069030 0.967309 -0.244026
vn -0.337755 0.938037 0.077511
vn -0.116411 0.948843 0.293507
vn 0.126330 0.991970 -0.006041
vn -0.337755 0.938037 0.077511
vn -0.452187 0.854342 0.256178
vn -0.296969 0.886498 0.354866
vn -0.116411 0.948843 0.293507
vn 0.299846 0.929449 -0.214982
vn 0.126330 0.991970 -0.006041
vn 0.308862 0.927032 0.212642
vn 0.444010 0.895648 0.025890
vn 0.126330 0.991970 -0.006041
vn -0.116411 0.948843 0.293507
vn 0.117951 0.903021 0.413086
vn 0.308862 0.927032 0.212642
vn -0.116411 0.948843 0.293507
vn -0.296969 0.886498 0.354866
vn 0.017260 0.894892 0.445949
vn 0.117951 0.903021 0.413086
vn -0.035351 0.820792 -0.570133
vn -0.253375 0.888767 -0.381960
vn -0.127905 0.931490 -0.340540
vn 0.026574 0.836141 -0.547871
vn -0.253375 0.888767 -0.381960
vn -0.446339 0.890571 -0.087547
vn -0.329480 0.943753 0.027799
vn -0.127905 0.931490 -0.340540
vn -0.446339 0.890571 -0.087547
vn -0.530074 0.831704 0.165198
vn -0.406324 0.883295 0.233861
vn -0.329480 0.943753 0.027799
vn 0.026574 0.836141 -0.547871
vn -0.127905 0.931490 -0.340540
vn 0.109147 0.982756 -0.149259
vn 0.240172 0.893853 -0.378609
vn -0.127905 0.931490 -0.340540
vn -0.329480 0.943753 0.027799
vn -0.070961 0.978366 0.194332
vn 0.109147 0.982756 -0.149259
vn -0.329480 0.943753 0.027799
vn -0.406324 0.883295 0.233861
vn -0.235506 0.925609 0.296286
vn -0.070961 0.978366 0.194332
vn 0.240172 0.893853 -0.378609
vn 0.109147 0.982756 -0.149259
vn 0.331140 0.942878 0.036445
vn 0.428344 0.887926 -0.167657
vn 0.109147 0.982756 -0.149259
vn -0.070961 0.978366 0.194332
vn 0.182606 0.945027 0.271254
vn 0.331140 0.942878 0.036445
vn -0.070961 0.978366 0.194332
vn -0.235506 0.925609 0.296286
vn 0.090217 0.941886 0.323592
vn 0.182606 0.945027 0.271254
vn -0.462754 0.790008 0.402175
vn -0.474642 0.872212 0.118159
vn -0.583413 0.796378 0.159412
vn -0.512374 0.748318 0.421299
vn -0.474642 0.872212 0.118159
vn -0.479703 0.845972 -0.232845
vn -0.617077 0.744088 -0.256027
vn -0.583413 0.796378 0.159412
vn -0.479703 0.845972 -0.232845
vn -0.474446 0.736304 -0.482449
vn -0.598531 0.652866 -0.464248
vn -0.617077 0.744088 -0.256027
vn -0.512374 0.748318 0.421299
vn -0.583413 0.796378 0.159412
vn -0.802071 0.578481 0.148468
vn -0.717740 0.560256 0.413476
vn -0.583413 0.796378 0.159412
vn -0.617077 0.744088 -0.256027
vn -0.824432 0.515464 -0.233686
vn -0.802071 0.578481 0.148468
vn -0.617077 0.744088 -0.256027
vn -0.598531 0.652866 -0.464248
vn -0.735717 0.537333 -0.412304
vn -0.824432 0.515464 -0.233686
vn -0.717740 0.560256 0.413476
vn -0.802071 0.578481 0.148468
vn -0.937591 0.319943 0.136231
vn -0.872828 0.330095 0.359456
vn -0.802071 0.578481 0.148468
vn -0.824432 0.515464 -0.233686
vn -0.944791 0.296025 -0.140496
vn -0.937591 0.319943 0.136231
vn -0.824432 0.515464 -0.233686
vn -0.735717 0.537333 -0.412304
vn -0.914884 0.326208 -0.237858
vn -0.944791 0.296025 -0.140496
vn -0.730457 0.678246 -0.080092
vn -0.510797 0.836094 -0.200083
vn -0.581565 0.759402 -0.291701
vn -0.761498 0.636372 -0.123091
vn -0.510797 0.836094 -0.200083
vn -0.207685 0.907935 -0.364034
vn -0.231436 0.825951 -0.514046
vn -0.581565 0.759402 -0.291701
vn -0.207685 0.907935 -0.364034
vn 0.031339 0.871151 -0.490015
vn -0.025381 0.794556 -0.606660
vn -0.231436 0.825951 -0.514046
vn -0.761498 0.636372 -0.123091
vn -0.581565 0.759402 -0.291701
vn -0.629745 0.568320 -0.529559
vn -0.812361 0.472137 -0.342281
vn -0.581565 0.759402 -0.291701
vn -0.231436 0.825951 -0.514046
vn -0.300427 0.614649 -0.729349
vn -0.629745 0.568320 -0.529559
vn -0.231436 0.825951 -0.514046
vn -0.025381 0.794556 -0.606660
vn -0.110352 0.678781 -0.726002
vn -0.300427 0.614649 -0.729349
vn -0.812361 0.472137 -0.342281
vn -0.629745 0.568320 -0.529559
vn -0.628788 0.332976 -0.702675
vn -0.790987 0.276838 -0.545619
vn -0.629745 0.568320 -0.529559
vn -0.300427 0.614649 -0.729349
vn -0.390657 0.386734 -0.835359
vn -0.628788 0.332976 -0.702675
vn -0.300427 0.614649 -0.729349
vn -0.110352 0.678781 -0.726002
vn -0.299666 0.440457 -0.846284
vn -0.390657 0.386734 -0.835359
vn -0.052599 0.885704 0.461261
vn -0.150161 0.969302 0.194695
vn -0.250597 0.926553 0.280537
vn -0.100139 0.859386 0.501426
vn -0.150161 0.969302 0.194695
vn -0.295306 0.947158 -0.125243
vn -0.452445 0.887656 -0.085798
vn -0.250597 0.926553 0.280537
vn -0.295306 0.947158 -0.125243
vn -0.414239 0.841537 -0.346729
vn -0.539026 0.795857 -0.275794
vn -0.452445 0.887656 -0.085798
vn -0.100139 0.859386 0.501426
vn -0.250597 0.926553 0.280537
vn -0.505256 0.778196 0.372998
vn -0.334084 0.735969 0.588844
vn -0.250597 0.926553 0.280537
vn -0.452445 0.887656 -0.085798
vn -0.687159 0.725693 0.034372
vn -0.505256 0.778196 0.372998
vn -0.452445 0.887656 -0.085798
vn -0.539026 0.795857 -0.275794
vn -0.670885 0.722839 -0.165578
vn -0.687159 0.725693 0.034372
vn -0.334084 0.735969 0.588844
vn -0.505256 0.778196 0.372998
vn -0.697162 0.567667 0.437857
vn -0.551937 0.558338 0.619375
vn -0.505256 0.778196 0.372998
vn -0.687159 0.725693 0.034372
vn -0.815278 0.548000 0.187131
vn -0.697162 0.567667 0.437857
vn -0.687159 0.725693 0.034372
vn -0.670885 0.722839 -0.165578
vn -0.818049 0.569120 0.083058
vn -0.815278 0.548000 0.187131
vn -0.626265 0.717752 -0.304344
vn -0.438262 0.877014 -0.196908
vn -0.399666 0.853214 -0.335102
vn -0.601493 0.706344 -0.373208
vn -0.438262 0.877014 -0.196908
vn -0.176025 0.977018 -0.120210
vn -0.098444 0.963555 -0.248737
vn -0.399666 0.853214 -0.335102
vn -0.176025 0.977018 -0.120210
vn 0.011875 0.996187 -0.086437
vn 0.077252 0.978290 -0.192303
vn -0.098444 0.963555 -0.248737
vn -0.601493 0.706344 -0.373208
vn -0.399666 0.853214 -0.335102
vn -0.215300 0.793435 -0.569304
vn -0.404190 0.668680 -0.624098
vn -0.399666 0.853214 -0.335102
vn -0.098444 0.963555 -0.248737
vn 0.077462 0.877270 -0.473706
vn -0.215300 0.793435 -0.569304
vn -0.098444 0.963555 -0.248737
vn 0.077252 0.978290 -0.192303
vn 0.158236 0.927251 -0.339363
vn 0.077462 0.877270 -0.473706
vn -0.404190 0.668680 -0.624098
vn -0.215300 0.793435 -0.569304
vn -0.005225 0.661990 -0.749495
vn -0.180923 0.580945 -0.793580
vn -0.215300 0.793435 -0.569304
vn 0.077462 0.877270 -0.473706
vn 0.198975 0.731325 -0.652360
vn -0.005225 0.661990 -0.749495
vn 0.077462 0.877270 -0.473706
vn 0.158236 0.927251 -0.339363
vn 0.232077 0.773503 -0.589774
vn 0.198975 0.731325 -0.652360
vn -0.693529 0.720363 -0.009709
vn -0.457674 0.875029 -0.157667
vn -0.538344 0.812769 -0.222692
vn -0.722911 0.689727 -0.040944
vn -0.457674 0.875029 -0.157667
vn -0.163821 0.927093 -0.337137
vn -0.182647 0.869484 -0.458952
vn -0.538344 0.812769 -0.222692
vn -0.163821 0.927093 -0.337137
vn 0.055975 0.885143 -0.461940
vn 0.027127 0.837677 -0.545492
vn -0.182647 0.869484 -0.458952
vn -0.722911 0.689727 -0.040944
vn -0.538344 0.812769 -0.222692
vn -0.589508 0.672083 -0.448090
vn -0.786446 0.572793 -0.231107
vn -0.538344 0.812769 -0.222692
vn -0.182647 0.869484 -0.458952
vn -0.231076 0.716604 -0.658090
vn -0.589508 0.672083 -0.448090
vn -0.182647 0.869484 -0.458952
vn 0.027127 0.837677 -0.545492
vn -0.033834 0.748343 -0.662448
vn -0.231076 0.716604 -0.658090
vn -0.786446 0.572793 -0.231107
vn -0.589508 0.672083 -0.448090
vn -0.605534 0.468972 -0.642957
vn -0.795197 0.399638 -0.456016
vn -0.589508 0.672083 -0.448090
vn -0.231076 0.716604 -0.658090
vn -0.314753 0.513718 -0.798138
vn -0.605534 0.468972 -0.642957
vn -0.231076 0.716604 -0.658090
vn -0.033834 0.748343 -0.662448
vn -0.208724 0.558566 -0.802769
vn -0.314753 0.513718 -0.798138
vn 0.538591 0.832685 0.128667
vn 0.230935 0.966744 0.109886
vn 0.266020 0.930647 0.251255
vn 0.549626 0.812120 0.195889
vn 0.230935 0.966744 0.109886
vn -0.116921 0.983961 0.134722
vn -0.137106 0.950745 0.278004
vn 0.266020 0.930647 0.251255
vn -0.116921 0.983961 0.134722
vn -0.317762 0.934169 0.162346
vn -0.340215 0.900899 0.269510
vn -0.137106 0.950745 0.278004
vn 0.549626 0.812120 0.195889
vn 0.266020 0.930647 0.251255
vn 0.191826 0.813413 0.549147
vn 0.482814 0.718296 0.500941
vn 0.266020 0.930647 0.251255
vn -0.137106 0.950745 0.278004
vn -0.210447 0.811292 0.545451
vn 0.191826 0.813413 0.549147
vn -0.137106 0.950745 0.278004
vn -0.340215 0.900899 0.269510
vn -0.356439 0.826999 0.434769
vn -0.210447 0.811292 0.545451
vn 0.482814 0.718296 0.500941
vn 0.191826 0.813413 0.549147
vn 0.072399 0.598233 0.798045
vn 0.341587 0.543351 0.766869
vn 0.191826 0.813413 0.549147
vn -0.210447 0.811292 0.545451
vn -0.218805 0.616131 0.756642
vn 0.072399 0.598233 0.798045
vn -0.210447 0.811292 0.545451
vn -0.356439 0.826999 0.434769
vn -0.293499 0.651210 0.699846
vn -0.218805 0.616131 0.756642
vn -0.502293 0.784841 0.362941
vn -0.482301 0.861665 0.157856
vn -0.566664 0.805584 0.172993
vn -0.540358 0.749146 0.383137
vn -0.482301 0.861665 0.157856
vn -0.444629 0.883530 -0.147240
vn -0.579865 0.792669 -0.188237
vn -0.566664 0.805584 0.172993
vn -0.444629 0.883530 -0.147240
vn -0.418951 0.811962 -0.406446
vn -0.563975 0.736284 -0.373922
vn -0.579865 0.792669 -0.188237
vn -0.540358 0.749146 0.383137
vn -0.566664 0.805584 0.172993
vn -0.781223 0.595885 0.186042
vn -0.696930 0.587617 0.411090
vn -0.566664 0.805584 0.172993
vn -0.579865 0.792669 -0.188237
vn -0.795389 0.589864 -0.139344
vn -0.781223 0.595885 0.186042
vn -0.579865 0.792669 -0.188237
vn -0.563975 0.736284 -0.373922
vn -0.708048 0.635244 -0.308436
vn -0.795389 0.589864 -0.139344
vn -0.696930 0.587617 0.411090
vn -0.781223 0.595885 0.186042
vn -0.911081 0.358384 0.203694
vn -0.849885 0.344025 0.399176
vn -0.781223 0.595885 0.186042
vn -0.795389 0.589864 -0.139344
vn -0.928398 0.370892 -0.022733
vn -0.911081 0.358384 0.203694
vn -0.795389 0.589864 -0.139344
vn -0.708048 0.635244 -0.308436
vn -0.903843 0.412071 -0.115178
vn -0.928398 0.370892 -0.022733
vn -0.626265 0.717752 -0.304344
vn -0.438262 0.877014 -0.196908
vn -0.399666 0.853214 -0.335102
vn -0.601493 0.706344 -0.373208
vn -0.438262 0.877014 -0.196908
vn -0.176025 0.977018 -0.120210
vn -0.098444 0.963555 -0.248737
vn -0.399666 0.853214 -0.335102
vn -0.176025 0.977018 -0.120210
vn 0.011875 0.996187 -0.086437
vn 0.077252 0.978290 -0.192303
vn -0.098444 0.963555 -0.248737
vn -0.601493 0.706344 -0.373208
vn -0.399666 0.853214 -0.335102
vn -0.215300 0.793435 -0.569304
vn -0.404190 0.668680 -0.624098
vn -0.399666 0.853214 -0.335102
vn -0.098444 0.963555 -0.248737
vn 0.077462 0.877270 -0.473706
vn -0.215300 0.793435 -0.569304
vn -0.098444 0.963555 -0.248737
vn 0.077252 0.978290 -0.192303
vn 0.158236 0.927251 -0.339363
vn 0.077462 0.877270 -0.473706
vn -0.404190 0.668680 -0.624098
vn -0.215300 0.793435 -0.569304
vn -0.005225 0.661990 -0.749495
vn -0.180923 0.580945 -0.793580
vn -0.215300 0.793435 -0.569304
vn 0.077462 0.877270 -0.473706
vn 0.198975 0.731325 -0.652360
vn -0.005225 0.661990 -0.749495
vn 0.077462 0.877270 -0.473706
vn 0.158236 0.927251 -0.339363
vn 0.232077 0.773503 -0.589774
vn 0.198975 0.731325 -0.652360
vn -0.502293 0.784841 0.362941
vn -0.482301 0.861665 0.157856
vn -0.566664 0.805584 0.172993
vn -0.540358 0.749146 0.383137
vn -0.482301 0.861665 0.157856
vn -0.444629 0.883530 -0.147240
vn -0.579865 0.792669 -0.188237
vn -0.566664 0.805584 0.172993
vn -0.444629 0.883530 -0.147240
vn -0.418951 0.811962 -0.406446
vn -0.563975 0.736284 -0.373922
vn -0.579865 0.792669 -0.188237
vn -0.540358 0.749146 0.383137
vn -0.566664 0.805584 0.172993
vn -0.781223 0.595885 0.186042
vn -0.696930 0.587617 0.411090
vn -0.566664 0.805584 0.172993
vn -0.579865 0.792669 -0.188237
vn -0.795389 0.589864 -0.139344
vn -0.781223 0.595885 0.186042
vn -0.579865 0.792669 -0.188237
vn -0.563975 0.736284 -0.373922
vn -0.708048 0.635244 -0.308436
vn -0.795389 0.589864 -0.139344
vn -0.696930 0.587617 0.411090
vn -0.781223 0.595885 0.186042
vn -0.911081 0.358384 0.203694
vn -0.849885 0.344025 0.399176
vn -0.781223 0.595885 0.186042
vn -0.795389 0.589864 -0.139344
vn -0.928398 0.370892 -0.022733
vn -0.911081 0.358384 0.203694
vn -0.795389 0.589864 -0.139344
vn -0.708048 0.635244 -0.308436
vn -0.903843 0.412071 -0.115178
vn -0.928398 0.370892 -0.022733
vn -0.670275 0.627689 -0.395901
vn -0.495443 0.827269 -0.264882
vn -0.457976 0.796395 -0.394985
vn -0.649250 0.607959 -0.457013
vn -0.495443 0.827269 -0.264882
vn -0.206471 0.970576 -0.123901
vn -0.097139 0.961479 -0.257141
vn -0.457976 0.796395 -0.394985
vn -0.206471 0.970576 -0.123901
vn 0.050468 0.998047 -0.036809
vn 0.113801 0.978489 -0.172074
vn -0.097139 0.961479 -0.257141
vn -0.649250 0.607959 -0.457013
vn -0.457976 0.796395 -0.394985
vn -0.271349 0.726734 -0.631053
vn -0.485621 0.554275 -0.675982
vn -0.457976 0.796395 -0.394985
vn -0.097139 0.961479 -0.257141
vn 0.067370 0.863304 -0.500168
vn -0.271349 0.726734 -0.631053
vn -0.097139 0.961479 -0.257141
vn 0.113801 0.978489 -0.172074
vn 0.172808 0.924157 -0.340692
vn 0.067370 0.863304 -0.500168
vn -0.485621 0.554275 -0.675982
vn -0.271349 0.726734 -0.631053
vn -0.078889 0.590251 -0.803356
vn -0.272924 0.467478 -0.840819
vn -0.271349 0.726734 -0.631053
vn 0.067370 0.863304 -0.500168
vn 0.151567 0.702111 -0.695750
vn -0.078889 0.590251 -0.803356
vn 0.067370 0.863304 -0.500168
vn 0.172808 0.924157 -0.340692
vn 0.202537 0.757415 -0.620727
vn 0.151567 0.702111 -0.695750
vn -0.628919 0.771836 -0.093435
vn -0.385048 0.900880 -0.200385
vn -0.461334 0.836150 -0.296688
vn -0.663358 0.735338 -0.138687
vn -0.385048 0.900880 -0.200385
vn -0.068125 0.934300 -0.349919
vn -0.095997 0.859088 -0.502744
vn -0.461334 0.836150 -0.296688
vn -0.068125 0.934300 -0.349919
vn 0.169147 0.868024 -0.466823
vn 0.107884 0.801968 -0.587545
vn -0.095997 0.859088 -0.502744
vn -0.663358 0.735338 -0.138687
vn -0.461334 0.836150 -0.296688
vn -0.524115 0.657792 -0.540937
vn -0.726028 0.583589 -0.363741
vn -0.461334 0.836150 -0.296688
vn -0.095997 0.859088 -0.502744
vn -0.183081 0.663079 -0.725815
vn -0.524115 0.657792 -0.540937
vn -0.095997 0.859088 -0.502744
vn 0.107884 0.801968 -0.587545
vn 0.013531 0.700951 -0.713081
vn -0.183081 0.663079 -0.725815
vn -0.726028 0.583589 -0.363741
vn -0.524115 0.657792 -0.540937
vn -0.547023 0.427751 -0.719579
vn -0.722034 0.391039 -0.570751
vn -0.524115 0.657792 -0.540937
vn -0.183081 0.663079 -0.725815
vn -0.298228 0.451423 -0.840998
vn -0.547023 0.427751 -0.719579
vn -0.183081 0.663079 -0.725815
vn 0.013531 0.700951 -0.713081
vn -0.200477 0.492596 -0.846852
vn -0.298228 0.451423 -0.840998
vn -0.052599 0.885704 0.461261
vn -0.150161 0.969302 0.194695
vn -0.250597 0.926553 0.280536
vn -0.100139 0.859386 0.501426
vn -0.150161 0.969302 0.194695
vn -0.295305 0.947158 -0.125243
vn -0.452445 0.887656 -0.085798
vn -0.250597 0.926553 0.280536
vn -0.295305 0.947158 -0.125243
vn -0.414239 0.841537 -0.346729
vn -0.539026 0.795857 -0.275794
vn -0.452445 0.887656 -0.085798
vn -0.100139 0.859386 0.501426
vn -0.250597 0.926553 0.280536
vn -0.505257 0.778196 0.372998
vn -0.334084 0.735969 0.588844
vn -0.250597 0.926553 0.280536
vn -0.452445 0.887656 -0.085798
vn -0.687159 0.725693 0.034372
vn -0.505257 0.778196 0.372998
vn -0.452445 0.887656 -0.085798
vn -0.539026 0.795857 -0.275794
vn -0.670885 0.722840 -0.165578
vn -0.687159 0.725693 0.034372
vn -0.334084 0.735969 0.588844
vn -0.505257 0.778196 0.372998
vn -0.697162 0.567667 0.437857
vn -0.551937 0.558338 0.619374
vn -0.505257 0.778196 0.372998
vn -0.687159 0.725693 0.034372
vn -0.815278 0.548000 0.187130
vn -0.697162 0.567667 0.437857
vn -0.687159 0.725693 0.034372
vn -0.670885 0.722840 -0.165578
vn -0.818048 0.569121 0.083058
vn -0.815278 0.548000 0.187130
vn 0.128606 0.485579 -0.864681
vn 0.145582 0.717281 -0.681406
vn 0.267669 0.655807 -0.705883
vn 0.186591 0.451757 -0.872410
vn 0.145582 0.717281 -0.681406
vn 0.199426 0.900752 -0.385844
vn 0.364306 0.861861 -0.352812
vn 0.267669 0.655807 -0.705883
vn 0.199426 0.900752 -0.385844
vn 0.259238 0.957568 -0.125937
vn 0.400837 0.906567 -0.132157
vn 0.364306 0.861861 -0.352812
vn 0.186591 0.451757 -0.872410
vn 0.267669 0.655807 -0.705883
vn 0.545380 0.534892 -0.645330
vn 0.441700 0.349867 -0.826132
vn 0.267669 0.655807 -0.705883
vn 0.364306 0.861861 -0.352812
vn 0.631093 0.710902 -0.310388
vn 0.545380 0.534892 -0.645330
vn 0.364306 0.861861 -0.352812
vn 0.400837 0.906567 -0.132157
vn 0.561347 0.813383 -0.152636
vn 0.631093 0.710902 -0.310388
vn 0.441700 0.349867 -0.826132
vn 0.545380 0.534892 -0.645330
vn 0.758601 0.365627 -0.539297
vn 0.668791 0.231190 -0.706590
vn 0.545380 0.534892 -0.645330
vn 0.631093 0.710902 -0.310388
vn 0.805120 0.508380 -0.305503
vn 0.758601 0.365627 -0.539297
vn 0.631093 0.710902 -0.310388
vn 0.561347 0.813383 -0.152636
vn 0.778417 0.582433 -0.234175
vn 0.805120 0.508380 -0.305503
vn -0.730457 0.678246 -0.080092
vn -0.510797 0.836094 -0.200083
vn -0.581565 0.759403 -0.291701
vn -0.761498 0.636372 -0.123092
vn -0.510797 0.836094 -0.200083
vn -0.207685 0.907935 -0.364034
vn -0.231436 0.825951 -0.514046
vn -0.581565 0.759403 -0.291701
vn -0.207685 0.907935 -0.364034
vn 0.031339 0.871151 -0.490014
vn -0.025382 0.794556 -0.606660
vn -0.231436 0.825951 -0.514046
vn -0.761498 0.636372 -0.123092
vn -0.581565 0.759403 -0.291701
vn -0.629745 0.568320 -0.529560
vn -0.812361 0.472137 -0.342281
vn -0.581565 0.759403 -0.291701
vn -0.231436 0.825951 -0.514046
vn -0.300428 0.614649 -0.729349
vn -0.629745 0.568320 -0.529560
vn -0.231436 0.825951 -0.514046
vn -0.025382 0.794556 -0.606660
vn -0.110352 0.678781 -0.726002
vn -0.300428 0.614649 -0.729349
vn -0.812361 0.472137 -0.342281
vn -0.629745 0.568320 -0.529560
vn -0.628789 0.332975 -0.702675
vn -0.790987 0.276839 -0.545619
vn -0.629745 0.568320 -0.529560
vn -0.300428 0.614649 -0.729349
vn -0.390657 0.386734 -0.835359
vn -0.628789 0.332975 -0.702675
vn -0.300428 0.614649 -0.729349
vn -0.110352 0.678781 -0.726002
vn -0.299666 0.440456 -0.846285
vn -0.390657 0.386734 -0.835359
vn 0.586108 0.766811 0.261684
vn 0.333555 0.916032 0.222772
vn 0.351102 0.867742 0.351784
vn 0.592539 0.738151 0.322537
vn 0.333555 0.916032 0.222772
vn -0.012006 0.979520 0.200990
vn -0.064064 0.931387 0.358350
vn 0.351102 0.867742 0.351784
vn -0.012006 0.979520 0.200990
vn -0.281507 0.937988 0.202316
vn -0.288516 0.892831 0.345849
vn -0.064064 0.931387 0.358350
vn 0.592539 0.738151 0.322537
vn 0.351102 0.867742 0.351784
vn 0.278607 0.733264 0.620243
vn 0.531186 0.626571 0.570307
vn 0.351102 0.867742 0.351784
vn -0.064064 0.931387 0.358350
vn -0.107041 0.775505 0.622202
vn 0.278607 0.733264 0.620243
vn -0.064064 0.931387 0.358350
vn -0.288516 0.892831 0.345849
vn -0.271702 0.813573 0.514079
vn -0.107041 0.775505 0.622202
vn 0.531186 0.626571 0.570307
vn 0.278607 0.733264 0.620243
vn 0.195915 0.537168 0.820407
vn 0.415250 0.472699 0.777254
vn 0.278607 0.733264 0.620243
vn -0.107041 0.775505 0.622202
vn -0.077439 0.585178 0.807199
vn 0.195915 0.537168 0.820407
vn -0.107041 0.775505 0.622202
vn -0.271702 0.813573 0.514079
vn -0.162774 0.628213 0.760824
vn -0.077439 0.585178 0.807199
vn -0.462754 0.790009 0.402175
vn -0.474641 0.872212 0.118158
vn -0.583412 0.796378 0.159411
vn -0.512374 0.748318 0.421299
vn -0.474641 0.872212 0.118158
vn -0.479703 0.845972 -0.232845
vn -0.617076 0.744088 -0.256027
vn -0.583412 0.796378 0.159411
vn -0.479703 0.845972 -0.232845
vn -0.474446 0.736305 -0.482448
vn -0.598531 0.652867 -0.464248
vn -0.617076 0.744088 -0.256027
vn -0.512374 0.748318 0.421299
vn -0.583412 0.796378 0.159411
vn -0.802071 0.578481 0.148467
vn -0.717741 0.560256 0.413476
vn -0.583412 0.796378 0.159411
vn -0.617076 0.744088 -0.256027
vn -0.824431 0.515465 -0.233687
vn -0.802071 0.578481 0.148467
vn -0.617076 0.744088 -0.256027
vn -0.598531 0.652867 -0.464248
vn -0.735716 0.537333 -0.412304
vn -0.824431 0.515465 -0.233687
vn -0.717741 0.560256 0.413476
vn -0.802071 0.578481 0.148467
vn -0.937591 0.319943 0.136231
vn -0.872829 0.330094 0.359455
vn -0.802071 0.578481 0.148467
vn -0.824431 0.515465 -0.233687
vn -0.944791 0.296025 -0.140497
vn -0.937591 0.319943 0.136231
vn -0.824431 0.515465 -0.233687
vn -0.735716 0.537333 -0.412304
vn -0.914884 0.326207 -0.237859
vn -0.944791 0.296025 -0.140497
vn -0.550979 0.545539 -0.631513
vn -0.329589 0.751702 -0.571240
vn -0.285951 0.662187 -0.692633
vn -0.523987 0.498357 -0.690708
vn -0.329589 0.751702 -0.571240
vn -0.044085 0.863572 -0.502295
vn 0.040869 0.788857 -0.613217
vn -0.285951 0.662187 -0.692633
vn -0.044085 0.863572 -0.502295
vn 0.140988 0.878779 -0.455928
vn 0.213363 0.812376 -0.542698
vn 0.040869 0.788857 -0.613217
vn -0.523987 0.498357 -0.690708
vn -0.285951 0.662187 -0.692633
vn -0.079275 0.472710 -0.877645
vn -0.308137 0.324640 -0.894237
vn -0.285951 0.662187 -0.692633
vn 0.040869 0.788857 -0.613217
vn 0.233658 0.591361 -0.771814
vn -0.079275 0.472710 -0.877645
vn 0.040869 0.788857 -0.613217
vn 0.213363 0.812376 -0.542698
vn 0.298709 0.696637 -0.652281
vn 0.233658 0.591361 -0.771814
vn -0.308137 0.324640 -0.894237
vn -0.079275 0.472710 -0.877645
vn 0.155919 0.246049 -0.956634
vn -0.052251 0.128019 -0.990394
vn -0.079275 0.472710 -0.877645
vn 0.233658 0.591361 -0.771814
vn 0.346449 0.360024 -0.866231
vn 0.155919 0.246049 -0.956634
vn 0.233658 0.591361 -0.771814
vn 0.298709 0.696637 -0.652281
vn 0.376750 0.430271 -0.820321
vn 0.346449 0.360024 -0.866231
vn -0.626265 0.717752 -0.304344
vn -0.438262 0.877014 -0.196908
vn -0.399666 0.853214 -0.335102
vn -0.601493 0.706344 -0.373208
vn -0.438262 0.877014 -0.196908
vn -0.176025 0.977018 -0.120210
vn -0.098444 0.963555 -0.248737
vn -0.399666 0.853214 -0.335102
vn -0.176025 0.977018 -0.120210
vn 0.011875 0.996187 -0.086437
vn 0.077252 0.978290 -0.192303
vn -0.098444 0.963555 -0.248737
vn -0.601493 0.706344 -0.373208
vn -0.399666 0.853214 -0.335102
vn -0.215300 0.793435 -0.569304
vn -0.404190 0.668680 -0.624098
vn -0.399666 0.853214 -0.335102
vn -0.098444 0.963555 -0.248737
vn 0.077462 0.877270 -0.473706
vn -0.215300 0.793435 -0.569304
vn -0.098444 0.963555 -0.248737
vn 0.077252 0.978290 -0.192303
vn 0.158236 0.927251 -0.339363
vn 0.077462 0.877270 -0.473706
vn -0.404190 0.668680 -0.624098
vn -0.215300 0.793435 -0.569304
vn -0.005225 0.661990 -0.749495
vn -0.180923 0.580945 -0.793580
vn -0.215300 0.793435 -0.569304
vn 0.077462 0.877270 -0.473706
vn 0.198975 0.731325 -0.652360
vn -0.005225 0.661990 -0.749495
vn 0.077462 0.877270 -0.473706
vn 0.158236 0.927251 -0.339363
vn 0.232077 0.773503 -0.589774
vn 0.198975 0.731325 -0.652360
vn -0.148629 0.913455 0.378827
vn -0.196077 0.967055 0.162351
vn -0.294110 0.928177 0.228007
vn -0.195363 0.886434 0.419605
vn -0.196077 0.967055 0.162351
vn -0.280715 0.954304 -0.102484
vn -0.436581 0.897677 -0.059774
vn -0.294110 0.928177 0.228007
vn -0.280715 0.954304 -0.102484
vn -0.371135 0.882590 -0.288609
vn -0.507468 0.837538 -0.202500
vn -0.436581 0.897677 -0.059774
vn -0.195363 0.886434 0.419605
vn -0.294110 0.928177 0.228007
vn -0.540511 0.769568 0.340017
vn -0.400689 0.755311 0.518608
vn -0.294110 0.928177 0.228007
vn -0.436581 0.897677 -0.059774
vn -0.663258 0.744459 0.076610
vn -0.540511 0.769568 0.340017
vn -0.436581 0.897677 -0.059774
vn -0.507468 0.837538 -0.202500
vn -0.630473 0.770377 -0.094990
vn -0.663258 0.744459 0.076610
vn -0.400689 0.755311 0.518608
vn -0.540511 0.769568 0.340017
vn -0.713117 0.565703 0.414059
vn -0.605640 0.550682 0.574413
vn -0.540511 0.769568 0.340017
vn -0.663258 0.744459 0.076610
vn -0.787953 0.571139 0.230066
vn -0.713117 0.565703 0.414059
vn -0.663258 0.744459 0.076610
vn -0.630473 0.770377 -0.094990
vn -0.785633 0.600829 0.147600
vn -0.787953 0.571139 0.230066
vn 0.466555 0.392206 -0.792781
vn 0.557804 0.540056 -0.630234
vn 0.746070 0.376192 -0.549417
vn 0.682242 0.236351 -0.691870
vn 0.557804 0.540056 -0.630234
vn 0.599285 0.708283 -0.373086
vn 0.767418 0.507924 -0.391257
vn 0.746070 0.376192 -0.549417
vn -0.693529 0.720363 -0.009709
vn -0.457674 0.875029 -0.157667
vn -0.538344 0.812769 -0.222692
vn -0.722911 0.689727 -0.040944
vn -0.457674 0.875029 -0.157667
vn -0.163821 0.927093 -0.337137
vn -0.182647 0.869484 -0.458952
vn -0.538344 0.812769 -0.222692
vn -0.163821 0.927093 -0.337137
vn 0.055975 0.885143 -0.461940
vn 0.027127 0.837677 -0.545492
vn -0.182647 0.869484 -0.458952
vn -0.722911 0.689727 -0.040944
vn -0.538344 0.812769 -0.222692
vn -0.589508 0.672083 -0.448090
vn -0.786446 0.572793 -0.231107
vn -0.538344 0.812769 -0.222692
vn -0.182647 0.869484 -0.458952
vn -0.231076 0.716604 -0.658090
vn -0.589508 0.672083 -0.448090
vn -0.182647 0.869484 -0.458952
vn 0.027127 0.837677 -0.545492
vn -0.033834 0.748343 -0.662448
vn -0.231076 0.716604 -0.658090
vn -0.786446 0.572793 -0.231107
vn -0.589508 0.672083 -0.448090
vn -0.605534 0.468972 -0.642957
vn -0.795197 0.399638 -0.456016
vn -0.589508 0.672083 -0.448090
vn -0.231076 0.716604 -0.658090
vn -0.314753 0.513718 -0.798138
vn -0.605534 0.468972 -0.642957
vn -0.231076 0.716604 -0.658090
vn -0.033834 0.748343 -0.662448
vn -0.208724 0.558566 -0.802769
vn -0.314753 0.513718 -0.798138
vn 0.538591 0.832685 0.128667
vn 0.230935 0.966744 0.109886
vn 0.266020 0.930647 0.251255
vn 0.549626 0.812120 0.195889
vn 0.230935 0.966744 0.109886
vn -0.116921 0.983961 0.134722
vn -0.137106 0.950745 0.278004
vn 0.266020 0.930647 0.251255
vn -0.116921 0.983961 0.134722
vn -0.317762 0.934169 0.162346
vn -0.340215 0.900899 0.269510
vn -0.137106 0.950745 0.278004
vn 0.549626 0.812120 0.195889
vn 0.266020 0.930647 0.251255
vn 0.191826 0.813413 0.549147
vn 0.482814 0.718296 0.500941
vn 0.266020 0.930647 0.251255
vn -0.137106 0.950745 0.278004
vn -0.210447 0.811292 0.545451
vn 0.191826 0.813413 0.549147
vn -0.137106 0.950745 0.278004
vn -0.340215 0.900899 0.269510
vn -0.356439 0.826999 0.434769
vn -0.210447 0.811292 0.545451
vn 0.482814 0.718296 0.500941
vn 0.191826 0.813413 0.549147
vn 0.072399 0.598233 0.798045
vn 0.341587 0.543351 0.766869
vn 0.191826 0.813413 0.549147
vn -0.210447 0.811292 0.545451
vn -0.218805 0.616131 0.756642
vn 0.072399 0.598233 0.798045
vn -0.210447 0.811292 0.545451
vn -0.356439 0.826999 0.434769
vn -0.293499 0.651210 0.699846
vn -0.218805 0.616131 0.756642
vn 0.604160 -0.172228 -0.778028
vn 0.501463 0.092854 -0.860182
vn 0.615850 0.098666 -0.781661
vn 0.656304 -0.169920 -0.735114
vn 0.501463 0.092854 -0.860182
vn 0.362832 0.415378 -0.834155
vn 0.476562 0.491447 -0.728950
vn 0.615850 0.098666 -0.781661
vn 0.362832 0.415378 -0.834155
vn 0.254083 0.640301 -0.724884
vn 0.372915 0.673328 -0.638407
vn 0.476562 0.491447 -0.728950
vn 0.656304 -0.169920 -0.735114
vn 0.615850 0.098666 -0.781661
vn 0.806153 0.195523 -0.558470
vn 0.836415 -0.081042 -0.542073
vn 0.615850 0.098666 -0.781661
vn 0.476562 0.491447 -0.728950
vn 0.669823 0.553202 -0.495283
vn 0.806153 0.195523 -0.558470
vn 0.476562 0.491447 -0.728950
vn 0.372915 0.673328 -0.638407
vn 0.516696 0.680555 -0.519491
vn 0.669823 0.553202 -0.495283
vn 0.836415 -0.081042 -0.542073
vn 0.806153 0.195523 -0.558470
vn 0.919064 0.259410 -0.296695
vn 0.950865 0.029231 -0.308223
vn 0.806153 0.195523 -0.558470
vn 0.669823 0.553202 -0.495283
vn 0.812627 0.514958 -0.272867
vn 0.919064 0.259410 -0.296695
vn 0.669823 0.553202 -0.495283
vn 0.516696 0.680555 -0.519491
vn 0.746428 0.592040 -0.303865
vn 0.812627 0.514958 -0.272867
vn -0.856366 0.515605 0.028075
vn -0.682739 0.711558 0.165989
vn -0.686278 0.726800 0.028008
vn -0.853997 0.518785 -0.039381
vn -0.682739 0.711558 0.165989
vn -0.390646 0.881919 0.263847
vn -0.332021 0.936714 0.111041
vn -0.686278 0.726800 0.028008
vn -0.390646 0.881919 0.263847
vn -0.127451 0.950561 0.283177
vn -0.110524 0.984336 0.137359
vn -0.332021 0.936714 0.111041
vn -0.853997 0.518785 -0.039381
vn -0.686278 0.726800 0.028008
vn -0.580291 0.772282 -0.258538
vn -0.766267 0.568698 -0.299027
vn -0.686278 0.726800 0.028008
vn -0.332021 0.936714 0.111041
vn -0.244265 0.951834 -0.185327
vn -0.580291 0.772282 -0.258538
vn -0.332021 0.936714 0.111041
vn -0.110524 0.984336 0.137359
vn -0.103080 0.993466 -0.048994
vn -0.244265 0.951834 -0.185327
vn -0.766267 0.568698 -0.299027
vn -0.580291 0.772282 -0.258538
vn -0.436790 0.740325 -0.511012
vn -0.609551 0.586169 -0.533717
vn -0.580291 0.772282 -0.258538
vn -0.244265 0.951834 -0.185327
vn -0.205059 0.875205 -0.438142
vn -0.436790 0.740325 -0.511012
vn -0.244265 0.951834 -0.185327
vn -0.103080 0.993466 -0.048994
vn -0.141700 0.919941 -0.365553
vn -0.205059 0.875205 -0.438142
vn -0.593108 0.409150 -0.693411
vn -0.412573 0.639338 -0.648869
vn -0.369103 0.552006 -0.747698
vn -0.569679 0.363326 -0.737197
vn -0.412573 0.639338 -0.648869
vn -0.123413 0.819311 -0.559910
vn -0.006579 0.747237 -0.664526
vn -0.369103 0.552006 -0.747698
vn -0.123413 0.819311 -0.559910
vn 0.128597 0.872919 -0.470612
vn 0.199002 0.792377 -0.576661
vn -0.006579 0.747237 -0.664526
vn -0.569679 0.363326 -0.737197
vn -0.369103 0.552006 -0.747698
vn -0.173225 0.376763 -0.909969
vn -0.396589 0.210905 -0.893441
vn -0.369103 0.552006 -0.747698
vn -0.006579 0.747237 -0.664526
vn 0.165580 0.544265 -0.822411
vn -0.173225 0.376763 -0.909969
vn -0.006579 0.747237 -0.664526
vn 0.199002 0.792377 -0.576661
vn 0.264646 0.665998 -0.697431
vn 0.165580 0.544265 -0.822411
vn -0.396589 0.210905 -0.893441
vn -0.173225 0.376763 -0.909969
vn 0.019183 0.170190 -0.985225
vn -0.180754 0.051270 -0.982191
vn -0.173225 0.376763 -0.909969
vn 0.165580 0.544265 -0.822411
vn 0.249922 0.309387 -0.917507
vn 0.019183 0.170190 -0.985225
vn 0.165580 0.544265 -0.822411
vn 0.264646 0.665998 -0.697431
vn 0.299917 0.390426 -0.870412
vn 0.249922 0.309387 -0.917507
vn -0.670274 0.627689 -0.395902
vn -0.495442 0.827269 -0.264882
vn -0.457976 0.796395 -0.394985
vn -0.649250 0.607959 -0.457013
vn -0.495442 0.827269 -0.264882
vn -0.206471 0.970576 -0.123901
vn -0.097139 0.961479 -0.257141
vn -0.457976 0.796395 -0.394985
vn -0.206471 0.970576 -0.123901
vn 0.050467 0.998047 -0.036809
vn 0.113801 0.978489 -0.172074
vn -0.097139 0.961479 -0.257141
vn -0.649250 0.607959 -0.457013
vn -0.457976 0.796395 -0.394985
vn -0.271349 0.726734 -0.631053
vn -0.485621 0.554275 -0.675982
vn -0.457976 0.796395 -0.394985
vn -0.097139 0.961479 -0.257141
vn 0.067370 0.863304 -0.500168
vn -0.271349 0.726734 -0.631053
vn -0.097139 0.961479 -0.257141
vn 0.113801 0.978489 -0.172074
vn 0.172809 0.924157 -0.340693
vn 0.067370 0.863304 -0.500168
vn -0.485621 0.554275 -0.675982
vn -0.271349 0.726734 -0.631053
vn -0.078889 0.590251 -0.803356
vn -0.272924 0.467478 -0.840819
vn -0.271349 0.726734 -0.631053
vn 0.067370 0.863304 -0.500168
vn 0.151567 0.702111 -0.695749
vn -0.078889 0.590251 -0.803356
vn 0.067370 0.863304 -0.500168
vn 0.172809 0.924157 -0.340693
vn 0.202537 0.757415 -0.620726
vn 0.151567 0.702111 -0.695749
vn -0.628920 0.771835 -0.093435
vn -0.385048 0.900880 -0.200385
vn -0.461334 0.836150 -0.296688
vn -0.663358 0.735338 -0.138687
vn -0.385048 0.900880 -0.200385
vn -0.068125 0.934300 -0.349919
vn -0.095997 0.859088 -0.502744
vn -0.461334 0.836150 -0.296688
vn -0.068125 0.934300 -0.349919
vn 0.169147 0.868024 -0.466824
vn 0.107884 0.801968 -0.587545
vn -0.095997 0.859088 -0.502744
vn -0.663358 0.735338 -0.138687
vn -0.461334 0.836150 -0.296688
vn -0.524115 0.657792 -0.540937
vn -0.726028 0.583589 -0.363741
vn -0.461334 0.836150 -0.296688
vn -0.095997 0.859088 -0.502744
vn -0.183081 0.663079 -0.725815
vn -0.524115 0.657792 -0.540937
vn -0.095997 0.859088 -0.502744
vn 0.107884 0.801968 -0.587545
vn 0.013531 0.700951 -0.713081
vn -0.183081 0.663079 -0.725815
vn -0.726028 0.583589 -0.363741
vn -0.524115 0.657792 -0.540937
vn -0.547023 0.427752 -0.719579
vn -0.722033 0.391039 -0.570751
vn -0.524115 0.657792 -0.540937
vn -0.183081 0.663079 -0.725815
vn -0.298228 0.451423 -0.840998
vn -0.547023 0.427752 -0.719579
vn -0.183081 0.663079 -0.725815
vn 0.013531 0.700951 -0.713081
vn -0.200476 0.492596 -0.846852
vn -0.298228 0.451423 -0.840998
vn -0.052599 0.885704 0.461261
vn -0.150160 0.969302 0.194695
vn -0.250597 0.926553 0.280537
vn -0.100139 0.859386 0.501426
vn -0.150160 0.969302 0.194695
vn -0.295305 0.947158 -0.125243
vn -0.452444 0.887656 -0.085798
vn -0.250597 0.926553 0.280537
vn -0.295305 0.947158 -0.125243
vn -0.414239 0.841537 -0.346729
vn -0.539026 0.795857 -0.275793
vn -0.452444 0.887656 -0.085798
vn -0.100139 0.859386 0.501426
vn -0.250597 0.926553 0.280537
vn -0.505257 0.778196 0.372998
vn -0.334084 0.735969 0.588844
vn -0.250597 0.926553 0.280537
vn -0.452444 0.887656 -0.085798
vn -0.687160 0.725693 0.034372
vn -0.505257 0.778196 0.372998
vn -0.452444 0.887656 -0.085798
vn -0.539026 0.795857 -0.275793
vn -0.670886 0.722839 -0.165578
vn -0.687160 0.725693 0.034372
vn -0.334084 0.735969 0.588844
vn -0.505257 0.778196 0.372998
vn -0.697163 0.567667 0.437856
vn -0.551936 0.558339 0.619374
vn -0.505257 0.778196 0.372998
vn -0.687160 0.725693 0.034372
vn -0.815278 0.548000 0.187131
vn -0.697163 0.567667 0.437856
vn -0.687160 0.725693 0.034372
vn -0.670886 0.722839 -0.165578
vn -0.818048 0.569121 0.083058
vn -0.815278 0.548000 0.187131
vn 0.128606 0.485579 -0.864681
vn 0.145581 0.717282 -0.681405
vn 0.267669 0.655807 -0.705882
vn 0.186591 0.451757 -0.872410
vn 0.145581 0.717282 -0.681405
vn 0.199426 0.900752 -0.385844
vn 0.364306 0.861862 -0.352811
vn 0.267669 0.655807 -0.705882
vn 0.199426 0.900752 -0.385844
vn 0.259238 0.957568 -0.125937
vn 0.400837 0.906567 -0.132157
vn 0.364306 0.861862 -0.352811
vn 0.186591 0.451757 -0.872410
vn 0.267669 0.655807 -0.705882
vn 0.545380 0.534892 -0.645330
vn 0.441700 0.349867 -0.826132
vn 0.267669 0.655807 -0.705882
vn 0.364306 0.861862 -0.352811
vn 0.631093 0.710902 -0.310388
vn 0.545380 0.534892 -0.645330
vn 0.364306 0.861862 -0.352811
vn 0.400837 0.906567 -0.132157
vn 0.561347 0.813383 -0.152635
vn 0.631093 0.710902 -0.310388
vn 0.441700 0.349867 -0.826132
vn 0.545380 0.534892 -0.645330
vn 0.758601 0.365627 -0.539297
vn 0.668791 0.231190 -0.706591
vn 0.545380 0.534892 -0.645330
vn 0.631093 0.710902 -0.310388
vn 0.805120 0.508380 -0.305503
vn 0.758601 0.365627 -0.539297
vn 0.631093 0.710902 -0.310388
vn 0.561347 0.813383 -0.152635
vn 0.778417 0.582434 -0.234174
vn 0.805120 0.508380 -0.305503
vn -0.730456 0.678247 -0.080093
vn -0.510797 0.836094 -0.200083
vn -0.581566 0.759402 -0.291701
vn -0.761498 0.636372 -0.123092
vn -0.510797 0.836094 -0.200083
vn -0.207686 0.907935 -0.364034
vn -0.231436 0.825951 -0.514046
vn -0.581566 0.759402 -0.291701
vn -0.207686 0.907935 -0.364034
vn 0.031339 0.871151 -0.490015
vn -0.025381 0.794556 -0.606660
vn -0.231436 0.825951 -0.514046
vn -0.761498 0.636372 -0.123092
vn -0.581566 0.759402 -0.291701
vn -0.629745 0.568320 -0.529559
vn -0.812361 0.472137 -0.342281
vn -0.581566 0.759402 -0.291701
vn -0.231436 0.825951 -0.514046
vn -0.300428 0.614649 -0.729349
vn -0.629745 0.568320 -0.529559
vn -0.231436 0.825951 -0.514046
vn -0.025381 0.794556 -0.606660
vn -0.110352 0.678781 -0.726002
vn -0.300428 0.614649 -0.729349
vn -0.812361 0.472137 -0.342281
vn -0.629745 0.568320 -0.529559
vn -0.628789 0.332976 -0.702675
vn -0.790987 0.276839 -0.545619
vn -0.629745 0.568320 -0.529559
vn -0.300428 0.614649 -0.729349
vn -0.390657 0.386734 -0.835359
vn -0.628789 0.332976 -0.702675
vn -0.300428 0.614649 -0.729349
vn -0.110352 0.678781 -0.726002
vn -0.299667 0.440457 -0.846285
vn -0.390657 0.386734 -0.835359
vn -0.462754 0.790009 0.402175
vn -0.474642 0.872212 0.118158
vn -0.583413 0.796378 0.159412
vn -0.512374 0.748318 0.421299
vn -0.474642 0.872212 0.118158
vn -0.479703 0.845972 -0.232845
vn -0.617076 0.744088 -0.256027
vn -0.583413 0.796378 0.159412
vn -0.479703 0.845972 -0.232845
vn -0.474446 0.736305 -0.482449
vn -0.598530 0.652867 -0.464248
vn -0.617076 0.744088 -0.256027
vn -0.512374 0.748318 0.421299
vn -0.583413 0.796378 0.159412
vn -0.802071 0.578481 0.148467
vn -0.717740 0.560256 0.413476
vn -0.583413 0.796378 0.159412
vn -0.617076 0.744088 -0.256027
vn -0.824431 0.515465 -0.233687
vn -0.802071 0.578481 0.148467
vn -0.617076 0.744088 -0.256027
vn -0.598530 0.652867 -0.464248
vn -0.735716 0.537333 -0.412304
vn -0.824431 0.515465 -0.233687
vn -0.717740 0.560256 0.413476
vn -0.802071 0.578481 0.148467
vn -0.937591 0.319944 0.136231
vn -0.872829 0.330095 0.359455
vn -0.802071 0.578481 0.148467
vn -0.824431 0.515465 -0.233687
vn -0.944791 0.296026 -0.140496
vn -0.937591 0.319944 0.136231
vn -0.824431 0.515465 -0.233687
vn -0.735716 0.537333 -0.412304
vn -0.914883 0.326208 -0.237858
vn -0.944791 0.296026 -0.140496
vn -0.225970 0.621810 -0.749860
vn -0.094955 0.816456 -0.569547
vn -0.007723 0.753524 -0.657375
vn -0.183338 0.586692 -0.788784
vn -0.094955 0.816456 -0.569547
vn 0.114232 0.941940 -0.315752
vn 0.268695 0.888733 -0.371425
vn -0.007723 0.753524 -0.657375
vn 0.114232 0.941940 -0.315752
vn 0.295210 0.948857 -0.111900
vn 0.409409 0.891930 -0.191951
vn 0.268695 0.888733 -0.371425
vn -0.183338 0.586692 -0.788784
vn -0.007723 0.753524 -0.657375
vn 0.247375 0.608580 -0.753947
vn 0.047864 0.464211 -0.884430
vn -0.007723 0.753524 -0.657375
vn 0.268695 0.888733 -0.371425
vn 0.501801 0.718047 -0.482291
vn 0.247375 0.608580 -0.753947
vn 0.268695 0.888733 -0.371425
vn 0.409409 0.891930 -0.191951
vn 0.527905 0.794988 -0.298848
vn 0.501801 0.718047 -0.482291
vn 0.047864 0.464211 -0.884430
vn 0.247375 0.608580 -0.753947
vn 0.460835 0.411726 -0.786201
vn 0.286467 0.313938 -0.905196
vn 0.247375 0.608580 -0.753947
vn 0.501801 0.718047 -0.482291
vn 0.629425 0.508433 -0.587640
vn 0.460835 0.411726 -0.786201
vn 0.501801 0.718047 -0.482291
vn 0.527905 0.794988 -0.298848
vn 0.649136 0.570195 -0.503487
vn 0.629425 0.508433 -0.587640
vn 0.023284 0.906869 -0.420770
vn -0.269239 0.883859 -0.382497
vn -0.202573 0.940035 -0.274407
vn 0.056946 0.928712 -0.366403
vn -0.269239 0.883859 -0.382497
vn -0.576980 0.778132 -0.248203
vn -0.558560 0.825281 -0.083198
vn -0.202573 0.940035 -0.274407
vn -0.576980 0.778132 -0.248203
vn -0.757489 0.646335 -0.091987
vn -0.708920 0.704247 0.038310
vn -0.558560 0.825281 -0.083198
vn 0.056946 0.928712 -0.366403
vn -0.202573 0.940035 -0.274407
vn -0.126349 0.991776 0.020420
vn 0.123816 0.987015 -0.102332
vn -0.202573 0.940035 -0.274407
vn -0.558560 0.825281 -0.083198
vn -0.447365 0.871262 0.201908
vn -0.126349 0.991776 0.020420
vn -0.558560 0.825281 -0.083198
vn -0.708920 0.704247 0.038310
vn -0.616584 0.764239 0.189112
vn -0.447365 0.871262 0.201908
vn 0.123816 0.987015 -0.102332
vn -0.126349 0.991776 0.020420
vn -0.032326 0.955076 0.294592
vn 0.167565 0.969936 0.176485
vn -0.126349 0.991776 0.020420
vn -0.447365 0.871262 0.201908
vn -0.273667 0.872508 0.404767
vn -0.032326 0.955076 0.294592
vn -0.447365 0.871262 0.201908
vn -0.616584 0.764239 0.189112
vn -0.373988 0.838756 0.395754
vn -0.273667 0.872508 0.404767
vn 0.069890 0.904061 -0.421650
vn -0.035771 0.986804 -0.157921
vn 0.102856 0.981124 -0.163759
vn 0.136893 0.895505 -0.423475
vn -0.035771 0.986804 -0.157921
vn -0.107813 0.976523 0.186495
vn 0.051181 0.966151 0.252848
vn 0.102856 0.981124 -0.163759
vn -0.107813 0.976523 0.186495
vn -0.118997 0.888005 0.444170
vn 0.030168 0.884845 0.464908
vn 0.051181 0.966151 0.252848
vn 0.136893 0.895505 -0.423475
vn 0.102856 0.981124 -0.163759
vn 0.391510 0.917168 -0.074323
vn 0.400012 0.849300 -0.344498
vn 0.102856 0.981124 -0.163759
vn 0.051181 0.966151 0.252848
vn 0.344704 0.886202 0.309556
vn 0.391510 0.917168 -0.074323
vn 0.051181 0.966151 0.252848
vn 0.030168 0.884845 0.464908
vn 0.215316 0.860987 0.460804
vn 0.344704 0.886202 0.309556
vn 0.400012 0.849300 -0.344498
vn 0.391510 0.917168 -0.074323
vn 0.633153 0.774002 0.006108
vn 0.632184 0.741648 -0.224280
vn 0.391510 0.917168 -0.074323
vn 0.344704 0.886202 0.309556
vn 0.580651 0.764927 0.278804
vn 0.633153 0.774002 0.006108
vn 0.344704 0.886202 0.309556
vn 0.215316 0.860987 0.460804
vn 0.515682 0.776528 0.362046
vn 0.580651 0.764927 0.278804
vn -0.550135 0.484273 -0.680317
vn -0.415934 0.717985 -0.558119
vn -0.346182 0.662277 -0.664490
vn -0.514029 0.453226 -0.728258
vn -0.415934 0.717985 -0.558119
vn -0.173625 0.906202 -0.385555
vn -0.033738 0.875575 -0.481902
vn -0.346182 0.662277 -0.664490
vn -0.173625 0.906202 -0.385555
vn 0.052232 0.967917 -0.245780
vn 0.148240 0.923758 -0.353123
vn -0.033738 0.875575 -0.481902
vn -0.514029 0.453226 -0.728258
vn -0.346182 0.662277 -0.664490
vn -0.104861 0.555387 -0.824954
vn -0.299416 0.364133 -0.881905
vn -0.346182 0.662277 -0.664490
vn -0.033738 0.875575 -0.481902
vn 0.188161 0.738004 -0.648032
vn -0.104861 0.555387 -0.824954
vn -0.033738 0.875575 -0.481902
vn 0.148240 0.923758 -0.353123
vn 0.248826 0.838263 -0.485180
vn 0.188161 0.738004 -0.648032
vn -0.299416 0.364133 -0.881905
vn -0.104861 0.555387 -0.824954
vn 0.126154 0.397459 -0.908907
vn -0.051054 0.257510 -0.964926
vn -0.104861 0.555387 -0.824954
vn 0.188161 0.738004 -0.648032
vn 0.320648 0.544158 -0.775292
vn 0.126154 0.397459 -0.908907
vn 0.188161 0.738004 -0.648032
vn 0.248826 0.838263 -0.485180
vn 0.350349 0.617407 -0.704319
vn 0.320648 0.544158 -0.775292
vn -0.317390 0.841340 0.437505
vn -0.304372 0.939263 0.158568
vn -0.426805 0.883510 0.192998
vn -0.374596 0.808935 0.453103
vn -0.304372 0.939263 0.158568
vn -0.303047 0.933146 -0.193396
vn -0.456417 0.860742 -0.225405
vn -0.426805 0.883510 0.192998
vn -0.303047 0.933146 -0.193396
vn -0.310652 0.837902 -0.448794
vn -0.448815 0.778844 -0.438141
vn -0.456417 0.860742 -0.225405
vn -0.374596 0.808935 0.453103
vn -0.426805 0.883510 0.192998
vn -0.682314 0.712263 0.164709
vn -0.611510 0.664228 0.429949
vn -0.426805 0.883510 0.192998
vn -0.456417 0.860742 -0.225405
vn -0.703933 0.675057 -0.220856
vn -0.682314 0.712263 0.164709
vn -0.456417 0.860742 -0.225405
vn -0.448815 0.778844 -0.438141
vn -0.606997 0.689037 -0.395959
vn -0.703933 0.675057 -0.220856
vn -0.611510 0.664228 0.429949
vn -0.682314 0.712263 0.164709
vn -0.863890 0.485378 0.134542
vn -0.805574 0.471111 0.359312
vn -0.682314 0.712263 0.164709
vn -0.703933 0.675057 -0.220856
vn -0.866607 0.478002 -0.143199
vn -0.863890 0.485378 0.134542
vn -0.703933 0.675057 -0.220856
vn -0.606997 0.689037 -0.395959
vn -0.828416 0.507044 -0.237976
vn -0.866607 0.478002 -0.143199
vn -0.829462 0.540618 0.140445
vn -0.917420 0.311895 0.247107
vn -0.854548 0.392960 0.339602
vn -0.792930 0.580698 0.184532
vn -0.917420 0.311895 0.247107
vn -0.918475 0.034006 0.394014
vn -0.838565 0.079678 0.538943
vn -0.854548 0.392960 0.339602
vn -0.918475 0.034006 0.394014
vn -0.844147 -0.164884 0.510126
vn -0.774268 -0.092442 0.626070
vn -0.838565 0.079678 0.538943
vn -0.792930 0.580698 0.184532
vn -0.854548 0.392960 0.339602
vn -0.663985 0.484744 0.569339
vn -0.627918 0.668133 0.399146
vn -0.854548 0.392960 0.339602
vn -0.838565 0.079678 0.538943
vn -0.637592 0.193042 0.745796
vn -0.663985 0.484744 0.569339
vn -0.838565 0.079678 0.538943
vn -0.774268 -0.092442 0.626070
vn -0.672426 0.009118 0.740109
vn -0.637592 0.193042 0.745796
vn -0.627918 0.668133 0.399146
vn -0.663985 0.484744 0.569339
vn -0.426181 0.534386 0.729933
vn -0.414542 0.691788 0.591257
vn -0.663985 0.484744 0.569339
vn -0.637592 0.193042 0.745796
vn -0.427052 0.319723 0.845815
vn -0.426181 0.534386 0.729933
vn -0.637592 0.193042 0.745796
vn -0.672426 0.009118 0.740109
vn -0.462491 0.231637 0.855831
vn -0.427052 0.319723 0.845815
vn -0.399522 0.616503 0.678458
vn -0.622268 0.482464 0.616450
vn -0.551332 0.423105 0.719038
vn -0.359693 0.585296 0.726670
vn -0.622268 0.482464 0.616450
vn -0.813077 0.249657 0.525906
vn -0.761375 0.128068 0.635536
vn -0.551332 0.423105 0.719038
vn -0.813077 0.249657 0.525906
vn -0.892666 0.034302 0.449411
vn -0.826865 -0.049116 0.560252
vn -0.761375 0.128068 0.635536
vn -0.359693 0.585296 0.726670
vn -0.551332 0.423105 0.719038
vn -0.407871 0.204550 0.889832
vn -0.235104 0.389072 0.890702
vn -0.551332 0.423105 0.719038
vn -0.761375 0.128068 0.635536
vn -0.591947 -0.070195 0.802914
vn -0.407871 0.204550 0.889832
vn -0.761375 0.128068 0.635536
vn -0.826865 -0.049116 0.560252
vn -0.719153 -0.134878 0.681635
vn -0.591947 -0.070195 0.802914
vn -0.235104 0.389072 0.890702
vn -0.407871 0.204550 0.889832
vn -0.232286 -0.012545 0.972567
vn -0.101267 0.151349 0.983280
vn -0.407871 0.204550 0.889832
vn -0.591947 -0.070195 0.802914
vn -0.380338 -0.194000 0.904271
vn -0.232286 -0.012545 0.972567
vn -0.591947 -0.070195 0.802914
vn -0.719153 -0.134878 0.681635
vn -0.459443 -0.223434 0.859645
vn -0.380338 -0.194000 0.904271
vn -0.628920 0.771836 -0.093435
vn -0.385048 0.900880 -0.200385
vn -0.461334 0.836150 -0.296688
vn -0.663358 0.735338 -0.138687
vn -0.385048 0.900880 -0.200385
vn -0.068125 0.934300 -0.349919
vn -0.095997 0.859088 -0.502744
vn -0.461334 0.836150 -0.296688
vn -0.068125 0.934300 -0.349919
vn 0.169147 0.868024 -0.466824
vn 0.107884 0.801968 -0.587545
vn -0.095997 0.859088 -0.502744
vn -0.663358 0.735338 -0.138687
vn -0.461334 0.836150 -0.296688
vn -0.524115 0.657792 -0.540937
vn -0.726028 0.583589 -0.363741
vn -0.461334 0.836150 -0.296688
vn -0.095997 0.859088 -0.502744
vn -0.183081 0.663079 -0.725815
vn -0.524115 0.657792 -0.540937
vn -0.095997 0.859088 -0.502744
vn 0.107884 0.801968 -0.587545
vn 0.013531 0.700951 -0.713081
vn -0.183081 0.663079 -0.725815
vn -0.726028 0.583589 -0.363741
vn -0.524115 0.657792 -0.540937
vn -0.547023 0.427751 -0.719579
vn -0.722034 0.391039 -0.570751
vn -0.524115 0.657792 -0.540937
vn -0.183081 0.663079 -0.725815
vn -0.298228 0.451423 -0.840998
vn -0.547023 0.427751 -0.719579
vn -0.183081 0.663079 -0.725815
vn 0.013531 0.700951 -0.713081
vn -0.200477 0.492595 -0.846852
vn -0.298228 0.451423 -0.840998
vn -0.715479 0.613476 0.334269
vn -0.763782 0.386041 0.517311
vn -0.671919 0.478436 0.565353
vn -0.666698 0.655677 0.354404
vn -0.763782 0.386041 0.517311
vn -0.701031 0.095983 0.706642
vn -0.571308 0.149848 0.806940
vn -0.671919 0.478436 0.565353
vn -0.701031 0.095983 0.706642
vn -0.569645 -0.117783 0.813407
vn -0.464866 -0.036310 0.884636
vn -0.571308 0.149848 0.806940
vn -0.666698 0.655677 0.354404
vn -0.671919 0.478436 0.565353
vn -0.413872 0.584184 0.698168
vn -0.440737 0.757513 0.481585
vn -0.671919 0.478436 0.565353
vn -0.571308 0.149848 0.806940
vn -0.308570 0.276731 0.910057
vn -0.413872 0.584184 0.698168
vn -0.571308 0.149848 0.806940
vn -0.464866 -0.036310 0.884636
vn -0.329638 0.079584 0.940747
vn -0.308570 0.276731 0.910057
vn -0.440737 0.757513 0.481585
vn -0.413872 0.584184 0.698168
vn -0.133186 0.641662 0.755336
vn -0.179350 0.791863 0.583770
vn -0.413872 0.584184 0.698168
vn -0.308570 0.276731 0.910057
vn -0.079911 0.414668 0.906457
vn -0.133186 0.641662 0.755336
vn -0.308570 0.276731 0.910057
vn -0.329638 0.079584 0.940747
vn -0.105387 0.317944 0.942234
vn -0.079911 0.414668 0.906457
vn -0.670275 0.627689 -0.395901
vn -0.495443 0.827269 -0.264882
vn -0.457976 0.796395 -0.394985
vn -0.649250 0.607959 -0.457012
vn -0.495443 0.827269 -0.264882
vn -0.206471 0.970576 -0.123901
vn -0.097140 0.961479 -0.257141
vn -0.457976 0.796395 -0.394985
vn -0.206471 0.970576 -0.123901
vn 0.050468 0.998047 -0.036809
vn 0.113801 0.978489 -0.172074
vn -0.097140 0.961479 -0.257141
vn -0.649250 0.607959 -0.457012
vn -0.457976 0.796395 -0.394985
vn -0.271349 0.726734 -0.631053
vn -0.485621 0.554275 -0.675982
vn -0.457976 0.796395 -0.394985
vn -0.097140 0.961479 -0.257141
vn 0.067369 0.863304 -0.500168
vn -0.271349 0.726734 -0.631053
vn -0.097140 0.961479 -0.257141
vn 0.113801 0.978489 -0.172074
vn 0.172808 0.924157 -0.340692
vn 0.067369 0.863304 -0.500168
vn -0.485621 0.554275 -0.675982
vn -0.271349 0.726734 -0.631053
vn -0.078889 0.590251 -0.803356
vn -0.272924 0.467478 -0.840819
vn -0.271349 0.726734 -0.631053
vn 0.067369 0.863304 -0.500168
vn 0.151567 0.702111 -0.695750
vn -0.078889 0.590251 -0.803356
vn 0.067369 0.863304 -0.500168
vn 0.172808 0.924157 -0.340692
vn 0.202537 0.757415 -0.620727
vn 0.151567 0.702111 -0.695750
vn -0.593108 0.409149 -0.693412
vn -0.412573 0.639338 -0.648868
vn -0.369103 0.552006 -0.747698
vn -0.569679 0.363326 -0.737197
vn -0.412573 0.639338 -0.648868
vn -0.123413 0.819311 -0.559910
vn -0.006579 0.747237 -0.664526
vn -0.369103 0.552006 -0.747698
vn -0.123413 0.819311 -0.559910
vn 0.128597 0.872919 -0.470612
vn 0.199002 0.792377 -0.576661
vn -0.006579 0.747237 -0.664526
vn -0.569679 0.363326 -0.737197
vn -0.369103 0.552006 -0.747698
vn -0.173225 0.376763 -0.909969
vn -0.396589 0.210905 -0.893441
vn -0.369103 0.552006 -0.747698
vn -0.006579 0.747237 -0.664526
vn 0.165580 0.544265 -0.822411
vn -0.173225 0.376763 -0.909969
vn -0.006579 0.747237 -0.664526
vn 0.199002 0.792377 -0.576661
vn 0.264646 0.665998 -0.697431
vn 0.165580 0.544265 -0.822411
vn -0.396589 0.210905 -0.893441
vn -0.173225 0.376763 -0.909969
vn 0.019183 0.170190 -0.985224
vn -0.180754 0.051271 -0.982191
vn -0.173225 0.376763 -0.909969
vn 0.165580 0.544265 -0.822411
vn 0.249922 0.309388 -0.917507
vn 0.019183 0.170190 -0.985224
vn 0.165580 0.544265 -0.822411
vn 0.264646 0.665998 -0.697431
vn 0.299916 0.390426 -0.870412
vn 0.249922 0.309388 -0.917507
vn -0.670275 0.627689 -0.395902
vn -0.495443 0.827269 -0.264882
vn -0.457976 0.796395 -0.394985
vn -0.649250 0.607959 -0.457013
vn -0.495443 0.827269 -0.264882
vn -0.206470 0.970576 -0.123901
vn -0.097139 0.961479 -0.257141
vn -0.457976 0.796395 -0.394985
vn -0.206470 0.970576 -0.123901
vn 0.050468 0.998047 -0.036809
vn 0.113801 0.978489 -0.172074
vn -0.097139 0.961479 -0.257141
vn -0.649250 0.607959 -0.457013
vn -0.457976 0.796395 -0.394985
vn -0.271349 0.726734 -0.631053
vn -0.485621 0.554275 -0.675982
vn -0.457976 0.796395 -0.394985
vn -0.097139 0.961479 -0.257141
vn 0.067370 0.863304 -0.500168
vn -0.271349 0.726734 -0.631053
vn -0.097139 0.961479 -0.257141
vn 0.113801 0.978489 -0.172074
vn 0.172809 0.924157 -0.340693
vn 0.067370 0.863304 -0.500168
vn -0.485621 0.554275 -0.675982
vn -0.271349 0.726734 -0.631053
vn -0.078889 0.590251 -0.803356
vn -0.272924 0.467478 -0.840819
vn -0.271349 0.726734 -0.631053
vn 0.067370 0.863304 -0.500168
vn 0.151567 0.702112 -0.695749
vn -0.078889 0.590251 -0.803356
vn 0.067370 0.863304 -0.500168
vn 0.172809 0.924157 -0.340693
vn 0.202536 0.757416 -0.620726
vn 0.151567 0.702112 -0.695749
vn -0.628920 0.771836 -0.093435
vn -0.385048 0.900880 -0.200385
vn -0.461334 0.836150 -0.296688
vn -0.663358 0.735338 -0.138688
vn -0.385048 0.900880 -0.200385
vn -0.068125 0.934300 -0.349919
vn -0.095997 0.859088 -0.502744
vn -0.461334 0.836150 -0.296688
vn -0.068125 0.934300 -0.349919
vn 0.169147 0.868024 -0.466824
vn 0.107884 0.801967 -0.587545
vn -0.095997 0.859088 -0.502744
vn -0.663358 0.735338 -0.138688
vn -0.461334 0.836150 -0.296688
vn -0.524115 0.657792 -0.540937
vn -0.726028 0.583589 -0.363741
vn -0.461334 0.836150 -0.296688
vn -0.095997 0.859088 -0.502744
vn -0.183081 0.663079 -0.725815
vn -0.524115 0.657792 -0.540937
vn -0.095997 0.859088 -0.502744
vn 0.107884 0.801967 -0.587545
vn 0.013531 0.700951 -0.713081
vn -0.183081 0.663079 -0.725815
vn -0.726028 0.583589 -0.363741
vn -0.524115 0.657792 -0.540937
vn -0.547023 0.427751 -0.719579
vn -0.722033 0.391039 -0.570751
vn -0.524115 0.657792 -0.540937
vn -0.183081 0.663079 -0.725815
vn -0.298229 0.451423 -0.840998
vn -0.547023 0.427751 -0.719579
vn -0.183081 0.663079 -0.725815
vn 0.013531 0.700951 -0.713081
vn -0.200477 0.492596 -0.846852
vn -0.298229 0.451423 -0.840998
vn 0.128606 0.485579 -0.864681
vn 0.145581 0.717282 -0.681405
vn 0.267669 0.655807 -0.705883
vn 0.186591 0.451757 -0.872410
vn 0.145581 0.717282 -0.681405
vn 0.199426 0.900752 -0.385844
vn 0.364306 0.861861 -0.352812
vn 0.267669 0.655807 -0.705883
vn 0.199426 0.900752 -0.385844
vn 0.259238 0.957568 -0.125937
vn 0.400837 0.906567 -0.132157
vn 0.364306 0.861861 -0.352812
vn 0.186591 0.451757 -0.872410
vn 0.267669 0.655807 -0.705883
vn 0.545380 0.534892 -0.645330
vn 0.441700 0.349867 -0.826132
vn 0.267669 0.655807 -0.705883
vn 0.364306 0.861861 -0.352812
vn 0.631093 0.710902 -0.310388
vn 0.545380 0.534892 -0.645330
vn 0.364306 0.861861 -0.352812
vn 0.400837 0.906567 -0.132157
vn 0.561347 0.813383 -0.152636
vn 0.631093 0.710902 -0.310388
vn 0.441700 0.349867 -0.826132
vn 0.545380 0.534892 -0.645330
vn 0.758601 0.365627 -0.539297
vn 0.668791 0.231190 -0.706590
vn 0.545380 0.534892 -0.645330
vn 0.631093 0.710902 -0.310388
vn 0.805120 0.508380 -0.305503
vn 0.758601 0.365627 -0.539297
vn 0.631093 0.710902 -0.310388
vn 0.561347 0.813383 -0.152636
vn 0.778417 0.582434 -0.234174
vn 0.805120 0.508380 -0.305503
vn -0.730457 0.678247 -0.080092
vn -0.510797 0.836094 -0.200083
vn -0.581565 0.759402 -0.291701
vn -0.761498 0.636372 -0.123092
vn -0.510797 0.836094 -0.200083
vn -0.207686 0.907935 -0.364034
vn -0.231436 0.825951 -0.514045
vn -0.581565 0.759402 -0.291701
vn -0.207686 0.907935 -0.364034
vn 0.031339 0.871151 -0.490014
vn -0.025382 0.794556 -0.606660
vn -0.231436 0.825951 -0.514045
vn -0.761498 0.636372 -0.123092
vn -0.581565 0.759402 -0.291701
vn -0.629745 0.568320 -0.529559
vn -0.812361 0.472137 -0.342281
vn -0.581565 0.759402 -0.291701
vn -0.231436 0.825951 -0.514045
vn -0.300428 0.614649 -0.729349
vn -0.629745 0.568320 -0.529559
vn -0.231436 0.825951 -0.514045
vn -0.025382 0.794556 -0.606660
vn -0.110352 0.678782 -0.726001
vn -0.300428 0.614649 -0.729349
vn -0.812361 0.472137 -0.342281
vn -0.629745 0.568320 -0.529559
vn -0.628789 0.332976 -0.702675
vn -0.790987 0.276839 -0.545619
vn -0.629745 0.568320 -0.529559
vn -0.300428 0.614649 -0.729349
vn -0.390657 0.386734 -0.835359
vn -0.628789 0.332976 -0.702675
vn -0.300428 0.614649 -0.729349
vn -0.110352 0.678782 -0.726001
vn -0.299667 0.440457 -0.846285
vn -0.390657 0.386734 -0.835359
vn -0.593108 0.409149 -0.693411
vn -0.412573 0.639338 -0.648869
vn -0.369104 0.552006 -0.747698
vn -0.569679 0.363325 -0.737197
vn -0.412573 0.639338 -0.648869
vn -0.123413 0.819311 -0.559910
vn -0.006579 0.747237 -0.664526
vn -0.369104 0.552006 -0.747698
vn -0.123413 0.819311 -0.559910
vn 0.128598 0.872919 -0.470612
vn 0.199002 0.792377 -0.576661
vn -0.006579 0.747237 -0.664526
vn -0.569679 0.363325 -0.737197
vn -0.369104 0.552006 -0.747698
vn -0.173225 0.376762 -0.909969
vn -0.396589 0.210905 -0.893441
vn -0.369104 0.552006 -0.747698
vn -0.006579 0.747237 -0.664526
vn 0.165580 0.544265 -0.822410
vn -0.173225 0.376762 -0.909969
vn -0.006579 0.747237 -0.664526
vn 0.199002 0.792377 -0.576661
vn 0.264646 0.665998 -0.697430
vn 0.165580 0.544265 -0.822410
vn -0.396589 0.210905 -0.893441
vn -0.173225 0.376762 -0.909969
vn 0.019184 0.170190 -0.985225
vn -0.180754 0.051270 -0.982191
vn -0.173225 0.376762 -0.909969
vn 0.165580 0.544265 -0.822410
vn 0.249922 0.309388 -0.917507
vn 0.019184 0.170190 -0.985225
vn 0.165580 0.544265 -0.822410
vn 0.264646 0.665998 -0.697430
vn 0.299918 0.390427 -0.870411
vn 0.249922 0.309388 -0.917507
vn -0.317391 0.841340 0.437505
vn -0.304372 0.939262 0.158568
vn -0.426805 0.883510 0.192999
vn -0.374596 0.808935 0.453103
vn -0.304372 0.939262 0.158568
vn -0.303047 0.933146 -0.193396
vn -0.456417 0.860742 -0.225405
vn -0.426805 0.883510 0.192999
vn -0.303047 0.933146 -0.193396
vn -0.310653 0.837902 -0.448793
vn -0.448815 0.778844 -0.438140
vn -0.456417 0.860742 -0.225405
vn -0.374596 0.808935 0.453103
vn -0.426805 0.883510 0.192999
vn -0.682314 0.712263 0.164709
vn -0.611510 0.664228 0.429949
vn -0.426805 0.883510 0.192999
vn -0.456417 0.860742 -0.225405
vn -0.703933 0.675057 -0.220856
vn -0.682314 0.712263 0.164709
vn -0.456417 0.860742 -0.225405
vn -0.448815 0.778844 -0.438140
vn -0.606997 0.689037 -0.395958
vn -0.703933 0.675057 -0.220856
vn -0.611510 0.664228 0.429949
vn -0.682314 0.712263 0.164709
vn -0.863890 0.485378 0.134542
vn -0.805574 0.471111 0.359312
vn -0.682314 0.712263 0.164709
vn -0.703933 0.675057 -0.220856
vn -0.866607 0.478002 -0.143199
vn -0.863890 0.485378 0.134542
vn -0.703933 0.675057 -0.220856
vn -0.606997 0.689037 -0.395958
vn -0.828416 0.507045 -0.237975
vn -0.866607 0.478002 -0.143199
vn 0.209891 0.762036 0.612574
vn 0.006274 0.895730 0.444555
vn -0.046194 0.830379 0.555280
vn 0.184523 0.725270 0.663275
vn 0.006274 0.895730 0.444555
vn -0.269507 0.935280 0.229385
vn -0.394376 0.860602 0.322229
vn -0.046194 0.830379 0.555280
vn -0.269507 0.935280 0.229385
vn -0.481591 0.873640 0.069456
vn -0.562643 0.807364 0.177753
vn -0.394376 0.860602 0.322229
vn 0.184523 0.725270 0.663275
vn -0.046194 0.830379 0.555280
vn -0.238311 0.652585 0.719264
vn 0.009841 0.573960 0.818824
vn -0.046194 0.830379 0.555280
vn -0.394376 0.860602 0.322229
vn -0.556872 0.664626 0.498162
vn -0.238311 0.652585 0.719264
vn -0.394376 0.860602 0.322229
vn -0.562643 0.807364 0.177753
vn -0.633549 0.705624 0.317350
vn -0.556872 0.664626 0.498162
vn 0.009841 0.573960 0.818824
vn -0.238311 0.652585 0.719264
vn -0.390488 0.423347 0.817494
vn -0.179287 0.382829 0.906255
vn -0.238311 0.652585 0.719264
vn -0.556872 0.664626 0.498162
vn -0.610617 0.451857 0.650364
vn -0.390488 0.423347 0.817494
vn -0.556872 0.664626 0.498162
vn -0.633549 0.705624 0.317350
vn -0.659325 0.494658 0.566218
vn -0.610617 0.451857 0.650364
vn -0.560184 0.780871 0.276467
vn -0.307775 0.925274 0.221681
vn -0.391080 0.913615 0.111191
vn -0.598461 0.769810 0.221892
vn -0.307775 0.925274 0.221681
vn 0.008267 0.996436 0.083947
vn -0.028701 0.995998 -0.084642
vn -0.391080 0.913615 0.111191
vn 0.008267 0.996436 0.083947
vn 0.236775 0.969558 -0.062405
vn 0.167902 0.966057 -0.196324
vn -0.028701 0.995998 -0.084642
vn -0.598461 0.769810 0.221892
vn -0.391080 0.913615 0.111191
vn -0.473435 0.861826 -0.181974
vn -0.678041 0.733787 -0.042633
vn -0.391080 0.913615 0.111191
vn -0.028701 0.995998 -0.084642
vn -0.136451 0.921004 -0.364874
vn -0.473435 0.861826 -0.181974
vn -0.028701 0.995998 -0.084642
vn 0.167902 0.966057 -0.196324
vn 0.062916 0.935498 -0.347686
vn -0.136451 0.921004 -0.364874
vn -0.678041 0.733787 -0.042633
vn -0.473435 0.861826 -0.181974
vn -0.519500 0.732541 -0.439889
vn -0.694501 0.648471 -0.311696
vn -0.473435 0.861826 -0.181974
vn -0.136451 0.921004 -0.364874
vn -0.271690 0.787818 -0.552746
vn -0.519500 0.732541 -0.439889
vn -0.136451 0.921004 -0.364874
vn 0.062916 0.935498 -0.347686
vn -0.170814 0.820368 -0.545728
vn -0.271690 0.787818 -0.552746
vn -0.271581 0.859517 0.432984
vn -0.174535 0.968848 0.175704
vn -0.309146 0.934741 0.175179
vn -0.335407 0.837372 0.431637
vn -0.174535 0.968848 0.175704
vn -0.087924 0.982328 -0.165228
vn -0.238537 0.941300 -0.238860
vn -0.309146 0.934741 0.175179
vn -0.087924 0.982328 -0.165228
vn -0.048257 0.904579 -0.423566
vn -0.192606 0.871457 -0.451072
vn -0.238537 0.941300 -0.238860
vn -0.335407 0.837372 0.431637
vn -0.309146 0.934741 0.175179
vn -0.574566 0.815308 0.071745
vn -0.579940 0.740272 0.340099
vn -0.309146 0.934741 0.175179
vn -0.238537 0.941300 -0.238860
vn -0.506763 0.804386 -0.310087
vn -0.574566 0.815308 0.071745
vn -0.238537 0.941300 -0.238860
vn -0.192606 0.871457 -0.451072
vn -0.368893 0.810078 -0.455732
vn -0.506763 0.804386 -0.310087
vn -0.579940 0.740272 0.340099
vn -0.574566 0.815308 0.071745
vn -0.778089 0.627773 -0.021882
vn -0.779885 0.590441 0.207746
vn -0.574566 0.815308 0.071745
vn -0.506763 0.804386 -0.310087
vn -0.713758 0.636602 -0.292040
vn -0.778089 0.627773 -0.021882
vn -0.506763 0.804386 -0.310087
vn -0.368893 0.810078 -0.455732
vn -0.649225 0.663386 -0.372057
vn -0.713758 0.636602 -0.292040
vn 0.734274 0.611644 -0.294506
vn 0.586460 0.800813 -0.121501
vn 0.683755 0.727661 -0.054670
vn 0.777668 0.571691 -0.261540
vn 0.586460 0.800813 -0.121501
vn 0.375103 0.917122 0.134853
vn 0.451721 0.849120 0.273757
vn 0.683755 0.727661 -0.054670
vn 0.375103 0.917122 0.134853
vn 0.202819 0.915969 0.346214
vn 0.296973 0.846797 0.441295
vn 0.451721 0.849120 0.273757
vn 0.777668 0.571691 -0.261540
vn 0.683755 0.727661 -0.054670
vn 0.812088 0.558358 0.169557
vn 0.902421 0.426807 -0.058932
vn 0.683755 0.727661 -0.054670
vn 0.451721 0.849120 0.273757
vn 0.589448 0.655532 0.472048
vn 0.812088 0.558358 0.169557
vn 0.451721 0.849120 0.273757
vn 0.296973 0.846797 0.441295
vn 0.416342 0.736462 0.533183
vn 0.589448 0.655532 0.472048
vn 0.902421 0.426807 -0.058932
vn 0.812088 0.558358 0.169557
vn 0.867915 0.343164 0.359114
vn 0.953128 0.256283 0.160829
vn 0.812088 0.558358 0.169557
vn 0.589448 0.655532 0.472048
vn 0.703257 0.432282 0.564412
vn 0.867915 0.343164 0.359114
vn 0.589448 0.655532 0.472048
vn 0.416342 0.736462 0.533183
vn 0.626348 0.495110 0.602125
vn 0.703257 0.432282 0.564412
vn -0.264597 0.743593 0.614051
vn -0.327129 0.515550 0.791956
vn -0.196719 0.561848 0.803510
vn -0.199822 0.762810 0.614974
vn -0.327129 0.515550 0.791956
vn -0.315843 0.191610 0.929262
vn -0.149089 0.180134 0.972278
vn -0.196719 0.561848 0.803510
vn -0.315843 0.191610 0.929262
vn -0.246100 -0.069324 0.966762
vn -0.100567 -0.041661 0.994058
vn -0.149089 0.180134 0.972278
vn -0.199822 0.762810 0.614974
vn -0.196719 0.561848 0.803510
vn 0.110979 0.549938 0.827800
vn 0.076925 0.758938 0.646603
vn -0.196719 0.561848 0.803510
vn -0.149089 0.180134 0.972278
vn 0.160128 0.191673 0.968308
vn 0.110979 0.549938 0.827800
vn -0.149089 0.180134 0.972278
vn -0.100567 -0.041661 0.994058
vn 0.078689 0.010548 0.996844
vn 0.160128 0.191673 0.968308
vn 0.076925 0.758938 0.646603
vn 0.110979 0.549938 0.827800
vn 0.393280 0.499705 0.771768
vn 0.349833 0.685444 0.638579
vn 0.110979 0.549938 0.827800
vn 0.160128 0.191673 0.968308
vn 0.406724 0.244275 0.880287
vn 0.393280 0.499705 0.771768
vn 0.160128 0.191673 0.968308
vn 0.078689 0.010548 0.996844
vn 0.361090 0.156630 0.919283
vn 0.406724 0.244275 0.880287
vn -0.637850 -0.025633 -0.769734
vn -0.514783 0.238025 -0.823616
vn -0.448794 0.131731 -0.883873
vn -0.602976 -0.078215 -0.793916
vn -0.514783 0.238025 -0.823616
vn -0.276735 0.497348 -0.822230
vn -0.142387 0.418790 -0.896851
vn -0.448794 0.131731 -0.883873
vn -0.276735 0.497348 -0.822230
vn -0.046970 0.635004 -0.771080
vn 0.044077 0.538033 -0.841771
vn -0.142387 0.418790 -0.896851
vn -0.602976 -0.078215 -0.793916
vn -0.448794 0.131731 -0.883873
vn -0.212104 -0.043918 -0.976260
vn -0.393795 -0.236102 -0.888359
vn -0.448794 0.131731 -0.883873
vn -0.142387 0.418790 -0.896851
vn 0.077130 0.214635 -0.973644
vn -0.212104 -0.043918 -0.976260
vn -0.142387 0.418790 -0.896851
vn 0.044077 0.538033 -0.841771
vn 0.141262 0.393238 -0.908520
vn 0.077130 0.214635 -0.973644
vn -0.393795 -0.236102 -0.888359
vn -0.212104 -0.043918 -0.976260
vn 0.024313 -0.215569 -0.976186
vn -0.144336 -0.365492 -0.919556
vn -0.212104 -0.043918 -0.976260
vn 0.077130 0.214635 -0.973644
vn 0.215384 -0.013843 -0.976431
vn 0.024313 -0.215569 -0.976186
vn 0.077130 0.214635 -0.973644
vn 0.141262 0.393238 -0.908520
vn 0.244118 0.087868 -0.965756
vn 0.215384 -0.013843 -0.976431
vn 0.453724 0.837497 -0.304521
vn 0.472549 0.881216 -0.012462
vn 0.580214 0.811782 -0.066041
vn 0.502825 0.798830 -0.330209
vn 0.472549 0.881216 -0.012462
vn 0.486054 0.808531 0.331707
vn 0.623842 0.704770 0.337817
vn 0.580214 0.811782 -0.066041
vn 0.486054 0.808531 0.331707
vn 0.486710 0.666625 0.564557
vn 0.610234 0.586622 0.532437
vn 0.623842 0.704770 0.337817
vn 0.502825 0.798830 -0.330209
vn 0.580214 0.811782 -0.066041
vn 0.798848 0.594845 -0.089446
vn 0.708127 0.611848 -0.352417
vn 0.580214 0.811782 -0.066041
vn 0.623842 0.704770 0.337817
vn 0.830362 0.481605 0.280278
vn 0.798848 0.594845 -0.089446
vn 0.623842 0.704770 0.337817
vn 0.610234 0.586622 0.532437
vn 0.746007 0.479325 0.462300
vn 0.830362 0.481605 0.280278
vn 0.708127 0.611848 -0.352417
vn 0.798848 0.594845 -0.089446
vn 0.934359 0.337275 -0.114976
vn 0.864237 0.376886 -0.333243
vn 0.798848 0.594845 -0.089446
vn 0.830362 0.481605 0.280278
vn 0.948211 0.276776 0.155855
vn 0.934359 0.337275 -0.114976
vn 0.830362 0.481605 0.280278
vn 0.746007 0.479325 0.462300
vn 0.920694 0.293673 0.257058
vn 0.948211 0.276776 0.155855
vn -0.560184 0.780871 0.276468
vn -0.307775 0.925274 0.221681
vn -0.391080 0.913615 0.111191
vn -0.598461 0.769810 0.221892
vn -0.307775 0.925274 0.221681
vn 0.008268 0.996436 0.083947
vn -0.028700 0.995998 -0.084642
vn -0.391080 0.913615 0.111191
vn 0.008268 0.996436 0.083947
vn 0.236776 0.969558 -0.062405
vn 0.167902 0.966057 -0.196323
vn -0.028700 0.995998 -0.084642
vn -0.598461 0.769810 0.221892
vn -0.391080 0.913615 0.111191
vn -0.473435 0.861826 -0.181975
vn -0.678040 0.733787 -0.042633
vn -0.391080 0.913615 0.111191
vn -0.028700 0.995998 -0.084642
vn -0.136451 0.921004 -0.364874
vn -0.473435 0.861826 -0.181975
vn -0.028700 0.995998 -0.084642
vn 0.167902 0.966057 -0.196323
vn 0.062917 0.935498 -0.347685
vn -0.136451 0.921004 -0.364874
vn -0.678040 0.733787 -0.042633
vn -0.473435 0.861826 -0.181975
vn -0.519500 0.732541 -0.439890
vn -0.694500 0.648471 -0.311697
vn -0.473435 0.861826 -0.181975
vn -0.136451 0.921004 -0.364874
vn -0.271691 0.787817 -0.552747
vn -0.519500 0.732541 -0.439890
vn -0.136451 0.921004 -0.364874
vn 0.062917 0.935498 -0.347685
vn -0.170813 0.820367 -0.545730
vn -0.271691 0.787817 -0.552747
vn -0.271581 0.859517 0.432983
vn -0.174535 0.968848 0.175704
vn -0.309146 0.934741 0.175179
vn -0.335407 0.837372 0.431637
vn -0.174535 0.968848 0.175704
vn -0.087924 0.982328 -0.165228
vn -0.238537 0.941300 -0.238860
vn -0.309146 0.934741 0.175179
vn -0.087924 0.982328 -0.165228
vn -0.048257 0.904579 -0.423566
vn -0.192606 0.871457 -0.451071
vn -0.238537 0.941300 -0.238860
vn -0.335407 0.837372 0.431637
vn -0.309146 0.934741 0.175179
vn -0.574566 0.815308 0.071745
vn -0.579940 0.740272 0.340099
vn -0.309146 0.934741 0.175179
vn -0.238537 0.941300 -0.238860
vn -0.506763 0.804386 -0.310087
vn -0.574566 0.815308 0.071745
vn -0.238537 0.941300 -0.238860
vn -0.192606 0.871457 -0.451071
vn -0.368893 0.810078 -0.455731
vn -0.506763 0.804386 -0.310087
vn -0.579940 0.740272 0.340099
vn -0.574566 0.815308 0.071745
vn -0.778089 0.627773 -0.021882
vn -0.779886 0.590441 0.207746
vn -0.574566 0.815308 0.071745
vn -0.506763 0.804386 -0.310087
vn -0.713758 0.636602 -0.292040
vn -0.778089 0.627773 -0.021882
vn -0.506763 0.804386 -0.310087
vn -0.368893 0.810078 -0.455731
vn -0.649225 0.663385 -0.372058
vn -0.713758 0.636602 -0.292040
vn -0.464703 0.611644 -0.640268
vn -0.260872 0.800813 -0.539115
vn -0.219788 0.727661 -0.649771
vn -0.443316 0.571691 -0.690392
vn -0.260872 0.800813 -0.539115
vn 0.039291 0.917122 -0.396665
vn 0.155314 0.849120 -0.504849
vn -0.219788 0.727661 -0.649771
vn 0.039291 0.917122 -0.396665
vn 0.286291 0.915969 -0.281135
vn 0.355536 0.846797 -0.395637
vn 0.155314 0.849120 -0.504849
vn -0.443316 0.571691 -0.690392
vn -0.219788 0.727661 -0.649771
vn -0.033634 0.558358 -0.828918
vn -0.277255 0.426807 -0.860794
vn -0.219788 0.727661 -0.649771
vn 0.155314 0.849120 -0.504849
vn 0.314024 0.655532 -0.686780
vn -0.033634 0.558358 -0.828918
vn 0.155314 0.849120 -0.504849
vn 0.355536 0.846797 -0.395637
vn 0.415534 0.736462 -0.533812
vn 0.314024 0.655532 -0.686780
vn -0.277255 0.426807 -0.860794
vn -0.033634 0.558358 -0.828918
vn 0.136581 0.343164 -0.929292
vn -0.076498 0.256283 -0.963570
vn -0.033634 0.558358 -0.828918
vn 0.314024 0.655532 -0.686780
vn 0.375840 0.432282 -0.819681
vn 0.136581 0.343164 -0.929292
vn 0.314024 0.655532 -0.686780
vn 0.415534 0.736462 -0.533812
vn 0.431173 0.495110 -0.754292
vn 0.375840 0.432282 -0.819681
vn 0.209891 0.762037 0.612573
vn 0.006274 0.895730 0.444554
vn -0.046195 0.830380 0.555280
vn 0.184523 0.725271 0.663275
vn 0.006274 0.895730 0.444554
vn -0.269506 0.935280 0.229385
vn -0.394376 0.860602 0.322229
vn -0.046195 0.830380 0.555280
vn -0.269506 0.935280 0.229385
vn -0.481590 0.873640 0.069456
vn -0.562643 0.807364 0.177754
vn -0.394376 0.860602 0.322229
vn 0.184523 0.725271 0.663275
vn -0.046195 0.830380 0.555280
vn -0.238311 0.652585 0.719264
vn 0.009840 0.573960 0.818824
vn -0.046195 0.830380 0.555280
vn -0.394376 0.860602 0.322229
vn -0.556872 0.664626 0.498162
vn -0.238311 0.652585 0.719264
vn -0.394376 0.860602 0.322229
vn -0.562643 0.807364 0.177754
vn -0.633549 0.705623 0.317351
vn -0.556872 0.664626 0.498162
vn 0.009840 0.573960 0.818824
vn -0.238311 0.652585 0.719264
vn -0.390489 0.423347 0.817494
vn -0.179287 0.382828 0.906255
vn -0.238311 0.652585 0.719264
vn -0.556872 0.664626 0.498162
vn -0.610617 0.451857 0.650363
vn -0.390489 0.423347 0.817494
vn -0.556872 0.664626 0.498162
vn -0.633549 0.705623 0.317351
vn -0.659325 0.494659 0.566218
vn -0.610617 0.451857 0.650363
vn -0.103831 0.934126 -0.341508
vn -0.131165 0.989985 -0.052204
vn -0.000315 0.995145 -0.098414
vn -0.039995 0.930771 -0.363410
vn -0.131165 0.989985 -0.052204
vn -0.097882 0.950169 0.295969
vn 0.073918 0.947122 0.312243
vn -0.000315 0.995145 -0.098414
vn -0.097882 0.950169 0.295969
vn -0.028087 0.843188 0.536885
vn 0.120522 0.849779 0.513176
vn 0.073918 0.947122 0.312243
vn -0.039995 0.930771 -0.363410
vn -0.000315 0.995145 -0.098414
vn 0.304753 0.946904 -0.102460
vn 0.236718 0.899005 -0.368449
vn -0.000315 0.995145 -0.098414
vn 0.073918 0.947122 0.312243
vn 0.374806 0.885636 0.274171
vn 0.304753 0.946904 -0.102460
vn 0.073918 0.947122 0.312243
vn 0.120522 0.849779 0.513176
vn 0.297205 0.840227 0.453528
vn 0.374806 0.885636 0.274171
vn 0.236718 0.899005 -0.368449
vn 0.304753 0.946904 -0.102460
vn 0.566363 0.816978 -0.108536
vn 0.499197 0.800900 -0.330699
vn 0.304753 0.946904 -0.102460
vn 0.374806 0.885636 0.274171
vn 0.597093 0.784864 0.165738
vn 0.566363 0.816978 -0.108536
vn 0.374806 0.885636 0.274171
vn 0.297205 0.840227 0.453528
vn 0.559037 0.785684 0.264913
vn 0.597093 0.784864 0.165738
vn -0.261892 0.907540 -0.328305
vn -0.235358 0.971064 -0.040513
vn -0.117739 0.986632 -0.112673
vn -0.203806 0.909314 -0.362784
vn -0.235358 0.971064 -0.040513
vn -0.128459 0.947125 0.294027
vn 0.042528 0.960576 0.274745
vn -0.117739 0.986632 -0.112673
vn -0.128459 0.947125 0.294027
vn -0.001145 0.855849 0.517225
vn 0.138198 0.875299 0.463415
vn 0.042528 0.960576 0.274745
vn -0.203806 0.909314 -0.362784
vn -0.117739 0.986632 -0.112673
vn 0.183404 0.966706 -0.178445
vn 0.067894 0.903123 -0.423980
vn -0.117739 0.986632 -0.112673
vn 0.042528 0.960576 0.274745
vn 0.333999 0.925853 0.176752
vn 0.183404 0.966706 -0.178445
vn 0.042528 0.960576 0.274745
vn 0.138198 0.875299 0.463415
vn 0.299192 0.879980 0.368943
vn 0.333999 0.925853 0.176752
vn 0.067894 0.903123 -0.423980
vn 0.183404 0.966706 -0.178445
vn 0.449794 0.861406 -0.235935
vn 0.340897 0.831153 -0.439288
vn 0.183404 0.966706 -0.178445
vn 0.333999 0.925853 0.176752
vn 0.538474 0.842219 0.026686
vn 0.449794 0.861406 -0.235935
vn 0.333999 0.925853 0.176752
vn 0.299192 0.879980 0.368943
vn 0.521416 0.843104 0.131534
vn 0.538474 0.842219 0.026686
vn 0.209891 0.762036 0.612574
vn 0.006274 0.895730 0.444555
vn -0.046194 0.830379 0.555280
vn 0.184523 0.725270 0.663275
vn 0.006274 0.895730 0.444555
vn -0.269507 0.935280 0.229385
vn -0.394376 0.860602 0.322230
vn -0.046194 0.830379 0.555280
vn -0.269507 0.935280 0.229385
vn -0.481591 0.873639 0.069455
vn -0.562643 0.807364 0.177753
vn -0.394376 0.860602 0.322230
vn 0.184523 0.725270 0.663275
vn -0.046194 0.830379 0.555280
vn -0.238311 0.652585 0.719264
vn 0.009841 0.573960 0.818824
vn -0.046194 0.830379 0.555280
vn -0.394376 0.860602 0.322230
vn -0.556872 0.664626 0.498162
vn -0.238311 0.652585 0.719264
vn -0.394376 0.860602 0.322230
vn -0.562643 0.807364 0.177753
vn -0.633549 0.705623 0.317350
vn -0.556872 0.664626 0.498162
vn 0.009841 0.573960 0.818824
vn -0.238311 0.652585 0.719264
vn -0.390488 0.423347 0.817494
vn -0.179286 0.382828 0.906256
vn -0.238311 0.652585 0.719264
vn -0.556872 0.664626 0.498162
vn -0.610616 0.451857 0.650364
vn -0.390488 0.423347 0.817494
vn -0.556872 0.664626 0.498162
vn -0.633549 0.705623 0.317350
vn -0.659324 0.494659 0.566219
vn -0.610616 0.451857 0.650364
vn -0.508610 0.853713 0.111757
vn -0.238700 0.954371 0.179441
vn -0.269360 0.962024 0.044218
vn -0.521918 0.851779 0.045537
vn -0.238700 0.954371 0.179441
vn 0.112549 0.975450 0.189289
vn 0.149232 0.988576 0.021148
vn -0.269360 0.962024 0.044218
vn 0.112549 0.975450 0.189289
vn 0.374921 0.915601 0.145287
vn 0.368104 0.929774 -0.004523
vn 0.149232 0.988576 0.021148
vn -0.521918 0.851779 0.045537
vn -0.269360 0.962024 0.044218
vn -0.228980 0.937773 -0.261055
vn -0.488716 0.841345 -0.230855
vn -0.269360 0.962024 0.044218
vn 0.149232 0.988576 0.021148
vn 0.158156 0.945346 -0.285145
vn -0.228980 0.937773 -0.261055
vn 0.149232 0.988576 0.021148
vn 0.368104 0.929774 -0.004523
vn 0.332266 0.924321 -0.187695
vn 0.158156 0.945346 -0.285145
vn -0.488716 0.841345 -0.230855
vn -0.228980 0.937773 -0.261055
vn -0.181497 0.829485 -0.528217
vn -0.403818 0.771662 -0.491396
vn -0.228980 0.937773 -0.261055
vn 0.158156 0.945346 -0.285145
vn 0.095863 0.845706 -0.524969
vn -0.181497 0.829485 -0.528217
vn 0.158156 0.945346 -0.285145
vn 0.332266 0.924321 -0.187695
vn 0.188199 0.859950 -0.474412
vn 0.095863 0.845706 -0.524969
vn -0.259282 0.803599 0.535725
vn -0.192232 0.946525 0.259107
vn -0.305171 0.909730 0.281534
vn -0.308018 0.783844 0.539179
vn -0.192232 0.946525 0.259107
vn -0.137983 0.986994 -0.082490
vn -0.255427 0.956070 -0.143830
vn -0.305171 0.909730 0.281534
vn -0.137983 0.986994 -0.082490
vn -0.109213 0.936898 -0.332107
vn -0.201303 0.910290 -0.361731
vn -0.255427 0.956070 -0.143830
vn -0.308018 0.783844 0.539179
vn -0.305171 0.909730 0.281534
vn -0.540390 0.821762 0.180792
vn -0.518415 0.714321 0.470098
vn -0.305171 0.909730 0.281534
vn -0.255427 0.956070 -0.143830
vn -0.471904 0.851036 -0.230314
vn -0.540390 0.821762 0.180792
vn -0.255427 0.956070 -0.143830
vn -0.201303 0.910290 -0.361731
vn -0.348070 0.853806 -0.387121
vn -0.471904 0.851036 -0.230314
vn -0.518415 0.714321 0.470098
vn -0.540390 0.821762 0.180792
vn -0.745740 0.662372 0.071660
vn -0.735138 0.588490 0.336529
vn -0.540390 0.821762 0.180792
vn -0.471904 0.851036 -0.230314
vn -0.676626 0.691725 -0.252375
vn -0.745740 0.662372 0.071660
vn -0.471904 0.851036 -0.230314
vn -0.348070 0.853806 -0.387121
vn -0.605279 0.720645 -0.338096
vn -0.676626 0.691725 -0.252375
vn -0.685983 0.726717 0.036186
vn -0.457500 0.883666 -0.099137
vn -0.544202 0.812502 -0.209011
vn -0.725623 0.687746 -0.021855
vn -0.457500 0.883666 -0.099137
vn -0.205641 0.937975 -0.279133
vn -0.255845 0.873229 -0.414745
vn -0.544202 0.812502 -0.209011
vn -0.205641 0.937975 -0.279133
vn -0.054549 0.917161 -0.394766
vn -0.092096 0.857912 -0.505475
vn -0.255845 0.873229 -0.414745
vn -0.725623 0.687746 -0.021855
vn -0.544202 0.812502 -0.209011
vn -0.603720 0.631949 -0.485965
vn -0.789940 0.524563 -0.317535
vn -0.544202 0.812502 -0.209011
vn -0.255845 0.873229 -0.414745
vn -0.305614 0.682075 -0.664360
vn -0.603720 0.631949 -0.485965
vn -0.255845 0.873229 -0.414745
vn -0.092096 0.857912 -0.505475
vn -0.150669 0.752985 -0.640557
vn -0.305614 0.682075 -0.664360
vn -0.789940 0.524563 -0.317535
vn -0.603720 0.631949 -0.485965
vn -0.574141 0.391645 -0.719011
vn -0.753794 0.313577 -0.577463
vn -0.603720 0.631949 -0.485965
vn -0.305614 0.682075 -0.664360
vn -0.363129 0.457976 -0.811416
vn -0.574141 0.391645 -0.719011
vn -0.305614 0.682075 -0.664360
vn -0.150669 0.752985 -0.640557
vn -0.293399 0.513414 -0.806426
vn -0.363129 0.457976 -0.811416
vn -0.201847 0.874700 0.440632
vn -0.121479 0.980681 0.153325
vn -0.235819 0.955575 0.176822
vn -0.251904 0.860176 0.443444
vn -0.121479 0.980681 0.153325
vn -0.062542 0.981102 -0.183108
vn -0.177686 0.953987 -0.241531
vn -0.235819 0.955575 0.176822
vn -0.062542 0.981102 -0.183108
vn -0.035263 0.905071 -0.423796
vn -0.128011 0.883160 -0.451267
vn -0.177686 0.953987 -0.241531
vn -0.251904 0.860176 0.443444
vn -0.235819 0.955575 0.176822
vn -0.464519 0.881843 0.081082
vn -0.462131 0.805942 0.369991
vn -0.235819 0.955575 0.176822
vn -0.177686 0.953987 -0.241531
vn -0.393291 0.862087 -0.319576
vn -0.464519 0.881843 0.081082
vn -0.177686 0.953987 -0.241531
vn -0.128011 0.883160 -0.451267
vn -0.273502 0.838306 -0.471636
vn -0.393291 0.862087 -0.319576
vn -0.462131 0.805942 0.369991
vn -0.464519 0.881843 0.081082
vn -0.671957 0.740444 -0.014709
vn -0.673030 0.697689 0.245481
vn -0.464519 0.881843 0.081082
vn -0.393291 0.862087 -0.319576
vn -0.600029 0.728434 -0.330681
vn -0.671957 0.740444 -0.014709
vn -0.393291 0.862087 -0.319576
vn -0.273502 0.838306 -0.471636
vn -0.529015 0.740152 -0.415112
vn -0.600029 0.728434 -0.330681
vn -0.357895 0.645003 -0.675191
vn -0.218136 0.793131 -0.568647
vn -0.172339 0.738991 -0.651300
vn -0.342126 0.605773 -0.718324
vn -0.218136 0.793131 -0.568647
vn 0.004282 0.912095 -0.409957
vn 0.120473 0.851725 -0.509951
vn -0.172339 0.738991 -0.651300
vn 0.004282 0.912095 -0.409957
vn 0.213203 0.934004 -0.286672
vn 0.275223 0.862345 -0.424986
vn 0.120473 0.851725 -0.509951
vn -0.342126 0.605773 -0.718324
vn -0.172339 0.738991 -0.651300
vn -0.013419 0.558793 -0.829199
vn -0.226914 0.458214 -0.859390
vn -0.172339 0.738991 -0.651300
vn 0.120473 0.851725 -0.509951
vn 0.246494 0.669133 -0.701072
vn -0.013419 0.558793 -0.829199
vn 0.120473 0.851725 -0.509951
vn 0.275223 0.862345 -0.424986
vn 0.317415 0.761912 -0.564568
vn 0.246494 0.669133 -0.701072
vn -0.226914 0.458214 -0.859390
vn -0.013419 0.558793 -0.829199
vn 0.123770 0.357124 -0.925820
vn -0.055946 0.256633 -0.964888
vn -0.013419 0.558793 -0.829199
vn 0.246494 0.669133 -0.701072
vn 0.287732 0.453074 -0.843762
vn 0.123770 0.357124 -0.925820
vn 0.246494 0.669133 -0.701072
vn 0.317415 0.761912 -0.564568
vn 0.329515 0.518092 -0.789304
vn 0.287732 0.453074 -0.843762
vn -0.259282 0.803599 0.535725
vn -0.192232 0.946525 0.259107
vn -0.305171 0.909730 0.281534
vn -0.308018 0.783844 0.539179
vn -0.192232 0.946525 0.259107
vn -0.137983 0.986994 -0.082490
vn -0.255427 0.956070 -0.143830
vn -0.305171 0.909730 0.281534
vn -0.137983 0.986994 -0.082490
vn -0.109213 0.936898 -0.332107
vn -0.201303 0.910290 -0.361731
vn -0.255427 0.956070 -0.143830
vn -0.308018 0.783844 0.539179
vn -0.305171 0.909730 0.281534
vn -0.540390 0.821762 0.180792
vn -0.518415 0.714321 0.470098
vn -0.305171 0.909730 0.281534
vn -0.255427 0.956070 -0.143830
vn -0.471904 0.851036 -0.230314
vn -0.540390 0.821762 0.180792
vn -0.255427 0.956070 -0.143830
vn -0.201303 0.910290 -0.361731
vn -0.348070 0.853806 -0.387121
vn -0.471904 0.851036 -0.230314
vn -0.518415 0.714321 0.470098
vn -0.540390 0.821762 0.180792
vn -0.745740 0.662372 0.071660
vn -0.735138 0.588490 0.336529
vn -0.540390 0.821762 0.180792
vn -0.471904 0.851036 -0.230314
vn -0.676626 0.691725 -0.252375
vn -0.745740 0.662372 0.071660
vn -0.471904 0.851036 -0.230314
vn -0.348070 0.853806 -0.387121
vn -0.605279 0.720645 -0.338096
vn -0.676626 0.691725 -0.252375
vn 0.154890 0.769992 0.618969
vn 0.029298 0.879325 0.475321
vn -0.023557 0.834388 0.550675
vn 0.138753 0.737165 0.661313
vn 0.029298 0.879325 0.475321
vn -0.174404 0.950968 0.255426
vn -0.308918 0.889957 0.335479
vn -0.023557 0.834388 0.550675
vn -0.174404 0.950968 0.255426
vn -0.372450 0.925133 0.073549
vn -0.453512 0.866843 0.207146
vn -0.308918 0.889957 0.335479
vn 0.138753 0.737165 0.661313
vn -0.023557 0.834388 0.550675
vn -0.193042 0.659566 0.726435
vn 0.027075 0.597948 0.801077
vn -0.023557 0.834388 0.550675
vn -0.308918 0.889957 0.335479
vn -0.450152 0.715410 0.534370
vn -0.193042 0.659566 0.726435
vn -0.308918 0.889957 0.335479
vn -0.453512 0.866843 0.207146
vn -0.514914 0.777719 0.360579
vn -0.450152 0.715410 0.534370
vn 0.027075 0.597948 0.801077
vn -0.193042 0.659566 0.726435
vn -0.314152 0.444471 0.838900
vn -0.131932 0.385732 0.913129
vn -0.193042 0.659566 0.726435
vn -0.450152 0.715410 0.534370
vn -0.493677 0.500657 0.711074
vn -0.314152 0.444471 0.838900
vn -0.450152 0.715410 0.534370
vn -0.514914 0.777719 0.360579
vn -0.539320 0.554030 0.634180
vn -0.493677 0.500657 0.711074
vn -0.790547 0.611644 0.030456
vn -0.593168 0.800813 -0.082772
vn -0.662324 0.727661 -0.178427
vn -0.820329 0.571691 -0.015182
vn -0.593168 0.800813 -0.082772
vn -0.307917 0.917122 -0.253130
vn -0.333367 0.849120 -0.409709
vn -0.662324 0.727661 -0.178427
vn -0.307917 0.917122 -0.253130
vn -0.074594 0.915969 -0.394254
vn -0.131294 0.846797 -0.515458
vn -0.333367 0.849120 -0.409709
vn -0.820329 0.571691 -0.015182
vn -0.662324 0.727661 -0.178427
vn -0.707788 0.558358 -0.432750
vn -0.869691 0.426807 -0.247940
vn -0.662324 0.727661 -0.178427
vn -0.333367 0.849120 -0.409709
vn -0.396398 0.655532 -0.642764
vn -0.707788 0.558358 -0.432750
vn -0.333367 0.849120 -0.409709
vn -0.131294 0.846797 -0.515458
vn -0.212814 0.736462 -0.642133
vn -0.396398 0.655532 -0.642764
vn -0.869691 0.426807 -0.247940
vn -0.707788 0.558358 -0.432750
vn -0.696625 0.343164 -0.630041
vn -0.843550 0.256284 -0.471955
vn -0.707788 0.558358 -0.432750
vn -0.396398 0.655532 -0.642764
vn -0.472523 0.432283 -0.768019
vn -0.696625 0.343164 -0.630041
vn -0.396398 0.655532 -0.642764
vn -0.212814 0.736462 -0.642133
vn -0.387410 0.495110 -0.777676
vn -0.472523 0.432283 -0.768019
vn -0.464702 0.611643 -0.640269
vn -0.260871 0.800813 -0.539116
vn -0.219788 0.727661 -0.649771
vn -0.443316 0.571691 -0.690392
vn -0.260871 0.800813 -0.539116
vn 0.039291 0.917122 -0.396666
vn 0.155314 0.849120 -0.504849
vn -0.219788 0.727661 -0.649771
vn 0.039291 0.917122 -0.396666
vn 0.286291 0.915969 -0.281137
vn 0.355536 0.846797 -0.395638
vn 0.155314 0.849120 -0.504849
vn -0.443316 0.571691 -0.690392
vn -0.219788 0.727661 -0.649771
vn -0.033634 0.558359 -0.828918
vn -0.277255 0.426807 -0.860793
vn -0.219788 0.727661 -0.649771
vn 0.155314 0.849120 -0.504849
vn 0.314024 0.655532 -0.686780
vn -0.033634 0.558359 -0.828918
vn 0.155314 0.849120 -0.504849
vn 0.355536 0.846797 -0.395638
vn 0.415535 0.736461 -0.533812
vn 0.314024 0.655532 -0.686780
vn -0.277255 0.426807 -0.860793
vn -0.033634 0.558359 -0.828918
vn 0.136582 0.343164 -0.929292
vn -0.076498 0.256283 -0.963570
vn -0.033634 0.558359 -0.828918
vn 0.314024 0.655532 -0.686780
vn 0.375841 0.432283 -0.819680
vn 0.136582 0.343164 -0.929292
vn 0.314024 0.655532 -0.686780
vn 0.415535 0.736461 -0.533812
vn 0.431173 0.495110 -0.754291
vn 0.375841 0.432283 -0.819680
vn 0.209891 0.762037 0.612573
vn 0.006274 0.895730 0.444554
vn -0.046195 0.830380 0.555280
vn 0.184523 0.725271 0.663275
vn 0.006274 0.895730 0.444554
vn -0.269507 0.935280 0.229385
vn -0.394376 0.860602 0.322229
vn -0.046195 0.830380 0.555280
vn -0.269507 0.935280 0.229385
vn -0.481591 0.873640 0.069457
vn -0.562643 0.807364 0.177754
vn -0.394376 0.860602 0.322229
vn 0.184523 0.725271 0.663275
vn -0.046195 0.830380 0.555280
vn -0.238311 0.652585 0.719264
vn 0.009840 0.573960 0.818824
vn -0.046195 0.830380 0.555280
vn -0.394376 0.860602 0.322229
vn -0.556872 0.664626 0.498162
vn -0.238311 0.652585 0.719264
vn -0.394376 0.860602 0.322229
vn -0.562643 0.807364 0.177754
vn -0.633549 0.705624 0.317350
vn -0.556872 0.664626 0.498162
vn 0.009840 0.573960 0.818824
vn -0.238311 0.652585 0.719264
vn -0.390488 0.423347 0.817494
vn -0.179287 0.382828 0.906256
vn -0.238311 0.652585 0.719264
vn -0.556872 0.664626 0.498162
vn -0.610616 0.451857 0.650363
vn -0.390488 0.423347 0.817494
vn -0.556872 0.664626 0.498162
vn -0.633549 0.705624 0.317350
vn -0.659325 0.494658 0.566219
vn -0.610616 0.451857 0.650363
vn 0.411747 0.840319 0.352603
vn 0.231131 0.939039 0.254528
vn 0.212379 0.903569 0.372100
vn 0.408014 0.813423 0.414568
vn 0.231131 0.939039 0.254528
vn -0.024342 0.987565 0.155316
vn -0.099778 0.947515 0.303742
vn 0.212379 0.903569 0.372100
vn -0.024342 0.987565 0.155316
vn -0.237379 0.965196 0.109759
vn -0.265290 0.925587 0.270018
vn -0.099778 0.947515 0.303742
vn 0.408014 0.813423 0.414568
vn 0.212379 0.903569 0.372100
vn 0.110706 0.764942 0.634514
vn 0.327837 0.697883 0.636775
vn 0.212379 0.903569 0.372100
vn -0.099778 0.947515 0.303742
vn -0.169708 0.806773 0.565965
vn 0.110706 0.764942 0.634514
vn -0.099778 0.947515 0.303742
vn -0.265290 0.925587 0.270018
vn -0.274048 0.858611 0.433227
vn -0.169708 0.806773 0.565965
vn 0.327837 0.697883 0.636775
vn 0.110706 0.764942 0.634514
vn 0.014367 0.578471 0.815576
vn 0.197841 0.518749 0.831720
vn 0.110706 0.764942 0.634514
vn -0.169708 0.806773 0.565965
vn -0.169499 0.628428 0.759176
vn 0.014367 0.578471 0.815576
vn -0.169708 0.806773 0.565965
vn -0.274048 0.858611 0.433227
vn -0.223752 0.672062 0.705881
vn -0.169499 0.628428 0.759176
vn -0.259282 0.803599 0.535725
vn -0.192232 0.946525 0.259107
vn -0.305171 0.909730 0.281534
vn -0.308018 0.783844 0.539179
vn -0.192232 0.946525 0.259107
vn -0.137983 0.986994 -0.082490
vn -0.255427 0.956070 -0.143830
vn -0.305171 0.909730 0.281534
vn -0.137983 0.986994 -0.082490
vn -0.109213 0.936898 -0.332107
vn -0.201303 0.910290 -0.361731
vn -0.255427 0.956070 -0.143830
vn -0.308018 0.783844 0.539179
vn -0.305171 0.909730 0.281534
vn -0.540390 0.821762 0.180792
vn -0.518415 0.714321 0.470098
vn -0.305171 0.909730 0.281534
vn -0.255427 0.956070 -0.143830
vn -0.471904 0.851036 -0.230314
vn -0.540390 0.821762 0.180792
vn -0.255427 0.956070 -0.143830
vn -0.201303 0.910290 -0.361731
vn -0.348070 0.853806 -0.387121
vn -0.471904 0.851036 -0.230314
vn -0.518415 0.714321 0.470098
vn -0.540390 0.821762 0.180792
vn -0.745740 0.662372 0.071660
vn -0.735138 0.588490 0.336529
vn -0.540390 0.821762 0.180792
vn -0.471904 0.851036 -0.230314
vn -0.676626 0.691725 -0.252375
vn -0.745740 0.662372 0.071660
vn -0.471904 0.851036 -0.230314
vn -0.348070 0.853806 -0.387121
vn -0.605279 0.720645 -0.338096
vn -0.676626 0.691725 -0.252375
vn 0.619876 0.707012 -0.340424
vn 0.450353 0.885822 -0.111807
vn 0.570535 0.819691 -0.050962
vn 0.672798 0.673086 -0.307080
vn 0.450353 0.885822 -0.111807
vn 0.262152 0.948945 0.175443
vn 0.350921 0.893356 0.280659
vn 0.570535 0.819691 -0.050962
vn 0.262152 0.948945 0.175443
vn 0.149567 0.924889 0.349586
vn 0.209519 0.876198 0.434025
vn 0.350921 0.893356 0.280659
vn 0.672798 0.673086 -0.307080
vn 0.570535 0.819691 -0.050962
vn 0.724233 0.662006 0.192966
vn 0.841903 0.535767 -0.064448
vn 0.570535 0.819691 -0.050962
vn 0.350921 0.893356 0.280659
vn 0.476804 0.719527 0.504915
vn 0.724233 0.662006 0.192966
vn 0.350921 0.893356 0.280659
vn 0.209519 0.876198 0.434025
vn 0.307838 0.776454 0.549868
vn 0.476804 0.719527 0.504915
vn 0.841903 0.535767 -0.064448
vn 0.724233 0.662006 0.192966
vn 0.790299 0.424709 0.441644
vn 0.917111 0.337654 0.211892
vn 0.724233 0.662006 0.192966
vn 0.476804 0.719527 0.504915
vn 0.586335 0.492335 0.643286
vn 0.790299 0.424709 0.441644
vn 0.476804 0.719527 0.504915
vn 0.307838 0.776454 0.549868
vn 0.506103 0.547781 0.666181
vn 0.586335 0.492335 0.643286
vn 0.154890 0.769992 0.618969
vn 0.029298 0.879325 0.475321
vn -0.023557 0.834388 0.550675
vn 0.138753 0.737165 0.661313
vn 0.029298 0.879325 0.475321
vn -0.174404 0.950968 0.255426
vn -0.308918 0.889957 0.335479
vn -0.023557 0.834388 0.550675
vn -0.174404 0.950968 0.255426
vn -0.372450 0.925133 0.073549
vn -0.453512 0.866843 0.207146
vn -0.308918 0.889957 0.335479
vn 0.138753 0.737165 0.661313
vn -0.023557 0.834388 0.550675
vn -0.193042 0.659566 0.726435
vn 0.027075 0.597948 0.801077
vn -0.023557 0.834388 0.550675
vn -0.308918 0.889957 0.335479
vn -0.450152 0.715410 0.534370
vn -0.193042 0.659566 0.726435
vn -0.308918 0.889957 0.335479
vn -0.453512 0.866843 0.207146
vn -0.514914 0.777719 0.360579
vn -0.450152 0.715410 0.534370
vn 0.027075 0.597948 0.801077
vn -0.193042 0.659566 0.726435
vn -0.314152 0.444471 0.838900
vn -0.131932 0.385732 0.913129
vn -0.193042 0.659566 0.726435
vn -0.450152 0.715410 0.534370
vn -0.493677 0.500657 0.711074
vn -0.314152 0.444471 0.838900
vn -0.450152 0.715410 0.534370
vn -0.514914 0.777719 0.360579
vn -0.539320 0.554030 0.634180
vn -0.493677 0.500657 0.711074
vn -0.264596 -0.113326 -0.957677
vn -0.327129 0.174452 -0.928737
vn -0.196720 0.148964 -0.969077
vn -0.199822 -0.126581 -0.971622
vn -0.327129 0.174452 -0.928737
vn -0.315844 0.503509 -0.804190
vn -0.149089 0.541525 -0.827359
vn -0.196720 0.148964 -0.969077
vn -0.315844 0.503509 -0.804190
vn -0.246101 0.718059 -0.651019
vn -0.100567 0.716918 -0.689866
vn -0.149089 0.541525 -0.827359
vn -0.199822 -0.126581 -0.971622
vn -0.196720 0.148964 -0.969077
vn 0.110979 0.174356 -0.978409
vn 0.076925 -0.101930 -0.991813
vn -0.196720 0.148964 -0.969077
vn -0.149089 0.541525 -0.827359
vn 0.160128 0.530440 -0.832461
vn 0.110979 0.174356 -0.978409
vn -0.149089 0.541525 -0.827359
vn -0.100567 0.716918 -0.689866
vn 0.078689 0.681099 -0.727950
vn 0.160128 0.530440 -0.832461
vn 0.076925 -0.101930 -0.991813
vn 0.110979 0.174356 -0.978409
vn 0.393280 0.171959 -0.903195
vn 0.349834 -0.054342 -0.935234
vn 0.110979 0.174356 -0.978409
vn 0.160128 0.530440 -0.832461
vn 0.406724 0.431597 -0.805170
vn 0.393280 0.171959 -0.903195
vn 0.160128 0.530440 -0.832461
vn 0.078689 0.681099 -0.727950
vn 0.361090 0.521903 -0.772808
vn 0.406724 0.431597 -0.805170
vn -0.377436 0.621475 0.686521
vn -0.121372 0.761265 0.636981
vn -0.224729 0.801884 0.553606
vn -0.426479 0.636579 0.642560
vn -0.121372 0.761265 0.636981
vn 0.170162 0.866170 0.469887
vn 0.102550 0.938852 0.328696
vn -0.224729 0.801884 0.553606
vn 0.170162 0.866170 0.469887
vn 0.360665 0.890816 0.276346
vn 0.268124 0.947889 0.172091
vn 0.102550 0.938852 0.328696
vn -0.426479 0.636579 0.642560
vn -0.224729 0.801884 0.553606
vn -0.367346 0.883084 0.291925
vn -0.558708 0.719831 0.411933
vn -0.224729 0.801884 0.553606
vn 0.102550 0.938852 0.328696
vn -0.065712 0.995007 0.075124
vn -0.367346 0.883084 0.291925
vn 0.102550 0.938852 0.328696
vn 0.268124 0.947889 0.172091
vn 0.133265 0.989821 0.049941
vn -0.065712 0.995007 0.075124
vn -0.558708 0.719831 0.411933
vn -0.367346 0.883084 0.291925
vn -0.479487 0.877268 0.022207
vn -0.637731 0.756870 0.142994
vn -0.367346 0.883084 0.291925
vn -0.065712 0.995007 0.075124
vn -0.251883 0.961099 -0.113330
vn -0.479487 0.877268 0.022207
vn -0.065712 0.995007 0.075124
vn 0.133265 0.989821 0.049941
vn -0.147815 0.982009 -0.117510
vn -0.251883 0.961099 -0.113330
vn -0.560184 0.780871 0.276467
vn -0.307775 0.925274 0.221680
vn -0.391080 0.913615 0.111191
vn -0.598462 0.769810 0.221892
vn -0.307775 0.925274 0.221680
vn 0.008268 0.996436 0.083947
vn -0.028701 0.995998 -0.084642
vn -0.391080 0.913615 0.111191
vn 0.008268 0.996436 0.083947
vn 0.236776 0.969558 -0.062404
vn 0.167901 0.966057 -0.196324
vn -0.028701 0.995998 -0.084642
vn -0.598462 0.769810 0.221892
vn -0.391080 0.913615 0.111191
vn -0.473435 0.861826 -0.181974
vn -0.678040 0.733787 -0.042633
vn -0.391080 0.913615 0.111191
vn -0.028701 0.995998 -0.084642
vn -0.136451 0.921004 -0.364873
vn -0.473435 0.861826 -0.181974
vn -0.028701 0.995998 -0.084642
vn 0.167901 0.966057 -0.196324
vn 0.062916 0.935498 -0.347686
vn -0.136451 0.921004 -0.364873
vn -0.678040 0.733787 -0.042633
vn -0.473435 0.861826 -0.181974
vn -0.519500 0.732541 -0.439889
vn -0.694500 0.648471 -0.311696
vn -0.473435 0.861826 -0.181974
vn -0.136451 0.921004 -0.364873
vn -0.271690 0.787818 -0.552746
vn -0.519500 0.732541 -0.439889
vn -0.136451 0.921004 -0.364873
vn 0.062916 0.935498 -0.347686
vn -0.170813 0.820368 -0.545728
vn -0.271690 0.787818 -0.552746
vn -0.271581 0.859516 0.432984
vn -0.174535 0.968848 0.175704
vn -0.309146 0.934741 0.175179
vn -0.335407 0.837372 0.431637
vn -0.174535 0.968848 0.175704
vn -0.087924 0.982329 -0.165228
vn -0.238537 0.941300 -0.238860
vn -0.309146 0.934741 0.175179
vn -0.087924 0.982329 -0.165228
vn -0.048257 0.904579 -0.423566
vn -0.192606 0.871457 -0.451071
vn -0.238537 0.941300 -0.238860
vn -0.335407 0.837372 0.431637
vn -0.309146 0.934741 0.175179
vn -0.574566 0.815308 0.071745
vn -0.579940 0.740272 0.340099
vn -0.309146 0.934741 0.175179
vn -0.238537 0.941300 -0.238860
vn -0.506763 0.804386 -0.310088
vn -0.574566 0.815308 0.071745
vn -0.238537 0.941300 -0.238860
vn -0.192606 0.871457 -0.451071
vn -0.368893 0.810078 -0.455732
vn -0.506763 0.804386 -0.310088
vn -0.579940 0.740272 0.340099
vn -0.574566 0.815308 0.071745
vn -0.778088 0.627774 -0.021882
vn -0.779885 0.590441 0.207746
vn -0.574566 0.815308 0.071745
vn -0.506763 0.804386 -0.310088
vn -0.713758 0.636602 -0.292040
vn -0.778088 0.627774 -0.021882
vn -0.506763 0.804386 -0.310088
vn -0.368893 0.810078 -0.455732
vn -0.649224 0.663385 -0.372059
vn -0.713758 0.636602 -0.292040
vn -0.464702 0.611643 -0.640269
vn -0.260871 0.800813 -0.539115
vn -0.219788 0.727661 -0.649771
vn -0.443316 0.571690 -0.690392
vn -0.260871 0.800813 -0.539115
vn 0.039291 0.917122 -0.396666
vn 0.155314 0.849120 -0.504849
vn -0.219788 0.727661 -0.649771
vn 0.039291 0.917122 -0.396666
vn 0.286291 0.915969 -0.281137
vn 0.355536 0.846797 -0.395638
vn 0.155314 0.849120 -0.504849
vn -0.443316 0.571690 -0.690392
vn -0.219788 0.727661 -0.649771
vn -0.033634 0.558359 -0.828918
vn -0.277256 0.426807 -0.860793
vn -0.219788 0.727661 -0.649771
vn 0.155314 0.849120 -0.504849
vn 0.314024 0.655533 -0.686779
vn -0.033634 0.558359 -0.828918
vn 0.155314 0.849120 -0.504849
vn 0.355536 0.846797 -0.395638
vn 0.415535 0.736462 -0.533812
vn 0.314024 0.655533 -0.686779
vn -0.277256 0.426807 -0.860793
vn -0.033634 0.558359 -0.828918
vn 0.136581 0.343164 -0.929292
vn -0.076499 0.256283 -0.963570
vn -0.033634 0.558359 -0.828918
vn 0.314024 0.655533 -0.686779
vn 0.375841 0.432283 -0.819680
vn 0.136581 0.343164 -0.929292
vn 0.314024 0.655533 -0.686779
vn 0.415535 0.736462 -0.533812
vn 0.431174 0.495110 -0.754291
vn 0.375841 0.432283 -0.819680
vn 0.209891 0.762036 0.612574
vn 0.006274 0.895730 0.444555
vn -0.046195 0.830379 0.555280
vn 0.184523 0.725270 0.663276
vn 0.006274 0.895730 0.444555
vn -0.269507 0.935280 0.229385
vn -0.394376 0.860602 0.322229
vn -0.046195 0.830379 0.555280
vn -0.269507 0.935280 0.229385
vn -0.481591 0.873640 0.069455
vn -0.562643 0.807364 0.177753
vn -0.394376 0.860602 0.322229
vn 0.184523 0.725270 0.663276
vn -0.046195 0.830379 0.555280
vn -0.238311 0.652585 0.719264
vn 0.009841 0.573960 0.818824
vn -0.046195 0.830379 0.555280
vn -0.394376 0.860602 0.322229
vn -0.556872 0.664626 0.498162
vn -0.238311 0.652585 0.719264
vn -0.394376 0.860602 0.322229
vn -0.562643 0.807364 0.177753
vn -0.633548 0.705624 0.317350
vn -0.556872 0.664626 0.498162
vn 0.009841 0.573960 0.818824
vn -0.238311 0.652585 0.719264
vn -0.390488 0.423347 0.817494
vn -0.179287 0.382829 0.906255
vn -0.238311 0.652585 0.719264
vn -0.556872 0.664626 0.498162
vn -0.610616 0.451857 0.650364
vn -0.390488 0.423347 0.817494
vn -0.556872 0.664626 0.498162
vn -0.633548 0.705624 0.317350
vn -0.659324 0.494659 0.566219
vn -0.610616 0.451857 0.650364
vn -0.092690 0.955260 -0.280867
vn -0.246545 0.968714 -0.028454
vn -0.110826 0.993754 -0.013056
vn -0.025853 0.961603 -0.273224
vn -0.246545 0.968714 -0.028454
vn -0.356117 0.886391 0.295790
vn -0.208573 0.899292 0.384410
vn -0.110826 0.993754 -0.013056
vn -0.356117 0.886391 0.295790
vn -0.377943 0.756079 0.534326
vn -0.235936 0.781388 0.577726
vn -0.208573 0.899292 0.384410
vn -0.025853 0.961603 -0.273224
vn -0.110826 0.993754 -0.013056
vn 0.171462 0.978866 0.111452
vn 0.228941 0.960099 -0.160609
vn -0.110826 0.993754 -0.013056
vn -0.208573 0.899292 0.384410
vn 0.086204 0.875466 0.475529
vn 0.171462 0.978866 0.111452
vn -0.208573 0.899292 0.384410
vn -0.235936 0.781388 0.577726
vn -0.051309 0.798552 0.599735
vn 0.086204 0.875466 0.475529
vn 0.228941 0.960099 -0.160609
vn 0.171462 0.978866 0.111452
vn 0.428120 0.879184 0.209160
vn 0.463221 0.886001 -0.020726
vn 0.171462 0.978866 0.111452
vn 0.086204 0.875466 0.475529
vn 0.345960 0.814071 0.466477
vn 0.428120 0.879184 0.209160
vn 0.086204 0.875466 0.475529
vn -0.051309 0.798552 0.599735
vn 0.270318 0.797602 0.539221
vn 0.345960 0.814071 0.466477
vn -0.065734 0.945868 -0.317826
vn 0.089831 0.993449 -0.070642
vn 0.168191 0.968698 -0.182582
vn -0.028465 0.928074 -0.371307
vn 0.089831 0.993449 -0.070642
vn 0.305251 0.930893 0.200648
vn 0.449695 0.885371 0.117865
vn 0.168191 0.968698 -0.182582
vn 0.305251 0.930893 0.200648
vn 0.473381 0.799267 0.370247
vn 0.578911 0.770553 0.266665
vn 0.449695 0.885371 0.117865
vn -0.028465 0.928074 -0.371307
vn 0.168191 0.968698 -0.182582
vn 0.396282 0.847870 -0.352246
vn 0.180350 0.830158 -0.527553
vn 0.168191 0.968698 -0.182582
vn 0.449695 0.885371 0.117865
vn 0.652135 0.754281 -0.076034
vn 0.396282 0.847870 -0.352246
vn 0.449695 0.885371 0.117865
vn 0.578911 0.770553 0.266665
vn 0.682558 0.721001 0.119464
vn 0.652135 0.754281 -0.076034
vn 0.180350 0.830158 -0.527553
vn 0.396282 0.847870 -0.352246
vn 0.570425 0.658577 -0.490807
vn 0.387290 0.669483 -0.633876
vn 0.396282 0.847870 -0.352246
vn 0.652135 0.754281 -0.076034
vn 0.743522 0.607474 -0.279554
vn 0.570425 0.658577 -0.490807
vn 0.652135 0.754281 -0.076034
vn 0.682558 0.721001 0.119464
vn 0.770030 0.613011 -0.176834
vn 0.743522 0.607474 -0.279554
vn -0.736903 0.675979 0.005060
vn -0.507844 0.861129 -0.023493
vn -0.559360 0.816252 -0.144389
vn -0.758681 0.649297 -0.053075
vn -0.507844 0.861129 -0.023493
vn -0.185601 0.976993 -0.105058
vn -0.181059 0.944392 -0.274485
vn -0.559360 0.816252 -0.144389
vn -0.185601 0.976993 -0.105058
vn 0.072085 0.978302 -0.194239
vn 0.038474 0.940986 -0.336253
vn -0.181059 0.944392 -0.274485
vn -0.758681 0.649297 -0.053075
vn -0.559360 0.816252 -0.144389
vn -0.559841 0.706411 -0.433084
vn -0.766019 0.559417 -0.316651
vn -0.559360 0.816252 -0.144389
vn -0.181059 0.944392 -0.274485
vn -0.204826 0.808607 -0.551544
vn -0.559841 0.706411 -0.433084
vn -0.181059 0.944392 -0.274485
vn 0.038474 0.940986 -0.336253
vn -0.020823 0.867345 -0.497271
vn -0.204826 0.808607 -0.551544
vn -0.766019 0.559417 -0.316651
vn -0.559841 0.706411 -0.433084
vn -0.520445 0.534444 -0.665963
vn -0.703353 0.434613 -0.562500
vn -0.559841 0.706411 -0.433084
vn -0.204826 0.808607 -0.551544
vn -0.266536 0.624088 -0.734489
vn -0.520445 0.534444 -0.665963
vn -0.204826 0.808607 -0.551544
vn -0.020823 0.867345 -0.497271
vn -0.177433 0.677939 -0.713384
vn -0.266536 0.624088 -0.734489
vn 0.336977 0.784176 0.521070
vn 0.156019 0.928572 0.336766
vn 0.094788 0.885994 0.453905
vn 0.306505 0.758194 0.575497
vn 0.156019 0.928572 0.336766
vn -0.111896 0.986925 0.116008
vn -0.246261 0.944865 0.215838
vn 0.094788 0.885994 0.453905
vn -0.111896 0.986925 0.116008
vn -0.332802 0.942251 -0.037490
vn -0.422411 0.903120 0.077093
vn -0.246261 0.944865 0.215838
vn 0.306505 0.758194 0.575497
vn 0.094788 0.885994 0.453905
vn -0.121921 0.762123 0.635849
vn 0.111206 0.656458 0.746121
vn 0.094788 0.885994 0.453905
vn -0.246261 0.944865 0.215838
vn -0.436569 0.799770 0.412037
vn -0.121921 0.762123 0.635849
vn -0.246261 0.944865 0.215838
vn -0.422411 0.903120 0.077093
vn -0.507437 0.831252 0.226998
vn -0.436569 0.799770 0.412037
vn 0.111206 0.656458 0.746121
vn -0.121921 0.762123 0.635849
vn -0.308240 0.573684 0.758864
vn -0.105504 0.510088 0.853627
vn -0.121921 0.762123 0.635849
vn -0.436569 0.799770 0.412037
vn -0.522538 0.617804 0.587599
vn -0.308240 0.573684 0.758864
vn -0.436569 0.799770 0.412037
vn -0.507437 0.831252 0.226998
vn -0.564523 0.657811 0.498597
vn -0.522538 0.617804 0.587599
vn 0.304322 0.940066 -0.153832
vn 0.074685 0.996773 -0.029418
vn 0.180371 0.981871 0.058264
vn 0.357877 0.927170 -0.110819
vn 0.074685 0.996773 -0.029418
vn -0.173134 0.971437 0.162282
vn -0.090256 0.946273 0.310517
vn 0.180371 0.981871 0.058264
vn -0.173134 0.971437 0.162282
vn -0.328536 0.886082 0.326989
vn -0.226344 0.868863 0.440278
vn -0.090256 0.946273 0.310517
vn 0.357877 0.927170 -0.110819
vn 0.180371 0.981871 0.058264
vn 0.347820 0.886862 0.304133
vn 0.512339 0.850966 0.115606
vn 0.180371 0.981871 0.058264
vn -0.090256 0.946273 0.310517
vn 0.097907 0.840516 0.532867
vn 0.347820 0.886862 0.304133
vn -0.090256 0.946273 0.310517
vn -0.226344 0.868863 0.440278
vn -0.087810 0.828143 0.553596
vn 0.097907 0.840516 0.532867
vn 0.512339 0.850966 0.115606
vn 0.347820 0.886862 0.304133
vn 0.479796 0.719298 0.502400
vn 0.616574 0.708514 0.343285
vn 0.347820 0.886862 0.304133
vn 0.097907 0.840516 0.532867
vn 0.288633 0.700420 0.652766
vn 0.479796 0.719298 0.502400
vn 0.097907 0.840516 0.532867
vn -0.087810 0.828143 0.553596
vn 0.196051 0.715421 0.670624
vn 0.288633 0.700420 0.652766
vn 0.500560 0.801295 0.327669
vn 0.257253 0.911648 0.320499
vn 0.284535 0.850934 0.441533
vn 0.514261 0.765731 0.386254
vn 0.257253 0.911648 0.320499
vn -0.055434 0.941760 0.331685
vn -0.084050 0.870367 0.485178
vn 0.284535 0.850934 0.441533
vn -0.055434 0.941760 0.331685
vn -0.290781 0.889440 0.352623
vn -0.281971 0.824095 0.491283
vn -0.084050 0.870367 0.485178
vn 0.514261 0.765731 0.386254
vn 0.284535 0.850934 0.441533
vn 0.250771 0.672943 0.695889
vn 0.485423 0.612290 0.624072
vn 0.284535 0.850934 0.441533
vn -0.084050 0.870367 0.485178
vn -0.089534 0.678885 0.728765
vn 0.250771 0.672943 0.695889
vn -0.084050 0.870367 0.485178
vn -0.281971 0.824095 0.491283
vn -0.249098 0.724931 0.642203
vn -0.089534 0.678885 0.728765
vn 0.485423 0.612290 0.624072
vn 0.250771 0.672943 0.695889
vn 0.204613 0.445382 0.871647
vn 0.404588 0.413110 0.815873
vn 0.250771 0.672943 0.695889
vn -0.089534 0.678885 0.728765
vn -0.037958 0.468882 0.882445
vn 0.204613 0.445382 0.871647
vn -0.089534 0.678885 0.728765
vn -0.249098 0.724931 0.642203
vn -0.118153 0.510569 0.851680
vn -0.037958 0.468882 0.882445
vn -0.269907 0.621259 0.735654
vn -0.295935 0.392253 0.870954
vn -0.168524 0.444900 0.879581
vn -0.204856 0.646793 0.734638
vn -0.295935 0.392253 0.870954
vn -0.250194 0.095352 0.963489
vn -0.080927 0.101492 0.991539
vn -0.168524 0.444900 0.879581
vn -0.250194 0.095352 0.963489
vn -0.163563 -0.130150 0.977910
vn -0.016114 -0.091207 0.995702
vn -0.080927 0.101492 0.991539
vn -0.204856 0.646793 0.734638
vn -0.168524 0.444900 0.879581
vn 0.143114 0.464124 0.874133
vn 0.078772 0.668300 0.739709
vn -0.168524 0.444900 0.879581
vn -0.080927 0.101492 0.991539
vn 0.224712 0.144361 0.963672
vn 0.143114 0.464124 0.874133
vn -0.080927 0.101492 0.991539
vn -0.016114 -0.091207 0.995702
vn 0.156113 -0.028289 0.987334
vn 0.224712 0.144361 0.963672
vn 0.078772 0.668300 0.739709
vn 0.143114 0.464124 0.874133
vn 0.421028 0.448131 0.788615
vn 0.359700 0.624849 0.692950
vn 0.143114 0.464124 0.874133
vn 0.224712 0.144361 0.963672
vn 0.458151 0.218351 0.861638
vn 0.421028 0.448131 0.788615
vn 0.224712 0.144361 0.963672
vn 0.156113 -0.028289 0.987334
vn 0.423589 0.136076 0.895575
vn 0.458151 0.218351 0.861638
vn 0.417378 0.533486 0.735655
vn 0.203673 0.447165 0.870954
vn 0.310704 0.360277 0.879581
vn 0.470841 0.488483 0.734638
vn 0.203673 0.447165 0.870954
vn -0.035489 0.265385 0.963489
vn 0.050621 0.119529 0.991539
vn 0.310704 0.360277 0.879581
vn -0.035489 0.265385 0.963489
vn -0.192394 0.081709 0.977910
vn -0.087854 -0.029327 0.995702
vn 0.050621 0.119529 0.991539
vn 0.470841 0.488483 0.734638
vn 0.310704 0.360277 0.879581
vn 0.476203 0.095517 0.874133
vn 0.624991 0.249433 0.739709
vn 0.310704 0.360277 0.879581
vn 0.050621 0.119529 0.991539
vn 0.234044 -0.128683 0.963672
vn 0.476203 0.095517 0.874133
vn 0.050621 0.119529 0.991539
vn -0.087854 -0.029327 0.995702
vn 0.049575 -0.150711 0.987334
vn 0.234044 -0.128683 0.963672
vn 0.624991 0.249433 0.739709
vn 0.476203 0.095517 0.874133
vn 0.594666 -0.156392 0.788615
vn 0.720755 -0.018220 0.692950
vn 0.476203 0.095517 0.874133
vn 0.234044 -0.128683 0.963672
vn 0.410393 -0.298591 0.861638
vn 0.594666 -0.156392 0.788615
vn 0.234044 -0.128683 0.963672
vn 0.049575 -0.150711 0.987334
vn 0.321594 -0.307444 0.895575
vn 0.410393 -0.298591 0.861638
vn -0.036454 0.639879 0.767611
vn 0.019889 0.392320 0.919614
vn 0.133793 0.459883 0.877842
vn 0.018338 0.670069 0.742072
vn 0.019889 0.392320 0.919614
vn 0.133714 0.066473 0.988788
vn 0.301240 0.081462 0.950062
vn 0.133793 0.459883 0.877842
vn 0.133714 0.066473 0.988788
vn 0.244385 -0.180131 0.952801
vn 0.381173 -0.129326 0.915413
vn 0.301240 0.081462 0.950062
vn 0.018338 0.670069 0.742072
vn 0.133793 0.459883 0.877842
vn 0.416057 0.500558 0.759170
vn 0.275935 0.712672 0.644948
vn 0.133793 0.459883 0.877842
vn 0.301240 0.081462 0.950062
vn 0.568755 0.147437 0.809185
vn 0.416057 0.500558 0.759170
vn 0.301240 0.081462 0.950062
vn 0.381173 -0.129326 0.915413
vn 0.533033 -0.046748 0.844802
vn 0.568755 0.147437 0.809185
vn 0.275935 0.712672 0.644948
vn 0.416057 0.500558 0.759170
vn 0.643290 0.504856 0.575585
vn 0.520217 0.689064 0.504544
vn 0.416057 0.500558 0.759170
vn 0.568755 0.147437 0.809185
vn 0.737140 0.248703 0.628309
vn 0.643290 0.504856 0.575585
vn 0.568755 0.147437 0.809185
vn 0.533033 -0.046748 0.844802
vn 0.726161 0.151852 0.670545
vn 0.737140 0.248703 0.628309
vn -0.464702 0.611643 -0.640269
vn -0.260871 0.800813 -0.539115
vn -0.219788 0.727661 -0.649771
vn -0.443316 0.571691 -0.690392
vn -0.260871 0.800813 -0.539115
vn 0.039292 0.917122 -0.396665
vn 0.155314 0.849120 -0.504849
vn -0.219788 0.727661 -0.649771
vn 0.039292 0.917122 -0.396665
vn 0.286291 0.915969 -0.281137
vn 0.355536 0.846797 -0.395638
vn 0.155314 0.849120 -0.504849
vn -0.443316 0.571691 -0.690392
vn -0.219788 0.727661 -0.649771
vn -0.033634 0.558359 -0.828918
vn -0.277255 0.426807 -0.860793
vn -0.219788 0.727661 -0.649771
vn 0.155314 0.849120 -0.504849
vn 0.314024 0.655532 -0.686780
vn -0.033634 0.558359 -0.828918
vn 0.155314 0.849120 -0.504849
vn 0.355536 0.846797 -0.395638
vn 0.415534 0.736462 -0.533812
vn 0.314024 0.655532 -0.686780
vn -0.277255 0.426807 -0.860793
vn -0.033634 0.558359 -0.828918
vn 0.136581 0.343164 -0.929292
vn -0.076498 0.256283 -0.963570
vn -0.033634 0.558359 -0.828918
vn 0.314024 0.655532 -0.686780
vn 0.375841 0.432283 -0.819680
vn 0.136581 0.343164 -0.929292
vn 0.314024 0.655532 -0.686780
vn 0.415534 0.736462 -0.533812
vn 0.431174 0.495111 -0.754291
vn 0.375841 0.432283 -0.819680
vn 0.336977 0.784176 0.521071
vn 0.156019 0.928572 0.336767
vn 0.094788 0.885994 0.453906
vn 0.306505 0.758193 0.575498
vn 0.156019 0.928572 0.336767
vn -0.111895 0.986925 0.116008
vn -0.246261 0.944865 0.215838
vn 0.094788 0.885994 0.453906
vn -0.111895 0.986925 0.116008
vn -0.332802 0.942251 -0.037489
vn -0.422410 0.903120 0.077094
vn -0.246261 0.944865 0.215838
vn 0.306505 0.758193 0.575498
vn 0.094788 0.885994 0.453906
vn -0.121921 0.762123 0.635849
vn 0.111206 0.656458 0.746121
vn 0.094788 0.885994 0.453906
vn -0.246261 0.944865 0.215838
vn -0.436569 0.799770 0.412038
vn -0.121921 0.762123 0.635849
vn -0.246261 0.944865 0.215838
vn -0.422410 0.903120 0.077094
vn -0.507437 0.831252 0.226998
vn -0.436569 0.799770 0.412038
vn 0.111206 0.656458 0.746121
vn -0.121921 0.762123 0.635849
vn -0.308240 0.573684 0.758864
vn -0.105504 0.510089 0.853627
vn -0.121921 0.762123 0.635849
vn -0.436569 0.799770 0.412038
vn -0.522538 0.617804 0.587600
vn -0.308240 0.573684 0.758864
vn -0.436569 0.799770 0.412038
vn -0.507437 0.831252 0.226998
vn -0.564522 0.657811 0.498597
vn -0.522538 0.617804 0.587600
s off
g polySurface7
usemtl standardSurface3SG
f 1/1/1 2/2/2 6/3/3 5/4/4
f 2/2/5 3/5/6 7/6/7 6/3/8
f 3/5/9 4/7/10 8/8/11 7/6/12
f 5/4/13 6/3/14 10/9/15 9/10/16
f 6/3/17 7/6/18 11/11/19 10/9/20
f 7/6/21 8/8/22 12/12/23 11/11/24
f 9/10/25 10/9/26 14/13/27 13/14/28
f 10/9/29 11/11/30 15/15/31 14/13/32
f 11/11/33 12/12/34 16/16/35 15/15/36
f 17/17/37 18/18/38 22/19/39 21/20/40
f 18/18/41 19/21/42 23/22/43 22/19/44
f 19/21/45 20/23/46 24/24/47 23/22/48
f 21/20/49 22/19/50 26/25/51 25/26/52
f 22/19/53 23/22/54 27/27/55 26/25/56
f 23/22/57 24/24/58 28/28/59 27/27/60
f 25/26/61 26/25/62 30/29/63 29/30/64
f 26/25/65 27/27/66 31/31/67 30/29/68
f 27/27/69 28/28/70 32/32/71 31/31/72
f 33/33/73 34/34/74 38/35/75 37/36/76
f 34/34/77 35/37/78 39/38/79 38/35/80
f 35/37/81 36/39/82 40/40/83 39/38/84
f 38/35/85 39/38/86 43/41/87 42/42/88
f 39/38/89 40/40/90 44/43/91 43/41/92
f 41/44/93 42/42/94 46/45/95 45/46/96
f 42/42/97 43/41/98 47/47/99 46/45/100
f 43/41/101 44/43/102 48/48/103 47/47/104
f 49/49/105 50/50/106 54/51/107 53/52/108
f 50/50/109 51/53/110 55/54/111 54/51/112
f 51/53/113 52/55/114 56/56/115 55/54/116
f 53/52/117 54/51/118 58/57/119 57/58/120
f 54/51/121 55/54/122 59/59/123 58/57/124
f 55/54/125 56/56/126 60/60/127 59/59/128
f 57/58/129 58/57/130 62/61/131 61/62/132
f 58/57/133 59/59/134 63/63/135 62/61/136
f 59/59/137 60/60/138 64/64/139 63/63/140
f 65/65/141 66/66/142 70/67/143 69/68/144
f 66/66/145 67/69/146 71/70/147 70/67/148
f 67/69/149 68/71/150 72/72/151 71/70/152
f 69/68/153 70/67/154 74/73/155 73/74/156
f 70/67/157 71/70/158 75/75/159 74/73/160
f 71/70/161 72/72/162 76/76/163 75/75/164
f 73/74/165 74/73/166 78/77/167 77/78/168
f 74/73/169 75/75/170 79/79/171 78/77/172
f 75/75/173 76/76/174 80/80/175 79/79/176
f 81/81/177 82/82/178 86/83/179 85/84/180
f 82/82/181 83/85/182 87/86/183 86/83/184
f 83/85/185 84/87/186 88/88/187 87/86/188
f 85/84/189 86/83/190 90/89/191 89/90/192
f 86/83/193 87/86/194 91/91/195 90/89/196
f 87/86/197 88/88/198 92/92/199 91/91/200
f 89/90/201 90/89/202 94/93/203 93/94/204
f 90/89/205 91/91/206 95/95/207 94/93/208
f 91/91/209 92/92/210 96/96/211 95/95/212
f 97/97/213 98/98/214 102/99/215 101/100/216
f 98/98/217 99/101/218 103/102/219 102/99/220
f 99/101/221 100/103/222 104/104/223 103/102/224
f 101/100/225 102/99/226 106/105/227 105/106/228
f 102/99/229 103/102/230 107/107/231 106/105/232
f 103/102/233 104/104/234 108/108/235 107/107/236
f 105/106/237 106/105/238 110/109/239 109/110/240
f 106/105/241 107/107/242 111/111/243 110/109/244
f 107/107/245 108/108/246 112/112/247 111/111/248
f 113/113/249 114/114/250 118/115/251 117/116/252
f 114/114/253 115/117/254 119/118/255 118/115/256
f 115/117/257 116/119/258 120/120/259 119/118/260
f 117/116/261 118/115/262 122/121/263 121/122/264
f 118/115/265 119/118/266 123/123/267 122/121/268
f 119/118/269 120/120/270 124/124/271 123/123/272
f 121/122/273 122/121/274 126/125/275 125/126/276
f 122/121/277 123/123/278 127/127/279 126/125/280
f 123/123/281 124/124/282 128/128/283 127/127/284
f 129/129/285 130/130/286 134/131/287 133/132/288
f 130/130/289 131/133/290 135/134/291 134/131/292
f 131/133/293 132/135/294 136/136/295 135/134/296
f 133/132/297 134/131/298 138/137/299 137/138/300
f 134/131/301 135/134/302 139/139/303 138/137/304
f 135/134/305 136/136/306 140/140/307 139/139/308
f 137/138/309 138/137/310 142/141/311 141/142/312
f 138/137/313 139/139/314 143/143/315 142/141/316
f 139/139/317 140/140/318 144/144/319 143/143/320
f 145/145/321 146/146/322 150/147/323 149/148/324
f 146/146/325 147/149/326 151/150/327 150/147/328
f 147/149/329 148/151/330 152/152/331 151/150/332
f 149/148/333 150/147/334 154/153/335 153/154/336
f 150/147/337 151/150/338 155/155/339 154/153/340
f 151/150/341 152/152/342 156/156/343 155/155/344
f 153/154/345 154/153/346 158/157/347 157/158/348
f 154/153/349 155/155/350 159/159/351 158/157/352
f 155/155/353 156/156/354 160/160/355 159/159/356
f 161/161/357 162/162/358 166/163/359 165/164/360
f 162/162/361 163/165/362 167/166/363 166/163/364
f 163/165/365 164/167/366 168/168/367 167/166/368
f 165/164/369 166/163/370 170/169/371 169/170/372
f 166/163/373 167/166/374 171/171/375 170/169/376
f 167/166/377 168/168/378 172/172/379 171/171/380
f 169/170/381 170/169/382 174/173/383 173/174/384
f 170/169/385 171/171/386 175/175/387 174/173/388
f 171/171/389 172/172/390 176/176/391 175/175/392
f 177/177/393 178/178/394 182/179/395 181/180/396
f 178/178/397 179/181/398 183/182/399 182/179/400
f 179/181/401 180/183/402 184/184/403 183/182/404
f 181/180/405 182/179/406 186/185/407 185/186/408
f 182/179/409 183/182/410 187/187/411 186/185/412
f 183/182/413 184/184/414 188/188/415 187/187/416
f 185/186/417 186/185/418 190/189/419 189/190/420
f 186/185/421 187/187/422 191/191/423 190/189/424
f 187/187/425 188/188/426 192/192/427 191/191/428
f 193/193/429 194/194/430 198/195/431 197/196/432
f 194/194/433 195/197/434 199/198/435 198/195/436
f 195/197/437 196/199/438 200/200/439 199/198/440
f 197/196/441 198/195/442 202/201/443 201/202/444
f 198/195/445 199/198/446 203/203/447 202/201/448
f 199/198/449 200/200/450 204/204/451 203/203/452
f 201/202/453 202/201/454 206/205/455 205/206/456
f 202/201/457 203/203/458 207/207/459 206/205/460
f 203/203/461 204/204/462 208/208/463 207/207/464
f 209/209/465 210/210/466 214/211/467 213/212/468
f 210/210/469 211/213/470 215/214/471 214/211/472
f 211/213/473 212/215/474 216/216/475 215/214/476
f 213/212/477 214/211/478 218/217/479 217/218/480
f 214/211/481 215/214/482 219/219/483 218/217/484
f 215/214/485 216/216/486 220/220/487 219/219/488
f 217/218/489 218/217/490 222/221/491 221/222/492
f 218/217/493 219/219/494 223/223/495 222/221/496
f 219/219/497 220/220/498 224/224/499 223/223/500
f 225/225/501 226/226/502 230/227/503 229/228/504
f 226/226/505 227/229/506 231/230/507 230/227/508
f 227/229/509 228/231/510 232/232/511 231/230/512
f 229/228/513 230/227/514 234/233/515 233/234/516
f 230/227/517 231/230/518 235/235/519 234/233/520
f 231/230/521 232/232/522 236/236/523 235/235/524
f 233/234/525 234/233/526 238/237/527 237/238/528
f 234/233/529 235/235/530 239/239/531 238/237/532
f 235/235/533 236/236/534 240/240/535 239/239/536
f 241/241/537 242/242/538 246/243/539 245/244/540
f 242/242/541 243/245/542 247/246/543 246/243/544
f 243/245/545 244/247/546 248/248/547 247/246/548
f 245/244/549 246/243/550 250/249/551 249/250/552
f 246/243/553 247/246/554 251/251/555 250/249/556
f 247/246/557 248/248/558 252/252/559 251/251/560
f 249/250/561 250/249/562 254/253/563 253/254/564
f 250/249/565 251/251/566 255/255/567 254/253/568
f 251/251/569 252/252/570 256/256/571 255/255/572
f 257/257/573 258/258/574 262/259/575 261/260/576
f 258/258/577 259/261/578 263/262/579 262/259/580
f 259/261/581 260/263/582 264/264/583 263/262/584
f 261/260/585 262/259/586 266/265/587 265/266/588
f 262/259/589 263/262/590 267/267/591 266/265/592
f 263/262/593 264/264/594 268/268/595 267/267/596
f 265/266/597 266/265/598 270/269/599 269/270/600
f 266/265/601 267/267/602 271/271/603 270/269/604
f 267/267/605 268/268/606 272/272/607 271/271/608
f 273/273/609 274/274/610 278/275/611 277/276/612
f 274/274/613 275/277/614 279/278/615 278/275/616
f 275/277/617 276/279/618 280/280/619 279/278/620
f 277/276/621 278/275/622 282/281/623 281/282/624
f 278/275/625 279/278/626 283/283/627 282/281/628
f 279/278/629 280/280/630 284/284/631 283/283/632
f 281/282/633 282/281/634 286/285/635 285/286/636
f 282/281/637 283/283/638 287/287/639 286/285/640
f 283/283/641 284/284/642 288/288/643 287/287/644
f 289/289/645 290/290/646 294/291/647 293/292/648
f 290/290/649 291/293/650 295/294/651 294/291/652
f 291/293/653 292/295/654 296/296/655 295/294/656
f 293/292/657 294/291/658 298/297/659 297/298/660
f 294/291/661 295/294/662 299/299/663 298/297/664
f 295/294/665 296/296/666 300/300/667 299/299/668
f 297/298/669 298/297/670 302/301/671 301/302/672
f 298/297/673 299/299/674 303/303/675 302/301/676
f 299/299/677 300/300/678 304/304/679 303/303/680
f 305/305/681 306/306/682 310/307/683 309/308/684
f 306/306/685 307/309/686 311/310/687 310/307/688
f 307/309/689 308/311/690 312/312/691 311/310/692
f 309/308/693 310/307/694 314/313/695 313/314/696
f 310/307/697 311/310/698 315/315/699 314/313/700
f 311/310/701 312/312/702 316/316/703 315/315/704
f 313/314/705 314/313/706 318/317/707 317/318/708
f 314/313/709 315/315/710 319/319/711 318/317/712
f 315/315/713 316/316/714 320/320/715 319/319/716
f 321/321/717 322/322/718 326/323/719 325/324/720
f 322/322/721 323/325/722 327/326/723 326/323/724
f 323/325/725 324/327/726 328/328/727 327/326/728
f 325/324/729 326/323/730 330/329/731 329/330/732
f 326/323/733 327/326/734 331/331/735 330/329/736
f 327/326/737 328/328/738 332/332/739 331/331/740
f 329/330/741 330/329/742 334/333/743 333/334/744
f 330/329/745 331/331/746 335/335/747 334/333/748
f 331/331/749 332/332/750 336/336/751 335/335/752
f 337/337/753 338/338/754 342/339/755 341/340/756
f 338/338/757 339/341/758 343/342/759 342/339/760
f 339/341/761 340/343/762 344/344/763 343/342/764
f 341/340/765 342/339/766 346/345/767 345/346/768
f 342/339/769 343/342/770 347/347/771 346/345/772
f 343/342/773 344/344/774 348/348/775 347/347/776
f 345/346/777 346/345/778 350/349/779 349/350/780
f 346/345/781 347/347/782 351/351/783 350/349/784
f 347/347/785 348/348/786 352/352/787 351/351/788
f 353/353/789 354/354/790 358/355/791 357/356/792
f 354/354/793 355/357/794 359/358/795 358/355/796
f 355/357/797 356/359/798 360/360/799 359/358/800
f 357/356/801 358/355/802 362/361/803 361/362/804
f 358/355/805 359/358/806 363/363/807 362/361/808
f 359/358/809 360/360/810 364/364/811 363/363/812
f 361/362/813 362/361/814 366/365/815 365/366/816
f 362/361/817 363/363/818 367/367/819 366/365/820
f 363/363/821 364/364/822 368/368/823 367/367/824
f 369/369/825 370/370/826 374/371/827 373/372/828
f 370/370/829 371/373/830 375/374/831 374/371/832
f 371/373/833 372/375/834 376/376/835 375/374/836
f 373/372/837 374/371/838 378/377/839 377/378/840
f 374/371/841 375/374/842 379/379/843 378/377/844
f 375/374/845 376/376/846 380/380/847 379/379/848
f 377/378/849 378/377/850 382/381/851 381/382/852
f 378/377/853 379/379/854 383/383/855 382/381/856
f 379/379/857 380/380/858 384/384/859 383/383/860
f 385/385/861 386/386/862 390/387/863 389/388/864
f 386/386/865 387/389/866 391/390/867 390/387/868
f 387/389/869 388/391/870 392/392/871 391/390/872
f 389/388/873 390/387/874 394/393/875 393/394/876
f 390/387/877 391/390/878 395/395/879 394/393/880
f 391/390/881 392/392/882 396/396/883 395/395/884
f 393/394/885 394/393/886 398/397/887 397/398/888
f 394/393/889 395/395/890 399/399/891 398/397/892
f 395/395/893 396/396/894 400/400/895 399/399/896
f 401/401/897 402/402/898 406/403/899 405/404/900
f 402/402/901 403/405/902 407/406/903 406/403/904
f 403/405/905 404/407/906 408/408/907 407/406/908
f 405/404/909 406/403/910 410/409/911 409/410/912
f 406/403/913 407/406/914 411/411/915 410/409/916
f 407/406/917 408/408/918 412/412/919 411/411/920
f 409/410/921 410/409/922 414/413/923 413/414/924
f 410/409/925 411/411/926 415/415/927 414/413/928
f 411/411/929 412/412/930 416/416/931 415/415/932
f 417/417/933 418/418/934 422/419/935 421/420/936
f 418/418/937 419/421/938 423/422/939 422/419/940
f 419/421/941 420/423/942 424/424/943 423/422/944
f 421/420/945 422/419/946 426/425/947 425/426/948
f 422/419/949 423/422/950 427/427/951 426/425/952
f 423/422/953 424/424/954 428/428/955 427/427/956
f 425/426/957 426/425/958 430/429/959 429/430/960
f 426/425/961 427/427/962 431/431/963 430/429/964
f 427/427/965 428/428/966 432/432/967 431/431/968
f 433/433/969 434/434/970 438/435/971 437/436/972
f 434/434/973 435/437/974 439/438/975 438/435/976
f 435/437/977 436/439/978 440/440/979 439/438/980
f 437/436/981 438/435/982 442/441/983 441/442/984
f 438/435/985 439/438/986 443/443/987 442/441/988
f 439/438/989 440/440/990 444/444/991 443/443/992
f 441/442/993 442/441/994 446/445/995 445/446/996
f 442/441/997 443/443/998 447/447/999 446/445/1000
f 443/443/1001 444/444/1002 448/448/1003 447/447/1004
f 449/449/1005 450/450/1006 454/451/1007 453/452/1008
f 450/450/1009 451/453/1010 455/454/1011 454/451/1012
f 451/453/1013 452/455/1014 456/456/1015 455/454/1016
f 453/452/1017 454/451/1018 458/457/1019 457/458/1020
f 454/451/1021 455/454/1022 459/459/1023 458/457/1024
f 455/454/1025 456/456/1026 460/460/1027 459/459/1028
f 457/458/1029 458/457/1030 462/461/1031 461/462/1032
f 458/457/1033 459/459/1034 463/463/1035 462/461/1036
f 459/459/1037 460/460/1038 464/464/1039 463/463/1040
f 465/465/1041 466/466/1042 470/467/1043 469/468/1044
f 466/466/1045 467/469/1046 471/470/1047 470/467/1048
f 467/469/1049 468/471/1050 472/472/1051 471/470/1052
f 469/468/1053 470/467/1054 474/473/1055 473/474/1056
f 470/467/1057 471/470/1058 475/475/1059 474/473/1060
f 471/470/1061 472/472/1062 476/476/1063 475/475/1064
f 473/474/1065 474/473/1066 478/477/1067 477/478/1068
f 474/473/1069 475/475/1070 479/479/1071 478/477/1072
f 475/475/1073 476/476/1074 480/480/1075 479/479/1076
f 481/481/1077 482/482/1078 486/483/1079 485/484/1080
f 482/482/1081 483/485/1082 487/486/1083 486/483/1084
f 483/485/1085 484/487/1086 488/488/1087 487/486/1088
f 485/484/1089 486/483/1090 490/489/1091 489/490/1092
f 486/483/1093 487/486/1094 491/491/1095 490/489/1096
f 487/486/1097 488/488/1098 492/492/1099 491/491/1100
f 489/490/1101 490/489/1102 494/493/1103 493/494/1104
f 490/489/1105 491/491/1106 495/495/1107 494/493/1108
f 491/491/1109 492/492/1110 496/496/1111 495/495/1112
f 497/497/1113 498/498/1114 502/499/1115 501/500/1116
f 498/498/1117 499/501/1118 503/502/1119 502/499/1120
f 499/501/1121 500/503/1122 504/504/1123 503/502/1124
f 501/500/1125 502/499/1126 506/505/1127 505/506/1128
f 502/499/1129 503/502/1130 507/507/1131 506/505/1132
f 503/502/1133 504/504/1134 508/508/1135 507/507/1136
f 505/506/1137 506/505/1138 510/509/1139 509/510/1140
f 506/505/1141 507/507/1142 511/511/1143 510/509/1144
f 507/507/1145 508/508/1146 512/512/1147 511/511/1148
f 513/513/1149 514/514/1150 518/515/1151 517/516/1152
f 514/514/1153 515/517/1154 519/518/1155 518/515/1156
f 515/517/1157 516/519/1158 520/520/1159 519/518/1160
f 517/516/1161 518/515/1162 522/521/1163 521/522/1164
f 518/515/1165 519/518/1166 523/523/1167 522/521/1168
f 519/518/1169 520/520/1170 524/524/1171 523/523/1172
f 521/522/1173 522/521/1174 526/525/1175 525/526/1176
f 522/521/1177 523/523/1178 527/527/1179 526/525/1180
f 523/523/1181 524/524/1182 528/528/1183 527/527/1184
f 529/529/1185 530/530/1186 534/531/1187 533/532/1188
f 530/530/1189 531/533/1190 535/534/1191 534/531/1192
f 531/533/1193 532/535/1194 536/536/1195 535/534/1196
f 533/532/1197 534/531/1198 538/537/1199 537/538/1200
f 534/531/1201 535/534/1202 539/539/1203 538/537/1204
f 535/534/1205 536/536/1206 540/540/1207 539/539/1208
f 537/538/1209 538/537/1210 542/541/1211 541/542/1212
f 538/537/1213 539/539/1214 543/543/1215 542/541/1216
f 539/539/1217 540/540/1218 544/544/1219 543/543/1220
f 545/545/1221 546/546/1222 550/547/1223 549/548/1224
f 546/546/1225 547/549/1226 551/550/1227 550/547/1228
f 547/549/1229 548/551/1230 552/552/1231 551/550/1232
f 549/548/1233 550/547/1234 554/553/1235 553/554/1236
f 550/547/1237 551/550/1238 555/555/1239 554/553/1240
f 551/550/1241 552/552/1242 556/556/1243 555/555/1244
f 553/554/1245 554/553/1246 558/557/1247 557/558/1248
f 554/553/1249 555/555/1250 559/559/1251 558/557/1252
f 555/555/1253 556/556/1254 560/560/1255 559/559/1256
f 561/561/1257 562/562/1258 566/563/1259 565/564/1260
f 562/562/1261 563/565/1262 567/566/1263 566/563/1264
f 563/565/1265 564/567/1266 568/568/1267 567/566/1268
f 565/564/1269 566/563/1270 570/569/1271 569/570/1272
f 566/563/1273 567/566/1274 571/571/1275 570/569/1276
f 567/566/1277 568/568/1278 572/572/1279 571/571/1280
f 569/570/1281 570/569/1282 574/573/1283 573/574/1284
f 570/569/1285 571/571/1286 575/575/1287 574/573/1288
f 571/571/1289 572/572/1290 576/576/1291 575/575/1292
f 577/577/1293 578/578/1294 582/579/1295 581/580/1296
f 578/578/1297 579/581/1298 583/582/1299 582/579/1300
f 579/581/1301 580/583/1302 584/584/1303 583/582/1304
f 581/580/1305 582/579/1306 586/585/1307 585/586/1308
f 582/579/1309 583/582/1310 587/587/1311 586/585/1312
f 583/582/1313 584/584/1314 588/588/1315 587/587/1316
f 585/586/1317 586/585/1318 590/589/1319 589/590/1320
f 586/585/1321 587/587/1322 591/591/1323 590/589/1324
f 587/587/1325 588/588/1326 592/592/1327 591/591/1328
f 593/593/1329 594/594/1330 597/595/1331 596/596/1332
f 594/594/1333 595/597/1334 598/598/1335 597/595/1336
f 599/599/1337 600/600/1338 604/601/1339 603/602/1340
f 600/600/1341 601/603/1342 605/604/1343 604/601/1344
f 601/603/1345 602/605/1346 606/606/1347 605/604/1348
f 603/602/1349 604/601/1350 608/607/1351 607/608/1352
f 604/601/1353 605/604/1354 609/609/1355 608/607/1356
f 605/604/1357 606/606/1358 610/610/1359 609/609/1360
f 607/608/1361 608/607/1362 612/611/1363 611/612/1364
f 608/607/1365 609/609/1366 613/613/1367 612/611/1368
f 609/609/1369 610/610/1370 614/614/1371 613/613/1372
f 615/615/1373 616/616/1374 620/617/1375 619/618/1376
f 616/616/1377 617/619/1378 621/620/1379 620/617/1380
f 617/619/1381 618/621/1382 622/622/1383 621/620/1384
f 619/618/1385 620/617/1386 624/623/1387 623/624/1388
f 620/617/1389 621/620/1390 625/625/1391 624/623/1392
f 621/620/1393 622/622/1394 626/626/1395 625/625/1396
f 623/624/1397 624/623/1398 628/627/1399 627/628/1400
f 624/623/1401 625/625/1402 629/629/1403 628/627/1404
f 625/625/1405 626/626/1406 630/630/1407 629/629/1408
f 631/631/1409 632/632/1410 636/633/1411 635/634/1412
f 632/632/1413 633/635/1414 637/636/1415 636/633/1416
f 633/635/1417 634/637/1418 638/638/1419 637/636/1420
f 635/634/1421 636/633/1422 640/639/1423 639/640/1424
f 636/633/1425 637/636/1426 641/641/1427 640/639/1428
f 637/636/1429 638/638/1430 642/642/1431 641/641/1432
f 639/640/1433 640/639/1434 644/643/1435 643/644/1436
f 640/639/1437 641/641/1438 645/645/1439 644/643/1440
f 641/641/1441 642/642/1442 646/646/1443 645/645/1444
f 647/647/1445 648/648/1446 652/649/1447 651/650/1448
f 648/648/1449 649/651/1450 653/652/1451 652/649/1452
f 649/651/1453 650/653/1454 654/654/1455 653/652/1456
f 651/650/1457 652/649/1458 656/655/1459 655/656/1460
f 652/649/1461 653/652/1462 657/657/1463 656/655/1464
f 653/652/1465 654/654/1466 658/658/1467 657/657/1468
f 655/656/1469 656/655/1470 660/659/1471 659/660/1472
f 656/655/1473 657/657/1474 661/661/1475 660/659/1476
f 657/657/1477 658/658/1478 662/662/1479 661/661/1480
f 663/663/1481 664/664/1482 668/665/1483 667/666/1484
f 664/664/1485 665/667/1486 669/668/1487 668/665/1488
f 665/667/1489 666/669/1490 670/670/1491 669/668/1492
f 667/666/1493 668/665/1494 672/671/1495 671/672/1496
f 668/665/1497 669/668/1498 673/673/1499 672/671/1500
f 669/668/1501 670/670/1502 674/674/1503 673/673/1504
f 671/672/1505 672/671/1506 676/675/1507 675/676/1508
f 672/671/1509 673/673/1510 677/677/1511 676/675/1512
f 673/673/1513 674/674/1514 678/678/1515 677/677/1516
f 679/679/1517 680/680/1518 684/681/1519 683/682/1520
f 680/680/1521 681/683/1522 685/684/1523 684/681/1524
f 681/683/1525 682/685/1526 686/686/1527 685/684/1528
f 683/682/1529 684/681/1530 688/687/1531 687/688/1532
f 684/681/1533 685/684/1534 689/689/1535 688/687/1536
f 685/684/1537 686/686/1538 690/690/1539 689/689/1540
f 687/688/1541 688/687/1542 692/691/1543 691/692/1544
f 688/687/1545 689/689/1546 693/693/1547 692/691/1548
f 689/689/1549 690/690/1550 694/694/1551 693/693/1552
f 695/695/1553 696/696/1554 700/697/1555 699/698/1556
f 696/696/1557 697/699/1558 701/700/1559 700/697/1560
f 697/699/1561 698/701/1562 702/702/1563 701/700/1564
f 699/698/1565 700/697/1566 704/703/1567 703/704/1568
f 700/697/1569 701/700/1570 705/705/1571 704/703/1572
f 701/700/1573 702/702/1574 706/706/1575 705/705/1576
f 703/704/1577 704/703/1578 708/707/1579 707/708/1580
f 704/703/1581 705/705/1582 709/709/1583 708/707/1584
f 705/705/1585 706/706/1586 710/710/1587 709/709/1588
f 711/711/1589 712/712/1590 716/713/1591 715/714/1592
f 712/712/1593 713/715/1594 717/716/1595 716/713/1596
f 713/715/1597 714/717/1598 718/718/1599 717/716/1600
f 715/714/1601 716/713/1602 720/719/1603 719/720/1604
f 716/713/1605 717/716/1606 721/721/1607 720/719/1608
f 717/716/1609 718/718/1610 722/722/1611 721/721/1612
f 719/720/1613 720/719/1614 724/723/1615 723/724/1616
f 720/719/1617 721/721/1618 725/725/1619 724/723/1620
f 721/721/1621 722/722/1622 726/726/1623 725/725/1624
f 727/727/1625 728/728/1626 732/729/1627 731/730/1628
f 728/728/1629 729/731/1630 733/732/1631 732/729/1632
f 729/731/1633 730/733/1634 734/734/1635 733/732/1636
f 731/730/1637 732/729/1638 736/735/1639 735/736/1640
f 732/729/1641 733/732/1642 737/737/1643 736/735/1644
f 733/732/1645 734/734/1646 738/738/1647 737/737/1648
f 735/736/1649 736/735/1650 740/739/1651 739/740/1652
f 736/735/1653 737/737/1654 741/741/1655 740/739/1656
f 737/737/1657 738/738/1658 742/742/1659 741/741/1660
f 743/743/1661 744/744/1662 748/745/1663 747/746/1664
f 744/744/1665 745/747/1666 749/748/1667 748/745/1668
f 745/747/1669 746/749/1670 750/750/1671 749/748/1672
f 747/746/1673 748/745/1674 752/751/1675 751/752/1676
f 748/745/1677 749/748/1678 753/753/1679 752/751/1680
f 749/748/1681 750/750/1682 754/754/1683 753/753/1684
f 751/752/1685 752/751/1686 756/755/1687 755/756/1688
f 752/751/1689 753/753/1690 757/757/1691 756/755/1692
f 753/753/1693 754/754/1694 758/758/1695 757/757/1696
f 759/759/1697 760/760/1698 764/761/1699 763/762/1700
f 760/760/1701 761/763/1702 765/764/1703 764/761/1704
f 761/763/1705 762/765/1706 766/766/1707 765/764/1708
f 763/762/1709 764/761/1710 768/767/1711 767/768/1712
f 764/761/1713 765/764/1714 769/769/1715 768/767/1716
f 765/764/1717 766/766/1718 770/770/1719 769/769/1720
f 767/768/1721 768/767/1722 772/771/1723 771/772/1724
f 768/767/1725 769/769/1726 773/773/1727 772/771/1728
f 769/769/1729 770/770/1730 774/774/1731 773/773/1732
f 775/775/1733 776/776/1734 780/777/1735 779/778/1736
f 776/776/1737 777/779/1738 781/780/1739 780/777/1740
f 777/779/1741 778/781/1742 782/782/1743 781/780/1744
f 779/778/1745 780/777/1746 784/783/1747 783/784/1748
f 780/777/1749 781/780/1750 785/785/1751 784/783/1752
f 781/780/1753 782/782/1754 786/786/1755 785/785/1756
f 783/784/1757 784/783/1758 788/787/1759 787/788/1760
f 784/783/1761 785/785/1762 789/789/1763 788/787/1764
f 785/785/1765 786/786/1766 790/790/1767 789/789/1768
f 791/791/1769 792/792/1770 796/793/1771 795/794/1772
f 792/792/1773 793/795/1774 797/796/1775 796/793/1776
f 793/795/1777 794/797/1778 798/798/1779 797/796/1780
f 795/794/1781 796/793/1782 800/799/1783 799/800/1784
f 796/793/1785 797/796/1786 801/801/1787 800/799/1788
f 797/796/1789 798/798/1790 802/802/1791 801/801/1792
f 799/800/1793 800/799/1794 804/803/1795 803/804/1796
f 800/799/1797 801/801/1798 805/805/1799 804/803/1800
f 801/801/1801 802/802/1802 806/806/1803 805/805/1804
f 807/807/1805 808/808/1806 812/809/1807 811/810/1808
f 808/808/1809 809/811/1810 813/812/1811 812/809/1812
f 809/811/1813 810/813/1814 814/814/1815 813/812/1816
f 811/810/1817 812/809/1818 816/815/1819 815/816/1820
f 812/809/1821 813/812/1822 817/817/1823 816/815/1824
f 813/812/1825 814/814/1826 818/818/1827 817/817/1828
f 815/816/1829 816/815/1830 820/819/1831 819/820/1832
f 816/815/1833 817/817/1834 821/821/1835 820/819/1836
f 817/817/1837 818/818/1838 822/822/1839 821/821/1840
f 823/823/1841 824/824/1842 828/825/1843 827/826/1844
f 824/824/1845 825/827/1846 829/828/1847 828/825/1848
f 825/827/1849 826/829/1850 830/830/1851 829/828/1852
f 827/826/1853 828/825/1854 832/831/1855 831/832/1856
f 828/825/1857 829/828/1858 833/833/1859 832/831/1860
f 829/828/1861 830/830/1862 834/834/1863 833/833/1864
f 831/832/1865 832/831/1866 836/835/1867 835/836/1868
f 832/831/1869 833/833/1870 837/837/1871 836/835/1872
f 833/833/1873 834/834/1874 838/838/1875 837/837/1876
f 839/839/1877 840/840/1878 844/841/1879 843/842/1880
f 840/840/1881 841/843/1882 845/844/1883 844/841/1884
f 841/843/1885 842/845/1886 846/846/1887 845/844/1888
f 843/842/1889 844/841/1890 848/847/1891 847/848/1892
f 844/841/1893 845/844/1894 849/849/1895 848/847/1896
f 845/844/1897 846/846/1898 850/850/1899 849/849/1900
f 847/848/1901 848/847/1902 852/851/1903 851/852/1904
f 848/847/1905 849/849/1906 853/853/1907 852/851/1908
f 849/849/1909 850/850/1910 854/854/1911 853/853/1912
f 855/855/1913 856/856/1914 860/857/1915 859/858/1916
f 856/856/1917 857/859/1918 861/860/1919 860/857/1920
f 857/859/1921 858/861/1922 862/862/1923 861/860/1924
f 859/858/1925 860/857/1926 864/863/1927 863/864/1928
f 860/857/1929 861/860/1930 865/865/1931 864/863/1932
f 861/860/1933 862/862/1934 866/866/1935 865/865/1936
f 863/864/1937 864/863/1938 868/867/1939 867/868/1940
f 864/863/1941 865/865/1942 869/869/1943 868/867/1944
f 865/865/1945 866/866/1946 870/870/1947 869/869/1948
f 871/871/1949 872/872/1950 876/873/1951 875/874/1952
f 872/872/1953 873/875/1954 877/876/1955 876/873/1956
f 873/875/1957 874/877/1958 878/878/1959 877/876/1960
f 875/874/1961 876/873/1962 880/879/1963 879/880/1964
f 876/873/1965 877/876/1966 881/881/1967 880/879/1968
f 877/876/1969 878/878/1970 882/882/1971 881/881/1972
f 879/880/1973 880/879/1974 884/883/1975 883/884/1976
f 880/879/1977 881/881/1978 885/885/1979 884/883/1980
f 881/881/1981 882/882/1982 886/886/1983 885/885/1984
f 887/887/1985 888/888/1986 892/889/1987 891/890/1988
f 888/888/1989 889/891/1990 893/892/1991 892/889/1992
f 889/891/1993 890/893/1994 894/894/1995 893/892/1996
f 891/890/1997 892/889/1998 896/895/1999 895/896/2000
f 892/889/2001 893/892/2002 897/897/2003 896/895/2004
f 893/892/2005 894/894/2006 898/898/2007 897/897/2008
f 895/896/2009 896/895/2010 900/899/2011 899/900/2012
f 896/895/2013 897/897/2014 901/901/2015 900/899/2016
f 897/897/2017 898/898/2018 902/902/2019 901/901/2020
f 903/903/2021 904/904/2022 908/905/2023 907/906/2024
f 904/904/2025 905/907/2026 909/908/2027 908/905/2028
f 905/907/2029 906/909/2030 910/910/2031 909/908/2032
f 907/906/2033 908/905/2034 912/911/2035 911/912/2036
f 908/905/2037 909/908/2038 913/913/2039 912/911/2040
f 909/908/2041 910/910/2042 914/914/2043 913/913/2044
f 911/912/2045 912/911/2046 916/915/2047 915/916/2048
f 912/911/2049 913/913/2050 917/917/2051 916/915/2052
f 913/913/2053 914/914/2054 918/918/2055 917/917/2056
f 919/919/2057 920/920/2058 924/921/2059 923/922/2060
f 920/920/2061 921/923/2062 925/924/2063 924/921/2064
f 921/923/2065 922/925/2066 926/926/2067 925/924/2068
f 923/922/2069 924/921/2070 928/927/2071 927/928/2072
f 924/921/2073 925/924/2074 929/929/2075 928/927/2076
f 925/924/2077 926/926/2078 930/930/2079 929/929/2080
f 927/928/2081 928/927/2082 932/931/2083 931/932/2084
f 928/927/2085 929/929/2086 933/933/2087 932/931/2088
f 929/929/2089 930/930/2090 934/934/2091 933/933/2092
f 935/935/2093 936/936/2094 940/937/2095 939/938/2096
f 936/936/2097 937/939/2098 941/940/2099 940/937/2100
f 937/939/2101 938/941/2102 942/942/2103 941/940/2104
f 939/938/2105 940/937/2106 944/943/2107 943/944/2108
f 940/937/2109 941/940/2110 945/945/2111 944/943/2112
f 941/940/2113 942/942/2114 946/946/2115 945/945/2116
f 943/944/2117 944/943/2118 948/947/2119 947/948/2120
f 944/943/2121 945/945/2122 949/949/2123 948/947/2124
f 945/945/2125 946/946/2126 950/950/2127 949/949/2128
f 951/951/2129 952/952/2130 956/953/2131 955/954/2132
f 952/952/2133 953/955/2134 957/956/2135 956/953/2136
f 953/955/2137 954/957/2138 958/958/2139 957/956/2140
f 955/954/2141 956/953/2142 960/959/2143 959/960/2144
f 956/953/2145 957/956/2146 961/961/2147 960/959/2148
f 957/956/2149 958/958/2150 962/962/2151 961/961/2152
f 959/960/2153 960/959/2154 964/963/2155 963/964/2156
f 960/959/2157 961/961/2158 965/965/2159 964/963/2160
f 961/961/2161 962/962/2162 966/966/2163 965/965/2164
f 967/967/2165 968/968/2166 972/969/2167 971/970/2168
f 968/968/2169 969/971/2170 973/972/2171 972/969/2172
f 969/971/2173 970/973/2174 974/974/2175 973/972/2176
f 971/970/2177 972/969/2178 976/975/2179 975/976/2180
f 972/969/2181 973/972/2182 977/977/2183 976/975/2184
f 973/972/2185 974/974/2186 978/978/2187 977/977/2188
f 975/976/2189 976/975/2190 980/979/2191 979/980/2192
f 976/975/2193 977/977/2194 981/981/2195 980/979/2196
f 977/977/2197 978/978/2198 982/982/2199 981/981/2200
f 983/983/2201 984/984/2202 988/985/2203 987/986/2204
f 984/984/2205 985/987/2206 989/988/2207 988/985/2208
f 985/987/2209 986/989/2210 990/990/2211 989/988/2212
f 987/986/2213 988/985/2214 992/991/2215 991/992/2216
f 988/985/2217 989/988/2218 993/993/2219 992/991/2220
f 989/988/2221 990/990/2222 994/994/2223 993/993/2224
f 991/992/2225 992/991/2226 996/995/2227 995/996/2228
f 992/991/2229 993/993/2230 997/997/2231 996/995/2232
f 993/993/2233 994/994/2234 998/998/2235 997/997/2236
f 999/999/2237 1000/1000/2238 1004/1001/2239 1003/1002/2240
f 1000/1000/2241 1001/1003/2242 1005/1004/2243 1004/1001/2244
f 1001/1003/2245 1002/1005/2246 1006/1006/2247 1005/1004/2248
f 1003/1002/2249 1004/1001/2250 1008/1007/2251 1007/1008/2252
f 1004/1001/2253 1005/1004/2254 1009/1009/2255 1008/1007/2256
f 1005/1004/2257 1006/1006/2258 1010/1010/2259 1009/1009/2260
f 1007/1008/2261 1008/1007/2262 1012/1011/2263 1011/1012/2264
f 1008/1007/2265 1009/1009/2266 1013/1013/2267 1012/1011/2268
f 1009/1009/2269 1010/1010/2270 1014/1014/2271 1013/1013/2272
f 1015/1015/2273 1016/1016/2274 1020/1017/2275 1019/1018/2276
f 1016/1016/2277 1017/1019/2278 1021/1020/2279 1020/1017/2280
f 1017/1019/2281 1018/1021/2282 1022/1022/2283 1021/1020/2284
f 1019/1018/2285 1020/1017/2286 1024/1023/2287 1023/1024/2288
f 1020/1017/2289 1021/1020/2290 1025/1025/2291 1024/1023/2292
f 1021/1020/2293 1022/1022/2294 1026/1026/2295 1025/1025/2296
f 1023/1024/2297 1024/1023/2298 1028/1027/2299 1027/1028/2300
f 1024/1023/2301 1025/1025/2302 1029/1029/2303 1028/1027/2304
f 1025/1025/2305 1026/1026/2306 1030/1030/2307 1029/1029/2308
f 1031/1031/2309 1032/1032/2310 1036/1033/2311 1035/1034/2312
f 1032/1032/2313 1033/1035/2314 1037/1036/2315 1036/1033/2316
f 1033/1035/2317 1034/1037/2318 1038/1038/2319 1037/1036/2320
f 1035/1034/2321 1036/1033/2322 1040/1039/2323 1039/1040/2324
f 1036/1033/2325 1037/1036/2326 1041/1041/2327 1040/1039/2328
f 1037/1036/2329 1038/1038/2330 1042/1042/2331 1041/1041/2332
f 1039/1040/2333 1040/1039/2334 1044/1043/2335 1043/1044/2336
f 1040/1039/2337 1041/1041/2338 1045/1045/2339 1044/1043/2340
f 1041/1041/2341 1042/1042/2342 1046/1046/2343 1045/1045/2344
f 1047/1047/2345 1048/1048/2346 1052/1049/2347 1051/1050/2348
f 1048/1048/2349 1049/1051/2350 1053/1052/2351 1052/1049/2352
f 1049/1051/2353 1050/1053/2354 1054/1054/2355 1053/1052/2356
f 1051/1050/2357 1052/1049/2358 1056/1055/2359 1055/1056/2360
f 1052/1049/2361 1053/1052/2362 1057/1057/2363 1056/1055/2364
f 1053/1052/2365 1054/1054/2366 1058/1058/2367 1057/1057/2368
f 1055/1056/2369 1056/1055/2370 1060/1059/2371 1059/1060/2372
f 1056/1055/2373 1057/1057/2374 1061/1061/2375 1060/1059/2376
f 1057/1057/2377 1058/1058/2378 1062/1062/2379 1061/1061/2380
f 1063/1063/2381 1064/1064/2382 1068/1065/2383 1067/1066/2384
f 1064/1064/2385 1065/1067/2386 1069/1068/2387 1068/1065/2388
f 1065/1067/2389 1066/1069/2390 1070/1070/2391 1069/1068/2392
f 1067/1066/2393 1068/1065/2394 1072/1071/2395 1071/1072/2396
f 1068/1065/2397 1069/1068/2398 1073/1073/2399 1072/1071/2400
f 1069/1068/2401 1070/1070/2402 1074/1074/2403 1073/1073/2404
f 1071/1072/2405 1072/1071/2406 1076/1075/2407 1075/1076/2408
f 1072/1071/2409 1073/1073/2410 1077/1077/2411 1076/1075/2412
f 1073/1073/2413 1074/1074/2414 1078/1078/2415 1077/1077/2416
f 1079/1079/2417 1080/1080/2418 1084/1081/2419 1083/1082/2420
f 1080/1080/2421 1081/1083/2422 1085/1084/2423 1084/1081/2424
f 1081/1083/2425 1082/1085/2426 1086/1086/2427 1085/1084/2428
f 1083/1082/2429 1084/1081/2430 1088/1087/2431 1087/1088/2432
f 1084/1081/2433 1085/1084/2434 1089/1089/2435 1088/1087/2436
f 1085/1084/2437 1086/1086/2438 1090/1090/2439 1089/1089/2440
f 1087/1088/2441 1088/1087/2442 1092/1091/2443 1091/1092/2444
f 1088/1087/2445 1089/1089/2446 1093/1093/2447 1092/1091/2448
f 1089/1089/2449 1090/1090/2450 1094/1094/2451 1093/1093/2452
f 1095/1095/2453 1096/1096/2454 1100/1097/2455 1099/1098/2456
f 1096/1096/2457 1097/1099/2458 1101/1100/2459 1100/1097/2460
f 1097/1099/2461 1098/1101/2462 1102/1102/2463 1101/1100/2464
f 1099/1098/2465 1100/1097/2466 1104/1103/2467 1103/1104/2468
f 1100/1097/2469 1101/1100/2470 1105/1105/2471 1104/1103/2472
f 1101/1100/2473 1102/1102/2474 1106/1106/2475 1105/1105/2476
f 1103/1104/2477 1104/1103/2478 1108/1107/2479 1107/1108/2480
f 1104/1103/2481 1105/1105/2482 1109/1109/2483 1108/1107/2484
f 1105/1105/2485 1106/1106/2486 1110/1110/2487 1109/1109/2488
f 1111/1111/2489 1112/1112/2490 1116/1113/2491 1115/1114/2492
f 1112/1112/2493 1113/1115/2494 1117/1116/2495 1116/1113/2496
f 1113/1115/2497 1114/1117/2498 1118/1118/2499 1117/1116/2500
f 1115/1114/2501 1116/1113/2502 1120/1119/2503 1119/1120/2504
f 1116/1113/2505 1117/1116/2506 1121/1121/2507 1120/1119/2508
f 1117/1116/2509 1118/1118/2510 1122/1122/2511 1121/1121/2512
f 1119/1120/2513 1120/1119/2514 1124/1123/2515 1123/1124/2516
f 1120/1119/2517 1121/1121/2518 1125/1125/2519 1124/1123/2520
f 1121/1121/2521 1122/1122/2522 1126/1126/2523 1125/1125/2524
f 1127/1127/2525 1128/1128/2526 1132/1129/2527 1131/1130/2528
f 1128/1128/2529 1129/1131/2530 1133/1132/2531 1132/1129/2532
f 1129/1131/2533 1130/1133/2534 1134/1134/2535 1133/1132/2536
f 1131/1130/2537 1132/1129/2538 1136/1135/2539 1135/1136/2540
f 1132/1129/2541 1133/1132/2542 1137/1137/2543 1136/1135/2544
f 1133/1132/2545 1134/1134/2546 1138/1138/2547 1137/1137/2548
f 1135/1136/2549 1136/1135/2550 1140/1139/2551 1139/1140/2552
f 1136/1135/2553 1137/1137/2554 1141/1141/2555 1140/1139/2556
f 1137/1137/2557 1138/1138/2558 1142/1142/2559 1141/1141/2560
f 1143/1143/2561 1144/1144/2562 1148/1145/2563 1147/1146/2564
f 1144/1144/2565 1145/1147/2566 1149/1148/2567 1148/1145/2568
f 1145/1147/2569 1146/1149/2570 1150/1150/2571 1149/1148/2572
f 1147/1146/2573 1148/1145/2574 1152/1151/2575 1151/1152/2576
f 1148/1145/2577 1149/1148/2578 1153/1153/2579 1152/1151/2580
f 1149/1148/2581 1150/1150/2582 1154/1154/2583 1153/1153/2584
f 1151/1152/2585 1152/1151/2586 1156/1155/2587 1155/1156/2588
f 1152/1151/2589 1153/1153/2590 1157/1157/2591 1156/1155/2592
f 1153/1153/2593 1154/1154/2594 1158/1158/2595 1157/1157/2596
f 1159/1159/2597 1160/1160/2598 1164/1161/2599 1163/1162/2600
f 1160/1160/2601 1161/1163/2602 1165/1164/2603 1164/1161/2604
f 1161/1163/2605 1162/1165/2606 1166/1166/2607 1165/1164/2608
f 1163/1162/2609 1164/1161/2610 1168/1167/2611 1167/1168/2612
f 1164/1161/2613 1165/1164/2614 1169/1169/2615 1168/1167/2616
f 1165/1164/2617 1166/1166/2618 1170/1170/2619 1169/1169/2620
f 1167/1168/2621 1168/1167/2622 1172/1171/2623 1171/1172/2624
f 1168/1167/2625 1169/1169/2626 1173/1173/2627 1172/1171/2628
f 1169/1169/2629 1170/1170/2630 1174/1174/2631 1173/1173/2632
f 1175/1175/2633 1176/1176/2634 1180/1177/2635 1179/1178/2636
f 1176/1176/2637 1177/1179/2638 1181/1180/2639 1180/1177/2640
f 1177/1179/2641 1178/1181/2642 1182/1182/2643 1181/1180/2644
f 1179/1178/2645 1180/1177/2646 1184/1183/2647 1183/1184/2648
f 1180/1177/2649 1181/1180/2650 1185/1185/2651 1184/1183/2652
f 1181/1180/2653 1182/1182/2654 1186/1186/2655 1185/1185/2656
f 1183/1184/2657 1184/1183/2658 1188/1187/2659 1187/1188/2660
f 1184/1183/2661 1185/1185/2662 1189/1189/2663 1188/1187/2664
f 1185/1185/2665 1186/1186/2666 1190/1190/2667 1189/1189/2668
f 1191/1191/2669 1192/1192/2670 1196/1193/2671 1195/1194/2672
f 1192/1192/2673 1193/1195/2674 1197/1196/2675 1196/1193/2676
f 1193/1195/2677 1194/1197/2678 1198/1198/2679 1197/1196/2680
f 1195/1194/2681 1196/1193/2682 1200/1199/2683 1199/1200/2684
f 1196/1193/2685 1197/1196/2686 1201/1201/2687 1200/1199/2688
f 1197/1196/2689 1198/1198/2690 1202/1202/2691 1201/1201/2692
f 1199/1200/2693 1200/1199/2694 1204/1203/2695 1203/1204/2696
f 1200/1199/2697 1201/1201/2698 1205/1205/2699 1204/1203/2700
f 1201/1201/2701 1202/1202/2702 1206/1206/2703 1205/1205/2704
f 1207/1207/2705 1208/1208/2706 1212/1209/2707 1211/1210/2708
f 1208/1208/2709 1209/1211/2710 1213/1212/2711 1212/1209/2712
f 1209/1211/2713 1210/1213/2714 1214/1214/2715 1213/1212/2716
f 1211/1210/2717 1212/1209/2718 1216/1215/2719 1215/1216/2720
f 1212/1209/2721 1213/1212/2722 1217/1217/2723 1216/1215/2724
f 1213/1212/2725 1214/1214/2726 1218/1218/2727 1217/1217/2728
f 1215/1216/2729 1216/1215/2730 1220/1219/2731 1219/1220/2732
f 1216/1215/2733 1217/1217/2734 1221/1221/2735 1220/1219/2736
f 1217/1217/2737 1218/1218/2738 1222/1222/2739 1221/1221/2740
f 1223/1223/2741 1224/1224/2742 1228/1225/2743 1227/1226/2744
f 1224/1224/2745 1225/1227/2746 1229/1228/2747 1228/1225/2748
f 1225/1227/2749 1226/1229/2750 1230/1230/2751 1229/1228/2752
f 1227/1226/2753 1228/1225/2754 1232/1231/2755 1231/1232/2756
f 1228/1225/2757 1229/1228/2758 1233/1233/2759 1232/1231/2760
f 1229/1228/2761 1230/1230/2762 1234/1234/2763 1233/1233/2764
f 1231/1232/2765 1232/1231/2766 1236/1235/2767 1235/1236/2768
f 1232/1231/2769 1233/1233/2770 1237/1237/2771 1236/1235/2772
f 1233/1233/2773 1234/1234/2774 1238/1238/2775 1237/1237/2776
f 1239/1239/2777 1240/1240/2778 1244/1241/2779 1243/1242/2780
f 1240/1240/2781 1241/1243/2782 1245/1244/2783 1244/1241/2784
f 1241/1243/2785 1242/1245/2786 1246/1246/2787 1245/1244/2788
f 1243/1242/2789 1244/1241/2790 1248/1247/2791 1247/1248/2792
f 1244/1241/2793 1245/1244/2794 1249/1249/2795 1248/1247/2796
f 1245/1244/2797 1246/1246/2798 1250/1250/2799 1249/1249/2800
f 1247/1248/2801 1248/1247/2802 1252/1251/2803 1251/1252/2804
f 1248/1247/2805 1249/1249/2806 1253/1253/2807 1252/1251/2808
f 1249/1249/2809 1250/1250/2810 1254/1254/2811 1253/1253/2812
f 1255/1255/2813 1256/1256/2814 1260/1257/2815 1259/1258/2816
f 1256/1256/2817 1257/1259/2818 1261/1260/2819 1260/1257/2820
f 1257/1259/2821 1258/1261/2822 1262/1262/2823 1261/1260/2824
f 1259/1258/2825 1260/1257/2826 1264/1263/2827 1263/1264/2828
f 1260/1257/2829 1261/1260/2830 1265/1265/2831 1264/1263/2832
f 1261/1260/2833 1262/1262/2834 1266/1266/2835 1265/1265/2836
f 1263/1264/2837 1264/1263/2838 1268/1267/2839 1267/1268/2840
f 1264/1263/2841 1265/1265/2842 1269/1269/2843 1268/1267/2844
f 1265/1265/2845 1266/1266/2846 1270/1270/2847 1269/1269/2848
f 1271/1271/2849 1272/1272/2850 1276/1273/2851 1275/1274/2852
f 1272/1272/2853 1273/1275/2854 1277/1276/2855 1276/1273/2856
f 1273/1275/2857 1274/1277/2858 1278/1278/2859 1277/1276/2860
f 1275/1274/2861 1276/1273/2862 1280/1279/2863 1279/1280/2864
f 1276/1273/2865 1277/1276/2866 1281/1281/2867 1280/1279/2868
f 1277/1276/2869 1278/1278/2870 1282/1282/2871 1281/1281/2872
f 1279/1280/2873 1280/1279/2874 1284/1283/2875 1283/1284/2876
f 1280/1279/2877 1281/1281/2878 1285/1285/2879 1284/1283/2880
f 1281/1281/2881 1282/1282/2882 1286/1286/2883 1285/1285/2884
f 1287/1287/2885 1288/1288/2886 1292/1289/2887 1291/1290/2888
f 1288/1288/2889 1289/1291/2890 1293/1292/2891 1292/1289/2892
f 1289/1291/2893 1290/1293/2894 1294/1294/2895 1293/1292/2896
f 1291/1290/2897 1292/1289/2898 1296/1295/2899 1295/1296/2900
f 1292/1289/2901 1293/1292/2902 1297/1297/2903 1296/1295/2904
f 1293/1292/2905 1294/1294/2906 1298/1298/2907 1297/1297/2908
f 1295/1296/2909 1296/1295/2910 1300/1299/2911 1299/1300/2912
f 1296/1295/2913 1297/1297/2914 1301/1301/2915 1300/1299/2916
f 1297/1297/2917 1298/1298/2918 1302/1302/2919 1301/1301/2920
f 1303/1303/2921 1304/1304/2922 1308/1305/2923 1307/1306/2924
f 1304/1304/2925 1305/1307/2926 1309/1308/2927 1308/1305/2928
f 1305/1307/2929 1306/1309/2930 1310/1310/2931 1309/1308/2932
f 1307/1306/2933 1308/1305/2934 1312/1311/2935 1311/1312/2936
f 1308/1305/2937 1309/1308/2938 1313/1313/2939 1312/1311/2940
f 1309/1308/2941 1310/1310/2942 1314/1314/2943 1313/1313/2944
f 1311/1312/2945 1312/1311/2946 1316/1315/2947 1315/1316/2948
f 1312/1311/2949 1313/1313/2950 1317/1317/2951 1316/1315/2952
f 1313/1313/2953 1314/1314/2954 1318/1318/2955 1317/1317/2956
f 1319/1319/2957 1320/1320/2958 1324/1321/2959 1323/1322/2960
f 1320/1320/2961 1321/1323/2962 1325/1324/2963 1324/1321/2964
f 1321/1323/2965 1322/1325/2966 1326/1326/2967 1325/1324/2968
f 1323/1322/2969 1324/1321/2970 1328/1327/2971 1327/1328/2972
f 1324/1321/2973 1325/1324/2974 1329/1329/2975 1328/1327/2976
f 1325/1324/2977 1326/1326/2978 1330/1330/2979 1329/1329/2980
f 1327/1328/2981 1328/1327/2982 1332/1331/2983 1331/1332/2984
f 1328/1327/2985 1329/1329/2986 1333/1333/2987 1332/1331/2988
f 1329/1329/2989 1330/1330/2990 1334/1334/2991 1333/1333/2992
f 1335/1335/2993 1336/1336/2994 1340/1337/2995 1339/1338/2996
f 1336/1336/2997 1337/1339/2998 1341/1340/2999 1340/1337/3000
f 1337/1339/3001 1338/1341/3002 1342/1342/3003 1341/1340/3004
f 1339/1338/3005 1340/1337/3006 1344/1343/3007 1343/1344/3008
f 1340/1337/3009 1341/1340/3010 1345/1345/3011 1344/1343/3012
f 1341/1340/3013 1342/1342/3014 1346/1346/3015 1345/1345/3016
f 1343/1344/3017 1344/1343/3018 1348/1347/3019 1347/1348/3020
f 1344/1343/3021 1345/1345/3022 1349/1349/3023 1348/1347/3024
f 1345/1345/3025 1346/1346/3026 1350/1350/3027 1349/1349/3028
f 1351/1351/3029 1352/1352/3030 1356/1353/3031 1355/1354/3032
f 1352/1352/3033 1353/1355/3034 1357/1356/3035 1356/1353/3036
f 1353/1355/3037 1354/1357/3038 1358/1358/3039 1357/1356/3040
f 1355/1354/3041 1356/1353/3042 1360/1359/3043 1359/1360/3044
f 1356/1353/3045 1357/1356/3046 1361/1361/3047 1360/1359/3048
f 1357/1356/3049 1358/1358/3050 1362/1362/3051 1361/1361/3052
f 1359/1360/3053 1360/1359/3054 1364/1363/3055 1363/1364/3056
f 1360/1359/3057 1361/1361/3058 1365/1365/3059 1364/1363/3060
f 1361/1361/3061 1362/1362/3062 1366/1366/3063 1365/1365/3064
f 1367/1367/3065 1368/1368/3066 1372/1369/3067 1371/1370/3068
f 1368/1368/3069 1369/1371/3070 1373/1372/3071 1372/1369/3072
f 1369/1371/3073 1370/1373/3074 1374/1374/3075 1373/1372/3076
f 1371/1370/3077 1372/1369/3078 1376/1375/3079 1375/1376/3080
f 1372/1369/3081 1373/1372/3082 1377/1377/3083 1376/1375/3084
f 1373/1372/3085 1374/1374/3086 1378/1378/3087 1377/1377/3088
f 1375/1376/3089 1376/1375/3090 1380/1379/3091 1379/1380/3092
f 1376/1375/3093 1377/1377/3094 1381/1381/3095 1380/1379/3096
f 1377/1377/3097 1378/1378/3098 1382/1382/3099 1381/1381/3100
f 1383/1383/3101 1384/1384/3102 1388/1385/3103 1387/1386/3104
f 1384/1384/3105 1385/1387/3106 1389/1388/3107 1388/1385/3108
f 1385/1387/3109 1386/1389/3110 1390/1390/3111 1389/1388/3112
f 1387/1386/3113 1388/1385/3114 1392/1391/3115 1391/1392/3116
f 1388/1385/3117 1389/1388/3118 1393/1393/3119 1392/1391/3120
f 1389/1388/3121 1390/1390/3122 1394/1394/3123 1393/1393/3124
f 1391/1392/3125 1392/1391/3126 1396/1395/3127 1395/1396/3128
f 1392/1391/3129 1393/1393/3130 1397/1397/3131 1396/1395/3132
f 1393/1393/3133 1394/1394/3134 1398/1398/3135 1397/1397/3136
f 1399/1399/3137 1400/1400/3138 1404/1401/3139 1403/1402/3140
f 1400/1400/3141 1401/1403/3142 1405/1404/3143 1404/1401/3144
f 1401/1403/3145 1402/1405/3146 1406/1406/3147 1405/1404/3148
f 1403/1402/3149 1404/1401/3150 1408/1407/3151 1407/1408/3152
f 1404/1401/3153 1405/1404/3154 1409/1409/3155 1408/1407/3156
f 1405/1404/3157 1406/1406/3158 1410/1410/3159 1409/1409/3160
f 1407/1408/3161 1408/1407/3162 1412/1411/3163 1411/1412/3164
f 1408/1407/3165 1409/1409/3166 1413/1413/3167 1412/1411/3168
f 1409/1409/3169 1410/1410/3170 1414/1414/3171 1413/1413/3172
f 1415/1415/3173 1416/1416/3174 1420/1417/3175 1419/1418/3176
f 1416/1416/3177 1417/1419/3178 1421/1420/3179 1420/1417/3180
f 1417/1419/3181 1418/1421/3182 1422/1422/3183 1421/1420/3184
f 1419/1418/3185 1420/1417/3186 1424/1423/3187 1423/1424/3188
f 1420/1417/3189 1421/1420/3190 1425/1425/3191 1424/1423/3192
f 1421/1420/3193 1422/1422/3194 1426/1426/3195 1425/1425/3196
f 1423/1424/3197 1424/1423/3198 1428/1427/3199 1427/1428/3200
f 1424/1423/3201 1425/1425/3202 1429/1429/3203 1428/1427/3204
f 1425/1425/3205 1426/1426/3206 1430/1430/3207 1429/1429/3208
f 1431/1431/3209 1432/1432/3210 1436/1433/3211 1435/1434/3212
f 1432/1432/3213 1433/1435/3214 1437/1436/3215 1436/1433/3216
f 1433/1435/3217 1434/1437/3218 1438/1438/3219 1437/1436/3220
f 1435/1434/3221 1436/1433/3222 1440/1439/3223 1439/1440/3224
f 1436/1433/3225 1437/1436/3226 1441/1441/3227 1440/1439/3228
f 1437/1436/3229 1438/1438/3230 1442/1442/3231 1441/1441/3232
f 1439/1440/3233 1440/1439/3234 1444/1443/3235 1443/1444/3236
f 1440/1439/3237 1441/1441/3238 1445/1445/3239 1444/1443/3240
f 1441/1441/3241 1442/1442/3242 1446/1446/3243 1445/1445/3244
f 1447/1447/3245 1448/1448/3246 1452/1449/3247 1451/1450/3248
f 1448/1448/3249 1449/1451/3250 1453/1452/3251 1452/1449/3252
f 1449/1451/3253 1450/1453/3254 1454/1454/3255 1453/1452/3256
f 1451/1450/3257 1452/1449/3258 1456/1455/3259 1455/1456/3260
f 1452/1449/3261 1453/1452/3262 1457/1457/3263 1456/1455/3264
f 1453/1452/3265 1454/1454/3266 1458/1458/3267 1457/1457/3268
f 1455/1456/3269 1456/1455/3270 1460/1459/3271 1459/1460/3272
f 1456/1455/3273 1457/1457/3274 1461/1461/3275 1460/1459/3276
f 1457/1457/3277 1458/1458/3278 1462/1462/3279 1461/1461/3280
f 1463/1463/3281 1464/1464/3282 1468/1465/3283 1467/1466/3284
f 1464/1464/3285 1465/1467/3286 1469/1468/3287 1468/1465/3288
f 1465/1467/3289 1466/1469/3290 1470/1470/3291 1469/1468/3292
f 1467/1466/3293 1468/1465/3294 1472/1471/3295 1471/1472/3296
f 1468/1465/3297 1469/1468/3298 1473/1473/3299 1472/1471/3300
f 1469/1468/3301 1470/1470/3302 1474/1474/3303 1473/1473/3304
f 1471/1472/3305 1472/1471/3306 1476/1475/3307 1475/1476/3308
f 1472/1471/3309 1473/1473/3310 1477/1477/3311 1476/1475/3312
f 1473/1473/3313 1474/1474/3314 1478/1478/3315 1477/1477/3316
f 1479/1479/3317 1480/1480/3318 1484/1481/3319 1483/1482/3320
f 1480/1480/3321 1481/1483/3322 1485/1484/3323 1484/1481/3324
f 1481/1483/3325 1482/1485/3326 1486/1486/3327 1485/1484/3328
f 1483/1482/3329 1484/1481/3330 1488/1487/3331 1487/1488/3332
f 1484/1481/3333 1485/1484/3334 1489/1489/3335 1488/1487/3336
f 1485/1484/3337 1486/1486/3338 1490/1490/3339 1489/1489/3340
f 1487/1488/3341 1488/1487/3342 1492/1491/3343 1491/1492/3344
f 1488/1487/3345 1489/1489/3346 1493/1493/3347 1492/1491/3348
f 1489/1489/3349 1490/1490/3350 1494/1494/3351 1493/1493/3352
f 1495/1495/3353 1496/1496/3354 1500/1497/3355 1499/1498/3356
f 1496/1496/3357 1497/1499/3358 1501/1500/3359 1500/1497/3360
f 1497/1499/3361 1498/1501/3362 1502/1502/3363 1501/1500/3364
f 1499/1498/3365 1500/1497/3366 1504/1503/3367 1503/1504/3368
f 1500/1497/3369 1501/1500/3370 1505/1505/3371 1504/1503/3372
f 1501/1500/3373 1502/1502/3374 1506/1506/3375 1505/1505/3376
f 1503/1504/3377 1504/1503/3378 1508/1507/3379 1507/1508/3380
f 1504/1503/3381 1505/1505/3382 1509/1509/3383 1508/1507/3384
f 1505/1505/3385 1506/1506/3386 1510/1510/3387 1509/1509/3388
f 1511/1511/3389 1512/1512/3390 1516/1513/3391 1515/1514/3392
f 1512/1512/3393 1513/1515/3394 1517/1516/3395 1516/1513/3396
f 1513/1515/3397 1514/1517/3398 1518/1518/3399 1517/1516/3400
f 1515/1514/3401 1516/1513/3402 1520/1519/3403 1519/1520/3404
f 1516/1513/3405 1517/1516/3406 1521/1521/3407 1520/1519/3408
f 1517/1516/3409 1518/1518/3410 1522/1522/3411 1521/1521/3412
f 1519/1520/3413 1520/1519/3414 1524/1523/3415 1523/1524/3416
f 1520/1519/3417 1521/1521/3418 1525/1525/3419 1524/1523/3420
f 1521/1521/3421 1522/1522/3422 1526/1526/3423 1525/1525/3424
f 1527/1527/3425 1528/1528/3426 1532/1529/3427 1531/1530/3428
f 1528/1528/3429 1529/1531/3430 1533/1532/3431 1532/1529/3432
f 1529/1531/3433 1530/1533/3434 1534/1534/3435 1533/1532/3436
f 1531/1530/3437 1532/1529/3438 1536/1535/3439 1535/1536/3440
f 1532/1529/3441 1533/1532/3442 1537/1537/3443 1536/1535/3444
f 1533/1532/3445 1534/1534/3446 1538/1538/3447 1537/1537/3448
f 1535/1536/3449 1536/1535/3450 1540/1539/3451 1539/1540/3452
f 1536/1535/3453 1537/1537/3454 1541/1541/3455 1540/1539/3456
f 1537/1537/3457 1538/1538/3458 1542/1542/3459 1541/1541/3460
f 1543/1543/3461 1544/1544/3462 1548/1545/3463 1547/1546/3464
f 1544/1544/3465 1545/1547/3466 1549/1548/3467 1548/1545/3468
f 1545/1547/3469 1546/1549/3470 1550/1550/3471 1549/1548/3472
f 1547/1546/3473 1548/1545/3474 1552/1551/3475 1551/1552/3476
f 1548/1545/3477 1549/1548/3478 1553/1553/3479 1552/1551/3480
f 1549/1548/3481 1550/1550/3482 1554/1554/3483 1553/1553/3484
f 1551/1552/3485 1552/1551/3486 1556/1555/3487 1555/1556/3488
f 1552/1551/3489 1553/1553/3490 1557/1557/3491 1556/1555/3492
f 1553/1553/3493 1554/1554/3494 1558/1558/3495 1557/1557/3496
f 1559/1559/3497 1560/1560/3498 1564/1561/3499 1563/1562/3500
f 1560/1560/3501 1561/1563/3502 1565/1564/3503 1564/1561/3504
f 1561/1563/3505 1562/1565/3506 1566/1566/3507 1565/1564/3508
f 1563/1562/3509 1564/1561/3510 1568/1567/3511 1567/1568/3512
f 1564/1561/3513 1565/1564/3514 1569/1569/3515 1568/1567/3516
f 1565/1564/3517 1566/1566/3518 1570/1570/3519 1569/1569/3520
f 1567/1568/3521 1568/1567/3522 1572/1571/3523 1571/1572/3524
f 1568/1567/3525 1569/1569/3526 1573/1573/3527 1572/1571/3528
f 1569/1569/3529 1570/1570/3530 1574/1574/3531 1573/1573/3532
f 1575/1575/3533 1576/1576/3534 1580/1577/3535 1579/1578/3536
f 1576/1576/3537 1577/1579/3538 1581/1580/3539 1580/1577/3540
f 1577/1579/3541 1578/1581/3542 1582/1582/3543 1581/1580/3544
f 1579/1578/3545 1580/1577/3546 1584/1583/3547 1583/1584/3548
f 1580/1577/3549 1581/1580/3550 1585/1585/3551 1584/1583/3552
f 1581/1580/3553 1582/1582/3554 1586/1586/3555 1585/1585/3556
f 1583/1584/3557 1584/1583/3558 1588/1587/3559 1587/1588/3560
f 1584/1583/3561 1585/1585/3562 1589/1589/3563 1588/1587/3564
f 1585/1585/3565 1586/1586/3566 1590/1590/3567 1589/1589/3568
f 1591/1591/3569 1592/1592/3570 1596/1593/3571 1595/1594/3572
f 1592/1592/3573 1593/1595/3574 1597/1596/3575 1596/1593/3576
f 1593/1595/3577 1594/1597/3578 1598/1598/3579 1597/1596/3580
f 1595/1594/3581 1596/1593/3582 1600/1599/3583 1599/1600/3584
f 1596/1593/3585 1597/1596/3586 1601/1601/3587 1600/1599/3588
f 1597/1596/3589 1598/1598/3590 1602/1602/3591 1601/1601/3592
f 1599/1600/3593 1600/1599/3594 1604/1603/3595 1603/1604/3596
f 1600/1599/3597 1601/1601/3598 1605/1605/3599 1604/1603/3600
f 1601/1601/3601 1602/1602/3602 1606/1606/3603 1605/1605/3604
f 1607/1607/3605 1608/1608/3606 1612/1609/3607 1611/1610/3608
f 1608/1608/3609 1609/1611/3610 1613/1612/3611 1612/1609/3612
f 1609/1611/3613 1610/1613/3614 1614/1614/3615 1613/1612/3616
f 1611/1610/3617 1612/1609/3618 1616/1615/3619 1615/1616/3620
f 1612/1609/3621 1613/1612/3622 1617/1617/3623 1616/1615/3624
f 1613/1612/3625 1614/1614/3626 1618/1618/3627 1617/1617/3628
f 1615/1616/3629 1616/1615/3630 1620/1619/3631 1619/1620/3632
f 1616/1615/3633 1617/1617/3634 1621/1621/3635 1620/1619/3636
f 1617/1617/3637 1618/1618/3638 1622/1622/3639 1621/1621/3640
f 1623/1623/3641 1624/1624/3642 1628/1625/3643 1627/1626/3644
f 1624/1624/3645 1625/1627/3646 1629/1628/3647 1628/1625/3648
f 1625/1627/3649 1626/1629/3650 1630/1630/3651 1629/1628/3652
f 1627/1626/3653 1628/1625/3654 1632/1631/3655 1631/1632/3656
f 1628/1625/3657 1629/1628/3658 1633/1633/3659 1632/1631/3660
f 1629/1628/3661 1630/1630/3662 1634/1634/3663 1633/1633/3664
f 1631/1632/3665 1632/1631/3666 1636/1635/3667 1635/1636/3668
f 1632/1631/3669 1633/1633/3670 1637/1637/3671 1636/1635/3672
f 1633/1633/3673 1634/1634/3674 1638/1638/3675 1637/1637/3676
f 1639/1639/3677 1640/1640/3678 1644/1641/3679 1643/1642/3680
f 1640/1640/3681 1641/1643/3682 1645/1644/3683 1644/1641/3684
f 1641/1643/3685 1642/1645/3686 1646/1646/3687 1645/1644/3688
f 1643/1642/3689 1644/1641/3690 1648/1647/3691 1647/1648/3692
f 1644/1641/3693 1645/1644/3694 1649/1649/3695 1648/1647/3696
f 1645/1644/3697 1646/1646/3698 1650/1650/3699 1649/1649/3700
f 1647/1648/3701 1648/1647/3702 1652/1651/3703 1651/1652/3704
f 1648/1647/3705 1649/1649/3706 1653/1653/3707 1652/1651/3708
f 1649/1649/3709 1650/1650/3710 1654/1654/3711 1653/1653/3712
f 1655/1655/3713 1656/1656/3714 1660/1657/3715 1659/1658/3716
f 1656/1656/3717 1657/1659/3718 1661/1660/3719 1660/1657/3720
f 1657/1659/3721 1658/1661/3722 1662/1662/3723 1661/1660/3724
f 1659/1658/3725 1660/1657/3726 1664/1663/3727 1663/1664/3728
f 1660/1657/3729 1661/1660/3730 1665/1665/3731 1664/1663/3732
f 1661/1660/3733 1662/1662/3734 1666/1666/3735 1665/1665/3736
f 1663/1664/3737 1664/1663/3738 1668/1667/3739 1667/1668/3740
f 1664/1663/3741 1665/1665/3742 1669/1669/3743 1668/1667/3744
f 1665/1665/3745 1666/1666/3746 1670/1670/3747 1669/1669/3748
f 1671/1671/3749 1672/1672/3750 1676/1673/3751 1675/1674/3752
f 1672/1672/3753 1673/1675/3754 1677/1676/3755 1676/1673/3756
f 1673/1675/3757 1674/1677/3758 1678/1678/3759 1677/1676/3760
f 1675/1674/3761 1676/1673/3762 1680/1679/3763 1679/1680/3764
f 1676/1673/3765 1677/1676/3766 1681/1681/3767 1680/1679/3768
f 1677/1676/3769 1678/1678/3770 1682/1682/3771 1681/1681/3772
f 1679/1680/3773 1680/1679/3774 1684/1683/3775 1683/1684/3776
f 1680/1679/3777 1681/1681/3778 1685/1685/3779 1684/1683/3780
f 1681/1681/3781 1682/1682/3782 1686/1686/3783 1685/1685/3784
f 1687/1687/3785 1688/1688/3786 1692/1689/3787 1691/1690/3788
f 1688/1688/3789 1689/1691/3790 1693/1692/3791 1692/1689/3792
f 1689/1691/3793 1690/1693/3794 1694/1694/3795 1693/1692/3796
f 1691/1690/3797 1692/1689/3798 1696/1695/3799 1695/1696/3800
f 1692/1689/3801 1693/1692/3802 1697/1697/3803 1696/1695/3804
f 1693/1692/3805 1694/1694/3806 1698/1698/3807 1697/1697/3808
f 1695/1696/3809 1696/1695/3810 1700/1699/3811 1699/1700/3812
f 1696/1695/3813 1697/1697/3814 1701/1701/3815 1700/1699/3816
f 1697/1697/3817 1698/1698/3818 1702/1702/3819 1701/1701/3820
f 1703/1703/3821 1704/1704/3822 1708/1705/3823 1707/1706/3824
f 1704/1704/3825 1705/1707/3826 1709/1708/3827 1708/1705/3828
f 1705/1707/3829 1706/1709/3830 1710/1710/3831 1709/1708/3832
f 1707/1706/3833 1708/1705/3834 1712/1711/3835 1711/1712/3836
f 1708/1705/3837 1709/1708/3838 1713/1713/3839 1712/1711/3840
f 1709/1708/3841 1710/1710/3842 1714/1714/3843 1713/1713/3844
f 1711/1712/3845 1712/1711/3846 1716/1715/3847 1715/1716/3848
f 1712/1711/3849 1713/1713/3850 1717/1717/3851 1716/1715/3852
f 1713/1713/3853 1714/1714/3854 1718/1718/3855 1717/1717/3856
f 1719/1719/3857 1720/1720/3858 1724/1721/3859 1723/1722/3860
f 1720/1720/3861 1721/1723/3862 1725/1724/3863 1724/1721/3864
f 1721/1723/3865 1722/1725/3866 1726/1726/3867 1725/1724/3868
f 1723/1722/3869 1724/1721/3870 1728/1727/3871 1727/1728/3872
f 1724/1721/3873 1725/1724/3874 1729/1729/3875 1728/1727/3876
f 1725/1724/3877 1726/1726/3878 1730/1730/3879 1729/1729/3880
f 1727/1728/3881 1728/1727/3882 1732/1731/3883 1731/1732/3884
f 1728/1727/3885 1729/1729/3886 1733/1733/3887 1732/1731/3888
f 1729/1729/3889 1730/1730/3890 1734/1734/3891 1733/1733/3892
f 1735/1735/3893 1736/1736/3894 1740/1737/3895 1739/1738/3896
f 1736/1736/3897 1737/1739/3898 1741/1740/3899 1740/1737/3900
f 1737/1739/3901 1738/1741/3902 1742/1742/3903 1741/1740/3904
f 1739/1738/3905 1740/1737/3906 1744/1743/3907 1743/1744/3908
f 1740/1737/3909 1741/1740/3910 1745/1745/3911 1744/1743/3912
f 1741/1740/3913 1742/1742/3914 1746/1746/3915 1745/1745/3916
f 1743/1744/3917 1744/1743/3918 1748/1747/3919 1747/1748/3920
f 1744/1743/3921 1745/1745/3922 1749/1749/3923 1748/1747/3924
f 1745/1745/3925 1746/1746/3926 1750/1750/3927 1749/1749/3928
f 1751/1751/3929 1752/1752/3930 1756/1753/3931 1755/1754/3932
f 1752/1752/3933 1753/1755/3934 1757/1756/3935 1756/1753/3936
f 1753/1755/3937 1754/1757/3938 1758/1758/3939 1757/1756/3940
f 1755/1754/3941 1756/1753/3942 1760/1759/3943 1759/1760/3944
f 1756/1753/3945 1757/1756/3946 1761/1761/3947 1760/1759/3948
f 1757/1756/3949 1758/1758/3950 1762/1762/3951 1761/1761/3952
f 1759/1760/3953 1760/1759/3954 1764/1763/3955 1763/1764/3956
f 1760/1759/3957 1761/1761/3958 1765/1765/3959 1764/1763/3960
f 1761/1761/3961 1762/1762/3962 1766/1766/3963 1765/1765/3964
