# This file uses centimeters as units for non-parametric coordinates.

mtllib sp_tree_bark_only.mtl
g default
v -168.740234 -55.858898 48.704094
v -123.770203 -55.034988 166.821121
v -143.182251 -54.422489 407.463196
v -172.079681 -54.496780 450.352875
v -172.068115 -15.490170 52.113861
v -132.178497 -6.627911 168.826981
v -145.330627 -9.885626 395.866852
v -175.371613 -38.894188 446.784637
v -188.115295 84.996498 59.907234
v -154.949585 140.503571 168.966446
v -170.719940 122.515747 329.164398
v -201.488159 80.720207 415.335175
v -194.381439 151.046600 105.979988
v -200.858246 188.535965 166.268906
v -210.588989 178.828827 328.017059
v -229.467224 167.979752 390.623901
v -318.929596 -54.501213 477.053253
v -417.969360 -54.422516 349.501404
v -387.929993 -54.422501 181.094482
v -360.438812 -54.422504 24.355074
v -323.559387 -7.017420 470.577637
v -419.314880 -4.062719 349.418365
v -384.878601 -14.811785 188.088425
v -357.110931 -28.760765 26.621977
v -353.236267 119.516014 446.319519
v -365.468445 139.597244 345.765717
v -298.257751 122.800888 202.000580
v -257.565002 90.328041 41.825741
v -338.571472 204.752243 414.985565
v -332.268616 232.671585 359.429138
v -293.056580 196.670410 238.424484
v -248.278381 130.117752 75.688683
v -309.045685 230.242401 401.205688
v -299.859375 238.853394 348.501984
v -261.498230 197.733047 205.260269
v -242.171783 144.730072 91.060593
v -280.325134 205.469635 400.030609
v -249.279938 210.861115 340.395660
v -219.667114 202.859146 168.213928
v -224.133026 155.162415 104.322083
v -292.128754 -54.395798 5.565552
v -283.776123 -54.422504 168.400558
v -282.577698 -54.422508 345.703827
v -283.867493 -54.506989 480.757111
v -211.608673 -54.428574 22.751495
v -204.028168 -54.422489 167.861328
v -202.829559 -54.422485 345.164368
v -213.391541 -54.422497 467.938538
v -273.602112 -11.485400 9.506410
v -219.336700 -8.653431 23.555529
v -255.202454 95.210396 43.007652
v -218.584808 91.778358 43.532524
v -215.011505 -26.057402 459.997375
v -291.506531 -21.177568 474.986237
v -238.176025 96.490974 426.491608
v -299.876495 109.517563 438.124329
v 14.643677 -118.753365 -532.680664
v 19.601318 -113.101074 -498.800751
v 36.216736 -66.284882 -349.005493
v 37.643250 -21.075649 -215.357681
v 26.839966 -87.444557 -579.103516
v 45.988220 -80.200233 -512.981140
v 55.293884 -34.256977 -359.749420
v 92.552979 8.118370 -211.131866
v 68.050476 50.241760 -158.753189
v 34.118591 -59.046638 -613.833923
v 56.294006 -33.565578 -527.755920
v 46.917603 12.110348 -380.074188
v 61.159729 59.974705 -222.178619
v 46.587830 90.851814 -139.785049
v 9.764893 -29.632059 -606.917114
v 20.062439 -3.867077 -542.496582
v 17.709778 41.118397 -394.778046
v 19.965942 90.438255 -236.426834
v -32.168793 1.857461 -598.250366
v -32.299438 25.474129 -555.323853
v -33.837524 70.509621 -406.596130
v -29.733704 116.953987 -252.381882
v -240.824432 21.773094 -211.173981
v -246.589996 -15.896866 -326.277527
v -193.864716 -62.415623 -443.117188
v -169.810150 -82.510880 -494.514374
v -246.970520 57.276665 -228.174606
v -243.148407 19.395838 -337.747559
v -189.081146 -28.189339 -457.294952
v -157.983551 -47.831242 -526.422546
v -237.102631 110.216942 -228.835648
v -236.911041 68.998589 -354.843842
v -182.844788 21.413980 -474.390137
v -140.897491 -11.234945 -566.693359
v -224.386810 157.461227 -257.359314
v -230.674622 118.551323 -371.913574
v -176.736145 67.021782 -489.793884
v -130.869568 22.475241 -591.338562
v -217.261322 169.380814 -255.544388
v -221.445282 133.606949 -366.261017
v -187.644012 80.521278 -465.193268
v -127.923889 27.902405 -591.444763
v -145.726624 174.519348 -254.556000
v -158.897827 131.226181 -373.721252
v -146.695862 60.851616 -507.184357
v -120.648468 26.992805 -594.761780
v -122.046051 173.317383 -254.796783
v -106.064667 115.160011 -400.551941
v -82.634308 48.177906 -534.552246
v -88.344849 24.322779 -597.015686
v -76.220581 144.908325 -255.485718
v -77.647278 99.025589 -403.837769
v -49.567413 39.765480 -541.277344
v -62.593323 18.298218 -598.809326
v -169.810150 -82.510880 -494.514374
v -178.024994 -76.485474 -477.377594
v -204.453308 -29.645454 -347.579529
v -195.232635 18.276075 -199.539551
v -175.892120 51.682159 -140.710480
v -99.428314 -96.780525 -507.656311
v -123.958618 -91.235229 -496.076019
v -115.169739 -43.503830 -348.654114
v -105.948639 4.417812 -200.613541
v -118.890778 27.078276 -155.294220
v -11.604797 -113.893623 -525.989075
v -35.102356 -105.276260 -497.745667
v -25.884735 -57.362843 -349.730194
v -16.663452 -9.441242 -201.690033
v -32.105621 11.361375 -168.699692
v -153.151520 -45.301338 -532.614258
v -89.350464 -58.717422 -551.526672
v -7.733887 -79.149063 -571.606506
v -135.961456 -10.019982 -572.976501
v -85.724396 -22.930296 -589.524353
v -10.313049 -46.417175 -608.186523
v -127.807098 19.424801 -594.794373
v -102.724823 14.180737 -597.760376
v -29.066803 -6.805077 -604.109863
v 192.819519 -37.592541 -382.602570
v 259.717590 -37.284790 -324.554565
v 354.351318 -45.709621 -230.992233
v 359.589600 -51.262196 -165.823883
v 366.353271 -48.099850 -35.388226
v 230.274902 42.811523 -398.750153
v 282.851135 26.443905 -348.653961
v 349.603333 15.556667 -257.091034
v 357.469727 31.375534 -110.977585
v 393.451172 27.477015 -28.270531
v 246.338074 95.578964 -417.636078
v 300.582703 91.131027 -372.573486
v 352.506836 85.132912 -271.409119
v 369.563538 83.324295 -129.315781
v 389.142761 76.047974 -5.970943
v 225.020264 115.201447 -405.254608
v 315.085266 151.269257 -364.866394
v 337.950134 138.261230 -279.339142
v 361.823853 136.565781 -120.656311
v 378.694275 122.584900 -25.819086
v 187.615540 172.694641 -373.390259
v 284.234863 174.047012 -336.015442
v 310.981934 165.527283 -247.493744
v 343.011719 165.436310 -106.524574
v 346.799438 170.744492 -23.682047
v 154.471130 -33.613895 80.525414
v 69.425171 -61.834354 58.571323
v -35.914337 -51.187740 8.163526
v -35.801117 -56.411659 -98.316566
v -3.558228 -61.995605 -169.555862
v 200.300171 -12.748146 91.222107
v 86.759521 0.522024 33.650101
v 8.601501 -1.545557 -18.721575
v -9.727020 -21.094612 -94.710632
v 10.678345 -42.663296 -167.647476
v 217.843872 55.927891 66.361908
v 104.619324 66.095764 10.671473
v 60.179871 66.711052 -55.420731
v 40.320312 87.344986 -143.151138
v 44.315491 89.144753 -188.144043
v 236.545654 123.947174 46.081818
v 123.277649 132.560364 -12.271433
v 64.167053 182.499939 -75.404205
v 20.072876 199.993790 -144.360535
v 23.874634 203.870407 -184.018585
v 226.584534 167.279602 19.872416
v 131.969482 193.004898 -39.148029
v 31.633118 205.079163 -97.200043
v 13.865234 209.878250 -150.166962
v 16.844849 218.357498 -183.995193
v 270.665649 184.326553 17.762629
v 187.177429 211.039948 -23.585978
v 86.568909 213.769272 -82.817047
v 20.036743 220.970627 -190.512039
v 46.799438 212.937805 -225.045883
v 299.584473 189.970413 15.842500
v 259.616028 223.391556 -24.907303
v 183.941956 219.160172 -136.629868
v 109.542419 220.442535 -252.888290
v 110.269287 189.498932 -341.362213
v 335.252930 180.300461 -5.624785
v 306.178345 197.346542 -70.835541
v 260.081665 202.601471 -193.247421
v 195.898010 195.356476 -314.018158
v 134.191345 190.599579 -366.009735
v 39.069214 -53.472664 -235.874634
v 11.768311 -57.080353 -191.389938
v 79.325745 -68.575615 -75.096336
v 150.812683 -60.333073 62.506035
v 235.631042 -33.375412 83.606575
v 111.298523 -51.267632 -319.840118
v 111.768188 -68.575645 -259.319122
v 185.394104 -68.575623 -140.409012
v 259.019958 -68.575607 -21.499203
v 310.963440 -47.774887 68.987007
v 168.001099 -49.370155 -375.383575
v 228.069702 -59.987865 -335.412506
v 291.463623 -68.575638 -205.722046
v 355.663452 -61.037594 -78.075012
v 359.880432 -44.417713 -7.662538
v 68.441101 -24.750414 -250.813553
v 112.921204 -26.535437 -300.730957
v 213.401428 34.729099 -377.621979
v 71.101868 78.252029 -243.675873
v 123.914612 90.325294 -326.273438
v 181.241333 105.194649 -394.097321
v 77.758423 157.897522 -269.938934
v 110.986816 162.533707 -353.718964
v 155.655823 150.725052 -400.105072
v 377.877319 24.031418 0.061054
v 319.632568 17.015060 90.320175
v 259.058044 9.777337 113.338333
v 385.392822 88.869728 10.652419
v 327.592834 81.812355 80.448853
v 265.350281 70.299408 87.787415
v 364.683105 134.353226 6.931233
v 316.327576 140.333176 47.773766
v 259.902710 130.176880 53.266926
v -381.613708 17.864946 -395.729126
v -349.566284 19.108767 -389.185852
v -306.309204 5.529152 -346.400238
v -255.491241 13.113770 -292.000824
v -377.180267 28.282440 -393.800934
v -345.462433 38.126377 -387.953705
v -290.119751 46.156689 -359.932190
v -377.571289 47.510731 -391.038330
v -345.853516 57.355476 -385.191040
v -288.781738 63.599033 -360.750641
v -240.961853 91.199341 -293.380066
v -377.966217 65.740082 -388.422577
v -346.289307 75.560860 -382.583649
v -310.478760 95.815933 -345.643433
v -251.790436 103.567932 -279.076263
v -243.840393 108.968201 -258.122833
v -384.037842 89.568680 -385.774994
v -354.586151 91.405846 -381.415405
v -324.212524 107.018387 -331.116547
v -264.097351 115.229576 -263.344788
v -256.513580 120.408379 -242.593063
v -349.461792 -2.725519 -159.139969
v -391.994812 -4.518989 -171.761368
v -453.834869 -5.118707 -226.909378
v -491.893158 -4.925701 -291.615143
v -495.871063 -4.722077 -359.554840
v -358.328094 28.470446 -163.886169
v -387.521423 37.707024 -182.601959
v -453.590179 44.238140 -227.300476
v -483.121002 39.025158 -292.453461
v -489.308044 27.875551 -359.325378
v -358.506683 96.082542 -175.814072
v -380.793457 102.428413 -185.864029
v -437.611725 80.386093 -244.621246
v -479.572815 55.431015 -293.534332
v -485.383362 46.622635 -359.566071
v -371.678772 144.758850 -176.926239
v -384.220886 149.788849 -176.004425
v -411.570953 138.697617 -237.691544
v -479.271484 57.530533 -296.872711
v -481.988525 62.888172 -359.954926
v -371.539673 183.264343 -181.343658
v -381.441284 181.123535 -183.803055
v -398.809753 177.569733 -226.156143
v -474.580658 62.299950 -304.103027
v -479.709229 64.382896 -332.708679
v -340.701111 174.641495 -191.520721
v -363.888306 184.132950 -191.813858
v -398.551086 173.639053 -236.156311
v -441.390991 78.179169 -337.132874
v -479.117493 69.761688 -364.089294
v -302.929626 156.558853 -202.647812
v -332.805847 163.416992 -213.793442
v -375.345825 155.982040 -267.432251
v -402.600983 98.433327 -369.305847
v -447.671661 82.410622 -386.090912
v -279.896820 142.469574 -211.275986
v -297.698120 138.985504 -238.681290
v -356.944153 132.204086 -302.419922
v -384.213654 104.305771 -376.643097
v -421.562195 85.763908 -389.112457
v -495.598358 -4.621938 -375.291748
v -464.626923 -5.118713 -324.915192
v -412.339630 -5.118704 -260.693604
v -360.052338 -5.118696 -196.472031
v -311.331787 -4.068034 -162.893875
v -462.213013 -3.509141 -392.427307
v -423.131683 -5.118725 -358.699341
v -370.844391 -5.118709 -294.477814
v -318.557098 -5.118708 -230.256226
v -273.422852 -2.081060 -170.023788
v -434.842072 8.073435 -403.442657
v -384.406128 0.649012 -382.748962
v -329.349182 -5.118713 -328.261993
v -277.417938 -4.930972 -264.046082
v -250.710938 18.444439 -203.115967
v -488.163788 36.245338 -379.370667
v -461.165009 45.523045 -394.429901
v -439.027344 35.833786 -401.276459
v -484.141144 52.595123 -375.205475
v -462.045105 64.246239 -394.464935
v -441.951416 54.542282 -398.949371
v -480.974091 66.536674 -369.099976
v -457.278351 73.029434 -396.455109
v -442.001160 71.343605 -396.495056
v -280.135315 38.643646 -179.529633
v -312.127197 34.893208 -171.106796
v -288.962891 92.204323 -187.557602
v -315.424225 85.843750 -181.826065
v -271.939453 135.275955 -221.995911
v -287.863983 138.037292 -200.658371
v -326.379089 140.135895 -190.705719
v -117.280823 -72.305809 168.635315
v -74.742432 -72.305817 91.995201
v 38.693542 -72.305809 49.513542
v 152.127747 -72.305840 7.034873
v 218.453918 -72.305832 0.967780
v 216.435486 133.992783 -19.539892
v 191.451965 178.319351 -15.636162
v 334.327820 -71.201500 109.874931
v 287.295837 -72.305824 175.247543
v 184.402832 -72.305817 245.882767
v 76.624329 -72.305786 397.022583
v -99.724152 -74.672035 471.249695
v 346.817139 -24.856346 102.395233
v 295.696594 -16.329601 188.058792
v 172.941772 -33.785542 236.864807
v 68.927979 -43.531898 416.236267
v -103.003296 -74.605171 471.926361
v 339.534790 50.606079 102.192207
v 282.203369 53.657875 158.932724
v 180.496277 46.222507 197.186996
v 61.156677 16.495564 379.535889
v -119.785583 -14.847743 420.480621
v 318.895081 103.168777 103.819649
v 273.704712 131.325470 133.912872
v 164.954224 115.765694 176.288864
v 62.358826 76.853081 344.667389
v -72.736420 29.337936 389.472015
v 268.596924 186.011642 110.718346
v 257.003052 183.539612 123.528320
v 160.381226 191.964462 149.581894
v 75.856873 194.313629 308.336029
v -42.773773 124.502815 347.572144
v 263.303467 186.206940 98.485443
v 238.742676 217.874481 104.362236
v 138.164551 202.797852 151.695618
v 64.621033 202.412704 292.657104
v -102.997620 153.362167 211.590317
v 234.740845 175.237198 44.693874
v 209.278320 233.221619 62.736877
v 110.413818 212.572754 139.451096
v 29.799377 167.228790 194.304413
v -114.818207 144.255417 187.727692
v 196.129517 175.594162 -11.804041
v 173.884155 210.422226 14.938547
v 86.395874 186.463425 90.593323
v 11.329773 157.849014 142.169708
v -112.014526 128.894775 166.505447
v -165.913605 -72.305786 358.063721
v 42.420593 -72.305786 315.629089
v 145.313477 -72.305809 189.682190
v 248.206482 -72.305832 119.046852
v 328.295227 -71.937561 52.790085
v -205.002838 -72.305801 274.752106
v 3.331238 -72.305809 204.116760
v 106.224243 -72.305832 133.481552
v 209.117249 -72.305840 62.846405
v 308.459717 -72.305847 13.921948
v -149.810425 -72.305794 217.365952
v -35.758026 -72.305801 147.916214
v 67.134949 -72.305824 77.280922
v 170.027893 -72.305832 6.645744
v 262.697449 -72.305832 6.996175
v -156.799835 -45.396351 368.883179
v -201.665771 -28.058342 273.986267
v -139.545715 -39.493053 216.238724
v -141.332916 -0.244672 373.296051
v -173.167816 14.582792 258.626221
v -149.511902 12.734161 213.442078
v -128.803314 47.877567 261.980225
v -143.537933 72.725098 213.161606
v -140.138885 76.844765 195.128769
v 305.699341 -29.145273 19.945276
v 340.833496 -25.528856 52.029064
v 236.507385 69.105453 3.544528
v 295.795593 53.698772 28.973333
v 330.281799 46.173866 61.856556
v 221.403198 131.025757 -16.341227
v 253.221985 117.239174 17.369852
v 307.168396 101.955864 82.374985
v -514.265076 -31.477200 26.708696
v -506.117584 -34.074493 -41.010609
v -436.811615 -36.408566 -104.944237
v -367.504211 -38.742531 -168.875000
v -321.464050 -39.574821 -192.730194
v -508.796295 -12.457121 24.766321
v -507.401794 2.944077 -43.576683
v -438.139648 1.913088 -107.600708
v -369.044281 0.878613 -171.457962
v -322.339966 -3.451590 -192.374344
v -494.814331 26.524229 18.946978
v -491.283142 60.385231 -48.559540
v -440.448181 68.465317 -112.213638
v -371.187073 67.434509 -176.236969
v -332.698975 87.423203 -203.526825
v -475.939453 68.228714 -6.915937
v -466.922394 109.766563 -58.062954
v -440.374603 125.649170 -117.835426
v -373.495850 133.986465 -180.850372
v -329.213440 120.391853 -212.294540
v -455.946655 112.068428 -30.990053
v -448.694763 132.162201 -57.969246
v -423.041046 142.960892 -124.364342
v -364.977051 165.559860 -189.729706
v -346.137512 155.243332 -203.298798
v -205.907867 -36.779823 -148.324707
v -220.605469 -35.316601 -87.375298
v -274.034790 -32.288902 -6.252348
v -333.322571 -29.437897 70.581192
v -397.495300 -29.128065 129.581863
v -199.161377 -1.053444 -158.591660
v -210.854218 8.520161 -82.071358
v -284.999298 -2.456679 -10.388136
v -343.717896 -7.435370 60.303192
v -398.445404 -29.052992 130.222458
v -204.568848 57.733307 -158.566605
v -229.234680 62.288109 -100.920181
v -291.317322 58.599800 -43.283878
v -360.028076 38.308311 34.512550
v -413.398132 15.983748 91.495331
v -219.040680 98.885834 -152.701736
v -242.816254 122.098900 -118.477158
v -308.756104 112.275810 -55.590508
v -364.469788 82.914520 5.459866
v -406.138580 45.559681 61.431873
v -253.386871 164.045135 -135.115753
v -257.979126 162.600311 -122.415161
v -320.000549 170.856766 -75.478127
v -369.340302 138.858826 -25.035353
v -401.125854 86.248726 22.741995
v -260.799622 163.902863 -142.380280
v -276.822632 188.955643 -131.756851
v -335.690735 179.540878 -68.392868
v -378.643127 145.049164 -27.684528
v -420.238129 108.063225 6.297022
v -297.190308 154.125366 -172.463882
v -310.321198 200.010406 -153.494690
v -359.648438 187.043365 -70.145287
v -408.401550 152.980911 -34.888840
v -431.756775 107.353951 2.440010
v -341.636169 153.184891 -201.840683
v -349.860657 181.265839 -176.944519
v -390.677307 165.639297 -96.105255
v -425.026367 145.324646 -43.084293
v -444.666046 105.535248 -8.156520
v -425.597198 -27.438549 126.979797
v -372.167725 -30.466249 45.857079
v -318.738068 -33.493954 -35.265438
v -265.307800 -36.521683 -116.388298
v -227.033661 -38.911705 -187.666214
v -470.300812 -28.643599 97.966301
v -416.870422 -31.671310 16.844341
v -363.439697 -34.699005 -64.278259
v -310.010101 -37.726723 -145.401077
v -252.759399 -40.103260 -209.836288
v -502.339050 -30.061892 62.798450
v -461.572845 -32.876347 -12.168542
v -408.142456 -35.904037 -93.291054
v -354.712830 -38.931747 -174.413925
v -287.790833 -39.844212 -201.383621
v -423.013031 -6.971497 113.912338
v -468.792175 5.672554 93.772171
v -493.880463 -4.733805 56.215965
v -423.083252 26.931217 80.819565
v -455.068878 37.916130 67.690025
v -474.822571 35.597908 45.918972
v -426.586365 61.855690 45.333839
v -444.255249 72.456482 32.064331
v -455.020813 74.156845 21.224016
v -290.302185 -7.150081 -199.301926
v -253.035217 -6.320189 -205.811050
v -218.277771 -2.945833 -193.108124
v -307.872498 70.355736 -199.865112
v -257.629730 58.498379 -198.556747
v -223.090363 53.232418 -184.797119
v -324.687988 118.124359 -211.371735
v -291.820251 108.036072 -196.069000
v -233.797516 97.450447 -164.677673
v -674.798950 -423.268860 315.305084
v -674.754089 -423.165375 312.027283
v 327.738770 786.219116 147.670395
v 358.040894 1066.010742 -69.281929
v 397.081482 1126.865234 -80.748199
v 648.612793 1432.437134 767.100342
v 617.658142 1400.582886 742.182922
v 571.695740 1358.071167 710.457886
v 513.077087 1285.300171 655.053406
v 488.944946 1246.697266 621.428467
v 462.921600 1172.703247 561.771118
v 463.920258 1123.656494 492.980957
v 482.343414 1071.293091 391.442566
v 657.134216 1580.522705 1005.102783
v 653.234985 1584.331177 996.485779
v 647.983398 1463.974976 872.748779
v 63.332123 174.731857 73.381264
v -152.334457 610.862854 594.261353
v -188.436157 619.860962 602.018188
v -124.692619 588.563354 566.431335
v -159.913086 596.064514 579.690125
v -308.029388 425.539185 1288.454834
v -310.935730 426.757050 1277.207275
v 362.381348 1035.779175 -40.447525
v 349.027740 972.709717 -9.106157
v 341.964600 927.123474 22.575539
v 323.148438 885.227600 79.733910
v 342.316010 975.470398 0.914332
v 333.602020 931.685974 32.788116
v -203.804398 612.547668 1262.141968
v -418.058136 678.291809 663.647705
v -433.131195 685.709351 693.525879
v 82.155235 112.724579 39.335453
v 99.412880 129.463531 29.777027
v 652.804932 1507.833374 903.036194
v -222.869278 632.573547 608.071533
v -196.432724 606.064148 587.194458
v -134.599762 565.401062 560.878296
v -169.024216 574.794922 573.799316
v 23.422066 630.165283 522.119995
v 18.546579 634.972717 459.591034
v -6.566401 626.854004 505.321136
v -28.348558 616.362854 491.568207
v -51.844780 608.661560 529.308167
v -25.442427 69.530815 -236.958237
v 10.897386 62.593090 -218.879578
v -360.174500 445.094696 1353.939453
v -346.300903 440.223907 1357.003662
v 142.061752 124.182655 -428.581421
v 105.232788 120.862297 -447.577026
v 62.020634 110.843376 -440.300079
v 661.683350 1682.352661 1070.126343
v 139.885895 147.102722 -350.963348
v 107.196732 174.013840 -290.887268
v 113.945427 155.044601 -382.479767
v 79.413391 186.873199 -321.585266
v 146.239090 654.191833 102.817368
v 658.514771 1432.913574 755.686218
v 626.183289 1400.327393 732.893555
v 580.360962 1357.729248 701.495728
v 523.938904 1285.699219 645.663147
v 501.969574 1247.467896 611.076050
v 475.060944 1176.523926 553.261292
v 478.452789 1128.945923 486.213745
v 668.618774 1430.964355 751.159607
v 635.759766 1397.383667 730.490845
v 590.609802 1354.520386 699.385864
v 535.227417 1281.807495 646.489075
v 514.298706 1243.863525 611.634094
v 489.898132 1175.481323 553.878174
v 676.222900 1428.238281 754.244873
v 643.102112 1392.995361 734.637878
v 598.681091 1349.251709 705.205322
v 542.788269 1276.271851 653.896179
v 681.725525 1422.540161 765.343445
v 645.010559 1388.997559 744.550903
v 600.719177 1344.483032 716.689697
v -133.593353 530.189880 680.115845
v -163.690323 545.340210 675.716003
v -110.014656 547.257690 687.481140
v -144.233582 562.924561 681.708252
v -77.937958 442.824036 783.864136
v -103.577332 438.293152 765.382996
v -121.731903 431.489288 745.281372
v -314.400391 577.666016 625.047974
v 555.725098 -260.966461 312.416656
v 556.198669 -262.490173 302.483704
v 538.070251 -254.065002 300.798004
v 554.042236 -266.843872 295.576782
v 535.066223 -259.749573 293.512299
v 514.027954 -250.906982 291.620758
v -184.400833 598.738098 1284.557251
v -86.152794 -2.529656 597.468140
v -82.159790 17.644094 517.351624
v -78.758156 31.186245 483.412567
v -75.843468 57.155197 451.447571
v -73.685112 93.649521 419.328644
v -72.184128 132.190552 380.589996
v -153.417587 8.947225 605.605164
v -154.367722 28.134293 522.252197
v 265.937561 737.149719 148.961761
v 253.187622 689.963013 136.010635
v 234.307800 669.130493 128.117462
v 271.429657 683.422363 138.370987
v 254.535461 659.448853 130.081573
v 289.162445 677.073608 147.008102
v 264.633820 776.945496 151.580780
v -704.924316 749.968445 1259.873657
v -715.581665 775.375793 1278.890869
v -739.522095 825.970276 1282.620361
v -758.894958 876.598511 1291.957031
v -773.493896 947.404785 1314.474243
v -789.186340 1035.976807 1344.154541
v -698.026733 753.797729 1250.254883
v -709.515381 779.043640 1269.165527
v -734.339478 829.555115 1273.865356
v -754.232605 880.183350 1284.237061
v -769.319153 950.377869 1307.885742
v -785.523010 1038.304932 1338.791138
v -735.854797 832.511414 1264.588379
v -755.748535 883.143677 1275.882812
v -770.694214 952.773315 1300.261719
v -786.541260 1040.060181 1332.201172
v -743.527649 834.146362 1257.247925
v -762.850586 884.629822 1269.325195
v -777.250305 953.640137 1294.503296
v -792.448425 1040.416260 1327.020874
v -771.635742 884.121399 1267.408203
v -785.364563 952.794739 1293.134033
v -781.509583 881.111694 1271.666504
v -793.519592 950.088623 1297.081299
v -797.651367 947.049683 1303.857544
v 175.155472 265.617462 170.365280
v 149.755402 244.477173 171.165970
v 178.116196 224.050262 213.196747
v 31.503515 31.357836 -331.060150
v -302.624939 535.802673 1606.907715
v -309.929596 534.688110 1609.193604
v 75.586456 155.085419 -396.848755
v -168.686127 1182.072632 870.938354
v -191.895493 1118.417236 843.193787
v -173.695663 1175.642700 875.135010
v -322.866241 492.612335 1501.933105
v -317.379150 522.557800 1571.895630
v 82.846344 96.284302 -34.842297
v 29.321970 590.448730 24.762817
v 18.417049 569.378601 -34.042091
v 1.481381 546.506470 -7.442745
v -10.123013 524.763733 -59.454552
v -12.684646 506.137665 -36.885956
v -23.586765 500.676086 -106.599022
v -27.297331 483.623688 -80.114990
v -40.325390 473.919098 -146.902359
v -44.070175 459.935791 -116.348473
v 32.024143 601.648376 216.659271
v 26.168808 601.681335 267.575409
v 24.529774 576.830811 265.569672
v 10.059812 570.603455 310.471039
v -10.545258 561.839722 357.039734
v -34.757378 552.446838 406.337402
v 19.049589 550.029419 309.291504
v -1.492007 543.181458 356.024872
v -25.911137 535.679810 405.605621
v -50.468315 526.247803 454.817108
v -75.876099 514.267639 501.790894
v 34.392109 533.442566 312.180267
v 13.854159 528.169983 359.920349
v -9.723691 521.928589 409.906769
v -31.492840 512.096619 458.872742
v 36.385155 516.988708 367.711121
v 14.931071 511.267334 418.917694
v 7.660490 318.850494 -53.926319
v 83.130791 322.085693 -84.514481
v 56.248306 329.478729 -62.378319
v 18.199636 338.295563 -58.397465
v -28.679646 349.026917 -68.766968
v 94.906120 340.641510 -81.963097
v 65.998833 347.237701 -60.080620
v 31.219826 357.423553 -56.336193
v -10.005757 370.987885 -66.013176
v 137.590469 359.687897 -98.756767
v 110.846931 360.476501 -69.648346
v 79.766342 365.971649 -50.913643
v 45.574024 376.327728 -47.610676
v 6.782331 390.492859 -56.369751
v -26.712521 405.758972 -76.988960
v 183.708405 391.712921 -105.960869
v 159.173889 384.764191 -73.157585
v 127.369614 383.536011 -48.156818
v 94.364044 387.490387 -33.728840
v 59.742077 396.357574 -31.588942
v 21.920031 409.717163 -40.153221
v -10.611355 425.829193 -59.105305
v 426.455505 1186.158447 -96.370949
v 296.671173 894.647583 94.871719
v 287.630951 865.256348 123.718651
v 281.878571 833.928894 160.244553
v 318.255768 976.802002 -3.168788
v 306.487823 933.487732 27.688002
v 280.176147 894.300293 87.617607
v 346.415680 1039.921997 -28.690895
v 18.800566 122.253960 132.727219
v -379.676910 757.636353 703.328979
v -346.414825 718.391541 658.736816
v -255.309006 647.136169 615.609924
v -294.553802 655.353333 609.308289
v -311.185760 641.983337 599.973389
v -337.082153 663.365295 608.764404
v 153.553528 172.142273 -26.109797
v 366.262146 -7.439892 -119.689850
v -431.760468 797.467957 660.733643
v -433.134308 796.837952 653.659241
v 314.431763 827.139038 139.376282
v 282.391541 805.970642 178.838852
v 270.809631 792.737488 146.977371
v 285.611938 790.283386 139.522598
v -159.325623 678.142883 1298.374146
v 974.919678 1698.063110 862.032471
v 963.883057 1688.467041 861.113403
v 962.116638 1686.722900 867.382263
v 952.709534 1678.945801 859.562744
v 950.885437 1677.005737 865.709229
v 953.692078 1671.880493 869.619873
v 942.057434 1668.580688 856.970703
v 939.817810 1666.750610 862.885803
v 942.722961 1661.454712 866.824524
v 947.798035 1655.404663 864.339539
v 929.462036 1654.745972 854.971985
v 932.412964 1649.394043 858.797913
v 937.550781 1643.293335 856.167114
v 938.989929 1640.171387 849.679871
v 921.277588 1642.069580 851.187805
v 924.281799 1636.678345 854.933105
v 929.504944 1630.498657 852.219604
v 930.966187 1627.219360 845.597656
v 926.073547 1626.941406 837.907104
v 909.582520 1628.343628 843.266663
v 1069.153931 1761.617065 865.036865
v 1053.957642 1751.440674 860.093018
v 1043.217773 1741.588501 861.954468
v 687.436646 1446.218140 769.094910
v 695.240234 1444.891479 758.450745
v 704.691101 1436.377197 761.822937
v 710.220215 1436.071411 769.096741
v 706.855835 1449.484619 751.102539
v 717.592773 1446.433228 756.337463
v 730.376587 1458.080200 746.239380
v 718.103760 1459.225220 744.234375
v 710.691040 1465.940552 754.577271
v -763.336182 822.146912 1285.646240
v -779.334961 872.907898 1294.225342
v -790.470337 944.084534 1315.941772
v 1195.903564 1875.363892 861.548462
v 703.428528 1452.045044 782.016968
v 75.679596 98.957893 -91.289024
v 370.023956 107.436005 -93.934685
v 377.987000 63.416176 -137.444977
v 39.987343 189.443649 -337.558563
v -1.828531 172.902374 -341.560822
v 190.040466 82.290108 -432.632904
v 169.262604 118.488449 -396.753693
v -321.205170 805.746033 803.619202
v -312.437408 907.294678 817.759705
v 385.811005 137.922958 -84.125443
v -696.313721 647.370789 1129.272705
v -723.036255 697.006287 1173.204346
v -733.338074 722.737488 1216.889160
v -394.371979 727.903198 656.382874
v 1153.692383 1838.231934 868.030823
v 1145.348877 1831.250366 868.399414
v 1140.713623 1831.688843 867.684143
v 477.179840 -219.054245 294.266571
v 497.279663 -232.259811 297.234955
v 517.843750 -243.901093 299.270874
v 537.616089 -251.733276 312.126984
v 177.142853 173.464310 197.971588
v 196.121445 151.438705 215.917068
v 213.298019 126.600410 226.490173
v 228.193787 100.666351 231.641373
v 185.292252 155.409012 156.370789
v 201.751221 141.611847 172.659103
v 217.116791 122.889557 184.078751
v 230.304504 100.461601 191.020218
v 241.454361 75.423355 194.589508
v 250.883240 48.737926 196.304260
v 258.260437 20.919004 197.345764
v 213.171829 154.450516 127.333839
v 228.035919 143.472229 142.710632
v 241.833252 126.869545 153.773636
v 253.614929 105.654457 160.504471
v 263.289795 80.980743 163.977982
v 271.304138 54.094315 165.501617
v 278.391754 26.086338 166.362473
v 284.752563 -2.659768 166.998611
v 291.367279 -31.798115 168.559937
v 301.194641 -60.730522 174.275330
v 318.370728 -87.431061 183.186035
v 245.601624 173.129654 115.064095
v 261.963257 158.606445 131.946548
v 276.086884 138.697693 143.851654
v 290.547974 115.459167 150.681137
v 300.446075 89.589096 155.282104
v 308.299194 61.893917 157.927612
v 315.608337 33.581020 159.866257
v 322.447784 5.083379 162.190079
v 329.388763 -23.399525 165.801498
v 337.436279 -51.394508 171.736847
v 347.193756 -78.024368 182.026215
v 358.704803 -102.601791 196.586151
v 371.648163 -125.197548 214.301758
v 385.127808 -145.999771 233.264252
v -218.468872 77.209610 127.930069
v -207.470474 55.211803 97.748184
v -679.554016 -407.148041 321.744965
v -674.655396 -408.807617 325.139404
v -666.797058 -394.449402 326.733093
v -653.916931 -378.317261 328.709381
v -668.943909 -410.534760 325.299927
v -659.189026 -397.373535 326.519867
v -644.749878 -382.652527 328.385162
v -626.210876 -366.831451 330.320282
v -605.648926 -349.746887 331.667969
v -585.381409 -330.730438 331.389496
v -566.952209 -309.616272 328.755005
v -32.545029 619.245361 544.599121
v -80.044144 603.626404 558.648315
v 113.903252 557.054321 -144.602585
v 106.475700 523.063843 -199.652908
v 89.887566 485.726776 -250.798615
v 165.534698 600.626648 -19.466129
v 155.135635 578.390564 -81.580406
v 150.028732 548.957886 -139.511810
v 143.366943 514.315857 -195.121719
v 208.089081 602.640320 45.844501
v 199.121078 582.461670 -10.210964
v 191.324127 559.607483 -68.482651
v 184.477081 532.858704 -124.928970
v 175.638596 500.017090 -181.639450
v 221.911240 560.823425 5.492858
v 216.434738 535.720032 -48.637470
v 209.745941 509.481995 -103.537285
v 199.412308 480.102600 -161.001770
v 219.794205 485.971619 -78.333282
v 212.587769 456.782501 -132.557861
v 211.595871 436.155640 -100.057297
v 198.260071 421.485657 -69.371368
v 173.427292 412.370972 -41.264992
v 141.054260 409.432526 -20.033590
v 107.653709 411.418915 -8.200847
v 72.468918 418.438293 -7.316846
v 35.280006 430.639954 -15.480458
v 3.356121 447.161163 -32.532261
v 204.407867 452.321869 -28.802803
v 182.376495 442.116211 -5.581752
v 152.215485 436.876038 13.001578
v 119.467735 436.214386 23.390396
v 83.216171 441.490326 23.406830
v 47.527534 452.614227 16.038580
v 208.993011 482.813416 13.243012
v 189.573608 471.358246 32.913048
v 160.607361 462.959106 49.535908
v 126.938538 459.948914 57.944832
v 91.403961 463.336243 58.209236
v 214.404709 510.634033 57.007732
v 195.652466 496.225830 73.693756
v 166.496445 484.560974 87.592178
v 131.205200 479.708374 94.777397
v 220.734482 533.463074 103.792007
v 199.749023 514.940002 117.359680
v 168.355148 501.079559 128.172424
v 228.638077 552.965027 155.490829
v 201.382050 529.087341 166.237961
v 568.975281 -273.815887 315.691010
v 569.913391 -275.872772 306.691803
v -377.019745 443.220062 1286.249146
v -172.002441 56.141449 106.886284
v -162.615891 42.077080 62.225441
v 351.727631 828.651123 165.025177
v 363.118530 815.804993 153.635132
v -218.272736 687.802551 1241.639648
v -216.911697 614.555664 1270.146973
v -215.516769 688.663513 1248.842896
v -663.287415 -413.405121 316.066498
v -651.883972 -402.280640 314.855743
v -634.887024 -389.908203 313.650085
v -613.880249 -376.381653 312.343170
v -591.387695 -361.193909 310.336731
v -664.153809 -414.355682 312.090424
v -653.072449 -403.615723 309.479156
v -636.607117 -391.517853 306.317047
v -616.236084 -378.171143 302.829224
v -593.996277 -363.384033 298.587311
v -571.953186 -346.651459 293.096405
v -551.687744 -327.703430 285.395996
v -534.001099 -307.083954 275.182678
v -517.964050 -284.807312 263.471191
v -503.219696 -261.319427 251.790237
v -666.060486 -415.143829 308.512512
v -656.001709 -404.431519 304.509735
v -640.945679 -392.023651 299.798065
v -621.498413 -378.634399 294.747650
v -600.322388 -363.855469 288.710724
v -579.297852 -347.637024 281.369171
v -559.833801 -329.704773 271.919342
v -542.699463 -309.960449 260.154724
v -527.165466 -288.360291 246.411530
v -512.506653 -265.422638 232.542191
v -497.880615 -241.653564 219.374908
v -483.320312 -216.646011 207.024017
v -468.778137 -190.917313 195.319733
v -454.118958 -165.059860 183.941406
v -438.956940 -139.652191 172.460938
v -422.722168 -114.967484 160.782242
v -373.521820 681.393982 704.388367
v -340.441010 715.417725 697.059143
v -197.748718 1222.064453 922.143311
v 1128.456177 1821.974365 868.742126
v 1115.086670 1811.164551 869.653931
v -390.485474 702.322327 721.816406
v 92.915367 254.549637 -60.985985
v 74.933235 270.498871 -41.608200
v 90.595695 263.243805 -15.376825
v 51.581455 281.171875 -25.140148
v 71.445168 271.657196 2.308044
v 70.450455 527.017456 -193.915665
v 82.160378 560.222107 -140.030365
v 93.087128 590.580200 -79.203209
v 83.298035 616.048096 -5.975534
v 106.617981 616.009155 -14.863088
v 99.700966 637.736694 58.950653
v 123.607460 636.869995 48.322041
v 75.852768 646.091248 422.783508
v 694.147217 1431.297607 779.927917
v 694.801453 1429.377319 769.844116
v 686.267639 1434.324829 760.191711
v 679.599915 1440.930420 760.328125
v 670.752075 1442.517700 766.028748
v 147.814926 142.990036 22.738855
v -209.423187 686.436462 1236.922119
v -215.583405 686.747375 1235.834595
v 654.493530 1453.293457 802.227661
v -386.533905 755.195312 704.495361
v -406.282623 747.065613 685.097168
v -409.174591 767.038330 735.940491
v 658.732239 1476.690063 856.758057
v 1209.832153 1884.814819 864.599609
v 1203.472900 1880.924805 862.869446
v 987.067871 1707.034058 862.552002
v 985.125305 1705.642700 869.122864
v 987.612854 1701.150269 873.061829
v 991.988647 1695.516724 871.356934
v 992.959351 1692.498169 865.107666
v 989.487732 1692.664917 859.261963
v 973.341064 1696.372681 868.395691
v 975.929871 1691.735474 872.466614
v 980.462524 1685.986206 870.708008
v 981.539185 1683.033325 864.205811
v 978.125122 1683.319946 858.264893
v 964.832092 1681.826904 871.379822
v 969.657654 1675.903076 869.374817
v 971.104309 1672.869873 862.674927
v 967.226440 1673.755615 856.786804
v 958.683228 1665.874512 867.331238
v 959.990540 1663.069702 861.364380
v 956.283447 1663.991455 854.527649
v 949.180786 1652.461304 858.099792
v 945.765564 1652.950073 850.969482
v 937.690369 1640.240967 842.228394
v -282.041809 125.143425 1105.650879
v -311.981079 127.254684 1180.686890
v 290.437561 197.463409 -38.729912
v 311.398071 186.030014 -54.978966
v 333.473511 163.723862 -69.409470
v 365.492096 123.515862 -83.045464
v 273.342743 197.561050 -65.014984
v 296.231964 186.514450 -81.323235
v 319.938934 163.734909 -95.477097
v 354.199768 122.640915 -107.646660
v 327.489746 177.481461 -117.291771
v 362.842987 137.028046 -126.579033
v 382.436646 148.964554 -122.588219
v -293.139435 488.373199 1340.776245
v -323.999054 454.226501 1374.887695
v -198.362930 595.514343 1285.207275
v 48.770496 10.182796 -432.083282
v 215.081696 241.838165 220.555222
v 238.564117 208.609283 253.222656
v 257.687805 172.872360 271.871735
v 272.424438 138.958710 279.473511
v 283.602661 107.897820 281.275146
v 293.019775 78.555786 280.670013
v 301.458435 49.931767 279.171906
v 309.036224 21.836285 277.847076
v 315.945160 -5.355901 276.882782
v 322.598938 -31.073326 277.248047
v 330.196991 -54.856022 279.981201
v 339.952637 -77.220650 285.604950
v 352.287415 -98.936394 294.282104
v 367.121979 -120.412971 304.567932
v 383.491852 -141.719452 314.535675
v 400.861053 -162.384491 323.019989
v 419.798615 -182.131088 329.246155
v 440.084412 -200.603867 332.530243
v 460.934998 -217.420593 333.377045
v 482.510529 -232.586716 332.745544
v 504.797363 -245.810379 331.153107
v 527.370605 -257.070770 329.226929
v 548.565063 -265.545044 326.802734
v 538.463074 -273.156433 317.100983
v 557.608337 -275.932159 315.607330
v 508.453583 -267.214722 305.594055
v 533.359924 -273.333191 305.351807
v 166.071976 162.123886 132.287262
v 195.398315 158.648087 105.611595
v 227.364258 179.094284 92.056961
v 199.887222 195.313934 239.444458
v 218.968201 164.407379 257.252014
v 235.118011 133.650650 265.246826
v 248.501083 104.273514 267.605865
v 260.833923 75.990463 268.448334
v 271.667664 47.990108 268.444092
v 281.223053 20.194237 268.587463
v 289.693848 -7.078104 269.488159
v 298.095093 -33.141319 271.622223
v 307.747192 -57.507858 275.549774
v 319.620880 -80.577126 281.839325
v 333.371796 -103.112495 290.468414
v 348.437714 -125.369415 300.485138
v 364.671814 -147.178741 310.540497
v 382.470276 -168.396255 319.684326
v 402.687317 -188.785950 326.708313
v 424.473145 -207.702072 330.564514
v 447.243408 -224.590988 332.389526
v 471.014923 -239.645187 332.348083
v 495.663208 -252.457687 330.829865
v 520.699890 -262.735504 328.415894
v 543.894653 -270.104492 325.473602
v 241.048981 74.004448 234.853836
v 251.777603 46.695553 236.499084
v 260.633057 18.972025 238.003082
v 268.363953 -8.815217 240.098373
v 276.821045 -36.056709 243.305145
v 287.949829 -61.761875 248.538528
v 301.952454 -85.825478 256.406677
v 317.628021 -108.913414 266.466553
v 334.365204 -131.315353 277.661072
v 351.987213 -152.948746 289.119232
v 370.792145 -173.793442 299.981384
v 391.034790 -193.901215 309.098724
v 412.638550 -212.776642 315.216949
v 435.564575 -229.768936 319.159943
v 460.239227 -244.921265 320.852295
v 486.500275 -257.509430 320.642029
v 513.373352 -267.013763 319.172943
v 264.667328 -7.603111 198.473541
v 272.347687 -36.415466 200.960083
v 283.665497 -64.169189 206.873306
v 298.900177 -89.657959 216.967636
v 316.384094 -113.140816 230.563568
v 334.580048 -135.109879 245.582626
v 352.909058 -155.959396 260.570709
v 371.558838 -175.755890 274.568329
v 390.780731 -194.725037 286.313019
v 411.141754 -212.774689 294.780945
v 433.025635 -229.559448 300.200134
v 456.633667 -244.822311 303.334351
v 482.167999 -257.646484 304.910309
v 334.711090 -111.632523 200.088669
v 351.148193 -133.536331 219.297989
v 367.655243 -153.770554 238.298538
v 384.132172 -172.633026 255.452347
v 401.227753 -190.425934 269.234375
v 419.989349 -207.263702 278.925385
v 440.549683 -223.072617 285.143860
v 398.979614 -164.939041 250.850830
v 414.017181 -182.237518 265.107269
v 431.132996 -198.458313 275.469910
v -114.726967 108.758492 433.649811
v -200.784622 596.648987 1263.617676
v 498.723267 1080.180298 388.074799
v 494.380219 1127.300903 489.593811
v 517.191833 1077.529175 394.246368
v 532.268982 1019.557007 313.109528
v 534.677124 960.942505 239.770050
v 522.827881 1237.563477 620.140930
v 500.412079 1169.579834 563.510925
v 503.617859 1119.031982 502.042328
v 525.908386 1066.179932 405.297211
v 537.885254 1006.501038 326.859894
v 540.254822 951.611633 258.157410
v 535.837402 924.676941 242.608154
v 543.831055 1270.618408 666.153015
v 524.211426 1230.850952 633.844910
v 501.212463 1162.166382 577.556824
v 500.673157 1109.174683 516.886841
v 521.788513 1051.633423 416.245544
v 528.771301 994.365234 337.414551
v 530.113525 945.911011 274.506104
v 526.573303 924.732849 263.403076
v 488.518982 863.426514 248.186386
v 464.897369 855.861145 242.090927
v 428.107178 822.206177 231.333496
v 406.021149 803.088745 220.793503
v -293.496246 561.351562 1650.316895
v -215.150955 161.055588 118.149933
v -269.201355 951.825134 816.941040
v -207.112793 1022.132080 835.537170
v -266.512634 955.287109 798.014526
v -206.015961 1026.559204 816.688110
v -304.667572 916.172913 771.113525
v 654.958374 1423.472900 788.108948
v 626.543579 1390.666382 761.819458
v 580.116028 1346.509521 735.286255
v 521.780579 1271.875000 681.171692
v 500.210663 1230.875122 650.638855
v 646.228821 1427.748413 780.603027
v 616.332581 1396.715698 755.848328
v 570.143311 1353.765259 725.527344
v 511.278992 1279.400391 670.996216
v 488.224335 1239.316528 639.051514
v 460.731903 1165.208008 577.664795
v 458.024170 1113.652344 508.658661
v 477.194946 1056.458496 402.650269
v 484.010834 1004.010132 321.253662
v 481.968628 964.687561 260.189148
v 667.115295 1732.169312 1111.565063
v -62.331871 103.868629 354.617371
v -140.522934 -28.989540 437.722595
v -140.366089 3.127890 397.049225
v -139.165741 37.780293 361.261139
v -183.357513 -30.325029 495.294891
v -187.067245 -10.902173 450.440430
v -188.279465 19.321707 411.912659
v -167.770035 -13.652420 592.243469
v -181.131622 2.183600 508.900604
v -182.722488 18.689100 471.091644
v -152.950623 41.717972 487.804443
v 672.663147 1686.972656 1080.468262
v -806.600708 1036.955566 1329.175903
v -809.850647 1034.546631 1335.096069
v -808.350464 1033.126099 1340.883301
v -803.345825 1032.862549 1345.152954
v -800.278931 1039.162476 1325.988770
v -188.927277 135.853821 193.773560
v -196.189102 128.638275 162.081650
v -190.492523 150.876709 324.501160
v -189.451065 184.405533 227.301163
v -420.698151 683.671265 707.648499
v -384.667847 52.130581 203.376495
v -355.589691 80.234200 177.176041
v -322.481049 105.629471 150.486313
v -285.840790 127.707901 125.084282
v -509.345428 -214.620499 300.697998
v -495.838898 -188.719559 293.369507
v -482.185425 -162.007111 286.997162
v -468.224945 -134.659973 280.923126
v -453.543701 -107.129311 274.523346
v -438.214691 -79.606316 267.307770
v -421.353394 -51.389618 257.830475
v -401.968719 -21.914677 244.709991
v -379.715210 7.572939 227.508835
v -354.560913 36.099693 206.486633
v -326.376709 62.805603 182.359009
v -295.601746 86.220490 159.115128
v -264.216827 103.704941 139.847534
v -478.243011 -197.964432 280.089355
v -462.922516 -171.984497 271.726990
v -446.992737 -145.602600 263.455322
v -430.210632 -119.287491 255.212524
v -412.551819 -93.400513 246.475769
v -393.413727 -67.472359 236.225388
v -372.337738 -40.978043 223.143295
v -349.327942 -14.444882 206.922287
v -324.264008 11.519944 187.176956
v -297.123810 36.354027 165.596466
v -269.484589 57.126125 145.301407
v -243.717682 70.533607 131.269608
v -363.901520 -54.517895 192.503311
v -340.476166 -30.535852 175.865662
v -314.743988 -7.293986 156.218536
v -286.961273 14.894964 135.082718
v -260.091064 34.212559 115.431931
v -235.077316 47.827362 101.465935
v -354.125183 460.097565 1376.739990
v -306.546234 559.362732 1654.667725
v -299.632660 522.274536 1626.967529
v -304.711670 561.977295 1649.574097
v -312.467896 530.473450 1615.692871
v -309.936798 525.822144 1622.438232
v 1080.112061 1781.842041 854.446106
v 1130.189697 1810.877319 862.224792
v 1118.240479 1800.627075 862.926270
v 1139.647095 1821.653931 866.525818
v 1126.981445 1810.192017 867.595032
v 1115.243530 1800.216187 868.404968
v 912.744324 1622.756470 847.081116
v 918.209656 1616.367065 844.315674
v 919.765869 1613.002319 837.414917
v 916.807129 1612.766724 829.583984
v 903.138672 1608.736206 839.062561
v 908.884644 1602.125122 836.220154
v 910.500122 1598.843506 829.002258
v 306.209656 832.879944 155.563126
v 84.267776 268.264954 54.997860
v 885.221069 1550.995483 814.674866
v 868.760010 1541.146606 805.263977
v 840.184326 1516.642212 779.409973
v 827.970642 1508.705811 768.731628
v 816.006653 1502.854248 759.539612
v 804.362488 1498.377075 751.368469
v 796.348389 1503.077515 748.359253
v 793.496033 1494.043335 742.980103
v 784.995850 1499.579468 739.338196
v 783.308044 1490.286255 736.102478
v 774.995972 1496.552368 732.612122
v 773.523315 1486.309082 729.592651
v 764.426880 1492.880981 728.543152
v 761.198914 1480.856079 724.092041
v 752.196167 1487.010254 724.457092
v 743.930237 1491.560547 734.302368
v 749.578857 1472.770630 730.895630
v 740.950500 1478.674194 731.515198
v 738.865173 1463.699341 736.561401
v 156.374054 668.835083 263.275024
v 899.792480 1614.608032 835.086243
v 895.404053 1594.418091 831.459656
v 900.427246 1588.193359 829.883728
v 1082.173462 1784.687988 869.263733
v 366.076630 1065.746582 -63.556702
v 357.938965 1034.072510 -53.074726
v 369.955780 1067.122192 -52.578461
v 365.968536 1069.253784 -44.267765
v -69.873947 63.696243 -187.751358
v -188.407333 183.911896 -226.640930
v 665.300415 1711.808105 1088.977539
v 666.973511 1694.153320 1093.341553
v 669.893738 1727.700806 1104.440796
v 666.197937 1724.381348 1109.045410
v -156.117401 257.359375 794.639954
v -178.272980 210.819733 847.105896
v -294.398468 135.447159 984.907410
v -342.834564 97.753510 1054.763062
v -277.601471 130.512573 992.346191
v -326.375488 92.651047 1061.458374
v -261.497711 128.965637 1003.399597
v -309.523712 92.153633 1071.027100
v -248.916183 131.302444 1016.241882
v -295.784180 96.353088 1081.705811
v -286.358307 103.831474 1092.644531
v 662.328491 1730.888306 1110.961182
v -424.750641 763.103577 671.273010
v -424.525970 761.670837 663.069580
v -442.590820 795.478394 658.900574
v -436.004517 797.065552 665.903870
v -430.360779 763.755188 679.539001
v -186.139236 625.562805 656.673950
v -182.933502 629.149475 640.309692
v -218.409485 640.040527 645.418823
v -141.791351 267.672516 -37.847591
v -94.595772 330.000671 -87.269241
v -70.908081 359.338165 -92.646034
v -46.259514 384.689056 -88.368439
v -74.829880 275.285797 -18.491959
v -45.522518 325.179993 -63.612957
v 152.398315 152.558075 -3.013195
v 113.835297 166.829483 -113.446518
v 116.241943 202.449844 -106.687309
v 129.753906 196.063553 -63.737556
v 149.609207 197.682220 -36.640488
v -63.991806 6.967194 462.906982
v -63.392281 34.742283 427.378418
v -61.941154 68.962486 392.653168
v -103.768799 -55.976589 603.158447
v -98.325432 -51.546726 572.280029
v -89.525803 -41.524601 488.004181
v -89.469193 -22.806721 441.877136
v -91.132729 6.854585 401.114807
v -92.059845 40.776123 364.410919
v -128.309845 -55.095676 602.523560
v -138.787292 -48.752537 485.756989
v -152.888962 -48.553406 608.536560
v -160.184799 -40.811649 578.044800
v -668.865479 -415.601349 305.619385
v -660.244873 -404.807312 300.289612
v -646.866638 -391.782623 294.633514
v -628.762024 -377.846710 288.886047
v -608.734558 -362.850739 282.184204
v -588.967834 -346.814117 274.111359
v -570.653137 -329.535126 263.858124
v -554.452515 -310.652344 251.220108
v -539.776917 -289.693665 236.203461
v -525.731018 -267.293060 220.430862
v -511.560883 -244.004959 205.009140
v -497.385986 -219.139526 191.212692
v -483.228485 -193.288528 178.821609
v -469.132355 -167.220215 167.025085
v -454.797882 -141.521179 155.158264
v -439.701355 -116.418488 142.783600
v -422.621307 -92.250763 129.344574
v -402.859344 -69.290474 114.006500
v -381.143890 -47.776791 96.970818
v -357.509644 -27.764814 77.555832
v -331.195099 -8.784817 54.675472
v -674.268921 -416.116608 304.286163
v -668.622559 -404.553436 297.625275
v -657.643066 -390.130890 291.543854
v -641.549316 -374.787903 286.350220
v -622.754944 -358.980865 280.533020
v -604.093262 -342.847809 273.077148
v -586.925049 -326.129700 263.276978
v -571.881348 -308.134827 250.857910
v -558.352051 -287.737305 236.118927
v -545.604797 -265.358887 220.324936
v -533.251038 -241.891907 204.416275
v -521.024170 -217.154068 189.489227
v -508.405579 -191.404419 175.895401
v -495.428345 -165.211578 163.078613
v -482.019348 -139.233047 150.431412
v -467.728058 -113.627708 137.280899
v -452.119385 -88.373276 123.112488
v -434.497131 -63.585041 107.322662
v -415.692047 -39.953564 89.882698
v -394.884827 -17.599340 70.366638
v -668.093262 -388.320679 293.723785
v -653.861023 -371.380707 289.942078
v -635.956848 -354.532654 285.726593
v -617.956482 -337.972504 279.533722
v -601.499878 -321.388580 270.838654
v -587.165344 -303.861237 259.334808
v -574.473206 -283.841614 245.735611
v -562.932373 -261.393097 231.067490
v -552.400024 -237.536789 216.108795
v -542.164612 -212.763565 201.228409
v -531.272583 -187.048065 187.186508
v -519.757141 -160.681625 173.747284
v -507.651184 -134.339661 160.489395
v -494.495850 -108.132103 146.633667
v -480.308228 -81.645317 132.179321
v -660.499573 -369.788788 297.108917
v -642.856812 -352.218292 294.062012
v -625.021301 -335.006805 289.452789
v -608.539795 -317.954590 282.374298
v -594.039185 -300.022217 272.879578
v -581.048035 -280.097565 260.800842
v -569.485046 -257.899139 247.590546
v -559.229248 -233.949783 234.298965
v -549.768311 -208.882950 221.071686
v -540.247131 -182.872498 208.186951
v -530.713135 -156.106766 195.477844
v -520.925171 -129.113495 182.648865
v -509.854492 -102.058273 168.805191
v -646.837463 -351.522827 304.222137
v -628.951660 -333.670074 301.189301
v -612.193726 -315.936707 296.392578
v -597.382690 -297.279205 288.992950
v -583.849976 -276.964294 279.131378
v -571.936707 -254.757309 268.030518
v -561.561523 -230.834015 256.695312
v -551.881836 -205.667404 245.469818
v -542.663574 -179.418381 234.509384
v -534.065735 -152.228485 223.797531
v -525.598938 -124.498016 213.129547
v -629.377991 -334.280518 313.768982
v -612.109619 -315.939514 310.527954
v -596.239502 -296.704529 305.100433
v -582.090698 -275.728424 297.400177
v -569.558777 -253.194473 288.548615
v -558.209961 -229.258469 279.336121
v -547.747986 -204.058426 270.115845
v -538.048462 -177.693390 261.130096
v -529.287781 -150.256638 252.677078
v -607.889282 -318.228241 322.745789
v -591.620667 -298.204620 318.641022
v -576.646118 -276.723328 312.244110
v -563.090271 -253.883881 304.952820
v -550.573669 -229.853699 297.340759
v -539.020752 -204.602203 289.667236
v -528.257141 -178.245636 282.066467
v -580.339417 -303.069733 327.401520
v -564.866028 -281.033783 321.510223
v -550.824585 -257.874695 314.451019
v -537.664734 -233.742355 306.909393
v -525.157715 -208.540009 299.407104
v -536.481995 -263.855927 316.239655
v -342.585358 25.256516 20.101959
v -311.769592 44.472191 -8.871352
v -350.305389 71.958939 3.784867
v -333.998688 113.208328 -6.970499
v -338.656738 129.384613 21.959162
v 357.756165 -5.600279 -120.379341
v -680.603088 -420.825867 316.339508
v -678.001099 -423.046051 314.967010
v -677.941101 -422.443542 317.627106
v -680.382507 -421.588013 313.674072
v -679.058350 -421.965057 311.588959
v -676.088684 -422.041138 309.978638
v -679.269470 -416.328217 305.862823
v -676.567078 -404.164093 299.354889
v -681.108826 -416.119141 309.301483
v -679.637817 -404.248993 303.940338
v -673.293579 -387.753418 299.510681
v -681.741638 -416.002258 312.904541
v -681.276062 -404.729004 309.854889
v -675.965149 -388.188019 307.608337
v -663.840759 -369.854156 306.120880
v -681.523132 -405.718445 315.891937
v -676.115601 -389.637451 315.697021
v -664.220154 -371.461914 315.885468
v -647.449463 -352.774231 315.384308
v -673.424316 -391.734192 322.733337
v -661.673950 -374.244965 323.932037
v -644.909668 -355.801880 324.355255
v -626.060974 -337.111023 324.460602
v -636.455444 -361.075836 330.228638
v -616.779663 -342.977509 331.284485
v -597.574707 -323.823853 330.544983
v -550.972595 -287.235382 323.225525
v 410.349152 -154.764313 259.632965
v 424.227692 -172.357574 272.947266
v 440.083069 -188.870361 282.944672
v 457.851288 -204.537338 289.872955
v 359.104706 -8.799261 228.530945
v 362.931152 -35.260601 231.017578
v 368.245453 -59.941544 235.557999
v 375.985291 -82.729050 243.408295
v 386.071381 -104.221550 254.458038
v 398.302124 -124.993996 267.313843
v 412.011871 -144.951187 280.122986
v 426.712250 -163.606491 290.962982
v 442.787476 -181.176758 299.072327
v 460.165527 -197.868668 304.704010
v 478.639130 -213.391907 308.310577
v 497.834412 -227.583588 310.934052
v 517.591003 -240.449951 311.918610
v 296.995605 174.455429 252.903305
v 310.356567 140.419510 260.070404
v 320.365265 109.057632 262.612030
v 328.239502 79.305046 263.265442
v 334.535797 50.273499 263.005646
v 339.554810 21.851734 262.588379
v 343.673065 -5.591529 262.618042
v 347.844147 -31.451134 263.313507
v 353.402435 -55.339352 266.510315
v 361.450592 -77.367767 272.586975
v 372.159454 -98.438194 281.870300
v 385.794250 -119.232986 292.763062
v 401.546875 -139.848618 303.419037
v 417.934052 -159.682281 312.229004
v 435.070129 -178.592224 318.470947
v 453.276611 -196.441940 322.326538
v 472.205505 -212.962570 324.196533
v 491.814331 -228.046295 324.559692
v 512.278076 -241.358170 323.975769
v 533.197693 -252.902481 323.229858
v 552.501221 -261.832306 322.050323
v 310.559174 792.781921 208.729736
v 639.124451 1387.522461 756.301453
v 594.185669 1342.623169 729.848572
v 535.687927 1268.373657 678.181946
v 515.734192 1227.424927 647.448486
v 490.618408 1156.953369 589.867065
v 486.584778 1103.100220 526.268250
v 505.328522 1042.226685 420.461884
v 510.873383 988.894958 340.026947
v 510.093872 946.788513 282.839844
v 507.704163 928.379211 270.532623
v 465.890320 873.763367 255.617584
v 447.352661 866.391968 248.684418
v 411.037842 834.909668 238.662338
v 472.396759 1158.032593 591.055420
v 467.978394 1104.729126 523.573608
v 486.570343 1044.571777 414.711243
v 493.014465 992.693665 333.707031
v 490.311798 954.514832 276.620483
v 488.940277 933.432861 263.380432
v 445.325623 884.768738 245.510803
v 479.415344 937.649475 244.194321
v -370.578705 4.281276 47.130871
v -464.722046 -54.706554 116.867653
v -448.324310 -28.276217 100.380005
v -429.612732 -2.582419 82.004715
v -406.688507 23.141127 59.627419
v -379.902191 48.395832 33.495033
v -497.189880 -74.422615 154.994949
v -483.116882 -46.047909 140.586716
v -467.078125 -17.813297 124.933090
v -447.834320 9.682495 106.577942
v -424.203918 36.835888 84.165146
v -396.870758 63.656406 57.963894
v -366.578552 89.459724 28.283251
v -516.420288 -96.307823 201.920471
v -505.794739 -67.409157 190.412399
v -493.133728 -37.515213 177.728394
v -477.300140 -7.144684 162.888809
v -457.149048 22.626638 144.013214
v -432.662048 51.265636 120.095917
v -404.391052 78.491043 91.473289
v -372.955170 104.472351 59.162632
v -520.820312 -122.070328 244.495499
v -511.563202 -93.362755 235.956528
v -501.093781 -63.967793 226.431061
v -488.872559 -33.306122 215.151917
v -472.886444 -1.599522 200.547165
v -452.306335 29.862789 181.186478
v -427.504852 60.095333 156.441422
v -398.842041 88.369682 126.929993
v -366.389160 114.773148 93.858574
v -329.949646 140.304504 56.755028
v -518.557617 -150.757187 275.524445
v -509.028381 -122.447296 269.320343
v -498.746002 -93.695946 262.356445
v -487.412933 -64.379326 254.167221
v -474.180237 -33.736717 243.498688
v -457.671906 -1.643684 228.801437
v -437.232971 30.384348 209.063385
v -412.191864 61.196667 184.870972
v -382.400238 89.888596 157.086273
v -347.650940 116.248260 127.526642
v -307.220306 141.105881 96.765640
v -513.029724 -182.342987 292.307007
v -501.419128 -155.142578 286.412140
v -489.740906 -127.178276 280.890442
v -477.330383 -98.873550 274.794373
v -464.088928 -70.263565 267.613007
v -449.074310 -40.545528 257.933655
v -431.126190 -9.308352 244.287689
v -409.798248 21.977856 225.972412
v -522.762329 -239.673630 308.506317
v -551.785278 587.533142 984.100586
v -619.144958 591.161133 1077.886841
v -636.062805 606.250061 1105.788818
v -671.438171 644.762207 1146.582642
v -699.253723 694.764221 1188.827148
v -709.395996 720.929932 1231.201416
v -718.793152 746.615479 1265.484131
v -729.091980 772.159912 1284.616089
v -750.711365 822.980225 1287.620850
v 609.834839 1776.463013 1036.309570
v -191.864761 602.557556 1285.174683
v -188.684418 600.493652 1287.110474
v -186.230637 599.292603 1286.782349
v -252.101715 501.485687 1262.179321
v -32.619026 468.843628 547.362000
v 23.763132 498.540619 478.269958
v -441.576569 796.003784 664.733826
v -206.802948 615.738892 1274.014160
v -208.541275 688.224365 1249.675049
v 326.360443 801.698608 146.249985
v 666.539490 1736.199829 1107.825195
v 1204.510498 1882.649780 871.390747
v -323.797638 431.033539 1262.526123
v -663.767700 -412.425079 320.494202
v -652.463806 -400.678986 320.496307
v -636.113708 -387.460358 321.047729
v -615.660583 -373.205963 322.153259
v -593.632935 -357.391296 322.475311
v -572.121765 -339.058533 321.537750
v -552.480774 -318.180359 318.567200
v -535.844116 -295.826111 312.934113
v -520.884705 -272.351166 305.672913
v -506.821991 -248.169571 297.386475
v -492.844177 -223.374451 288.680054
v -472.170532 -205.689728 255.712112
v -456.925171 -179.963364 246.214157
v -440.740326 -154.108093 236.793396
v -424.015533 -128.439545 227.366623
v -405.846558 -103.451401 217.499695
v -385.898682 -78.905914 206.189407
v -694.340881 724.636536 1225.206909
v -685.954590 728.918091 1215.120483
v -672.572021 709.645996 1158.525024
v -685.960266 733.188171 1202.305298
v -698.739990 757.310791 1239.042603
v -710.846558 782.179321 1258.734497
v -682.427002 712.390686 1147.302124
v -694.908020 735.508057 1191.978271
v -706.967041 759.312500 1229.769531
v -719.030823 784.023132 1250.132202
v -707.543213 735.110291 1188.376709
v -718.575806 759.047058 1226.322510
v -730.295166 783.812073 1246.971924
v -753.533447 833.802246 1254.728271
v -711.123718 707.524719 1148.631958
v -721.946655 731.768677 1193.187500
v -732.055786 756.093689 1230.645020
v -743.329895 780.979553 1251.398071
v -764.732117 830.949707 1259.026245
v -695.599182 654.571960 1115.223511
v -721.193298 702.078369 1159.608154
v -731.811401 727.148560 1203.767700
v -741.246460 751.901733 1240.526855
v -751.920715 776.968262 1261.144897
v -771.581482 827.177734 1267.498779
v -787.131775 877.382141 1279.442627
v -742.299927 747.936218 1252.760742
v -752.500549 773.266113 1272.882446
v -771.625610 823.836609 1277.569458
v -786.398132 874.361023 1287.742798
v -796.286621 944.912170 1310.680786
v 554.060730 -276.571991 306.329468
v 552.083923 -273.337799 296.570740
v 532.045410 -267.988831 294.523926
v 101.067001 38.668156 -298.829987
v 77.710014 57.285095 -256.989227
v 137.658035 54.004032 -303.329041
v 114.065468 76.497002 -266.515656
v 164.372375 77.132751 -321.705719
v -297.169891 621.041016 1716.971069
v -18.232973 465.461487 -54.806637
v 16.760860 469.245453 1.389922
v -3.606470 487.821014 -16.857384
v 57.898701 473.551453 52.343075
v 28.739340 490.107178 40.672096
v 9.207651 508.644043 26.567188
v -0.082230 526.793640 11.461445
v 97.017883 481.921509 95.989815
v 65.838966 491.403107 92.243385
v 38.508785 507.670258 84.007195
v 19.771229 526.453735 73.798615
v 10.554137 544.758179 62.606190
v 133.282425 495.185730 134.699814
v 100.761261 496.663605 136.809799
v 71.803833 505.479828 135.097839
v 46.444523 521.333191 130.126144
v 28.661030 540.769165 123.451103
v 19.925266 560.232910 115.476494
v 167.512070 513.204407 173.792618
v 133.734283 506.808533 178.382523
v 102.859169 507.833160 180.079544
v 75.858185 516.007202 179.362274
v 52.387180 531.263550 176.760605
v 35.774178 551.089722 173.148102
v 27.632761 572.269226 168.580292
v 29.005514 594.074890 161.558884
v 11.584549 565.096680 47.273621
v 20.890766 580.921570 104.008018
v 38.235798 606.740662 87.567451
v 45.296062 619.893616 153.474014
v -63.334953 444.061890 -178.769485
v -125.006767 373.680908 -163.909668
v -91.723610 406.717407 -160.209457
v -64.656731 434.851685 -144.106155
v -134.427643 334.070282 -120.526413
v -104.196136 368.886749 -125.504936
v -75.244072 397.910309 -121.323509
v -52.205620 421.488983 -108.122719
v -34.015575 443.224762 -85.585457
v -219.977722 213.117371 -13.328344
v -252.140076 201.927139 -58.598011
v 348.030029 781.688477 219.201630
v 351.130737 815.898132 217.323059
v 669.085632 1585.800781 992.749756
v 673.684387 1582.411377 1000.466309
v 673.825806 1502.995728 911.427002
v 667.508057 1579.021729 1008.319214
v 68.377388 130.177887 66.385277
v 168.287537 153.374619 76.394928
v -146.898590 618.930420 613.464478
v -183.414627 627.906677 621.485901
v -218.225143 639.120911 627.452637
v -115.003250 604.466797 580.612061
v -264.011261 643.270569 679.355469
v -255.487976 649.401062 665.926392
v -285.087555 663.132874 671.511353
v -250.831482 652.612305 650.625549
v -279.826569 666.417603 656.643921
v -250.488739 652.192444 633.423096
v -247.018372 508.424530 1308.606445
v -191.038727 591.960083 1278.097534
v -285.915741 476.106110 1326.188721
v 417.492371 1189.496338 -90.708633
v 1202.379639 1882.949097 868.030212
v 1190.508179 1866.203125 859.932312
v 1190.677734 1864.405884 863.311035
v 1183.020874 1857.915894 862.587341
v 1188.365845 1863.936035 867.260742
v 1180.671997 1857.486084 866.608948
v 1172.968018 1850.977173 866.131714
v 1184.532959 1864.396362 869.731140
v 1176.695679 1858.019165 869.079346
v 1168.966187 1851.507324 868.663574
v -117.399765 -12.250025 642.719971
v 66.858047 78.957687 24.947151
v 56.070026 70.125755 -26.919886
v 490.143463 1017.577209 308.733734
v 489.997009 971.907532 241.515289
v 486.699127 938.207275 222.432922
v 510.706482 1024.626709 304.834503
v 514.399292 968.169128 232.820541
v 507.039276 934.520996 212.141159
v 528.178345 928.738586 220.246155
v 499.976379 860.263733 221.786224
v 473.945221 855.120483 217.713058
v -569.087585 -343.745972 307.134674
v -548.737671 -323.746460 301.962921
v -531.335571 -302.183075 294.204498
v -515.589783 -279.251678 284.918823
v -501.081726 -255.379211 275.154938
v -486.832764 -230.868652 265.357147
v -488.685547 -237.129822 240.489517
v -474.062531 -212.058792 229.492188
v -459.297424 -186.383835 218.804138
v -443.862396 -160.683624 208.229919
v -427.921234 -135.308304 197.697006
v -410.306183 -110.800766 186.815643
v -390.592529 -87.182175 174.746811
v -368.730103 -64.308502 160.579300
v -345.065826 -42.440510 143.832993
v -319.317566 -21.562292 124.247787
v -291.401794 -1.488490 102.666878
v -263.020874 17.260351 82.190056
v -235.553543 31.958466 67.585388
v -404.053467 -91.439255 148.067368
v -382.902344 -69.072365 133.478592
v -359.927521 -47.959515 116.761002
v -334.982574 -28.057640 97.385071
v -307.513580 -9.110488 75.127441
v -277.748260 8.815476 52.057384
v -48.812794 592.698059 475.958710
v -79.355301 559.078430 504.587189
v -111.232292 532.447571 541.539551
v -145.651505 539.259521 566.975037
v 65.179161 650.216858 278.152832
v 42.035629 645.099731 335.929810
v 18.492628 635.141846 393.194794
v 45.605072 626.709900 214.592514
v 35.305229 627.425598 270.496185
v 23.821346 622.772705 325.212158
v -1.564576 613.100464 379.864105
v -21.925297 601.681458 430.233124
v 11.589131 595.552124 316.314423
v -9.320510 585.528992 365.219818
v -33.199905 574.091125 414.515259
v -57.262402 565.031738 462.115753
v -59.686092 543.395508 455.327393
v -84.599670 534.826050 501.300934
v -326.485779 151.761383 1231.756958
v -330.075500 178.454453 1245.375366
v -320.682648 142.084610 1169.552490
v -334.095398 162.330612 1215.574219
v -337.050842 184.226547 1230.062500
v -333.077179 156.092056 1156.899292
v -346.040985 174.105453 1198.034058
v -347.357147 166.818024 1144.696167
v -360.141144 180.575790 1185.306030
v -340.808655 172.166489 1082.978760
v -361.992432 170.811707 1135.490845
v -353.116882 169.087341 1075.171021
v -363.468109 161.440521 1067.709351
v -370.088684 149.567230 1060.233276
v 31.134745 142.979996 -391.681488
v 210.769531 34.267456 -415.763031
v -184.072372 1076.114258 829.471313
v -279.784180 959.671631 781.189880
v -221.420380 1028.088867 802.722290
v -198.341476 1075.213257 817.169434
v -153.403122 506.358917 626.941101
v -155.356171 510.040070 648.970947
v -170.308380 314.860962 816.786072
v -186.392761 294.283386 839.631592
v -265.228027 637.313232 600.918823
v -280.782104 621.787537 592.923645
v -260.503815 583.023010 589.938538
v -298.248108 602.984680 594.610901
v -330.434998 625.177856 601.087524
v -270.995789 566.119995 602.522034
v -310.945282 587.027405 606.562927
v 33.569962 247.958298 50.434116
v 125.519615 272.691895 105.860352
v 70.765594 250.207977 74.650803
v 108.804321 251.965637 117.208092
v -86.796921 -40.064938 616.904419
v -63.963558 -11.535197 501.626190
v -65.450943 131.164108 313.414581
v -63.645931 159.470154 232.365616
v -53.796345 152.241760 198.834747
v -31.414679 132.435135 175.673004
v -88.310539 113.341972 207.028976
v -79.639030 96.989349 182.272583
v 87.644302 180.786377 86.726341
v 116.865974 185.436081 117.816582
v 140.312714 158.918533 99.724167
v 279.738434 774.574768 141.693253
v 325.448456 770.154846 148.675110
v 309.854492 771.943726 142.275513
v 280.349762 734.070496 144.554428
v 30.434551 578.193542 218.912216
v 38.672092 556.083252 220.067352
v 33.105598 555.167297 265.208069
v 54.794079 536.861450 222.086182
v 48.858566 536.978394 266.935760
v 76.885773 522.890259 224.084259
v 70.490677 524.247864 270.199921
v 56.009918 521.556885 317.949402
v 102.250435 515.639465 225.468765
v 95.094849 518.179688 274.088043
v 80.185745 516.427002 324.956848
v 61.042789 512.755676 377.066223
v 130.956436 514.876343 225.839462
v 122.292480 518.208984 277.998840
v 107.828827 517.469849 332.619598
v 162.576172 521.163818 225.088028
v 152.088287 524.861511 281.680023
v 197.275391 537.986694 223.346558
v 209.023560 568.126892 293.799622
v 183.660736 540.852051 285.671967
v 190.646362 589.518555 367.657745
v 185.867996 563.042603 357.242737
v 165.084671 540.585510 347.932861
v 137.033508 525.248474 340.245453
v 166.271637 581.489319 428.361237
v 161.383835 558.378479 418.607056
v 144.620438 538.745667 408.768158
v 119.466568 523.578796 398.633759
v 89.991051 514.859619 387.866241
v 71.780121 510.798523 442.454987
v 84.930222 514.934082 506.083649
v 71.232468 503.678284 548.371338
v 106.282410 530.325806 518.664185
v 90.495415 519.208130 563.421692
v -266.649170 112.443008 -107.319809
v -242.230499 180.567154 -164.203842
v -218.087006 185.493759 -198.048065
v -272.285767 140.726654 -110.571960
v 121.838974 18.089121 -331.188080
v 7.088495 49.875397 -288.177368
v 61.916656 29.659971 -307.549683
v 38.967686 47.021339 -267.471863
v 236.981827 637.802307 115.375374
v 273.743256 649.737671 140.097961
v 256.264557 624.261292 126.141205
v 304.625183 670.711304 164.389633
v 287.648682 641.008667 158.942627
v 266.633026 611.903809 146.467163
v 295.350983 730.814026 146.604584
v 310.008179 727.665771 153.288910
v 158.571609 604.531555 436.896698
v 135.581863 625.778015 440.211792
v 197.629318 70.032623 -392.255005
v 204.573517 43.137993 -450.928131
v 177.725739 42.834309 -487.815521
v 163.269196 85.555099 -466.495117
v 125.090393 82.442749 -485.873535
v 137.435165 41.725754 -504.451172
v 102.792191 38.319866 -502.919006
v 659.314148 1722.603638 1099.438965
v 106.183113 640.264709 434.869324
v 124.567108 666.052246 243.642883
v 100.939545 267.484100 -239.763611
v 112.671707 269.778839 -189.985260
v -27.772419 345.516602 -338.909515
v 14.003589 334.185150 -339.827515
v 57.789654 322.836914 -323.961609
v 95.373421 313.620789 -291.617706
v 117.402985 306.937225 -245.951645
v 122.872284 305.242920 -199.580368
v 90.396835 372.352631 -315.589417
v 122.549713 359.080292 -286.087372
v 141.715103 346.556610 -242.415863
v 142.637131 338.630035 -195.306412
v 155.001495 403.562653 -260.214783
v 171.360443 386.102356 -221.647385
v 170.970490 371.544952 -176.410629
v 197.130020 404.612610 -143.596954
v -28.248219 483.706848 -173.594284
v -9.877099 489.581390 -198.508148
v 17.778666 492.252319 -223.127960
v -9.423760 514.867126 -133.567993
v 11.727143 523.403809 -158.944305
v 38.697021 527.074341 -179.817368
v 29.486717 555.531799 -112.599686
v 55.056557 560.033508 -129.366440
v 44.707546 584.872375 -56.929623
v 69.102150 590.363770 -70.372360
v -157.779404 335.194305 -157.277664
v -95.680161 411.154510 -199.866730
v -53.730873 449.882080 -207.263428
v 268.878265 864.460449 116.487511
v 265.855835 831.125732 152.428741
v 313.969238 974.603821 -15.038199
v 303.173767 929.604126 15.880240
v 277.742889 888.771667 72.713501
v 263.824554 858.855896 97.669792
v 259.389252 825.864990 136.309326
v 287.183990 883.715149 63.453884
v 274.112122 853.656006 84.235565
v 268.026642 821.513123 122.540733
v 291.368958 850.536133 79.215958
v 285.513214 818.707947 113.834297
v 336.083405 1040.418213 -33.202675
v 336.496155 1036.250244 -55.899353
v -360.530762 716.067139 646.767822
v -304.515594 681.451111 663.763062
v -323.324890 697.666016 672.692200
v -232.239838 620.332214 593.312805
v -207.286209 586.744263 581.064087
v -245.761734 603.040771 586.584412
v -177.562180 552.059570 579.545288
v -218.779831 565.658813 585.315857
v -227.458282 548.086609 600.086060
v -4.075013 622.160767 564.201233
v -44.071613 614.162354 599.634888
v -64.516090 613.171326 576.043091
v 108.275246 231.971756 -84.214081
v 120.404396 224.430817 -53.551739
v 142.654724 223.813187 -32.451023
v 106.554840 247.538193 -35.355541
v 183.144241 180.219940 -9.756862
v 654.381592 1737.171021 1037.006226
v 301.223785 232.331726 -27.257572
v 320.360413 221.191711 -45.087887
v 338.369690 207.018997 -60.708729
v 357.137787 183.173965 -73.247429
v -318.840454 92.775490 -30.864206
v -288.531860 108.295540 -67.924942
v -301.353851 132.092621 -53.422226
v -302.651245 153.840073 -29.333691
v -290.501221 167.658981 7.792913
v -209.576019 42.648952 -39.691662
v 313.372162 815.929688 181.268097
v 322.695129 815.295837 154.793182
v 266.926819 801.054626 169.899078
v 263.978760 796.370728 156.939041
v 257.956116 784.079285 179.651627
v 256.019897 780.496765 163.509842
v 11.194383 63.063869 -380.744080
v -21.346638 87.318207 -338.663727
v 36.012985 22.650330 -382.426819
v 15.094890 43.405960 -354.370880
v -14.748132 61.196217 -313.448730
v -175.051254 612.178040 1290.167603
v -174.806061 612.450989 1287.593750
v 732.935913 1484.432007 742.248047
v 730.359863 1469.322510 736.959473
v 722.063721 1475.971802 747.072144
v 1059.516602 1774.462036 868.954285
v 1064.340332 1769.141846 873.327881
v 1068.283691 1764.165405 871.193237
v 1057.213989 1754.019897 871.697998
v 1057.728149 1751.114380 865.686890
v 1058.082764 1764.101440 857.013733
v 902.631226 1616.384033 829.472351
v -19.985678 66.396362 -173.082672
v 446.044250 888.768616 196.666641
v 432.476288 887.804626 195.096085
v 467.412292 879.434753 185.695801
v 447.677429 879.938171 184.926880
v 411.061646 851.804260 170.246140
v -649.250610 619.032654 1044.015747
v 890.131775 1600.099976 827.324341
v 809.426086 1513.301514 774.594421
v 812.988831 1507.613037 779.029724
v 797.598267 1507.924805 765.944763
v 801.197266 1501.839966 770.244690
v 786.481628 1503.299805 758.329590
v 789.910950 1497.410889 763.240417
v 775.441101 1499.631470 751.036682
v 779.139587 1493.121582 755.030457
v 763.485291 1497.456543 745.974976
v 767.759216 1489.642456 751.084167
v 751.886108 1494.224609 744.860718
v 756.563599 1485.623535 750.710083
v 742.008972 1489.666626 745.616089
v 747.455078 1481.541382 751.912109
v 732.033630 1483.640747 755.636108
v 737.953979 1475.965820 762.105469
v 726.884583 1469.286499 767.599121
v 716.801331 1460.067749 774.423828
v 233.892151 221.762939 38.571815
v -285.116760 950.694824 824.895508
v -222.028915 1018.401733 844.133362
v -196.817322 1068.636719 854.427246
v -183.795273 1073.130249 846.395996
v -162.770477 1182.145142 889.049316
v -194.304047 1226.754883 918.409241
v -162.747101 1185.306885 879.046143
v -168.987015 1124.295410 848.688232
v -180.243530 1123.008179 837.611877
v -497.710388 722.028259 889.750610
v -534.267151 705.850586 908.845520
v -552.055420 672.194458 929.862305
v -568.076782 647.298706 957.089905
v -566.944580 669.401489 915.766785
v -583.320435 644.734680 944.434326
v -570.205017 656.697266 900.269470
v -587.140930 632.829529 931.631409
v -562.156128 640.454163 890.126648
v -580.343201 616.433350 922.878296
v -564.995605 601.443726 921.115845
v -602.045471 631.205811 977.294373
v -607.806824 620.150513 966.049744
v -603.126709 604.481445 959.053711
v -653.281921 604.798340 1049.945557
v -589.394836 590.555176 958.987732
v -649.293213 593.098694 1058.976562
v -663.357483 608.264893 1088.166260
v -572.141541 583.802612 966.838013
v -636.788086 587.143982 1069.947510
v -358.306305 685.769714 620.689880
v 1186.968262 1871.003662 865.427917
v 1188.125854 1869.026855 860.432678
v 1194.857910 1877.278076 866.572876
v 1205.330444 1876.610107 865.484314
v 1203.322632 1876.117310 869.150452
v 1196.005493 1870.200562 868.150696
v 1213.239990 1885.188232 871.332947
v 247.697708 219.327957 102.210136
v 272.551605 205.121078 131.624985
v 293.383118 182.280945 152.968170
v 308.347473 155.187531 166.762573
v 315.989380 127.064209 174.784378
v 325.218658 98.577255 178.703735
v 336.734100 69.878151 180.851242
v 340.229279 41.293430 183.645737
v 349.565033 12.902715 186.535614
v 354.868225 -15.000861 190.835846
v 360.054169 -42.108189 195.861847
v 366.655945 -67.863930 203.079132
v 375.370941 -91.876320 213.645859
v 385.819733 -114.363525 227.750198
v 397.553375 -135.429565 243.884460
v 235.584091 255.606918 127.017281
v 272.820740 232.294647 170.916367
v 298.063934 200.988647 197.899689
v 315.145813 168.031281 212.013306
v 327.615753 136.186249 218.376801
v 337.361206 105.796959 221.210968
v 345.109222 76.309364 222.992004
v 351.089508 47.385765 224.490433
v 355.484283 18.881794 226.177795
v 205.646957 270.366882 154.159241
v 249.474060 244.194412 204.465851
v 277.941803 210.127426 235.973724
v -269.197327 556.744324 643.496948
v -309.862640 576.240723 645.796326
v -297.907410 581.258484 665.468140
v -278.891815 592.902222 679.258301
v -373.809143 623.903931 656.797607
v -348.840424 192.387268 1212.232056
v -374.501190 182.047073 1178.204712
v -375.117218 167.271225 1131.884521
v -387.642792 180.946884 1175.486572
v -389.184875 159.936111 1131.722290
v -370.373199 135.227478 1054.708740
v -366.057251 121.073479 1051.692871
v -148.502335 311.247620 893.800171
v -165.788345 308.420593 877.534241
v -204.418610 266.978333 919.612122
v -161.890106 323.522491 836.590271
v -178.516602 302.353027 858.775330
v -216.168655 262.662994 903.417664
v -319.884308 189.207596 1025.612061
v 41.290752 507.783661 429.753784
v -4.484649 501.489868 467.379639
v -20.520927 486.852936 509.698059
v -51.643867 497.552704 504.087555
v -67.070595 478.567566 546.540161
v -362.743195 341.660278 1228.986816
v -333.759064 433.998260 1260.215454
v -376.653564 342.965851 1227.068115
v -346.367249 437.186707 1263.576782
v -400.266602 197.633850 1189.456055
v -388.456421 343.452362 1228.685547
v -408.257385 195.168625 1195.630249
v -396.916565 343.012543 1234.031616
v -409.207520 165.004532 1195.592651
v -411.409851 191.565903 1205.709595
v -400.895294 341.759949 1243.014404
v -407.855499 157.420593 1208.685425
v -410.573975 187.313110 1218.130249
v -401.515076 340.024689 1254.099365
v -389.478485 108.370750 1163.563110
v -403.719971 149.853180 1223.426392
v -406.454865 182.824371 1232.715820
v -247.356506 24.230726 32.853550
v -302.038086 9.006683 28.534487
v -270.955750 24.940512 2.731797
v -175.522812 37.307522 8.781099
v -280.214966 60.468601 -37.761116
v -72.695923 164.167755 334.268829
v -73.529015 197.868011 232.559021
v -59.678284 188.572922 185.514557
v 299.432251 789.518311 139.771515
v 313.256042 788.425720 143.474106
v 294.402649 773.372681 139.950165
v -277.179993 634.189087 686.429199
v -294.529877 657.390381 684.193420
v -279.434784 666.647339 640.179138
v -304.244110 682.403992 648.086853
v -298.636719 150.515106 1104.798706
v -298.736084 959.369629 787.429993
v -238.354813 1024.658936 810.388672
v -212.538177 1070.959839 824.122864
v -237.862961 1020.104858 829.745911
v -211.868683 1067.764893 841.509277
v -325.396362 912.346069 798.284058
v -300.088135 954.968079 807.835327
v 1049.294189 1783.434204 815.802002
v 1057.869629 1783.186646 813.015747
v -191.737549 1115.575562 857.490662
v -180.832901 1116.509033 869.311401
v -169.535828 1121.228149 863.243103
v -383.434052 437.525848 1312.454712
v -377.128052 431.090607 1325.061890
v -365.540771 425.408936 1334.360718
v -360.019989 331.828766 1300.667114
v -350.564453 421.639862 1339.433105
v -346.080872 331.597748 1301.070679
v -382.547516 443.073181 1298.632690
v -397.442108 337.610931 1268.460571
v -378.637177 94.942184 1177.294434
v -392.637146 142.892563 1239.883789
v -395.318237 178.401291 1249.680298
v -388.061096 334.987335 1283.320801
v -362.721710 85.781525 1188.879028
v -376.860870 138.257843 1253.329834
v -379.693298 175.407303 1263.333984
v -374.669861 332.920593 1294.673828
v -362.466217 173.717636 1272.427002
v -258.896210 607.066772 684.582031
v -284.447784 662.968018 623.979187
v -309.649231 679.994141 633.237122
v -319.935913 674.413086 618.726074
v -430.726410 760.045105 660.697205
v -440.677643 777.292969 751.230713
v -443.962860 759.454102 710.380249
v -454.854889 765.564148 740.917847
v -452.457855 741.581665 699.645447
v -516.697815 729.276917 881.430786
v -491.968048 756.368469 804.321960
v -530.463806 723.908142 864.654968
v -495.718170 736.268860 788.873413
v -532.839050 708.179932 847.142761
v -465.238831 721.821960 731.071533
v -490.726624 716.364197 781.784546
v -524.302246 691.593506 838.188843
v -481.084473 700.494690 782.169006
v -510.070709 677.554688 836.357117
v -495.767517 671.234619 841.592285
v 672.047791 1671.330811 1047.335449
v 678.048157 1672.994873 1067.639893
v 669.574341 1669.153198 1078.699951
v 670.100891 1498.244507 919.990540
v 656.817139 1498.323730 919.989868
v 649.546875 1502.960205 911.812012
v 640.565308 1469.789185 865.132935
v -304.342804 504.454193 1585.863525
v -290.019440 523.823853 1623.756592
v -302.711731 474.430359 1504.542603
v -300.505920 510.636017 1579.773560
v -287.908936 528.787231 1615.876099
v -305.694824 518.309937 1573.748901
v 899.531616 1600.933960 818.341064
v 892.764832 1601.922363 821.481201
v 899.755615 1583.314697 813.232666
v -305.327850 485.574371 1501.464966
v -289.227295 558.766235 1655.235474
v -294.033661 533.566040 1609.204834
v -336.971375 504.484680 1416.292480
v 891.552856 1585.324219 811.137939
v 884.681641 1586.196655 814.638489
v 882.664490 1584.372925 820.711243
v 897.457764 1568.625366 814.742126
v 893.858887 1567.831543 811.666016
v 885.592407 1569.616821 809.621704
v 878.743042 1570.472290 814.390503
v 879.724426 1568.722534 820.846008
v 883.614929 1550.872192 802.083862
v 877.007812 1554.609863 800.653870
v 870.504211 1556.842407 805.652344
v 864.615479 1539.943115 797.814575
v 855.944885 1541.398682 795.099670
v 849.078796 1542.616089 799.581421
v 852.378113 1527.207764 790.097839
v 843.856445 1529.457275 786.205750
v 836.777893 1531.032837 789.903442
v 831.819641 1519.725952 775.618286
v 824.340637 1522.067627 778.127319
v 819.594116 1512.926147 765.302246
v 812.082031 1515.390015 767.921082
v 807.722900 1507.687256 756.431396
v 800.253418 1510.129517 759.273560
v 789.070007 1505.559692 751.451294
v 778.025818 1502.037476 744.155518
v 766.338806 1500.379517 737.324890
v 755.127808 1496.938110 735.272034
v 909.183594 1615.251831 826.515259
v 907.460205 1598.624878 821.113159
v 903.127258 1583.905762 821.245117
v 667.965576 1691.270874 1075.307617
v 660.368530 1692.346436 1079.270996
v -438.198486 762.129761 675.788391
v -258.230103 503.292969 1260.989380
v -264.505127 505.546661 1264.765991
v -317.689697 478.945038 1278.650513
v -269.940399 508.250732 1270.855347
v -352.520020 464.855011 1287.192627
v -327.037964 483.931305 1290.366089
v -329.916962 489.007843 1306.114868
v -222.461884 599.862854 1263.146729
v -217.445724 600.715027 1273.691772
v -256.212097 515.409424 1314.350464
v -206.173325 601.449585 1281.553711
v -476.135132 683.187866 868.381470
v -768.133972 873.803772 1295.923950
v -781.692566 944.908325 1317.771851
v -796.718872 1033.746460 1346.635742
v 389.116180 104.369934 -95.000351
v -93.469627 97.756081 293.861938
v -136.550446 70.582832 325.106476
v -138.670456 95.480736 291.925751
v -139.667496 119.444748 227.466354
v -140.889664 113.629021 198.533386
v -186.606216 85.718567 339.440369
v -183.986832 111.855125 301.246735
v -185.714264 139.676620 224.261597
v -190.254166 119.601555 369.659637
v -167.015869 146.322174 393.470673
v -96.238205 213.881943 140.487457
v -208.601715 598.229248 1257.280884
v -215.680450 598.557617 1252.515625
v -246.918137 500.214691 1265.806519
v -282.079529 465.254852 1277.117676
v -298.798767 445.927338 1278.411987
v -303.272644 447.276794 1270.544678
v -286.403564 466.098541 1270.213989
v -309.700989 449.505554 1265.580444
v -292.229828 467.981415 1265.926758
v -318.371063 452.671631 1264.486328
v -299.652588 470.865051 1265.365234
v -329.039856 456.628448 1269.361084
v -326.984985 520.645508 1574.630249
v 1157.569458 1845.406250 867.428833
v 1163.334839 1851.603027 863.337341
v 1155.457275 1845.029419 862.995605
v 1172.526245 1856.002930 858.924072
v 1164.664062 1849.448242 858.328247
v 1156.893677 1842.905884 857.947632
v 1148.675659 1835.879639 857.674072
v 1106.569580 1793.709229 857.980225
v 1104.328003 1791.087280 869.141785
v 1107.166138 1791.468018 863.757263
v 1093.249023 1781.897705 869.799805
v 1095.812256 1782.059448 864.411743
v 1094.465698 1784.502441 858.421509
v 867.943726 1556.786743 813.677124
v 846.063049 1542.001099 806.317810
v 834.041565 1530.086548 796.630249
v 821.637268 1520.528198 785.078918
v 1034.335327 1738.376343 875.758118
v 1038.849243 1732.705078 873.826538
v 1039.651001 1729.662598 867.735901
v 1035.437378 1730.228638 861.860046
v 1021.890930 1732.402832 872.181152
v 1025.916870 1727.178589 875.724609
v 1030.092285 1721.767334 875.795715
v 1030.979126 1718.678589 869.590515
v 1026.704468 1719.342529 863.525269
v 1019.170044 1711.978027 874.266968
v 1019.934875 1709.016479 867.833679
v 1015.807129 1709.622192 861.452148
v 869.757629 1552.128662 819.219604
v 849.392517 1537.507690 810.684448
v 837.397339 1525.341309 800.998230
v 825.109070 1515.292236 789.455811
v 817.468506 1502.677856 776.268677
v 805.659607 1497.057983 767.927002
v 794.709290 1492.166626 761.306519
v 783.581848 1488.282227 753.037598
v 773.225037 1483.792358 748.420654
v 776.794434 1482.024414 739.024048
v 762.620728 1478.870239 748.232910
v 766.506104 1477.282104 734.967407
v 754.184326 1474.924683 750.424866
v 754.493713 1470.509521 739.846313
v 741.137939 1466.968384 756.367554
v 744.782837 1464.147949 745.410034
v 732.191467 1461.483276 764.550964
v 734.095520 1455.985596 755.218933
v 722.007751 1451.738403 771.170471
v 722.910706 1445.951416 762.437622
v 710.677002 1440.833496 777.142517
v 892.122681 1578.912720 824.846863
v 896.947083 1573.079102 822.861084
v 885.052063 1561.707886 824.816406
v 883.021729 1556.581665 822.592468
v 871.000916 1545.722778 813.755371
v 854.090759 1531.980835 807.898621
v 856.299500 1527.857300 799.181946
v 841.947510 1519.941772 798.149292
v 844.155396 1516.264404 788.906921
v 829.661682 1509.920166 786.454773
v 831.883850 1507.073242 777.835327
v 819.793274 1500.313110 768.332642
v 808.036499 1495.274292 759.950256
v 797.312927 1490.515869 752.616882
v 786.444092 1486.508667 745.739380
v 1149.612183 1838.851562 867.286438
v 308.333069 851.326904 85.924515
v 315.172485 880.595398 65.213234
v 336.358734 922.083801 6.846270
v 345.476410 969.923096 -23.172583
v 48.461800 266.702911 20.442095
v 666.327637 1701.716553 1082.664795
v 671.360413 1698.053833 1088.347656
v 670.115967 1718.193726 1100.004028
v -204.264908 1221.238281 908.209778
v 37.095795 275.521759 -314.851288
v 76.392502 270.061615 -282.439331
v -58.099472 291.478790 -332.904572
v -10.415832 283.284607 -333.514160
v -134.609650 308.524567 -295.339294
v -97.368362 362.684753 -302.473541
v -242.295441 619.942017 683.096680
v -229.857346 630.295715 675.016357
v -222.373749 636.798401 661.029297
v -350.407806 660.193970 695.880859
v -293.882324 623.305176 687.550049
v -324.138611 640.947998 691.218018
v 316.184998 890.803955 91.894073
v 309.053284 861.931213 119.038406
v 328.216553 977.101624 2.613982
v 317.399445 934.300964 34.285023
v -222.219315 64.987045 -87.174767
v 218.157990 704.475342 217.819275
v 200.236847 688.494751 221.534393
v 178.304977 676.569885 232.447006
v 114.405678 618.112244 495.065948
v 234.734619 607.270996 259.895386
v 214.388901 598.333679 308.189941
v 222.097580 632.166565 278.025299
v 204.039200 624.708679 320.548859
v 182.082855 614.097473 377.699646
v 200.076660 648.561401 280.007568
v 303.929047 733.935303 226.427994
v 253.419540 690.911499 238.719986
v 236.190231 671.375122 242.456329
v 233.837875 698.474487 231.315536
v 217.121460 680.766602 234.747360
v 364.673340 114.063301 -116.821404
v 379.024078 115.674232 -133.075531
v 396.613983 110.574440 -128.507950
v 383.502594 57.096264 -109.473663
v 352.373474 759.180115 183.883331
v 323.136536 728.121887 212.988159
v 329.663605 724.824280 189.450592
v 310.840729 667.265625 193.031921
v 290.432190 636.804443 190.960388
v 277.748596 680.990417 237.924698
v 258.105927 658.856628 242.967636
v 278.221497 644.515259 224.938736
v 217.307983 657.047668 253.108124
v 239.422791 642.729492 254.384689
v 256.100983 622.511475 234.519073
v 299.233643 671.501404 222.451859
v 655.871338 1737.492310 1031.316895
v 660.314880 1739.345215 1031.985596
v 673.646179 1702.294067 1043.284546
v -194.568542 593.489868 1285.186035
v -189.216385 602.449585 1275.879761
v -185.670074 600.175964 1278.142456
v -282.337921 469.674805 1310.449219
v -242.760834 503.333862 1297.898926
v -240.988007 500.654968 1287.663574
v -241.158096 499.630371 1278.825073
v -242.849808 499.453461 1271.067383
v -274.042603 512.056824 1279.861694
v -273.513702 516.070740 1292.814453
v -267.573669 518.539062 1306.561157
v 104.023178 552.188904 589.854553
v 314.210052 801.917786 148.039566
v 318.553040 814.581848 152.398987
v 250.214249 218.635208 -71.675316
v 275.368378 209.894562 -88.043068
v 300.127502 198.053894 -102.906876
v 265.580200 236.598114 -82.756271
v 291.863007 225.994812 -97.550636
v 317.578094 213.117157 -108.527710
v 345.860840 191.775421 -115.839935
v 230.461960 254.630524 -26.080904
v 291.533173 246.483185 -65.523712
v 314.872711 233.915100 -79.613220
v 336.000946 218.489716 -90.115959
v 357.426666 194.650131 -99.372467
v 392.641693 148.169952 -103.856102
v 671.408325 1455.979858 801.702026
v 679.532288 1449.945801 809.114380
v -56.667011 146.646225 -309.906525
v -63.710701 108.224579 -287.078552
v -101.239258 300.295105 -318.228668
v -332.109589 602.354614 669.286865
v -313.708160 611.421875 682.630371
v -343.330627 631.540100 686.791199
v 316.661102 856.440918 104.029121
v 300.849792 880.564087 60.326485
v 322.378723 921.568237 0.569302
v 333.734436 969.156494 -31.360832
v 348.192596 1034.214233 -58.989986
v 308.912872 925.033691 5.501398
v 319.228577 971.558044 -26.360222
v 660.633667 1731.435303 1104.629150
v 220.542114 619.775208 88.456306
v 240.045685 603.315979 99.064774
v 228.918732 583.620300 57.470955
v 246.194519 587.335999 116.730247
v 234.660385 564.960571 73.469666
v 228.214218 540.567566 24.207325
v 223.761017 513.854187 -26.446548
v 242.127869 572.680786 137.348816
v 230.507050 549.049500 89.670052
v 223.872070 523.942200 41.841961
v 219.536453 495.997925 -5.332867
v 216.576355 466.436584 -52.493526
v 659.902649 1669.358643 1074.183350
v 663.129211 1672.897461 1059.112305
v 509.387634 -260.348083 292.828674
v 470.866516 -227.900543 286.603241
v 492.429016 -240.383179 289.345367
v 668.066406 1682.636353 1086.656860
v 666.126587 1714.813721 1104.417725
v -172.804138 1173.662354 884.532288
v -167.615799 1176.208496 892.624634
v -170.576538 215.852234 130.180954
v -204.229599 194.918564 84.633125
v -328.165924 439.237946 1354.205566
v -220.277817 612.585266 1253.254028
v -221.308105 613.410767 1260.748291
v -213.762665 612.213989 1251.948608
v 670.741333 1708.257690 1094.381714
v 658.193298 1438.214478 820.438171
v 649.426575 1444.707275 812.374329
v 677.873230 1701.872314 1036.964966
v 614.035095 1778.796021 1031.646973
v 613.580933 1778.321533 1036.645752
v 658.514099 1738.954590 1038.516235
v 680.312134 1703.567139 1047.721069
v -643.100098 659.291504 1130.643066
v -673.346252 704.210022 1172.717529
v -606.828491 626.799072 1063.444824
v -616.390259 635.326111 1084.520508
v -641.818115 667.534607 1115.095581
v -585.067017 634.210327 990.351501
v -619.788086 632.934204 1052.510132
v -629.063293 640.342346 1072.552490
v -653.609009 671.589600 1102.126099
v -636.512573 630.339966 1044.564087
v -644.650513 638.791077 1065.718506
v -668.570557 670.431641 1097.417847
v -695.955444 711.725769 1143.500244
v -659.798401 629.228821 1067.830444
v -685.831238 663.210144 1102.991577
v -665.632507 617.640564 1076.906128
v -555.369507 615.485474 999.340332
v -602.266968 615.493713 1072.855591
v -614.039124 625.767090 1096.159058
v -568.619019 628.241089 998.324768
v -113.654297 70.879066 462.476898
v 253.640244 740.233582 158.279938
v 221.753693 702.120789 153.643936
v 201.193420 684.667175 147.809814
v 244.394547 745.112793 190.509018
v 211.681824 706.375427 194.722305
v 190.986374 689.123108 195.023026
v -118.171738 184.694504 347.158112
v -115.494469 223.080780 234.266434
v -107.997284 219.790924 176.378448
v -117.410301 149.948959 396.550385
v 76.095963 303.400116 -78.202744
v 49.124973 312.185394 -58.116741
v 109.376175 280.724579 -143.503433
v 95.993454 292.741119 -106.425438
v 117.357658 309.002930 -154.559006
v 103.663734 315.276611 -115.477921
v 133.586334 336.161072 -151.806290
v 117.593941 337.332397 -113.409988
v 158.349228 363.085693 -134.634995
v -408.790588 740.990540 666.752686
v -148.342896 -15.132629 640.058594
v 462.639648 -237.655701 288.853271
v 485.930847 -250.286331 291.097382
v 450.225311 -213.762375 282.342773
v -334.508301 487.698822 1505.062744
v -334.904602 479.114563 1507.859497
v -329.232025 514.044495 1580.694092
v -329.387909 470.654510 1509.797852
v -325.551178 506.909241 1586.498535
v -319.582336 467.120941 1509.527710
v -309.865051 468.303223 1507.651367
v -314.703094 502.694733 1588.721924
v 1151.814087 1830.953491 861.636658
v 1157.658569 1837.701782 865.579407
v 1149.569214 1830.684204 865.792725
v 1211.223145 1881.353271 866.835999
v 1209.953491 1881.050415 869.658936
v -316.227570 494.707458 1361.546997
v -343.371246 694.153442 697.706665
v -344.498779 598.947327 650.722778
v -361.084229 625.312317 674.106201
v -385.125763 648.828003 681.030457
v -406.152557 672.150269 693.502869
v -368.132416 653.230286 691.869446
v -389.797668 675.021545 700.785889
v -349.634735 601.468323 630.399963
v -418.468048 732.575623 662.776978
v -409.452240 686.561340 647.895508
v -422.558929 707.704163 660.815063
v -433.320892 725.920410 670.617126
v -652.597473 603.448914 1099.537964
v -686.682556 643.495789 1141.627319
v -713.760498 694.029053 1185.236938
v -723.957092 720.185974 1228.224365
v -732.910400 745.805786 1262.954468
v -743.042969 771.365173 1282.311035
v 84.391533 75.206642 -480.488770
v 35.211025 38.347996 -411.819519
v 244.418839 743.512817 172.508530
v 212.326004 705.857544 171.967667
v 191.935974 688.634521 168.811737
v 175.274612 668.899414 134.461426
v 161.744720 672.839905 157.366959
v 1077.131226 1774.223755 872.599426
v 1071.861206 1777.047119 868.433228
v -548.684387 701.591125 892.378479
v -551.466309 686.293396 874.618774
v -543.031311 668.889648 864.680237
v -527.297241 653.432617 862.651062
v -545.886475 625.771362 887.600342
v -512.111145 646.584290 868.481201
v -529.979248 619.129761 892.980286
v -548.897583 594.380859 926.797729
v -498.492981 646.890991 879.718201
v -516.174316 620.411560 904.588623
v 1147.479858 1838.371094 862.829346
v 1182.745239 1859.718750 859.184631
v 1175.000977 1853.166992 858.535034
v 1167.434448 1846.660034 857.932800
v 1159.790161 1839.938599 857.574036
v 1151.456787 1832.637817 857.456238
v 1175.305420 1851.383301 862.019348
v 1167.553223 1844.804443 861.658752
v 1159.873291 1838.137451 861.556396
v 1165.239258 1844.416748 865.857849
v 86.563210 100.195908 8.648669
v 110.386879 125.505905 3.448341
v 101.386108 130.139328 -101.387695
v 43.675125 84.504173 -147.525192
v 69.640884 106.475517 -152.922958
v 93.494698 133.157288 -165.005402
v -250.494003 69.080551 -65.807388
v 110.688156 152.968735 70.639328
v -460.821381 756.203796 830.486206
v -478.521484 764.484436 820.802612
v -463.302551 745.256287 733.386780
v -547.876343 599.196289 994.288879
v -607.412048 601.516235 1078.284668
v -621.825562 614.469055 1104.171387
v -654.117798 650.989563 1141.661011
v -683.210632 699.061829 1182.884888
v -83.283707 527.040771 704.030334
v -72.810188 501.254608 730.144226
v -112.612137 512.198792 692.294739
v -312.057190 161.828964 1099.071167
v -326.628906 170.325058 1091.604126
v 101.374687 661.662048 294.317993
v 79.857582 652.536255 222.899948
v -250.741898 149.512192 103.523842
v -236.424484 116.635323 130.369415
v -211.335175 120.726280 139.614395
v -190.461670 79.322594 139.373108
v -352.987518 776.180786 742.968811
v 666.790527 1507.682861 903.066467
v 178.056091 101.185860 -356.317902
v 148.640503 126.420959 -313.641388
v 116.468056 149.918777 -252.117081
v 54.215633 74.631844 -207.423538
v 84.583183 95.471527 -210.752090
v 136.527679 99.598816 -283.445801
v 106.126274 120.395599 -225.172638
v 610.162292 1776.880493 1031.130737
v 70.815659 628.980591 73.388557
v 58.111835 609.064270 6.067801
v 5.523728 543.537109 -87.144157
v -223.139450 219.186722 -191.270432
v -156.188446 315.198486 -270.222595
v -170.270676 322.546082 -241.930984
v -118.509026 367.554474 -277.232330
v -74.020164 413.993225 -262.086700
v -51.213409 412.058411 -288.705353
v -37.303280 453.583130 -233.436737
v -11.249509 454.636780 -259.965454
v -189.905823 254.937485 -70.438652
v -219.285919 245.057281 -108.176422
v -229.494705 232.063248 -149.673065
v -172.282898 331.071350 -202.083435
v -135.287338 374.099091 -209.134811
v -131.821365 371.290405 -248.376831
v -88.764656 413.355560 -233.544296
v -71.933174 359.078613 701.637756
v -45.421597 356.429169 708.220032
v -20.071228 356.935486 720.735596
v 1.053763 359.624207 738.302002
v 11.995432 365.736206 759.512451
v -23.900520 300.815338 805.092834
v 15.206015 374.333984 782.506348
v -22.671700 309.937103 826.017944
v 8.037311 384.203369 801.162048
v -31.122482 322.502319 844.368103
v -7.300250 394.780609 815.213867
v -47.400795 336.393280 857.860657
v -68.302589 310.935211 878.544922
v -296.592407 907.682739 809.310608
v -292.449371 911.540771 788.756042
v -116.391922 128.298660 -237.657654
v -51.038090 80.288437 -261.377991
v -88.048973 87.444656 -218.203918
v 48.696667 73.551003 -89.587029
v -334.491394 715.613220 684.304932
v -335.741211 717.912109 670.690918
v -336.254333 733.183594 710.411926
v -320.895477 745.423279 731.275940
v 83.072708 144.270630 52.163387
v -98.926849 614.116699 621.489441
v -144.883286 620.364258 633.636108
v -106.169868 612.995300 599.230164
v -153.543381 607.425659 668.352905
v -324.215576 334.209869 1270.833496
v 230.822784 223.075974 66.382797
v 136.228378 -4.471782 -355.154968
v 173.022781 7.378584 -364.273438
v 158.240204 31.523808 -337.155701
v 199.152069 23.018196 -386.866608
v 185.008209 51.279648 -358.412292
v 88.354996 -12.002111 -360.475433
v 75.957260 9.289921 -337.892731
v 1052.202881 1789.750244 820.806091
v -334.177887 697.814941 644.527832
v 131.292068 165.495483 -60.556599
v 699.476318 1455.827515 774.996765
v 695.834839 1455.741089 762.705627
v 720.793091 1476.484863 760.411743
v -195.156006 1228.852783 910.823975
v -231.257324 1290.933838 948.338928
v -189.569031 525.827515 644.457214
v -149.616318 517.186768 666.862732
v -179.008469 531.958008 662.058777
v -277.513519 557.018311 622.671204
v -223.826660 256.300476 886.883850
v -171.503143 305.813965 799.751770
v -187.812103 285.420624 822.906006
v -226.319443 248.677979 872.236023
v -165.244293 296.807312 786.467102
v -136.239182 491.631195 660.169800
v -132.000443 484.771301 640.565491
v -310.527344 678.219543 677.832397
v -330.438568 695.147766 685.501099
v -358.720245 468.473633 1300.870239
v -370.604309 442.561249 1276.346558
v -345.343018 82.718735 1195.610840
v -359.484589 135.790848 1262.218384
v -329.128510 84.597633 1198.578979
v -344.982208 135.606522 1264.746704
v -348.021301 173.286255 1275.021118
v -316.431335 91.985413 1197.840454
v -334.008087 137.172241 1261.786133
v -337.425720 173.452621 1272.483032
v -281.399628 113.466530 1100.943115
v -309.477142 102.326042 1194.478027
v -326.076538 140.196182 1254.798096
v -330.291687 174.183685 1266.044556
v -308.065918 113.792976 1189.075928
v -323.977783 144.522308 1244.942627
v -327.498108 175.440033 1257.392212
v -405.529144 688.132568 715.919434
v 1059.120361 1788.691040 817.853638
v 63.561180 522.252075 698.824158
v 49.618767 490.741425 733.639954
v 15.489380 503.758820 747.726807
v 3.300964 470.025391 775.769287
v -12.707518 437.644318 801.365173
v -341.679230 694.209717 630.123047
v 367.903259 64.843895 -125.909859
v 362.818451 -4.094839 -136.738983
v 370.050232 -6.269516 -136.267303
v 176.678268 200.663712 -24.700644
v 200.089600 214.570816 -38.247540
v 176.479263 223.710510 -24.179409
v 249.622467 204.228027 -47.587875
v 207.326477 237.777161 -43.903839
v -336.277771 475.932220 1455.466064
v -325.506287 472.158936 1455.327881
v -317.816040 474.806519 1426.843994
v -314.505524 472.712006 1453.551758
v 389.787384 58.123280 -134.667740
v 399.610229 105.508987 -110.538231
v 391.176941 55.512287 -120.296379
v 1050.271606 1766.004028 862.991089
v 1050.027466 1764.044800 870.728027
v 1053.812866 1759.042847 873.960144
v 1039.831543 1756.106079 864.371033
v 1039.367554 1754.176025 871.155396
v 1042.867920 1749.291260 874.202026
v 1046.553955 1744.155762 872.019470
v 1047.141846 1741.207764 865.993164
v 1035.378418 1744.648071 861.253967
v 1030.349731 1745.819702 865.488953
v 1030.639282 1743.338257 872.176453
v 930.135010 1642.676270 839.526978
v 918.570068 1629.214722 834.868713
v -308.154755 474.589691 1270.200806
v -358.731812 440.053040 1269.274048
v -340.681610 460.907867 1277.070801
v -448.910828 697.066284 710.479675
v -458.351959 704.739441 737.409058
v -448.255585 696.809326 745.428833
v -469.739990 693.133850 788.117737
v 1112.440186 1810.188354 863.129700
v 1205.483765 1878.132568 862.564270
v 1211.320190 1882.554443 864.593018
v 1189.026855 1871.175049 869.572876
v 1181.138428 1864.839600 868.820068
v 1161.600098 1844.791870 868.088684
v 150.102798 278.285736 89.867119
v -146.965546 615.988037 652.084900
v 132.766937 647.038025 376.617249
v 229.655273 190.370621 13.909062
v -226.198685 540.416443 643.035522
v -217.009033 546.885437 661.739685
v -258.235962 563.039795 662.968994
v -201.026993 560.023743 675.471619
v -240.583664 576.001587 677.009888
v -82.956253 566.492981 688.894043
v 660.109436 1681.119751 1081.893066
v 47.667580 -0.518510 -400.241211
v 1141.944946 1823.983032 857.137634
v 1129.928223 1813.016724 856.759583
v 1117.961060 1802.785767 857.148804
v 1142.322998 1822.168579 861.828918
v -422.322327 770.859253 762.863403
v -511.192474 631.899475 920.030457
v -530.178223 608.642090 951.685974
v -188.528305 268.375061 934.005798
v -294.714020 189.398727 1044.436523
v -308.684814 190.835541 1035.332031
v -152.426208 258.380127 945.379211
v -264.374390 174.281113 1053.145142
v -279.472992 183.247208 1050.296997
v -177.266373 612.379456 1292.467651
v 0.086405 107.280983 154.250900
v -59.461319 79.091644 153.247971
v 390.763611 815.357605 228.831146
v 431.882111 879.350342 239.069580
v 436.836060 891.095886 221.114929
v 132.951279 141.910629 46.297993
v -299.436249 447.031952 1315.445068
v -296.714752 446.095001 1300.927979
v -280.038727 467.146790 1297.052368
v -296.554718 445.624786 1288.715576
v -279.808624 465.678650 1286.107056
v -192.353409 592.952942 1274.033569
v 357.487854 1038.029175 -31.357187
v 426.273956 1185.112305 -103.904785
v 1138.012207 1830.760742 862.796875
v 1125.182983 1820.621826 862.880798
v 1139.023071 1827.622803 857.225586
v 1126.571167 1817.021118 856.555603
v 256.610687 236.445984 17.889252
v -204.944626 40.767387 60.480644
v -5.269980 624.853027 446.158813
v -67.226349 585.942566 514.588318
v -93.719528 584.684753 544.660400
v -105.370186 559.367126 538.538452
v 49.779572 11.582999 -356.847534
v 58.159973 -12.216138 -374.257599
v -327.992493 332.577972 1289.573242
v -324.206024 333.242889 1281.213257
v -316.303986 428.636200 1268.369873
v -310.732788 423.953857 1313.588135
v -322.505920 916.352539 777.670044
v -377.917511 627.420349 638.420044
v -400.029510 653.609070 649.161987
v -396.924255 648.876709 665.906006
v -418.491211 672.681213 680.610901
v -432.815155 697.710754 676.730103
v -345.201233 610.597656 612.657471
v -183.923660 532.429138 598.519043
v 102.957870 272.242035 37.283825
v -92.510460 119.870445 232.380341
v 101.754990 520.386169 455.086823
v 124.884933 535.627747 466.383026
v 138.831070 553.346497 476.464630
v 118.219261 546.732605 529.476074
v 143.267487 573.993347 485.701599
v -98.441429 365.036072 702.031921
v -122.388901 305.180817 748.039673
v -137.299637 279.040436 770.615784
v -98.153137 297.753448 748.488281
v -114.284042 271.499054 771.686951
v -73.612099 294.045441 756.379211
v -91.280151 267.509766 779.866760
v -51.319275 293.448761 769.278931
v -70.224861 266.783203 793.418762
v -32.918537 295.424866 786.118225
v -53.517586 268.855469 810.181763
v -44.857105 275.046539 828.913757
v -44.148952 286.144257 849.773071
v -52.732056 298.119751 866.560181
v 100.591675 534.587158 576.844116
v 181.416061 642.007019 322.891357
v 158.711029 633.799133 381.119080
v 158.012054 653.724548 318.731598
v 82.486237 632.689758 488.954315
v 665.606750 1730.538086 1101.146729
v 665.020508 1721.572876 1095.198242
v 132.309448 661.950623 309.207489
v 105.417938 654.374023 365.784393
v 48.574375 637.798767 474.956421
v 60.110752 624.699829 538.913818
v 31.555216 615.324219 586.924622
v -333.728241 813.164368 779.049500
v -323.820587 699.144470 657.882324
v -377.256866 707.929443 637.227600
v 372.929901 60.283394 -106.649620
v 675.179504 1440.692993 818.775208
v 666.922852 1471.033081 864.137146
v 661.435669 1463.623169 873.442200
v 644.321777 1476.014526 857.236145
v -203.167450 1219.260742 916.086792
v -234.397903 1286.071411 961.174316
v -230.557663 1290.344727 956.326721
v -200.102921 1226.475586 904.874268
v -394.817780 696.965515 637.439392
v -408.400146 717.102112 652.164001
v 1211.322998 1886.076904 871.300598
v 1207.425781 1881.670410 871.676025
v 1200.252686 1876.493042 871.023926
v 1192.736328 1870.487427 870.218445
v 1196.810547 1877.307495 870.426514
v -87.466248 413.589325 807.978882
v -110.950249 409.838470 790.004578
v -133.419083 353.891418 834.227417
v -128.236420 403.593842 769.990601
v -148.333008 346.589233 814.205933
v 78.088150 501.688721 602.338623
v 86.515274 515.041382 618.674622
v 73.037224 489.686096 655.090271
v 88.766388 531.212708 636.390808
v 75.422630 504.114624 675.992371
v 61.147915 475.858307 711.907654
v 33.610138 459.314362 765.125183
v -216.870987 230.879471 852.520508
v -322.964935 154.932098 985.833984
v -198.668365 220.543289 846.669250
v -310.631073 144.067200 982.438293
v -332.304810 177.040466 1004.098206
v -330.430420 166.284424 993.410889
v -328.659119 335.621338 1258.739380
v -336.843201 337.480408 1246.309692
v -363.111176 197.374237 1198.376709
v -348.567261 339.719482 1235.067749
v -377.438873 198.929123 1190.658691
v -390.227722 198.967606 1187.699341
v -398.348053 177.377411 1177.720581
v -393.188660 148.736038 1134.190308
v -406.054657 171.822678 1184.885742
v -395.725037 136.216965 1140.761230
v -394.428436 122.807549 1150.839844
v -357.309204 107.931618 1051.321777
v -215.564529 34.950588 19.158611
v -239.808228 37.260395 -18.671125
v -359.478607 689.840881 702.304016
v -288.033630 137.927582 1107.086182
v -108.689613 299.081635 904.429199
v -128.460648 307.592621 903.135803
v -170.661469 265.956818 943.321716
v -243.466156 153.013824 1046.637939
v -137.053452 248.910950 941.899170
v -251.813812 163.668686 1051.946777
v -320.964355 673.175537 689.826660
v 659.987488 1586.944946 990.163757
v -134.149506 248.709152 795.382080
v -112.088120 243.735779 803.233337
v -157.669067 204.872101 854.552246
v -92.072380 242.522720 816.936401
v -139.139328 203.845963 867.588379
v -76.746048 244.532471 833.675903
v -125.675720 207.500610 884.245789
v -67.867264 249.786377 851.640442
v -117.335121 213.330750 901.338196
v -240.976578 136.614380 1028.990356
v -67.500496 260.487793 871.584717
v -117.982819 224.874405 918.950378
v -239.921844 143.839050 1038.545044
v -75.776688 273.853210 887.812744
v -125.149628 237.508377 933.055786
v -90.106133 287.319092 899.092224
v -165.641785 593.620605 679.000061
v -204.911438 606.473755 680.481689
v -192.937759 618.302063 671.287537
v -182.271393 576.914978 680.897827
v -221.286377 591.756470 682.333984
v 399.061249 1128.046021 -71.229332
v 684.585754 1702.853394 1039.402954
v 675.698730 1643.356567 1054.107910
v 1066.054932 1762.155762 859.708557
v 1027.805176 1733.206787 861.144592
v 1022.598083 1734.429077 865.241760
v 1018.773926 1722.541016 861.124207
v 1013.607117 1723.694458 865.301941
v 1012.621765 1721.784912 872.285034
v 1015.331909 1717.232178 876.159302
v 1006.915344 1713.408081 858.562561
v 1000.661926 1715.181885 862.933228
v 999.410461 1713.381592 869.885498
v 1002.075073 1708.826904 873.551514
v 1006.006531 1703.520386 871.794434
v 1007.187500 1700.342529 865.558533
v 1002.924927 1700.998901 858.965027
v 931.893982 1656.584229 849.384277
v 923.805237 1643.887695 845.816772
v 912.226257 1630.164307 837.851196
v 981.586731 1695.936523 856.999451
v 970.462769 1686.515137 856.096802
v 959.385132 1677.124023 854.811096
v 948.545349 1667.142578 852.614746
v 938.182373 1655.530518 845.620361
v -313.434326 498.526062 1415.931641
v -309.083801 494.054047 1445.021484
v -305.908173 482.238831 1422.135254
v -304.445862 479.148926 1449.914185
v 679.913696 1670.334106 1050.513062
v 672.952026 1646.144531 1044.112793
v 659.531616 1702.749023 1086.435425
v 659.112000 1712.846191 1093.294189
v 661.213135 1722.765991 1107.431519
v 660.108398 1713.219971 1101.145630
v -492.737274 659.470215 897.026245
v -534.757507 596.903625 938.739319
v -92.918808 72.266998 328.145416
v -187.049911 53.293831 376.545074
v -185.289856 47.927460 438.738708
v -187.633118 83.717957 406.996948
v -155.950943 69.447083 459.062042
v -160.328400 106.700157 430.430237
v -221.603394 599.105774 1255.299927
v -195.429504 594.743408 1269.583618
v 1114.447144 1806.783813 856.648254
v 1134.367065 1821.869995 869.579956
v 1121.080688 1810.590698 870.878723
v 1173.285034 1858.412476 868.218872
v 1165.441650 1851.928467 867.736389
v 1179.044434 1864.607056 864.531860
v 1171.174194 1858.137207 863.862061
v 1180.340210 1862.517944 859.564941
v -66.238472 355.296417 -324.788422
v -19.987856 406.513123 -312.035400
v 22.816656 451.552765 -282.547607
v 16.373972 397.259583 -326.522186
v 54.206589 385.181854 -327.734039
v 59.788582 444.081116 -295.156982
v 96.161247 433.034912 -295.580414
v 128.899368 419.304535 -284.789246
v 126.310509 475.975525 -249.141449
v 158.254883 462.177979 -237.814407
v 182.330811 444.704041 -216.111984
v 197.279739 423.751160 -183.082657
v 286.189758 791.066223 201.695923
v 269.032959 787.856567 194.150772
v 249.632629 745.813904 208.469528
v 93.157883 609.897644 547.201965
v 65.234932 600.438965 602.056091
v 178.554337 659.910767 274.416138
v 198.151245 667.851929 246.562866
v 490.922699 867.061951 194.914093
v 437.077057 820.921265 205.065445
v 413.737213 801.511902 196.127625
v 381.393555 783.391235 212.269196
v 375.796753 843.815918 173.796143
v -192.299881 592.319336 1284.142456
v -191.149918 591.835815 1281.514648
v 122.331413 565.439453 539.028137
v 136.638779 596.188416 492.833466
v 116.287910 587.588806 546.400513
v -176.464172 207.820358 -247.282471
v 52.656700 491.077667 -241.881577
v 167.682159 646.973877 91.782974
v 148.279449 631.157471 41.873981
v 133.081741 611.721497 -20.644484
v 121.019188 587.329407 -84.297722
v 193.465118 634.781555 86.487625
v 177.684647 619.273376 40.725407
v 124.244186 657.455261 119.682350
v 666.479126 1704.672241 1098.961182
v 659.822205 1702.965454 1095.366699
v 659.878845 1692.339478 1089.178589
v -191.434402 182.932175 180.510132
v -198.269180 177.820129 142.898331
v -167.569672 180.390854 344.200439
v -164.517258 219.283539 233.694870
v -162.824493 220.392715 175.952438
v -307.828796 424.734436 1300.946167
v -116.890831 31.095793 524.023193
v -113.983353 43.963978 490.987488
v -438.610046 795.863586 653.247803
v 1198.180054 1870.748169 864.281372
v 1198.110229 1872.537476 861.052673
v -308.103119 649.651062 690.236328
v -334.910156 667.052368 694.768005
v -357.421204 648.774170 610.106140
v -378.201721 673.582031 621.872742
v -372.500641 636.043030 621.793579
v -393.637299 661.959839 633.630127
v 235.886353 696.454590 142.287415
v 215.782501 677.750549 135.317200
v 192.039871 661.261230 121.489250
v 213.742218 650.865112 113.997444
v 1109.647095 1801.088989 871.512329
v 1092.803223 1793.081665 869.873169
v 1081.393066 1772.039185 870.458740
v 1083.102417 1771.206543 864.925537
v -406.328003 714.242737 741.598511
v -436.660095 691.093079 725.209473
v -434.616669 704.078064 753.421814
v -457.199066 695.586975 798.174805
v -482.351105 670.958679 851.504761
v -448.869934 710.668335 812.935913
v -518.626038 650.210327 933.050720
v -537.206177 626.381287 961.596680
v -515.965149 698.763123 917.303162
v -534.733704 666.026062 936.985474
v -551.775208 640.987305 963.655151
v -481.233612 702.648438 883.733215
v -499.371094 679.821594 912.062256
v 75.465790 655.090454 350.907196
v 45.664333 644.526428 407.755341
v -331.208832 500.329407 1445.780518
v 664.874023 1647.624268 1040.522217
v -309.330292 761.726807 757.527649
v -330.774628 735.581970 694.044800
v -313.968079 751.204956 710.281616
v -327.208038 759.570923 693.600403
v -338.867554 740.335205 681.241455
v -292.429901 810.996277 770.866943
v -316.684875 775.454346 717.788940
v -305.580536 817.284790 750.701111
v 710.543884 1466.712769 767.573120
v -187.725433 524.402283 623.563477
v -229.952255 539.793274 621.988403
v -158.438461 330.155670 777.968323
v -123.657906 408.645355 695.214966
v -131.455795 380.680389 720.414185
v -341.325439 454.977936 1378.282104
v -363.815643 479.632446 1364.397095
v -350.203003 497.165985 1421.040894
v -344.132416 493.765503 1449.864258
v -362.589081 469.309814 1370.956909
v -349.429749 487.874664 1425.279785
v -343.401855 484.662079 1453.167847
v -342.064667 479.037415 1428.479370
v -330.267212 474.778534 1428.726929
v -347.823944 493.306580 1358.061890
v 1078.522827 1785.883179 861.404053
v 347.117676 763.189392 206.397598
v 330.446838 775.158691 216.345230
v -184.188766 599.021851 1281.271606
v -177.832886 613.252686 1285.526733
v -427.073212 771.338989 720.040466
v -113.813522 358.336273 851.716492
v -130.143402 333.887329 872.902893
v -148.268814 330.248535 856.061523
v -179.991135 613.121216 1290.930664
v 366.572327 796.773315 223.758453
v 395.096069 851.210571 229.195099
v 375.328766 832.232666 221.217270
v 332.434509 802.639648 212.530121
v 328.314728 819.948853 182.156006
v 334.277740 816.917480 160.686798
v 342.333099 803.533936 147.677338
v 377.709534 1133.401367 -67.937996
v 376.195648 1131.905518 -79.026138
v 343.040955 1070.536621 -58.132172
v 381.085449 1129.435425 -87.290901
v 347.994324 1068.070557 -67.165810
v 390.932404 1127.074585 -87.782455
v 385.577545 1132.668945 -61.741669
v 356.013824 1071.350830 -41.639915
v 346.652130 1072.055908 -46.332916
v 331.357300 1038.790161 -45.623604
v 323.020233 725.144226 167.211426
v 342.355560 763.051208 159.587906
v 368.355560 764.155273 180.378250
v 362.887634 767.863525 206.658783
v 136.111252 246.599823 -12.340472
v 123.446999 264.178955 14.925200
v -88.249420 392.448273 675.723694
v -50.574173 408.361145 644.789001
v -60.522415 386.400940 674.836121
v -11.362923 429.030457 619.980469
v -21.183823 406.970886 650.775940
v -32.913559 384.227356 681.138611
v 27.466438 456.546021 601.533264
v 17.851049 434.495392 633.330078
v 5.952027 410.513184 664.287598
v -6.610083 386.391296 694.320435
v 50.772335 467.159088 618.887695
v 38.913383 442.436493 650.989624
v 26.374428 416.579498 681.929138
v 14.022978 390.634979 711.621094
v 65.113678 478.430908 637.210205
v 52.048622 451.817352 670.373291
v 39.563408 425.173340 703.218018
v 26.671482 397.988556 733.959595
v 59.624268 462.311340 689.847595
v 46.098278 435.519348 724.979858
v 31.499830 407.520325 757.462341
v 44.359581 447.501190 745.952454
v 26.594278 418.056763 777.293579
v 12.110151 428.349884 792.778381
v -118.872826 372.598389 708.749939
v -140.085312 314.598022 755.232361
v -154.304031 288.107758 776.662842
v -58.496246 581.969299 668.741333
v -109.963875 596.731934 665.935608
v -98.186897 607.583618 645.178711
v 668.485413 1641.391968 1060.934570
v 659.135132 1642.737671 1057.454468
v 656.778625 1646.135620 1047.213623
v 1045.496948 1754.680298 859.162903
v 1103.873047 1801.951416 869.957031
v 1101.387329 1800.956421 863.377075
v 1090.224609 1792.395142 863.121765
v 1098.625000 1792.068359 871.974304
v 1087.688110 1783.132690 872.278687
v -326.674957 818.132080 755.888245
v -130.904465 416.308350 709.204529
v -138.160400 388.355743 733.854675
v -138.093704 396.177124 750.484497
v -157.458786 338.285645 794.492920
v -129.816544 471.187012 678.095154
v -129.216431 448.478577 700.394531
v -131.997833 424.013092 725.966187
v -126.363556 462.698090 659.662170
v -59.623562 412.017334 820.084839
v -68.855309 348.787292 864.591736
v -88.318321 322.288971 884.219055
v -91.250572 356.610596 862.514465
v -109.153641 330.373535 882.506714
v -31.539545 405.356659 822.951599
v -125.247383 581.358154 680.315002
v 269.405090 203.940552 -20.861242
v 1091.732788 1788.841797 857.490784
v 1103.280273 1797.599609 857.304138
v 206.549545 194.972565 -16.240400
v -448.495911 733.181030 826.542969
v 426.186035 887.519775 216.226593
v 389.299652 862.740051 204.203125
v 395.954254 1130.070068 -63.363228
v 94.541473 576.802429 601.914978
v -239.256729 1282.552734 955.002991
v -235.352783 1287.863281 943.975098
v -151.963440 322.408844 765.204651
v -328.320618 184.679916 1015.056824
v -182.025467 276.097321 809.894226
v -222.280014 240.184311 860.724548
v -171.899963 267.032074 800.509888
v 994.731628 1704.342163 857.448853
v -132.133926 195.132034 -275.944763
v 279.952423 740.410828 228.351974
v 262.302277 744.124084 220.602936
v 395.833923 862.691772 181.225693
v -200.794357 211.577499 -219.138336
v -348.097412 766.595154 689.229980
v -303.038544 767.880615 734.730530
v -117.135948 454.269104 642.454773
v -118.663773 431.928711 668.171143
v -121.292603 478.501434 617.671875
v -333.095947 420.566132 1337.926147
v -334.534454 331.972687 1296.618774
v -317.595184 422.514496 1327.475830
v -31.839392 507.857758 743.913574
v -397.052338 740.762085 745.257690
v -421.513916 699.079712 733.544434
v -421.816406 719.579346 761.906250
v -72.202003 472.556732 757.615051
v -102.507591 490.412964 713.781860
v -100.210419 465.470306 739.084290
v -130.012619 500.211121 677.515747
v -121.454475 479.973694 695.918823
v -118.993736 456.914215 719.404663
v -74.450798 435.617615 616.612366
v -37.901424 450.320282 582.225159
v -104.778793 422.955902 654.402832
v -110.413910 400.309296 682.694031
v -374.613647 463.507294 1337.064087
v -371.064392 453.540649 1346.431396
v -126.694695 440.188721 683.209961
v -369.958282 765.721375 716.251648
v -358.373444 738.494995 725.052124
v -349.289612 749.076599 741.091675
v -335.771179 764.289429 764.966736
v -296.891876 805.251648 795.749756
v 378.933044 795.137146 159.588242
v 388.238739 780.917542 186.676804
v 466.111206 865.525146 192.877884
v 429.265137 833.964783 178.339310
v 406.187195 814.234192 170.702194
v 389.455994 832.350464 163.308655
v -335.669647 780.012512 716.001160
v -36.424305 475.038300 771.927979
v -46.450005 443.233368 797.586792
v -414.461914 744.941345 767.885376
v 423.602631 1187.744385 -91.053085
v 411.945465 1190.566650 -94.768845
v 410.880981 1189.557373 -103.638779
v 414.624023 1187.558594 -109.874733
v 421.976440 1185.325073 -110.574120
v -80.103279 414.269745 646.445496
v -42.909309 429.714539 614.211792
v -3.934076 449.625580 588.269531
v 61.079952 487.610870 584.992188
v 23.187071 537.684387 713.055908
v 369.453705 844.567078 196.537277
v 345.553802 830.424744 188.657349
v 11.552809 484.775330 518.938293
v 55.376602 503.370239 492.038818
v 43.145897 491.024506 532.630676
v 2.591513 467.743256 555.224426
v 34.644096 474.782593 568.267700
v -101.721413 468.303101 595.873230
v 75.758331 555.379089 656.150146
v -101.036736 444.569641 626.258606
v -71.670471 457.276184 584.679382
v -125.394875 58.184586 126.086472
v -290.706665 555.633972 1661.588379
v 91.465416 200.982346 -247.712418
v 62.957348 213.154312 -285.204468
v 25.255587 213.881241 -309.227325
v -18.072380 206.336990 -318.910339
v -674.464966 -422.693268 317.971191
v 568.048218 -267.824646 313.550018
v 568.821106 -269.070526 304.767365
v 563.363037 -270.677795 322.514832
v -304.638428 556.530273 1660.111938
v -206.445297 687.156738 1243.543457
v 1214.595459 1885.244995 867.499512
v 1071.083618 1780.892090 843.898682
v -669.715393 -420.664337 316.667328
v -670.376404 -421.309387 313.894348
v -671.456604 -421.668518 311.339447
v -681.163452 -417.489838 319.836151
v -678.191956 -419.169403 322.092773
v -674.275391 -419.996735 322.520294
v 40.094353 128.892487 105.208817
v -681.881042 -415.201355 316.222687
v -164.429092 39.777962 -83.030334
v -102.647453 499.344360 554.820312
v 188.695389 265.118652 59.492611
v 116.859764 131.620453 -40.469604
v -36.535156 542.466125 709.569946
v -20.403622 567.719666 683.474304
v -141.093887 509.954559 591.982239
v 69.281563 97.290558 51.568047
v -16.939411 168.543060 146.986115
v 558.532715 -273.437134 322.169189
v -304.407166 470.134491 1362.208618
v -297.551819 554.571106 1663.930054
v -478.785950 860.092468 667.693909
v 1213.262817 1886.277100 867.552246
v -22.775703 602.781616 635.316223
v 1208.431274 1885.957642 868.998352
v -395.292969 760.552063 713.486816
v -378.591919 722.858154 723.218994
v -359.842865 723.642822 716.656860
v -672.725525 -421.033508 309.252899
v -362.806671 477.434174 1324.321411
v 564.396362 -266.913940 320.475037
v -677.247314 -423.000305 312.161316
v -669.438599 -419.454010 319.666656
v 669.314270 1733.495361 1108.564575
v 565.117920 -275.308350 298.417236
v 1213.494141 1883.994141 869.951477
v 565.762146 -270.830048 297.444794
v -452.604645 715.261963 692.577881
v 103.835419 175.275391 -187.932480
v -159.348434 -29.589870 625.424744
v 1214.163086 1884.040527 868.153259
v 1065.845703 1782.070068 854.892456
v 1054.486572 1778.580322 855.269287
v 663.441589 1735.724365 1109.016724
v 667.154480 1736.129517 1112.736572
v -141.880692 157.810501 -247.174438
v -179.700485 613.404724 1287.999512
v 190.418808 245.797913 4.587527
v -156.608414 678.471252 1296.826294
v 664.135742 1735.434082 1112.056519
v 301.068970 810.975952 178.685272
v -438.480988 759.962891 666.612183
v -171.176361 230.483551 31.469559
v 353.565491 777.820007 149.599808
v -305.690308 450.014984 1337.485229
v 357.054871 -3.797611 -130.316574
v -358.826813 746.376038 677.079224
v 309.782288 820.350769 119.586304
v 371.777069 -7.912589 -127.074234
v 206.226273 171.248672 21.827768
v -157.768478 677.980591 1299.905640
v -155.838287 677.707153 1298.968506
v -380.532288 740.012207 672.721497
v 1068.490112 1770.725708 846.047119
v 674.824280 1426.416870 783.481384
v -299.376587 562.717834 1647.929932
v -239.052948 1283.983521 947.252136
v -320.241913 498.025146 1331.176025
v -72.315292 192.438049 -305.220734
v 90.263489 650.578247 153.694382
v 55.664070 103.529312 84.021942
v 259.768951 602.348999 187.021423
v 28.097420 577.459656 663.046448
v 1078.912964 1773.446777 856.979980
v -261.340942 180.591049 -102.445992
v -258.895386 171.525986 57.268990
v 231.707260 572.856567 223.162537
v 149.115417 673.173584 196.596252
v 150.826324 192.452255 167.871445
v -150.328674 85.865379 169.130951
v 0.455951 275.269073 -9.091254
v -22.605431 246.293198 47.428616
v 36.991112 162.144241 95.804886
v -194.382126 605.131531 1271.182007
v 203.368896 169.348297 56.970570
v -89.212997 -22.990765 632.802002
v -3.991923 116.071960 -362.569489
v 31.107399 88.295013 -409.519012
v 54.796539 57.468071 -444.706543
v 67.950493 23.669714 -467.001495
v 433.402649 1203.592285 -103.972237
v -801.928650 1048.520996 1341.474365
v -794.706787 1044.795288 1342.571533
v -138.238419 -200.202774 788.706665
v -148.213623 -165.734375 749.184570
v -114.068199 -205.989883 770.576904
v -95.903793 -171.370956 741.120056
v -91.680511 -121.660805 685.848083
v -120.243843 -158.279266 762.747803
v -105.829735 -202.296051 781.658020
v -105.574265 -163.520554 757.541260
v -101.550148 -114.638138 700.382446
v -118.811150 -111.486473 706.871033
v -98.465996 -84.935471 677.961609
v -117.725731 -82.425339 684.676819
v -92.536194 -50.977665 660.858032
v -151.917404 -117.290810 692.387390
v -152.669693 -86.943123 669.046143
v -156.939316 -53.759617 652.446594
v -117.570786 -45.152611 672.177551
v -129.914017 -180.617004 724.535278
v -149.209717 -175.872299 733.099243
v -154.795532 -125.965385 676.129639
v -136.438980 -204.156723 776.337646
v -125.332085 -205.351028 770.158813
v -105.245209 -100.506096 646.780579
v -104.927269 -73.235962 627.439087
v -130.275620 -131.908386 667.052490
v -129.614151 -100.001724 644.979004
v -128.719360 -72.051682 626.795349
v -153.948685 -94.361252 652.961304
v -153.291260 -65.263222 632.901917
v -91.486404 -90.761742 663.900940
v -87.910263 -59.306934 644.776794
v -105.564995 -131.336716 669.995056
v -120.198708 -196.836212 797.714417
v -108.793434 -179.651993 726.754395
v -109.870239 -199.247787 792.892517
v 187.828781 -14.168498 -485.952026
v 139.863770 -27.414312 -503.123566
v 199.343491 -68.547188 -479.191650
v 151.533676 -94.093498 -489.095825
v 110.856956 -109.939323 -494.402100
v 108.631119 -69.248146 -505.035278
v 222.758499 -4.792457 -455.217865
v 228.067245 -6.015342 -420.664062
v 212.262329 -13.735160 -393.594574
v 184.023331 -25.370920 -375.522980
v 149.040024 -36.640472 -370.159485
v 102.986862 -46.502972 -374.445251
v 67.895035 -40.150379 -390.132782
v 54.276585 -28.386129 -412.562988
v 54.515228 -21.271067 -444.319183
v 104.923843 -12.824087 -500.457062
v 72.462044 -14.078339 -475.893127
v 91.678421 -52.520046 -497.013000
v 67.084351 -48.723858 -483.879456
v 51.613888 -54.448139 -454.931335
v 53.382027 -68.495651 -434.061584
v 68.933823 -87.608498 -417.407288
v 113.037643 -94.144569 -383.594727
v 127.428955 -122.332108 -458.969757
v 101.736298 -115.295349 -472.471313
v 110.297073 -129.130417 -419.482941
v 80.122818 -120.616417 -440.773590
v 160.556763 -74.179924 -361.393219
v 203.963120 -57.364136 -366.139618
v 236.800171 -45.558559 -387.806030
v 248.183716 -44.753307 -421.669250
v 233.652527 -53.216045 -453.535126
v 144.250137 -146.620422 -448.031708
v 172.800964 -131.755600 -471.626923
v 129.298843 -150.872406 -412.005890
v 213.357117 -110.764648 -467.531067
v 244.716629 -95.550598 -449.211639
v 262.562347 -85.980698 -420.999084
v 260.447327 -82.255310 -383.808258
v 227.065308 -93.293777 -353.047119
v 177.183258 -112.900131 -348.131073
v 138.300598 -134.347504 -374.386963
v 186.042343 -158.538345 -463.610596
v 159.512619 -170.103058 -442.372253
v 146.612030 -175.129669 -409.290649
v 223.018280 -142.425690 -463.325500
v 254.611710 -131.551086 -446.952148
v 272.462982 -125.912384 -419.432251
v 273.863403 -125.428101 -385.524902
v 246.249481 -137.695969 -349.853149
v 192.939774 -156.056625 -341.490814
v 156.425507 -168.992310 -372.747009
v 194.765549 -180.356552 -463.060760
v 169.638824 -191.402100 -442.725739
v 158.760803 -199.735321 -411.684021
v 229.293930 -168.477325 -465.615845
v 260.247253 -162.086411 -451.160858
v 277.196777 -162.201096 -424.438538
v 277.945343 -167.947327 -394.572998
v 206.446472 -200.220810 -351.106049
v 168.962540 -202.568573 -378.372986
v 254.829941 -184.107468 -362.246216
v 201.579483 -201.258575 -469.636169
v 176.912277 -212.935471 -450.106323
v 167.105560 -224.704163 -421.354095
v 234.852081 -191.988449 -473.280060
v 263.492249 -189.791382 -460.758820
v 278.632416 -194.778839 -437.863037
v 277.203125 -206.120682 -411.752136
v 215.960831 -237.071213 -374.129822
v 177.702332 -233.645752 -392.022003
v 256.663208 -223.576248 -385.687927
v 205.928482 -223.728745 -484.265594
v 181.722046 -236.669708 -466.105865
v 172.558441 -251.284180 -439.989075
v 241.070267 -214.579865 -488.123566
v 265.619659 -215.413361 -476.077942
v 277.876129 -224.876236 -456.366577
v 274.743378 -238.918060 -434.546082
v 220.931259 -267.529205 -403.124756
v 182.916321 -263.796021 -414.984009
v 255.803055 -255.935669 -413.672974
v 208.449875 -273.350433 -538.325317
v 187.853455 -285.868317 -521.331116
v 181.143570 -301.234161 -499.498871
v 234.861282 -267.984894 -544.890747
v 257.115204 -269.616455 -538.896057
v 270.496124 -279.714386 -517.727112
v 267.782471 -294.198608 -495.892456
v 222.798386 -318.613373 -471.332001
v 190.667465 -314.498322 -479.639954
v 250.987793 -309.482483 -478.934753
v 208.753036 -315.981323 -608.073608
v 193.879059 -327.209106 -592.673462
v 190.157104 -340.484192 -573.974426
v 229.792160 -310.468781 -615.624084
v 250.978241 -312.810608 -609.466675
v 261.826019 -322.988037 -589.993835
v 260.459564 -337.175751 -571.290894
v 222.301346 -357.671509 -550.390503
v 197.594711 -351.427704 -557.701538
v 246.236908 -350.967072 -556.777588
v 210.821823 -350.812347 -684.856018
v 201.822495 -360.397980 -673.971497
v 200.322311 -370.753784 -660.749695
v 224.391571 -345.220551 -691.106628
v 238.686447 -347.069702 -691.107361
v 250.956329 -354.810272 -675.836487
v 252.587204 -368.180939 -658.225159
v 223.893890 -385.810242 -642.399048
v 205.437988 -378.699921 -648.022949
v 242.900070 -381.029266 -645.594360
v 216.723343 -379.812256 -781.773193
v 215.326828 -386.039612 -776.217407
v 217.900894 -391.430878 -769.289124
v 224.255173 -373.756653 -787.533997
v 235.159409 -373.020935 -787.759033
v 241.489044 -380.028381 -781.408447
v 239.055832 -386.615540 -770.467468
v 222.236328 -393.582306 -762.056580
v 235.280548 -390.952209 -761.594055
v 230.032791 -393.820099 -758.203064
v 239.355423 -405.576508 -816.893738
v 28.182941 -74.063828 -466.395996
v 27.276638 -91.148575 -447.226562
v 38.325024 -108.719414 -442.578705
v 58.304123 -121.397430 -454.845306
v 76.279968 -129.451294 -481.854309
v 84.449791 -117.925346 -503.043854
v 84.719604 -101.243721 -520.193970
v 70.095009 -77.270088 -515.393494
v 52.932411 -67.321335 -502.427551
v -2.427478 -104.451828 -504.565460
v 3.044375 -118.286140 -495.740021
v 11.803446 -131.841797 -493.075043
v 21.108330 -145.127182 -495.765717
v 36.844147 -151.186493 -517.230835
v 42.936054 -144.049530 -536.254944
v 44.151676 -126.853081 -555.448425
v 29.455032 -102.116898 -554.557251
v 11.538658 -92.024811 -538.212036
v -93.029663 -177.291504 -544.310303
v -91.046028 -190.837830 -535.092651
v -84.348686 -202.981171 -532.021240
v -73.845253 -210.665009 -536.468262
v -67.597687 -215.069366 -554.175476
v -64.125565 -207.108231 -574.692566
v -69.710037 -191.075638 -588.414734
v -77.616081 -177.087997 -583.509216
v -86.109207 -167.181427 -573.559326
v -131.080734 -196.454239 -551.566040
v -131.554245 -206.464279 -538.394775
v -125.461510 -220.869049 -534.920593
v -114.601875 -232.821930 -543.157654
v -109.559166 -233.921234 -562.410828
v -106.116547 -227.510956 -579.630554
v -111.017540 -211.092361 -589.434937
v -118.329842 -196.223724 -587.889099
v -123.553345 -190.777573 -579.125549
v -174.368408 -209.344696 -562.515503
v -178.915146 -220.231720 -546.374756
v -173.537933 -237.166534 -544.319336
v -159.986740 -247.657654 -556.809265
v -154.344208 -246.253952 -573.559631
v -149.115845 -238.451752 -587.273254
v -153.595612 -222.952133 -591.982117
v -158.124863 -213.197159 -592.195129
v -162.490173 -208.387466 -587.141113
v -246.103226 -218.440842 -612.880493
v -249.347214 -224.867188 -603.758423
v -247.650055 -234.247543 -602.100769
v -241.642075 -241.865463 -608.612183
v -236.892807 -240.299637 -617.278015
v -233.463593 -237.082733 -625.455200
v -235.251953 -226.973145 -629.254028
v -237.041687 -220.598770 -630.448425
v -239.533264 -217.607620 -627.504333
v -300.558807 -194.405289 -683.246521
v -302.314606 -201.370361 -679.309204
v -300.305969 -205.201614 -679.114868
v -296.354950 -206.845856 -683.199585
v -293.883179 -208.231689 -686.415344
v -292.015808 -205.861084 -691.946350
v -290.747803 -203.207916 -694.924194
v -290.057953 -199.253738 -695.470825
v -292.945099 -193.585068 -693.157166
v -323.829102 -233.253540 -731.689697
v -199.651123 193.213943 -228.738708
v -172.286621 172.242172 -239.068054
v -112.320473 126.728958 -237.082016
v -147.521988 141.499451 -235.752060
v -131.848694 109.783249 -224.118851
v -130.524948 87.347313 -197.243607
v -104.504402 36.620850 -130.427536
v -143.598267 69.298485 -167.064636
v -173.267242 72.332764 -144.990936
v -219.570374 103.417969 -137.733810
v -226.811249 193.056335 -202.660126
v -250.593781 142.755341 -148.591629
v -248.850464 127.641808 -182.914642
v -227.048141 61.141171 -175.619965
v -193.829041 12.663443 -186.705704
v -171.004730 9.940033 -206.179306
v -159.575073 34.827686 -228.247421
v -159.018341 75.463531 -246.959366
v -168.993469 124.772812 -261.122040
v -189.722046 169.554489 -260.958588
v -245.403412 172.667374 -206.106033
v -247.609726 169.651886 -165.304382
v -211.035187 189.412613 -246.818314
v -230.668381 187.291595 -226.021805
v -254.338135 134.145187 -225.136658
v -234.765106 79.977928 -217.695984
v -209.443497 47.443264 -224.713745
v -193.107056 50.533653 -239.859863
v -182.968033 69.147606 -256.069000
v -182.122742 108.348282 -271.963806
v -187.745300 151.595001 -285.544952
v -206.783966 176.147202 -284.939331
v -257.677612 163.578384 -239.924454
v -225.603775 187.612488 -272.772949
v -245.736679 176.880417 -255.188583
v -271.660431 114.109673 -253.757996
v -251.382111 54.267628 -248.004990
v -226.259598 24.099762 -255.298508
v -211.656128 26.797096 -268.230438
v -203.300110 39.857224 -281.556580
v -203.361954 81.728836 -295.063354
v -206.607010 122.070862 -308.260834
v -224.055267 165.868240 -309.258667
v -276.486542 146.990311 -265.751434
v -243.607178 172.578445 -298.547272
v -264.466553 162.194214 -281.091675
v -302.192932 92.160828 -325.663727
v -280.703491 76.660332 -320.907318
v -254.252594 68.905617 -328.111847
v -240.612473 73.010872 -338.460907
v -235.489868 77.500580 -347.863953
v -236.416946 84.470078 -358.140900
v -240.087372 96.706879 -368.874390
v -255.449554 108.327492 -371.488800
v -307.367462 105.666214 -337.656677
v -272.487579 113.664368 -364.045074
v -295.209869 113.881660 -350.546356
v -308.005341 47.000549 -361.011597
v -289.313599 31.756308 -356.168793
v -265.795624 23.921560 -361.292786
v -251.434265 26.196646 -371.350037
v -244.984589 29.114138 -379.051483
v -246.681122 35.954128 -386.231934
v -252.043488 47.341026 -395.484161
v -268.689667 57.649178 -396.479889
v -311.624207 58.375942 -370.321808
v -284.639893 62.404449 -392.338593
v -301.874878 63.989933 -382.394196
v -313.085663 -19.824923 -372.556549
v -295.354645 -33.292091 -366.427826
v -272.596405 -39.715958 -369.709106
v -258.590057 -37.178715 -378.969269
v -253.302002 -32.245071 -386.721832
v -257.344269 -25.136019 -393.089020
v -264.679138 -15.764544 -400.635223
v -279.243164 -8.237849 -400.769623
v -315.713593 -9.536509 -381.502197
v -293.365509 -4.148964 -397.973938
v -307.255798 -4.192795 -391.073090
v -325.812347 -112.379921 -417.393616
v -309.745117 -123.239891 -413.624329
v -288.205505 -126.968117 -417.923523
v -276.203674 -123.429008 -425.184082
v -273.759979 -116.519325 -432.170135
v -280.641327 -109.722565 -436.247559
v -286.834595 -103.808258 -438.864532
v -297.829468 -100.337013 -438.088257
v -326.494934 -102.782249 -425.429962
v -308.309418 -97.629524 -436.487854
v -320.066284 -98.195068 -431.913208
v -333.010803 -141.614532 -454.122620
v -317.075409 -150.930740 -450.937714
v -296.837799 -152.337769 -455.054077
v -287.623383 -147.551071 -461.379547
v -286.979645 -141.076462 -466.975006
v -291.055847 -136.246780 -469.890472
v -297.246490 -131.672012 -471.422455
v -305.778625 -128.866776 -470.819550
v -334.178253 -132.799393 -460.540527
v -315.065216 -126.264587 -469.757385
v -326.367584 -127.088043 -466.315491
v -332.437592 -196.650085 -579.580017
v -320.286987 -199.497986 -575.538696
v -307.576141 -196.561691 -575.798340
v -302.288452 -191.237213 -579.505615
v -302.036560 -187.163681 -582.839050
v -303.674103 -183.791626 -585.682983
v -308.223724 -180.424118 -587.171509
v -314.792847 -178.658127 -588.046570
v -336.593018 -191.063568 -583.982056
v -323.722351 -178.969360 -588.271118
v -332.778900 -183.771912 -587.310547
v -286.278900 -229.934784 -750.626404
v -281.640381 -232.677475 -750.453369
v -276.381927 -233.579239 -751.570679
v -271.946472 -232.285995 -753.145813
v -267.798157 -229.675537 -754.178955
v -266.935364 -225.176956 -754.697754
v -274.130371 -221.771530 -756.704834
v -281.168182 -221.735168 -756.944702
v -287.788788 -228.018799 -751.609070
v -285.762482 -224.323868 -756.144897
v -287.318146 -226.252884 -754.005615
v -289.296478 120.526657 -279.101349
v -267.953400 98.798676 -274.857086
v -241.548233 83.653488 -283.314514
v -227.877472 83.556374 -294.677612
v -221.684326 89.160027 -305.207245
v -222.439453 103.977997 -316.635681
v -225.048187 121.273521 -328.799866
v -240.654892 138.676788 -331.231476
v -259.648499 148.096664 -322.160370
v -282.599335 148.407074 -305.786591
v -294.186005 138.766556 -291.649200
v -258.251373 -243.385712 -785.271362
v -145.145828 -46.133530 669.068481
v -138.647537 -82.922127 682.310364
v -137.372025 -111.644310 705.448608
v -136.198441 -157.346970 760.670105
v -131.505859 -196.687820 796.664124
v -78.219337 -27.773762 583.919312
v -130.116409 -52.339653 570.227966
v -119.224876 12.255631 606.273804
v -121.217194 -224.742355 793.444946
v 175.629852 156.169159 39.854713
v 150.619400 147.642624 61.346462
v -131.753632 602.078735 667.144287
v -322.550751 763.008118 761.247192
v -315.112885 753.575073 744.401794
v -72.440025 148.179169 357.429413
v -143.120819 317.130005 882.423584
v 1210.030640 1878.579956 868.124329
v 1204.891724 1875.922974 869.739502
v 1207.473755 1876.516479 864.786499
v -166.306732 515.754395 594.322632
v -96.160706 553.785278 520.634766
v -245.253006 22.657133 49.291435
v 466.230255 854.885376 204.367447
v 382.511414 75.295631 -103.165031
v 1179.037720 1859.180542 868.347595
v -188.135742 601.369934 1288.092529
v 200.999619 164.861023 38.471134
v -190.592621 601.731995 1285.948975
v -390.037506 757.337952 708.091980
v -385.272339 737.935669 719.326111
v -326.181305 238.561188 1266.920654
v -158.382736 601.903625 672.611816
v -127.454102 612.626282 649.322449
v -81.240364 199.882736 187.369232
v -120.101639 169.618896 372.424164
v -157.511093 320.339966 870.159729
v -397.181549 126.993919 1152.317627
v -351.054810 133.439529 1030.858521
v -363.042908 112.010963 1056.979370
v 1201.891235 1875.137085 873.193115
v 1208.480835 1880.054932 873.474304
v -263.750549 23.479197 20.289625
v -379.467957 -68.344223 149.828003
v 496.668762 934.818115 221.766998
v 1167.913330 1854.641602 873.535034
vt 0.018358 0.219699
vt 0.505266 0.390578
vt 0.492985 0.386844
vt 0.485210 0.354984
vt 0.491614 0.449654
vt 0.479640 0.450334
vt 0.925408 0.351040
vt 0.923912 0.355044
vt 0.021481 0.247719
vt 0.541304 0.401535
vt 0.528995 0.440957
vt 0.936857 0.319998
vt 0.023437 0.269993
vt 0.556310 0.405606
vt 0.546383 0.445180
vt 0.544107 0.462530
vt 0.965894 0.350683
vt 0.642168 0.443255
vt 0.410242 0.425357
vt 0.431687 0.462012
vt 0.632452 0.400155
vt 0.423743 0.382286
vt 0.070197 0.221048
vt 0.072196 0.214535
vt 0.978731 0.318571
vt 0.603914 0.451623
vt 0.591448 0.411634
vt 0.040594 0.247901
vt 0.978034 0.294522
vt 0.579922 0.459023
vt 0.577156 0.426919
vt 0.574492 0.380276
vt 0.971273 0.286074
vt 0.572242 0.455866
vt 0.570039 0.417952
vt 0.036417 0.266394
vt 0.962672 0.291023
vt 0.558505 0.451078
vt 0.561290 0.407961
vt 0.031493 0.270724
vt 0.053778 0.210720
vt 0.451260 0.382392
vt 0.445559 0.428981
vt 0.953687 0.361682
vt 0.031507 0.209128
vt 0.472033 0.384778
vt 0.466294 0.431634
vt 0.935282 0.358036
vt 0.047618 0.221213
vt 0.032773 0.221221
vt 0.039809 0.249066
vt 0.030531 0.247956
vt 0.936824 0.350480
vt 0.957039 0.353263
vt 0.947595 0.318472
vt 0.964372 0.318460
vt 0.470715 0.460321
vt 0.459409 0.463341
vt 0.474923 0.346838
vt 0.506312 0.355140
vt 0.440673 0.464188
vt 0.454558 0.339719
vt 0.660684 0.483014
vt 0.436165 0.342342
vt 0.641923 0.395514
vt 0.654986 0.440459
vt 0.555279 0.387695
vt 0.565046 0.388630
vt 0.571150 0.385058
vt 0.038075 0.260969
vt 0.582404 0.368584
vt 0.622270 0.357752
vt 0.628614 0.355265
vt 0.542228 0.369600
vt 0.516137 0.359466
vt 0.018231 0.208903
vt 0.562460 0.468816
vt 0.947245 0.297447
vt 0.574281 0.469339
vt 0.586929 0.472765
vt 0.612607 0.477419
vt 0.648029 0.482897
vt 0.962848 0.362937
vt 0.517331 0.463842
vt 0.483126 0.464450
vt 0.478829 0.464395
vt 0.680391 0.158609
vt 0.670577 0.174115
vt 0.660044 0.169741
vt 0.664991 0.161580
vt 0.655045 0.213170
vt 0.645914 0.208413
vt 0.637321 0.251258
vt 0.626524 0.239345
vt 0.692715 0.157751
vt 0.682201 0.178916
vt 0.668335 0.216627
vt 0.652161 0.257117
vt 0.648364 0.280154
vt 0.640785 0.269581
vt 0.700640 0.164609
vt 0.694270 0.181657
vt 0.679760 0.219306
vt 0.665519 0.260296
vt 0.712132 0.173233
vt 0.709325 0.185872
vt 0.695122 0.224084
vt 0.680400 0.263423
vt 0.496981 0.230292
vt 0.471574 0.213309
vt 0.476576 0.204975
vt 0.503662 0.222277
vt 0.439857 0.194333
vt 0.445274 0.186177
vt 0.420943 0.185995
vt 0.431020 0.178285
vt 0.493012 0.244028
vt 0.464261 0.224875
vt 0.432904 0.206399
vt 0.408489 0.193847
vt 0.482207 0.254403
vt 0.456750 0.236319
vt 0.426479 0.217460
vt 0.400520 0.201454
vt 0.481493 0.257973
vt 0.456285 0.241066
vt 0.432659 0.222094
vt 0.399713 0.202815
vt 0.711463 0.278378
vt 0.724828 0.247913
vt 0.739819 0.254772
vt 0.729551 0.283443
vt 0.733622 0.209328
vt 0.740239 0.224083
vt 0.734482 0.183797
vt 0.736033 0.185224
vt 0.705607 0.276312
vt 0.714033 0.236035
vt 0.720014 0.196864
vt 0.726645 0.180484
vt 0.693261 0.269453
vt 0.706867 0.231273
vt 0.712507 0.191904
vt 0.720376 0.177439
vt 0.899191 0.571602
vt 0.904179 0.570386
vt 0.914372 0.568428
vt 0.899191 0.571602
vt 0.937582 0.555742
vt 0.949131 0.561295
vt 0.969625 0.530612
vt 0.974327 0.542040
vt 0.884783 0.559044
vt 0.891219 0.562264
vt 0.923000 0.537089
vt 0.955036 0.511959
vt 0.967954 0.507450
vt 0.981787 0.516804
vt 0.866532 0.543739
vt 0.876360 0.544116
vt 0.908289 0.518572
vt 0.940379 0.493345
vt 0.951156 0.491178
vt 0.860829 0.539344
vt 0.867256 0.532894
vt 0.898405 0.505489
vt 0.928593 0.484082
vt 0.418790 0.186221
vt 0.431020 0.178285
vt 0.404107 0.175766
vt 0.415847 0.165741
vt 0.386080 0.161987
vt 0.396500 0.151067
vt 0.378506 0.156185
vt 0.390516 0.146965
vt 0.406399 0.193794
vt 0.394813 0.185919
vt 0.378648 0.172512
vt 0.369689 0.164433
vt 0.399617 0.200508
vt 0.394318 0.196792
vt 0.379099 0.183980
vt 0.372104 0.174393
vt 0.397488 0.201861
vt 0.389914 0.197809
vt 0.384427 0.193649
vt 0.378563 0.186802
vt 0.475686 0.041066
vt 0.455375 0.044435
vt 0.446496 0.027584
vt 0.468468 0.017642
vt 0.425601 0.054785
vt 0.411224 0.044298
vt 0.394220 0.078357
vt 0.394038 0.052392
vt 0.376207 0.092849
vt 0.363404 0.076879
vt 0.482562 0.057671
vt 0.464420 0.060271
vt 0.436952 0.069526
vt 0.405967 0.087588
vt 0.380102 0.105144
vt 0.487653 0.066557
vt 0.464838 0.074565
vt 0.445873 0.081053
vt 0.412235 0.100727
vt 0.391140 0.110972
vt 0.492125 0.090296
vt 0.467303 0.085150
vt 0.446114 0.094124
vt 0.414796 0.110201
vt 0.398682 0.122677
vt 0.231188 0.480535
vt 0.202923 0.498829
vt 0.194894 0.482501
vt 0.217898 0.480645
vt 0.180443 0.508236
vt 0.168335 0.493468
vt 0.163961 0.520956
vt 0.154014 0.515171
vt 0.149617 0.535409
vt 0.144395 0.532026
vt 0.240659 0.497635
vt 0.212342 0.515250
vt 0.195323 0.528771
vt 0.181489 0.549587
vt 0.173700 0.558640
vt 0.251295 0.513166
vt 0.222866 0.531564
vt 0.212554 0.555465
vt 0.199897 0.572818
vt 0.192473 0.580277
vt 0.252610 0.526327
vt 0.231468 0.547346
vt 0.208996 0.565645
vt 0.200898 0.576549
vt 0.195168 0.583531
vt 0.265070 0.526805
vt 0.246984 0.544192
vt 0.222645 0.562471
vt 0.199874 0.588315
vt 0.488489 0.161985
vt 0.491022 0.150266
vt 0.489201 0.163882
vt 0.489176 0.173197
vt 0.395949 0.138789
vt 0.412410 0.143319
vt 0.422138 0.159391
vt 0.395630 0.146598
vt 0.448036 0.141034
vt 0.453937 0.169745
vt 0.484376 0.133300
vt 0.501943 0.113896
vt 0.396873 0.128187
vt 0.414942 0.125863
vt 0.446217 0.115627
vt 0.480430 0.104293
vt 0.501436 0.103970
vt 0.602190 0.584284
vt 0.615534 0.580315
vt 0.641230 0.569988
vt 0.622643 0.579194
vt 0.622760 0.545292
vt 0.659963 0.549153
vt 0.632762 0.505603
vt 0.647979 0.520747
vt 0.213238 0.473584
vt 0.236479 0.470925
vt 0.572826 0.587821
vt 0.584008 0.575312
vt 0.590777 0.539496
vt 0.597034 0.503319
vt 0.601566 0.475864
vt 0.620091 0.484958
vt 0.551496 0.587730
vt 0.548560 0.569369
vt 0.558467 0.533464
vt 0.568595 0.498303
vt 0.578595 0.482595
vt 0.544390 0.584907
vt 0.541247 0.562006
vt 0.540912 0.526958
vt 0.551755 0.513464
vt 0.572788 0.487308
vt 0.734392 0.291460
vt 0.707617 0.287359
vt 0.717593 0.281595
vt 0.737836 0.286172
vt 0.690787 0.281795
vt 0.689688 0.273610
vt 0.654158 0.286895
vt 0.669501 0.267631
vt 0.646678 0.286911
vt 0.662233 0.269301
vt 0.715152 0.321403
vt 0.700670 0.313851
vt 0.675133 0.309380
vt 0.651424 0.306858
vt 0.635536 0.297727
vt 0.709908 0.351457
vt 0.688120 0.332257
vt 0.665661 0.327477
vt 0.651551 0.319946
vt 0.639220 0.305070
vt 0.709636 0.355666
vt 0.697495 0.350147
vt 0.666141 0.334996
vt 0.656680 0.332948
vt 0.641670 0.326104
vt 0.369098 0.097413
vt 0.357490 0.083921
vt 0.349766 0.117727
vt 0.338281 0.103239
vt 0.337395 0.128821
vt 0.324630 0.120007
vt 0.248469 0.478977
vt 0.379407 0.110255
vt 0.364185 0.126050
vt 0.354580 0.138694
vt 0.254509 0.494529
vt 0.387140 0.119262
vt 0.380163 0.133869
vt 0.374379 0.147634
vt 0.257751 0.511721
vt 0.691532 0.466583
vt 0.682095 0.469060
vt 0.684034 0.463858
vt 0.693320 0.463959
vt 0.690771 0.471629
vt 0.681961 0.474339
vt 0.665719 0.479396
vt 0.665444 0.474561
vt 0.690274 0.476416
vt 0.681998 0.479233
vt 0.671239 0.489213
vt 0.652267 0.503141
vt 0.650063 0.497589
vt 0.691322 0.482819
vt 0.684196 0.483117
vt 0.673932 0.494855
vt 0.654802 0.508966
vt 0.651750 0.514215
vt 0.649053 0.508492
vt 0.522214 0.209391
vt 0.521085 0.218724
vt 0.510636 0.213690
vt 0.515830 0.203600
vt 0.513926 0.238071
vt 0.502011 0.233507
vt 0.507273 0.255058
vt 0.495854 0.252225
vt 0.729109 0.499403
vt 0.724613 0.481540
vt 0.731302 0.476368
vt 0.740054 0.493387
vt 0.538454 0.217473
vt 0.537494 0.224352
vt 0.524061 0.242658
vt 0.511639 0.256167
vt 0.724602 0.501424
vt 0.720585 0.484225
vt 0.549127 0.225077
vt 0.549246 0.228351
vt 0.540828 0.243313
vt 0.512067 0.257100
vt 0.723700 0.500911
vt 0.717010 0.486263
vt 0.558250 0.229348
vt 0.556658 0.231612
vt 0.552058 0.242663
vt 0.513676 0.259088
vt 0.720971 0.500275
vt 0.718820 0.492780
vt 0.673140 0.536568
vt 0.679623 0.538087
vt 0.683833 0.541007
vt 0.680971 0.541237
vt 0.690173 0.527899
vt 0.690040 0.530728
vt 0.708457 0.495409
vt 0.715150 0.486207
vt 0.662896 0.530288
vt 0.671567 0.529603
vt 0.685340 0.517796
vt 0.695764 0.488914
vt 0.706337 0.483697
vt 0.656727 0.525502
vt 0.662790 0.519361
vt 0.681609 0.506120
vt 0.690918 0.487206
vt 0.700336 0.483025
vt 0.376411 0.034353
vt 0.361097 0.032011
vt 0.359050 0.020956
vt 0.373310 0.031636
vt 0.339386 0.031650
vt 0.339687 0.017656
vt 0.317747 0.031248
vt 0.318278 0.020683
vt 0.302804 0.035025
vt 0.308557 0.026896
vt 0.374203 0.043915
vt 0.360840 0.045968
vt 0.339111 0.045608
vt 0.317330 0.045349
vt 0.297595 0.043597
vt 0.371990 0.051906
vt 0.358993 0.057748
vt 0.338954 0.059636
vt 0.317442 0.059338
vt 0.299662 0.055120
vt 0.362219 0.062381
vt 0.355177 0.067379
vt 0.338854 0.067786
vt 0.319403 0.069603
vt 0.720010 0.478380
vt 0.728362 0.472417
vt 0.712281 0.475694
vt 0.719131 0.465292
vt 0.707749 0.471027
vt 0.709346 0.464201
vt 0.717393 0.481596
vt 0.710414 0.479548
vt 0.706850 0.475659
vt 0.715428 0.484731
vt 0.708672 0.480811
vt 0.705699 0.479737
vt 0.534131 0.192053
vt 0.529219 0.199232
vt 0.519929 0.194534
vt 0.525008 0.185839
vt 0.545738 0.200103
vt 0.541115 0.205802
vt 0.557324 0.204267
vt 0.553219 0.213786
vt 0.654972 0.521719
vt 0.560264 0.209710
vt 0.560001 0.220840
vt 0.193883 0.054540
vt 0.215580 0.067884
vt 0.206978 0.079921
vt 0.189454 0.066984
vt 0.241736 0.089228
vt 0.234777 0.097590
vt 0.278579 0.126223
vt 0.270199 0.129546
vt 0.311381 0.159147
vt 0.310651 0.158686
vt 0.206901 0.039037
vt 0.224738 0.050596
vt 0.248932 0.066476
vt 0.286237 0.109879
vt 0.324520 0.141857
vt 0.218833 0.029881
vt 0.234933 0.031855
vt 0.259934 0.050473
vt 0.292372 0.092728
vt 0.318963 0.123477
vt 0.241416 0.017638
vt 0.244658 0.020903
vt 0.269177 0.031390
vt 0.304890 0.062558
vt 0.323080 0.095406
vt 0.458157 0.266915
vt 0.448337 0.266452
vt 0.456163 0.259226
vt 0.459396 0.263528
vt 0.422761 0.252075
vt 0.429376 0.251327
vt 0.401177 0.216086
vt 0.403791 0.211235
vt 0.357959 0.237397
vt 0.365993 0.199446
vt 0.454673 0.283553
vt 0.440569 0.276230
vt 0.415715 0.257134
vt 0.391651 0.243184
vt 0.354513 0.243478
vt 0.445239 0.298908
vt 0.434295 0.290326
vt 0.407303 0.271100
vt 0.385817 0.257024
vt 0.352550 0.249675
vt 0.702830 0.147868
vt 0.691222 0.093490
vt 0.712422 0.084344
vt 0.732273 0.130280
vt 0.658031 0.066893
vt 0.672632 0.056532
vt 0.639306 0.040159
vt 0.653908 0.029799
vt 0.621782 0.019379
vt 0.636696 0.017658
vt 0.681140 0.158295
vt 0.662156 0.103987
vt 0.643431 0.077254
vt 0.624705 0.050520
vt 0.611666 0.024662
vt 0.665997 0.144003
vt 0.647555 0.114348
vt 0.628830 0.087614
vt 0.610105 0.060881
vt 0.609968 0.036646
vt 0.653174 0.135616
vt 0.633027 0.124680
vt 0.621639 0.095120
vt 0.610251 0.065561
vt 0.608500 0.048231
vt 0.309256 0.190464
vt 0.301298 0.191991
vt 0.306426 0.217363
vt 0.295251 0.216071
vt 0.305901 0.238938
vt 0.296681 0.237471
vt 0.322428 0.177249
vt 0.321843 0.191286
vt 0.318980 0.222907
vt 0.319940 0.236463
vt 0.340878 0.184251
vt 0.333374 0.220747
vt 0.335685 0.235771
vt 0.336980 0.240743
vt 0.509315 0.302917
vt 0.513250 0.291136
vt 0.524124 0.296977
vt 0.519870 0.307842
vt 0.518090 0.278844
vt 0.530266 0.282951
vt 0.488923 0.293219
vt 0.496377 0.283097
vt 0.498643 0.272519
vt 0.458869 0.302684
vt 0.468494 0.293830
vt 0.476392 0.305259
vt 0.481901 0.275250
vt 0.484074 0.269182
vt 0.443724 0.299854
vt 0.457263 0.303499
vt 0.344061 0.353377
vt 0.334207 0.337566
vt 0.344088 0.335333
vt 0.349315 0.352644
vt 0.550662 0.508162
vt 0.528698 0.494592
vt 0.533206 0.485252
vt 0.555472 0.499337
vt 0.504102 0.481725
vt 0.507141 0.471805
vt 0.489276 0.476919
vt 0.491213 0.468566
vt 0.332838 0.355256
vt 0.317842 0.342261
vt 0.539760 0.520905
vt 0.521137 0.510543
vt 0.499145 0.497201
vt 0.485363 0.498311
vt 0.318677 0.354288
vt 0.302805 0.346774
vt 0.526658 0.531417
vt 0.512807 0.522634
vt 0.494030 0.511402
vt 0.482475 0.505111
vt 0.304247 0.354527
vt 0.295931 0.350947
vt 0.519157 0.537701
vt 0.506895 0.524253
vt 0.488889 0.516058
vt 0.485164 0.512659
vt 0.419531 0.551738
vt 0.435157 0.564827
vt 0.427261 0.573370
vt 0.414748 0.561086
vt 0.454554 0.584656
vt 0.448274 0.590480
vt 0.473131 0.601159
vt 0.468871 0.606767
vt 0.328633 0.404621
vt 0.343456 0.390362
vt 0.343486 0.390530
vt 0.335792 0.406619
vt 0.431428 0.540817
vt 0.443877 0.552091
vt 0.461792 0.567546
vt 0.480755 0.588501
vt 0.315666 0.394751
vt 0.333053 0.384249
vt 0.441756 0.534750
vt 0.453512 0.538231
vt 0.471650 0.556502
vt 0.485741 0.574847
vt 0.303045 0.385998
vt 0.322991 0.382257
vt 0.460557 0.526773
vt 0.461881 0.531189
vt 0.479411 0.543601
vt 0.492781 0.558099
vt 0.288934 0.375513
vt 0.309413 0.377012
vt 0.462767 0.524732
vt 0.469039 0.529142
vt 0.484408 0.543928
vt 0.496212 0.555949
vt 0.288583 0.372371
vt 0.305408 0.368786
vt 0.472377 0.515767
vt 0.477260 0.525935
vt 0.490648 0.542234
vt 0.505985 0.549928
vt 0.289848 0.363731
vt 0.306442 0.365568
vt 0.484119 0.512348
vt 0.485211 0.519806
vt 0.499748 0.534859
vt 0.511586 0.545495
vt 0.292279 0.358738
vt 0.307025 0.360963
vt 0.875400 0.556255
vt 0.850333 0.560459
vt 0.848158 0.548611
vt 0.870884 0.550401
vt 0.825266 0.564669
vt 0.822874 0.550935
vt 0.800201 0.568879
vt 0.797810 0.555145
vt 0.779724 0.574238
vt 0.783511 0.563177
vt 0.877789 0.569989
vt 0.852723 0.574194
vt 0.827658 0.578403
vt 0.802593 0.582612
vt 0.780048 0.583118
vt 0.876745 0.582392
vt 0.855114 0.587928
vt 0.830049 0.592137
vt 0.804985 0.596346
vt 0.787904 0.588326
vt 0.871945 0.591104
vt 0.857509 0.601602
vt 0.832916 0.599706
vt 0.808323 0.597811
vt 0.481145 0.464843
vt 0.502893 0.470649
vt 0.342536 0.385224
vt 0.347793 0.388198
vt 0.341943 0.373306
vt 0.350976 0.375172
vt 0.343737 0.362388
vt 0.351075 0.362621
vt 0.330696 0.380599
vt 0.330917 0.371467
vt 0.331296 0.363980
vt 0.319956 0.374506
vt 0.318463 0.368055
vt 0.318139 0.363916
vt 0.479795 0.473784
vt 0.468875 0.472493
vt 0.470113 0.463487
vt 0.458545 0.473647
vt 0.459799 0.463792
vt 0.447843 0.474384
vt 0.447274 0.464099
vt 0.479653 0.493534
vt 0.466782 0.489777
vt 0.457136 0.488772
vt 0.448872 0.491597
vt 0.481439 0.504532
vt 0.472878 0.502516
vt 0.456396 0.503105
vt 0.451760 0.504740
vt 0.162462 0.019118
vt 0.161417 0.019128
vt 0.160976 0.018398
vt 0.161901 0.017974
vt 0.162472 0.019799
vt 0.161632 0.019651
vt 0.163296 0.019127
vt 0.163279 0.019925
vt 0.162831 0.017789
vt 0.160848 0.019573
vt 0.161573 0.020095
vt 0.160027 0.019024
vt 0.590946 0.086748
vt 0.586654 0.084583
vt 0.589260 0.078969
vt 0.593600 0.081930
vt 0.585719 0.093352
vt 0.581278 0.089945
vt 0.594893 0.089002
vt 0.593137 0.093646
vt 0.597011 0.086231
vt 0.956392 0.250169
vt 0.956246 0.241199
vt 0.959399 0.240586
vt 0.959068 0.249519
vt 0.953793 0.250446
vt 0.953259 0.241323
vt 0.953379 0.269208
vt 0.950808 0.269068
vt 0.950666 0.250339
vt 0.955850 0.269001
vt 0.647889 0.359450
vt 0.654705 0.368802
vt 0.644758 0.366133
vt 0.643912 0.361276
vt 0.652006 0.358501
vt 0.658078 0.366836
vt 0.639797 0.348000
vt 0.643546 0.346729
vt 0.636990 0.350024
vt 0.629920 0.331846
vt 0.633977 0.330572
vt 0.627158 0.333738
vt 0.614856 0.306638
vt 0.619353 0.305352
vt 0.611467 0.308631
vt 0.603337 0.293794
vt 0.608036 0.293086
vt 0.613249 0.292923
vt 0.606551 0.266469
vt 0.610416 0.266828
vt 0.614714 0.267885
vt 0.605899 0.243021
vt 0.610250 0.243898
vt 0.614930 0.245693
vt 0.603383 0.212861
vt 0.608367 0.212532
vt 0.613466 0.212766
vt 0.600541 0.186257
vt 0.606542 0.185620
vt 0.611788 0.185847
vt 0.692205 0.418281
vt 0.705075 0.436182
vt 0.703359 0.438397
vt 0.690658 0.420719
vt 0.693556 0.416024
vt 0.706650 0.433553
vt 0.703067 0.410954
vt 0.716466 0.427980
vt 0.714018 0.429253
vt 0.700412 0.412327
vt 0.711053 0.430216
vt 0.697743 0.413118
vt 0.708377 0.431583
vt 0.695327 0.414118
vt 0.672703 0.374311
vt 0.682223 0.386284
vt 0.679124 0.387285
vt 0.669755 0.375353
vt 0.675466 0.372245
vt 0.685302 0.384411
vt 0.661371 0.365369
vt 0.664455 0.362699
vt 0.667093 0.376040
vt 0.664276 0.378019
vt 0.651913 0.373333
vt 0.848992 0.490861
vt 0.846159 0.483107
vt 0.867957 0.482501
vt 0.871861 0.493554
vt 0.836262 0.493112
vt 0.833985 0.483878
vt 0.851600 0.499342
vt 0.840363 0.497964
vt 0.876606 0.508580
vt 0.909207 0.053270
vt 0.914613 0.043507
vt 0.918936 0.046564
vt 0.914090 0.055878
vt 0.904122 0.051381
vt 0.910105 0.040992
vt 0.904790 0.062873
vt 0.899482 0.060915
vt 0.909729 0.065611
vt 0.900310 0.072285
vt 0.895219 0.070386
vt 0.904957 0.075259
vt 0.924475 0.037885
vt 0.928079 0.040891
vt 0.923832 0.049739
vt 0.920804 0.034374
vt 0.919382 0.058754
vt 0.914754 0.068826
vt 0.768358 0.610512
vt 0.771523 0.615675
vt 0.768553 0.617100
vt 0.765157 0.611741
vt 0.771297 0.609399
vt 0.773903 0.614375
vt 0.949759 0.240923
vt 0.948378 0.221770
vt 0.952150 0.222627
vt 0.947024 0.240407
vt 0.945235 0.220894
vt 0.948312 0.206860
vt 0.952414 0.208257
vt 0.945045 0.205528
vt 0.947275 0.187804
vt 0.951899 0.189122
vt 0.943645 0.186160
vt 0.971706 0.240546
vt 0.968779 0.239740
vt 0.969189 0.220090
vt 0.972851 0.220977
vt 0.969588 0.205159
vt 0.973770 0.206410
vt 0.077391 0.935553
vt 0.076257 0.934384
vt 0.086916 0.917085
vt 0.089217 0.919395
vt 0.090434 0.922919
vt 0.078738 0.936949
vt 0.899512 0.130577
vt 0.903967 0.123045
vt 0.908493 0.125452
vt 0.903678 0.133893
vt 0.895231 0.126430
vt 0.899813 0.119693
vt 0.895757 0.136965
vt 0.891114 0.132428
vt 0.901073 0.140106
vt 0.906343 0.141797
vt 0.904375 0.149315
vt 0.899190 0.147402
vt 0.908760 0.135352
vt 0.892514 0.144667
vt 0.833355 0.500361
vt 0.827076 0.497625
vt 0.829490 0.505283
vt 0.819092 0.504718
vt 0.838168 0.504202
vt 0.837572 0.506281
vt 0.844207 0.506776
vt 0.823990 0.486076
vt 0.816453 0.488411
vt 0.170839 0.272164
vt 0.167016 0.255547
vt 0.183889 0.255427
vt 0.183136 0.270639
vt 0.899783 0.084348
vt 0.895453 0.081412
vt 0.890907 0.079589
vt 0.909722 0.078860
vt 0.932357 0.042437
vt 0.929456 0.053234
vt 0.924830 0.061783
vt 0.920091 0.072291
vt 0.083102 0.542418
vt 0.085137 0.554528
vt 0.074261 0.557448
vt 0.072304 0.543967
vt 0.092270 0.541001
vt 0.094023 0.552530
vt 0.081781 0.529302
vt 0.090893 0.527863
vt 0.071829 0.530584
vt 0.098780 0.526911
vt 0.099715 0.540226
vt 0.088784 0.513069
vt 0.097405 0.511486
vt 0.079762 0.514955
vt 0.101028 0.551555
vt 0.107592 0.525287
vt 0.109131 0.539497
vt 0.109127 0.550541
vt 0.109803 0.560395
vt 0.103491 0.561448
vt 0.097473 0.562470
vt 0.193735 0.268020
vt 0.193853 0.249765
vt 0.201914 0.252654
vt 0.203290 0.267360
vt 0.743696 0.620808
vt 0.747536 0.621559
vt 0.746752 0.628891
vt 0.743233 0.627861
vt 0.743576 0.613516
vt 0.747870 0.614111
vt 0.739647 0.620156
vt 0.739389 0.613073
vt 0.739880 0.626644
vt 0.752568 0.614558
vt 0.752243 0.622330
vt 0.751413 0.629793
vt 0.259640 0.311449
vt 0.256173 0.323724
vt 0.246539 0.322074
vt 0.249537 0.309697
vt 0.269947 0.311388
vt 0.266562 0.324412
vt 0.261574 0.297205
vt 0.272566 0.296404
vt 0.250933 0.294732
vt 0.239327 0.305390
vt 0.239455 0.290601
vt 0.238175 0.317881
vt 0.227926 0.301183
vt 0.227879 0.313339
vt 0.217781 0.310597
vt 0.216924 0.299005
vt 0.215852 0.284135
vt 0.226774 0.285777
vt 0.718407 0.440162
vt 0.719809 0.443144
vt 0.717003 0.443581
vt 0.713450 0.438883
vt 0.721240 0.439886
vt 0.722678 0.443023
vt 0.715944 0.436299
vt 0.719701 0.436175
vt 0.714102 0.438224
vt 0.283941 0.294648
vt 0.280750 0.310010
vt 0.275366 0.277985
vt 0.263481 0.278625
vt 0.264089 0.266278
vt 0.276006 0.264236
vt 0.289886 0.256230
vt 0.287636 0.275148
vt 0.251891 0.276510
vt 0.253161 0.266565
vt 0.069453 0.437714
vt 0.063548 0.435132
vt 0.068240 0.422724
vt 0.074919 0.423972
vt 0.060950 0.445798
vt 0.056210 0.442952
vt 0.075418 0.441360
vt 0.064789 0.450351
vt 0.081532 0.425644
vt 0.641975 0.367375
vt 0.641565 0.363205
vt 0.635149 0.352200
vt 0.625183 0.335955
vt 0.609355 0.311106
vt 0.599707 0.295125
vt 0.602748 0.267217
vt 0.601526 0.243553
vt 0.639223 0.368157
vt 0.640072 0.364976
vt 0.634094 0.354781
vt 0.543307 0.330977
vt 0.541205 0.329524
vt 0.557287 0.319535
vt 0.559561 0.321494
vt 0.581898 0.304170
vt 0.584284 0.306285
vt 0.595896 0.293860
vt 0.598909 0.268302
vt 0.529580 0.337660
vt 0.526731 0.339040
vt 0.523287 0.338031
vt 0.526768 0.335328
vt 0.539144 0.327472
vt 0.554823 0.317190
vt 0.579251 0.301625
vt 0.525873 0.022370
vt 0.523255 0.025086
vt 0.520765 0.024354
vt 0.522290 0.018949
vt 0.522889 0.331768
vt 0.537308 0.324406
vt 0.552420 0.313947
vt 0.104654 0.596825
vt 0.102062 0.603278
vt 0.093026 0.601768
vt 0.098357 0.595143
vt 0.109681 0.596286
vt 0.108978 0.602887
vt 0.880385 0.029087
vt 0.873912 0.035056
vt 0.870703 0.028308
vt 0.877445 0.026570
vt 0.885309 0.028360
vt 0.880956 0.037037
vt 0.953276 0.067265
vt 0.950088 0.077815
vt 0.943154 0.078996
vt 0.947192 0.068815
vt 0.877796 0.046801
vt 0.871506 0.047453
vt 0.080795 0.597112
vt 0.091817 0.591612
vt 0.890657 0.026077
vt 0.887525 0.037401
vt 0.883830 0.047176
vt 0.087288 0.629788
vt 0.096280 0.629258
vt 0.095568 0.639345
vt 0.087294 0.639888
vt 0.087957 0.619704
vt 0.097655 0.619525
vt 0.077739 0.629745
vt 0.077326 0.619276
vt 0.078912 0.639901
vt 0.104250 0.628182
vt 0.103180 0.638411
vt 0.105870 0.618550
vt 0.112571 0.617012
vt 0.110876 0.626741
vt 0.109669 0.637213
vt 0.919976 0.098249
vt 0.914431 0.107390
vt 0.909677 0.104695
vt 0.914907 0.095860
vt 0.925518 0.099751
vt 0.919876 0.109115
vt 0.925354 0.089118
vt 0.931470 0.089527
vt 0.920209 0.085987
vt 0.832019 0.274294
vt 0.834135 0.279472
vt 0.831561 0.281335
vt 0.829955 0.275847
vt 0.834269 0.272964
vt 0.836766 0.277909
vt 0.830181 0.270945
vt 0.832171 0.269705
vt 0.828911 0.272493
vt 0.836319 0.272062
vt 0.839178 0.276986
vt 0.834308 0.269307
vt 0.839236 0.283826
vt 0.836134 0.285506
vt 0.842021 0.282857
vt 0.817609 0.274824
vt 0.819374 0.275326
vt 0.818284 0.280368
vt 0.816080 0.279616
vt 0.818245 0.272055
vt 0.819371 0.272326
vt 0.817103 0.286473
vt 0.814481 0.285476
vt 0.815983 0.293229
vt 0.812983 0.292111
vt 0.844762 0.289214
vt 0.841624 0.290168
vt 0.787825 0.639577
vt 0.789825 0.640364
vt 0.788882 0.640325
vt 0.787664 0.640321
vt 0.788134 0.638875
vt 0.790327 0.639957
vt 0.786210 0.638731
vt 0.786633 0.637853
vt 0.785809 0.639411
vt 0.351477 0.497137
vt 0.358707 0.497027
vt 0.364032 0.518294
vt 0.354095 0.518432
vt 0.343799 0.518654
vt 0.342505 0.496848
vt 0.365288 0.529112
vt 0.355576 0.528271
vt 0.344584 0.528291
vt 0.365362 0.540783
vt 0.355817 0.539333
vt 0.344307 0.538909
vt 0.354968 0.551955
vt 0.343289 0.551303
vt 0.364702 0.553526
vt 0.354314 0.565890
vt 0.341936 0.565124
vt 0.363791 0.567224
vt 0.354092 0.573103
vt 0.353789 0.580183
vt 0.341267 0.579817
vt 0.341028 0.572700
vt 0.363392 0.580694
vt 0.331619 0.551766
vt 0.332574 0.539407
vt 0.329944 0.565230
vt 0.283734 0.614203
vt 0.270044 0.620812
vt 0.261548 0.604263
vt 0.271186 0.600429
vt 0.333535 0.518205
vt 0.334295 0.496503
vt 0.323324 0.517991
vt 0.327269 0.496505
vt 0.333287 0.528537
vt 0.321918 0.528723
vt 0.580742 0.063136
vt 0.567533 0.057124
vt 0.567107 0.052839
vt 0.580924 0.058047
vt 0.580152 0.068220
vt 0.567747 0.061542
vt 0.578873 0.073260
vt 0.567495 0.066025
vt 0.560683 0.062399
vt 0.560348 0.058615
vt 0.559769 0.054811
vt 0.552088 0.057486
vt 0.550894 0.054081
vt 0.552801 0.060289
vt 0.576611 0.078270
vt 0.566128 0.070662
vt 0.560038 0.066381
vt 0.552738 0.062287
vt 0.572594 0.083284
vt 0.562727 0.075414
vt 0.557684 0.070370
vt 0.591951 0.060529
vt 0.591374 0.067394
vt 0.580972 0.052687
vt 0.592455 0.055172
vt 0.915158 0.330790
vt 0.911418 0.332098
vt 0.910580 0.321560
vt 0.914619 0.319746
vt 0.917929 0.329367
vt 0.917559 0.317678
vt 0.915269 0.338549
vt 0.911760 0.339627
vt 0.918198 0.338000
vt 0.915422 0.352823
vt 0.911978 0.353307
vt 0.918357 0.352875
vt 0.914750 0.367734
vt 0.911891 0.367879
vt 0.917397 0.367930
vt 0.916698 0.388315
vt 0.914481 0.388123
vt 0.911979 0.388075
vt 0.914945 0.413775
vt 0.913555 0.413016
vt 0.911956 0.412154
vt 0.920604 0.328087
vt 0.920387 0.315574
vt 0.920929 0.337965
vt 0.920944 0.353456
vt 0.919797 0.368382
vt 0.918844 0.388592
vt 0.916721 0.413969
vt 0.923983 0.338582
vt 0.923611 0.354559
vt 0.922343 0.369048
vt 0.921151 0.388991
vt 0.918767 0.414270
vt 0.893709 0.354501
vt 0.891854 0.338924
vt 0.894897 0.339418
vt 0.896383 0.355005
vt 0.898146 0.369641
vt 0.895759 0.369698
vt 0.900574 0.389382
vt 0.898403 0.389844
vt 0.903203 0.414991
vt 0.905193 0.414261
vt 0.899635 0.355318
vt 0.901122 0.369456
vt 0.903072 0.388936
vt 0.906422 0.412930
vt 0.902723 0.355290
vt 0.903872 0.369171
vt 0.905362 0.388584
vt 0.907805 0.412054
vt 0.906228 0.368750
vt 0.907346 0.388323
vt 0.865525 0.449309
vt 0.861506 0.435861
vt 0.869847 0.430980
vt 0.874003 0.445028
vt 0.857845 0.453608
vt 0.853457 0.442120
vt 0.870743 0.466527
vt 0.862879 0.469003
vt 0.878542 0.463069
vt 0.843264 0.470761
vt 0.843396 0.453583
vt 0.839946 0.441354
vt 0.849503 0.432737
vt 0.857463 0.426096
vt 0.713696 0.438491
vt 0.713612 0.438495
vt 0.713398 0.438584
vt 0.713708 0.438561
vt 0.199272 0.300687
vt 0.195745 0.285745
vt 0.205540 0.284970
vt 0.207796 0.299316
vt 0.189005 0.302116
vt 0.185419 0.287362
vt 0.200626 0.312153
vt 0.192495 0.314587
vt 0.208990 0.310499
vt 0.135098 0.966692
vt 0.134502 0.956078
vt 0.137127 0.955681
vt 0.137162 0.966379
vt 0.132924 0.967793
vt 0.131395 0.957197
vt 0.137432 0.979480
vt 0.135748 0.979843
vt 0.138900 0.979787
vt 0.139547 0.956024
vt 0.139265 0.966913
vt 0.861268 0.272375
vt 0.862881 0.289204
vt 0.860892 0.290044
vt 0.859203 0.274108
vt 0.863518 0.271535
vt 0.864805 0.288960
vt 0.859406 0.254921
vt 0.862573 0.253387
vt 0.866228 0.254122
vt 0.866059 0.272204
vt 0.866900 0.289335
vt 0.130363 0.936063
vt 0.126938 0.921036
vt 0.130900 0.920751
vt 0.133848 0.935574
vt 0.125417 0.937189
vt 0.121333 0.923351
vt 0.831954 0.513705
vt 0.841536 0.512846
vt 0.847040 0.523188
vt 0.840456 0.525841
vt 0.822744 0.518780
vt 0.836117 0.531345
vt 0.100775 0.409902
vt 0.090705 0.409237
vt 0.090098 0.392141
vt 0.099893 0.392855
vt 0.101078 0.427644
vt 0.090141 0.427317
vt 0.110425 0.411633
vt 0.110131 0.429167
vt 0.109718 0.394460
vt 0.088782 0.376380
vt 0.098393 0.376797
vt 0.107923 0.377745
vt 0.115365 0.379314
vt 0.116518 0.396244
vt 0.116722 0.413409
vt 0.105018 0.362297
vt 0.113307 0.363447
vt 0.096106 0.362084
vt 0.122448 0.381766
vt 0.122780 0.398308
vt 0.121526 0.366040
vt 0.101620 0.348289
vt 0.110627 0.349237
vt 0.093334 0.348383
vt 0.120103 0.351971
vt 0.090436 0.334980
vt 0.098539 0.335005
vt 0.107975 0.336370
vt 0.118458 0.339633
vt 0.108778 0.462523
vt 0.109079 0.446447
vt 0.115276 0.447171
vt 0.115430 0.462443
vt 0.100749 0.462517
vt 0.100444 0.445990
vt 0.109815 0.477318
vt 0.102226 0.477919
vt 0.116709 0.476695
vt 0.111708 0.492132
vt 0.103361 0.493503
vt 0.118600 0.490980
vt 0.123114 0.475859
vt 0.124601 0.490018
vt 0.121974 0.461919
vt 0.126336 0.505480
vt 0.120888 0.506325
vt 0.114356 0.507722
vt 0.122858 0.522723
vt 0.116676 0.523678
vt 0.127908 0.522155
vt 0.124068 0.538745
vt 0.117781 0.538625
vt 0.129330 0.538777
vt 0.130679 0.489472
vt 0.132116 0.505029
vt 0.129682 0.475275
vt 0.133689 0.521820
vt 0.135730 0.538634
vt 0.137444 0.555065
vt 0.129981 0.554930
vt 0.124066 0.553502
vt 0.127236 0.573396
vt 0.121846 0.565304
vt 0.138046 0.571220
vt 0.136418 0.474688
vt 0.137407 0.488961
vt 0.139084 0.504534
vt 0.141220 0.521416
vt 0.143758 0.538278
vt 0.146097 0.554335
vt 0.747206 0.240849
vt 0.754239 0.241487
vt 0.753908 0.257897
vt 0.746252 0.257380
vt 0.749077 0.224522
vt 0.755889 0.225089
vt 0.754002 0.272747
vt 0.745896 0.272297
vt 0.749723 0.068105
vt 0.758197 0.053609
vt 0.762519 0.063149
vt 0.758236 0.073862
vt 0.737470 0.060466
vt 0.743360 0.041562
vt 0.766695 0.074392
vt 0.768160 0.079402
vt 0.758402 0.079612
vt 0.749855 0.074768
vt 0.737962 0.068734
vt 0.778333 0.075237
vt 0.780522 0.081643
vt 0.769271 0.085164
vt 0.775117 0.069694
vt 0.758104 0.086007
vt 0.749859 0.082465
vt 0.741851 0.075858
vt 0.140324 0.327635
vt 0.139875 0.339543
vt 0.128889 0.333057
vt 0.128515 0.320041
vt 0.129187 0.306677
vt 0.141706 0.316123
vt 0.769758 0.092953
vt 0.758311 0.093401
vt 0.781187 0.090522
vt 0.745624 0.089905
vt 0.743770 0.081116
vt 0.139988 0.350662
vt 0.129496 0.344626
vt 0.792602 0.087351
vt 0.792962 0.099327
vt 0.781932 0.101717
vt 0.791736 0.077023
vt 0.770754 0.103243
vt 0.760385 0.103384
vt 0.749951 0.102715
vt 0.739447 0.082545
vt 0.742323 0.080616
vt 0.140288 0.362054
vt 0.130091 0.356395
vt 0.117347 0.327597
vt 0.803775 0.096269
vt 0.801785 0.109132
vt 0.792426 0.111528
vt 0.804379 0.083577
vt 0.782407 0.113657
vt 0.772096 0.115133
vt 0.762455 0.115310
vt 0.752774 0.114252
vt 0.742171 0.113135
vt 0.739115 0.103769
vt 0.140341 0.375114
vt 0.130474 0.369978
vt 0.980543 0.163208
vt 0.979509 0.176302
vt 0.973991 0.174747
vt 0.974198 0.162029
vt 0.939892 0.163140
vt 0.944728 0.164596
vt 0.946721 0.177174
vt 0.942369 0.175457
vt 0.972611 0.185755
vt 0.966100 0.205152
vt 0.967851 0.185533
vt 0.977458 0.187508
vt 0.968881 0.174866
vt 0.969685 0.162685
vt 0.968554 0.153883
vt 0.973658 0.153358
vt 0.978884 0.154368
vt 0.966201 0.220115
vt 0.962994 0.220892
vt 0.962838 0.206146
vt 0.963812 0.186928
vt 0.967784 0.249270
vt 0.965083 0.248790
vt 0.965853 0.239454
vt 0.970402 0.250134
vt 0.388099 0.633565
vt 0.372009 0.630906
vt 0.377980 0.619305
vt 0.388031 0.625918
vt 0.391180 0.642010
vt 0.384193 0.647034
vt 0.858494 0.133652
vt 0.858720 0.131725
vt 0.869418 0.133737
vt 0.866729 0.137349
vt 0.867473 0.125668
vt 0.870845 0.120095
vt 0.876069 0.123551
vt 0.867988 0.127163
vt 0.858922 0.138495
vt 0.850712 0.137096
vt 0.850089 0.130662
vt 0.866663 0.142775
vt 0.874084 0.111267
vt 0.879414 0.105276
vt 0.884332 0.107237
vt 0.879641 0.114349
vt 0.868563 0.105981
vt 0.874917 0.101899
vt 0.844242 0.123931
vt 0.844680 0.132526
vt 0.841322 0.126796
vt 0.890299 0.089925
vt 0.886144 0.088181
vt 0.894556 0.092701
vt 0.899484 0.096498
vt 0.894530 0.104027
vt 0.889484 0.100238
vt 0.904533 0.088163
vt 0.884853 0.097643
vt 0.909801 0.092332
vt 0.904713 0.100819
vt 0.899879 0.108495
vt 0.894970 0.115297
vt 0.889750 0.110771
vt 0.812059 0.527056
vt 0.822001 0.530270
vt 0.820040 0.538204
vt 0.812626 0.534743
vt 0.807981 0.518896
vt 0.805664 0.529814
vt 0.797642 0.532135
vt 0.805753 0.535022
vt 0.872319 0.138438
vt 0.873333 0.136015
vt 0.875947 0.135787
vt 0.873545 0.139290
vt 0.877430 0.142218
vt 0.878261 0.141949
vt 0.877089 0.144063
vt 0.877217 0.143342
vt 0.877715 0.136824
vt 0.875575 0.139181
vt 0.878786 0.138376
vt 0.876944 0.139612
vt 0.878772 0.141613
vt 0.878314 0.140634
vt 0.944404 0.159563
vt 0.947684 0.157961
vt 0.949972 0.166756
vt 0.937429 0.155029
vt 0.602144 0.043488
vt 0.594953 0.044027
vt 0.596977 0.038449
vt 0.603874 0.038572
vt 0.599357 0.050304
vt 0.593137 0.049738
vt 0.961312 0.156019
vt 0.961409 0.165852
vt 0.956428 0.167052
vt 0.956773 0.156908
vt 0.964762 0.155100
vt 0.965412 0.164312
vt 0.596554 0.061894
vt 0.597543 0.056254
vt 0.595654 0.069244
vt 0.594875 0.075356
vt 0.590642 0.073087
vt 0.953099 0.156841
vt 0.788043 0.641674
vt 0.787957 0.641730
vt 0.787950 0.641735
vt 0.788392 0.641073
vt 0.789508 0.640579
vt 0.789500 0.640585
vt 0.789594 0.640521
vt 0.789583 0.640528
vt 0.789713 0.641464
vt 0.789149 0.641446
vt 0.788889 0.640995
vt 0.788417 0.641274
vt 0.520887 0.139791
vt 0.522617 0.139302
vt 0.522552 0.143180
vt 0.520838 0.143741
vt 0.520991 0.135887
vt 0.522719 0.135413
vt 0.518790 0.140770
vt 0.518908 0.136774
vt 0.518650 0.144894
vt 0.521095 0.131931
vt 0.522897 0.131453
vt 0.518981 0.132758
vt 0.509772 0.135734
vt 0.511542 0.135432
vt 0.511537 0.139126
vt 0.509836 0.139063
vt 0.509176 0.132400
vt 0.510802 0.131576
vt 0.518665 0.128663
vt 0.520664 0.128029
vt 0.522266 0.127561
vt 0.524155 0.127207
vt 0.524563 0.130635
vt 0.513025 0.131282
vt 0.513461 0.135141
vt 0.510683 0.127736
vt 0.512829 0.127322
vt 0.518404 0.123984
vt 0.520263 0.123470
vt 0.521891 0.123143
vt 0.523766 0.122828
vt 0.510781 0.123276
vt 0.512905 0.122625
vt 0.514447 0.126463
vt 0.514761 0.130705
vt 0.514552 0.121603
vt 0.522136 0.119120
vt 0.524028 0.118816
vt 0.520504 0.119401
vt 0.510641 0.119187
vt 0.512724 0.118428
vt 0.514349 0.117306
vt 0.516237 0.120627
vt 0.516202 0.125304
vt 0.516243 0.115740
vt 0.521840 0.113993
vt 0.523820 0.113747
vt 0.520167 0.114215
vt 0.510391 0.114001
vt 0.512615 0.113245
vt 0.514317 0.112036
vt 0.516048 0.110628
vt 0.518135 0.109671
vt 0.518319 0.114735
vt 0.518169 0.119665
vt 0.521791 0.109055
vt 0.523865 0.108692
vt 0.520046 0.109255
vt 0.512800 0.169999
vt 0.514613 0.170049
vt 0.512792 0.174654
vt 0.510473 0.173831
vt 0.514208 0.166019
vt 0.516009 0.165786
vt 0.510926 0.169451
vt 0.512454 0.165908
vt 0.509244 0.172879
vt 0.518313 0.164953
vt 0.517350 0.169410
vt 0.516510 0.161635
vt 0.518716 0.160945
vt 0.515001 0.162042
vt 0.515074 0.158277
vt 0.516844 0.157811
vt 0.518842 0.157093
vt 0.509180 0.026444
vt 0.510666 0.030065
vt 0.507366 0.032969
vt 0.507599 0.029481
vt 0.642563 0.370751
vt 0.643384 0.374867
vt 0.640937 0.375090
vt 0.640473 0.371121
vt 0.527777 0.027450
vt 0.527551 0.031423
vt 0.524398 0.032658
vt 0.524631 0.028254
vt 0.637655 0.373219
vt 0.522322 0.033072
vt 0.522183 0.028731
vt 0.526364 0.023359
vt 0.519622 0.032797
vt 0.519614 0.028629
vt 0.527563 0.035564
vt 0.525116 0.037927
vt 0.511258 0.035305
vt 0.507908 0.036999
vt 0.522572 0.037528
vt 0.528455 0.039454
vt 0.526406 0.041251
vt 0.523571 0.041945
vt 0.511716 0.039652
vt 0.508504 0.041464
vt 0.514235 0.033688
vt 0.514511 0.037860
vt 0.513703 0.029011
vt 0.908568 0.354077
vt 0.908815 0.368285
vt 0.905522 0.354845
vt 0.909511 0.388153
vt 0.499681 0.213064
vt 0.498972 0.215274
vt 0.498135 0.214908
vt 0.498771 0.212738
vt 0.557252 0.201836
vt 0.558327 0.200862
vt 0.560293 0.202420
vt 0.559191 0.203419
vt 0.555168 0.200188
vt 0.556226 0.199184
vt 0.499448 0.210241
vt 0.500399 0.210525
vt 0.515687 0.027565
vt 0.514362 0.017613
vt 0.644269 0.376857
vt 0.651105 0.377551
vt 0.516932 0.032635
vt 0.316740 0.238689
vt 0.312691 0.255103
vt 0.302434 0.255878
vt 0.306821 0.239132
vt 0.326241 0.239265
vt 0.322188 0.255033
vt 0.233794 0.211525
vt 0.230557 0.206715
vt 0.237538 0.205630
vt 0.240086 0.209804
vt 0.265060 0.212667
vt 0.260013 0.213005
vt 0.261005 0.204396
vt 0.266791 0.206601
vt 0.242200 0.224114
vt 0.236985 0.225331
vt 0.245799 0.210724
vt 0.246295 0.224319
vt 0.250338 0.212493
vt 0.249743 0.225220
vt 0.239859 0.274402
vt 0.243390 0.263480
vt 0.225462 0.265697
vt 0.234489 0.255178
vt 0.263769 0.334970
vt 0.252936 0.334536
vt 0.276991 0.323550
vt 0.273291 0.335227
vt 0.862894 0.161960
vt 0.870425 0.162969
vt 0.869256 0.188618
vt 0.863117 0.188020
vt 0.830360 0.166926
vt 0.836938 0.166088
vt 0.841707 0.191871
vt 0.836928 0.192028
vt 0.868330 0.310983
vt 0.865478 0.313042
vt 0.864968 0.311346
vt 0.866334 0.310414
vt 0.869184 0.313081
vt 0.867398 0.313933
vt 0.255156 0.213278
vt 0.255262 0.203497
vt 0.261537 0.190346
vt 0.269912 0.190867
vt 0.253838 0.190091
vt 0.900579 0.273000
vt 0.904985 0.273221
vt 0.905169 0.289759
vt 0.900955 0.289418
vt 0.896581 0.272320
vt 0.896965 0.288122
vt 0.901253 0.307945
vt 0.897729 0.306241
vt 0.905420 0.308730
vt 0.902778 0.321151
vt 0.899632 0.319374
vt 0.906586 0.322076
vt 0.904099 0.332551
vt 0.901016 0.331446
vt 0.907699 0.332781
vt 0.882379 0.125420
vt 0.887114 0.128148
vt 0.883944 0.133104
vt 0.880215 0.130996
vt 0.885450 0.117899
vt 0.890664 0.121926
vt 0.874610 0.130324
vt 0.489141 0.188998
vt 0.486862 0.190524
vt 0.487004 0.189426
vt 0.489285 0.187895
vt 0.489082 0.190242
vt 0.486903 0.191670
vt 0.491576 0.187430
vt 0.491477 0.188752
vt 0.491795 0.186199
vt 0.495222 0.183832
vt 0.494827 0.185366
vt 0.494545 0.186961
vt 0.544991 0.187591
vt 0.547317 0.189572
vt 0.546143 0.190184
vt 0.543610 0.188186
vt 0.540218 0.185480
vt 0.541903 0.184799
vt 0.843914 0.296753
vt 0.840032 0.298124
vt 0.838065 0.291763
vt 0.846317 0.303434
vt 0.842081 0.304661
vt 0.847345 0.295850
vt 0.850007 0.302610
vt 0.833181 0.287522
vt 0.830879 0.457637
vt 0.829467 0.447122
vt 0.837331 0.431974
vt 0.846446 0.423906
vt 0.827564 0.438088
vt 0.825513 0.429246
vt 0.834962 0.423197
vt 0.843985 0.415846
vt 0.832969 0.414866
vt 0.842006 0.408309
vt 0.823612 0.420555
vt 0.831575 0.406589
vt 0.840710 0.400754
vt 0.821904 0.411928
vt 0.818689 0.448521
vt 0.817229 0.440250
vt 0.819894 0.458122
vt 0.815501 0.431947
vt 0.813792 0.423506
vt 0.812214 0.414837
vt 0.810815 0.406088
vt 0.820457 0.403400
vt 0.830477 0.398461
vt 0.809640 0.397478
vt 0.819345 0.395068
vt 0.829657 0.390450
vt 0.818505 0.386963
vt 0.829016 0.382579
vt 0.808787 0.389096
vt 0.807953 0.447527
vt 0.806681 0.439599
vt 0.809035 0.455869
vt 0.805255 0.431570
vt 0.803110 0.423236
vt 0.801673 0.414872
vt 0.800446 0.406233
vt 0.799301 0.397504
vt 0.798463 0.388770
vt 0.798174 0.379978
vt 0.808354 0.380961
vt 0.817914 0.378975
vt 0.798704 0.371185
vt 0.808291 0.372796
vt 0.817697 0.371017
vt 0.807795 0.364374
vt 0.817898 0.362953
vt 0.800132 0.362487
vt 0.808818 0.355764
vt 0.818343 0.354736
vt 0.802191 0.354038
vt 0.903271 0.423844
vt 0.891849 0.425718
vt 0.888787 0.416322
vt 0.900268 0.415715
vt 0.907601 0.431232
vt 0.895947 0.435570
vt 0.886301 0.407725
vt 0.897574 0.407406
vt 0.884540 0.400026
vt 0.894444 0.399042
vt 0.882366 0.392398
vt 0.891820 0.391092
vt 0.879833 0.384706
vt 0.889742 0.383317
vt 0.878217 0.377536
vt 0.887380 0.375584
vt 0.875108 0.370309
vt 0.884850 0.368190
vt 0.872486 0.363413
vt 0.882147 0.361166
vt 0.870217 0.356616
vt 0.879236 0.354355
vt 0.867390 0.350154
vt 0.875415 0.347855
vt 0.864419 0.343711
vt 0.871211 0.341778
vt 0.860981 0.337138
vt 0.866780 0.335526
vt 0.804479 0.345737
vt 0.810367 0.347223
vt 0.857447 0.330416
vt 0.862503 0.329023
vt 0.806699 0.337579
vt 0.811864 0.338853
vt 0.808557 0.329670
vt 0.813102 0.330764
vt 0.854140 0.323614
vt 0.858729 0.322514
vt 0.188680 0.209582
vt 0.184051 0.203268
vt 0.194921 0.199117
vt 0.200139 0.204611
vt 0.174444 0.214512
vt 0.171498 0.205830
vt 0.194214 0.216203
vt 0.179988 0.219830
vt 0.206967 0.211678
vt 0.209568 0.197344
vt 0.217891 0.203886
vt 0.203479 0.193213
vt 0.164012 0.023999
vt 0.163751 0.028084
vt 0.161811 0.028059
vt 0.162442 0.024055
vt 0.165572 0.024129
vt 0.165756 0.028447
vt 0.163967 0.021266
vt 0.165013 0.020818
vt 0.162882 0.021806
vt 0.167083 0.024434
vt 0.167781 0.028880
vt 0.166413 0.021246
vt 0.165741 0.033702
vt 0.168242 0.034329
vt 0.163283 0.033192
vt 0.165539 0.039828
vt 0.162585 0.039272
vt 0.168490 0.040559
vt 0.168564 0.047215
vt 0.165267 0.046473
vt 0.164927 0.053238
vt 0.168498 0.054040
vt 0.168984 0.024531
vt 0.170287 0.028987
vt 0.168192 0.021989
vt 0.171449 0.034648
vt 0.172335 0.041138
vt 0.172933 0.047945
vt 0.173265 0.054867
vt 0.173199 0.061872
vt 0.168193 0.060897
vt 0.164384 0.060040
vt 0.167838 0.067815
vt 0.163815 0.067035
vt 0.173092 0.068835
vt 0.090687 0.566016
vt 0.917660 0.030606
vt 0.064505 0.379478
vt 0.068396 0.393039
vt 0.059260 0.395186
vt 0.055222 0.382755
vt 0.072944 0.377637
vt 0.075965 0.392273
vt 0.059180 0.367201
vt 0.068741 0.364695
vt 0.049919 0.370762
vt 0.045553 0.358027
vt 0.054810 0.354927
vt 0.064552 0.352215
vt 0.042685 0.344788
vt 0.051891 0.341781
vt 0.061969 0.339397
vt 0.060591 0.408740
vt 0.050494 0.410429
vt 0.048561 0.398253
vt 0.059932 0.422212
vt 0.050829 0.422068
vt 0.069596 0.407803
vt 0.045396 0.386461
vt 0.041041 0.374470
vt 0.036980 0.361521
vt 0.819819 0.155414
vt 0.820015 0.164116
vt 0.813768 0.167585
vt 0.811894 0.157300
vt 0.056252 0.432994
vt 0.048423 0.430776
vt 0.812391 0.144917
vt 0.821816 0.143550
vt 0.814491 0.131906
vt 0.825308 0.130577
vt 0.817859 0.118630
vt 0.828804 0.117203
vt 0.822037 0.104511
vt 0.832009 0.102808
vt 0.825727 0.089749
vt 0.835372 0.087226
vt 0.805670 0.159756
vt 0.804973 0.146903
vt 0.805914 0.133685
vt 0.808245 0.120328
vt 0.811732 0.106636
vt 0.814967 0.092900
vt 0.799663 0.122253
vt 0.798516 0.135556
vt 0.791837 0.124236
vt 0.783146 0.126347
vt 0.773758 0.127987
vt 0.764383 0.128313
vt 0.754557 0.127058
vt 0.744454 0.125207
vt 0.139999 0.389637
vt 0.130589 0.385194
vt 0.791960 0.137408
vt 0.784147 0.139538
vt 0.774893 0.141065
vt 0.765405 0.141277
vt 0.755767 0.140219
vt 0.746262 0.138610
vt 0.139211 0.404640
vt 0.130315 0.401076
vt 0.792840 0.150636
vt 0.785174 0.152433
vt 0.798614 0.148894
vt 0.775878 0.153643
vt 0.765966 0.153915
vt 0.756659 0.153445
vt 0.747851 0.152476
vt 0.794140 0.163937
vt 0.785808 0.165193
vt 0.800068 0.162141
vt 0.776063 0.166077
vt 0.766353 0.166728
vt 0.757493 0.166823
vt 0.795948 0.177850
vt 0.785879 0.178692
vt 0.803454 0.175104
vt 0.775625 0.179490
vt 0.766289 0.180087
vt 0.798363 0.194641
vt 0.785088 0.193730
vt 0.810442 0.187568
vt 0.774648 0.193882
vt 0.822585 0.270610
vt 0.824765 0.272990
vt 0.822172 0.274602
vt 0.821461 0.271772
vt 0.823848 0.269373
vt 0.824900 0.270194
vt 0.821209 0.269641
vt 0.822700 0.268636
vt 0.820176 0.270937
vt 0.819393 0.270942
vt 0.111212 0.874863
vt 0.110684 0.883377
vt 0.106622 0.881728
vt 0.108037 0.874296
vt 0.114854 0.875643
vt 0.116396 0.887836
vt 0.276088 0.631965
vt 0.286337 0.626883
vt 0.215349 0.187063
vt 0.224486 0.190969
vt 0.598709 0.101339
vt 0.593286 0.101221
vt 0.598730 0.094854
vt 0.598931 0.110139
vt 0.593323 0.110774
vt 0.605168 0.102452
vt 0.605487 0.110514
vt 0.604914 0.096528
vt 0.586342 0.102808
vt 0.586552 0.112686
vt 0.079510 0.915111
vt 0.081545 0.915467
vt 0.072662 0.933456
vt 0.071015 0.933135
vt 0.069434 0.932740
vt 0.077781 0.914623
vt 0.084282 0.916045
vt 0.074569 0.933925
vt 0.170064 0.024083
vt 0.170960 0.023453
vt 0.172953 0.027518
vt 0.171719 0.028384
vt 0.168963 0.021555
vt 0.169627 0.021135
vt 0.175209 0.032939
vt 0.173453 0.034018
vt 0.175066 0.040564
vt 0.177437 0.039367
vt 0.176370 0.047542
vt 0.179411 0.046421
vt 0.177345 0.054726
vt 0.181078 0.053760
vt 0.171728 0.022666
vt 0.174048 0.026402
vt 0.170217 0.020677
vt 0.176729 0.031478
vt 0.179439 0.037740
vt 0.182025 0.044718
vt 0.184364 0.052112
vt 0.186375 0.059789
vt 0.182430 0.061266
vt 0.177875 0.061986
vt 0.188243 0.067491
vt 0.183729 0.068745
vt 0.178467 0.069153
vt 0.190008 0.075389
vt 0.184793 0.076370
vt 0.178872 0.076534
vt 0.185760 0.083998
vt 0.179280 0.084063
vt 0.191492 0.083169
vt 0.186693 0.091725
vt 0.179811 0.091734
vt 0.192871 0.090882
vt 0.155987 0.019937
vt 0.157111 0.020215
vt 0.153699 0.023603
vt 0.152177 0.023076
vt 0.156556 0.017931
vt 0.157140 0.018054
vt 0.150224 0.028420
vt 0.148171 0.028080
vt 0.146813 0.034379
vt 0.144358 0.034168
vt 0.143616 0.040904
vt 0.140826 0.040616
vt 0.140467 0.047455
vt 0.137320 0.046928
vt 0.137244 0.053972
vt 0.133764 0.053134
vt 0.133952 0.060641
vt 0.130167 0.059522
vt 0.130533 0.067827
vt 0.126400 0.066434
vt 0.126928 0.075364
vt 0.122388 0.073717
vt 0.123196 0.083131
vt 0.118190 0.081342
vt 0.119525 0.091213
vt 0.114139 0.089508
vt 0.194237 0.098719
vt 0.187735 0.099661
vt 0.116079 0.099633
vt 0.110433 0.098125
vt 0.195710 0.106780
vt 0.188936 0.107795
vt 0.112991 0.108346
vt 0.107117 0.107046
vt 0.197039 0.115089
vt 0.190053 0.116165
vt 0.198318 0.123546
vt 0.191038 0.124650
vt 0.110305 0.117276
vt 0.104187 0.116161
vt 0.199380 0.132194
vt 0.191775 0.133320
vt 0.108004 0.126393
vt 0.101554 0.125371
vt 0.200110 0.141170
vt 0.192210 0.142266
vt 0.105912 0.135718
vt 0.099064 0.134700
vt 0.857318 0.084696
vt 0.862714 0.085364
vt 0.865045 0.088813
vt 0.857695 0.089510
vt 0.856125 0.079890
vt 0.862046 0.080580
vt 0.918745 0.136066
vt 0.916779 0.143738
vt 0.911354 0.142347
vt 0.913969 0.135696
vt 0.848317 0.086037
vt 0.852261 0.081857
vt 0.836176 0.131298
vt 0.838916 0.129299
vt 0.840966 0.135016
vt 0.836515 0.137160
vt 0.857322 0.098067
vt 0.865603 0.096898
vt 0.870321 0.099335
vt 0.863046 0.101785
vt 0.848661 0.091509
vt 0.860479 0.093812
vt 0.829288 0.138863
vt 0.829840 0.134655
vt 0.499020 0.181287
vt 0.498742 0.182887
vt 0.536805 0.182744
vt 0.538441 0.181801
vt 0.502062 0.179129
vt 0.502034 0.180718
vt 0.533799 0.180367
vt 0.535428 0.179403
vt 0.915636 0.150993
vt 0.909545 0.149887
vt 0.922865 0.144243
vt 0.923028 0.152391
vt 0.909713 0.491922
vt 0.902778 0.495419
vt 0.897339 0.488194
vt 0.905149 0.485468
vt 0.766007 0.060563
vt 0.763808 0.064535
vt 0.768328 0.052679
vt 0.783862 0.062984
vt 0.913509 0.482262
vt 0.918646 0.489612
vt 0.900239 0.495612
vt 0.893738 0.496115
vt 0.889889 0.488859
vt 0.892514 0.477099
vt 0.901658 0.477209
vt 0.883796 0.478732
vt 0.888520 0.504022
vt 0.882398 0.491842
vt 0.876723 0.481066
vt 0.077929 0.363004
vt 0.080654 0.376716
vt 0.075051 0.350269
vt 0.082698 0.392073
vt 0.076792 0.408083
vt 0.083254 0.408710
vt 0.085560 0.448353
vt 0.076351 0.499656
vt 0.085102 0.497128
vt 0.070872 0.516375
vt 0.068420 0.501356
vt 0.651091 0.388468
vt 0.655533 0.378557
vt 0.655410 0.385468
vt 0.869098 0.289890
vt 0.870458 0.311762
vt 0.857077 0.290923
vt 0.858897 0.290726
vt 0.861265 0.312307
vt 0.859324 0.312690
vt 0.802450 0.514753
vt 0.813367 0.477780
vt 0.822666 0.478716
vt 0.793873 0.529900
vt 0.794725 0.523019
vt 0.787921 0.640957
vt 0.787779 0.641048
vt 0.787943 0.641376
vt 0.787786 0.641469
vt 0.865880 0.129461
vt 0.867137 0.128029
vt 0.838300 0.084398
vt 0.838425 0.082960
vt 0.844617 0.084263
vt 0.930745 0.154166
vt 0.937207 0.155238
vt 0.934644 0.161452
vt 0.928741 0.160813
vt 0.932907 0.147670
vt 0.946049 0.148825
vt 0.926736 0.145799
vt 0.921795 0.159716
vt 0.662812 0.380196
vt 0.661140 0.383162
vt 0.560857 0.204582
vt 0.561627 0.203602
vt 0.498120 0.216642
vt 0.497535 0.216255
vt 0.497345 0.217158
vt 0.497011 0.216818
vt 0.562588 0.203772
vt 0.562131 0.204838
vt 0.520754 0.147952
vt 0.518948 0.148887
vt 0.522698 0.147630
vt 0.524142 0.143244
vt 0.524475 0.147287
vt 0.509103 0.142383
vt 0.510867 0.142894
vt 0.512918 0.143096
vt 0.513007 0.147402
vt 0.511119 0.147415
vt 0.513452 0.139113
vt 0.515265 0.138677
vt 0.514904 0.142788
vt 0.514897 0.147072
vt 0.516895 0.137870
vt 0.516675 0.141993
vt 0.516720 0.146147
vt 0.515278 0.134642
vt 0.516916 0.133816
vt 0.516637 0.129739
vt 0.774243 0.498060
vt 0.778707 0.499291
vt 0.773513 0.519784
vt 0.768430 0.519405
vt 0.764464 0.519347
vt 0.770553 0.496726
vt 0.769119 0.535338
vt 0.763983 0.535180
vt 0.760324 0.535658
vt 0.248551 0.243866
vt 0.247399 0.246080
vt 0.245034 0.246651
vt 0.243383 0.245040
vt 0.244857 0.242817
vt 0.247117 0.242490
vt 0.225092 0.172753
vt 0.223302 0.165131
vt 0.231745 0.162546
vt 0.233035 0.171240
vt 0.271963 0.171357
vt 0.262371 0.174525
vt 0.262814 0.167148
vt 0.273052 0.162800
vt 0.270670 0.180219
vt 0.261707 0.181726
vt 0.234457 0.179956
vt 0.226636 0.181050
vt 0.235628 0.190217
vt 0.228068 0.191306
vt 0.238774 0.164455
vt 0.239396 0.172831
vt 0.240774 0.180789
vt 0.242561 0.190021
vt 0.243822 0.204009
vt 0.248515 0.190025
vt 0.249835 0.203205
vt 0.246754 0.181925
vt 0.765854 0.631758
vt 0.759032 0.631778
vt 0.759875 0.622923
vt 0.767603 0.627021
vt 0.107371 0.905980
vt 0.109609 0.897968
vt 0.113924 0.904401
vt 0.111315 0.911423
vt 0.096056 0.912605
vt 0.095683 0.907606
vt 0.778098 0.635172
vt 0.775827 0.636978
vt 0.092984 0.912308
vt 0.095558 0.912561
vt 0.093887 0.913008
vt 0.089798 0.911983
vt 0.226780 0.323404
vt 0.217560 0.319929
vt 0.209663 0.319183
vt 0.866408 0.420538
vt 0.854261 0.417464
vt 0.863311 0.412131
vt 0.852005 0.409638
vt 0.861551 0.404584
vt 0.850248 0.402608
vt 0.859623 0.397628
vt 0.848701 0.395662
vt 0.857885 0.390717
vt 0.839701 0.393137
vt 0.847358 0.388538
vt 0.856289 0.383808
vt 0.838877 0.385446
vt 0.846127 0.381255
vt 0.854552 0.376823
vt 0.838092 0.377789
vt 0.844898 0.373901
vt 0.852723 0.369790
vt 0.837281 0.370289
vt 0.843585 0.366662
vt 0.850982 0.362804
vt 0.836478 0.362967
vt 0.842226 0.359633
vt 0.849169 0.356038
vt 0.835723 0.355583
vt 0.840911 0.352543
vt 0.847422 0.349265
vt 0.834764 0.348049
vt 0.839484 0.345216
vt 0.845367 0.342263
vt 0.833550 0.340473
vt 0.838049 0.337627
vt 0.843439 0.334879
vt 0.832248 0.333032
vt 0.836642 0.330153
vt 0.841626 0.327434
vt 0.831174 0.325728
vt 0.835475 0.322906
vt 0.840273 0.320314
vt 0.830371 0.318531
vt 0.834498 0.315957
vt 0.838906 0.313504
vt 0.829692 0.311520
vt 0.833569 0.309146
vt 0.837502 0.306846
vt 0.829145 0.304610
vt 0.832621 0.302483
vt 0.836023 0.300335
vt 0.828598 0.297737
vt 0.831654 0.295837
vt 0.834596 0.293860
vt 0.828127 0.290878
vt 0.830681 0.289254
vt 0.827661 0.284046
vt 0.829586 0.282791
vt 0.827047 0.277736
vt 0.828480 0.276894
vt 0.826772 0.273566
vt 0.827811 0.272697
vt 0.824619 0.278710
vt 0.824657 0.285406
vt 0.820957 0.286423
vt 0.821465 0.279912
vt 0.820237 0.293494
vt 0.824553 0.292517
vt 0.831798 0.471100
vt 0.821409 0.471158
vt 0.810015 0.468026
vt 0.917079 0.437431
vt 0.901628 0.444298
vt 0.828479 0.374845
vt 0.828128 0.367212
vt 0.827947 0.359522
vt 0.827659 0.351752
vt 0.827113 0.343957
vt 0.826413 0.336224
vt 0.825777 0.328587
vt 0.825296 0.321104
vt 0.824943 0.313876
vt 0.824794 0.306760
vt 0.824581 0.299648
vt 0.818797 0.346519
vt 0.819105 0.338408
vt 0.819313 0.330464
vt 0.819492 0.322766
vt 0.819654 0.315321
vt 0.819863 0.308052
vt 0.819897 0.300792
vt 0.814005 0.322987
vt 0.814576 0.315405
vt 0.814964 0.307920
vt 0.815298 0.300480
vt 0.809885 0.322001
vt 0.810779 0.314440
vt 0.811377 0.307027
vt 0.811917 0.299526
vt 0.851332 0.316923
vt 0.855584 0.316041
vt 0.848778 0.310187
vt 0.852734 0.309405
vt 0.092674 0.922300
vt 0.091606 0.916124
vt 0.092422 0.919716
vt 0.091671 0.924401
vt 0.079362 0.912851
vt 0.081070 0.912651
vt 0.083145 0.912619
vt 0.086214 0.912701
vt 0.598259 0.213763
vt 0.594161 0.187739
vt 0.597155 0.245316
vt 0.593667 0.215019
vt 0.588891 0.189094
vt 0.586339 0.167305
vt 0.591658 0.165264
vt 0.597614 0.163914
vt 0.591171 0.157360
vt 0.596677 0.154813
vt 0.585638 0.160380
vt 0.591785 0.292510
vt 0.594964 0.269100
vt 0.592991 0.247445
vt 0.588929 0.216250
vt 0.583990 0.190162
vt 0.581422 0.169107
vt 0.580219 0.162708
vt 0.582289 0.142545
vt 0.588366 0.139474
vt 0.575723 0.144321
vt 0.576790 0.298492
vt 0.587708 0.290752
vt 0.590658 0.269216
vt 0.588684 0.248949
vt 0.583805 0.216860
vt 0.578928 0.190614
vt 0.575773 0.170495
vt 0.574792 0.163470
vt 0.569618 0.143867
vt 0.567464 0.138634
vt 0.573638 0.138531
vt 0.581162 0.136690
vt 0.572041 0.125172
vt 0.579402 0.123698
vt 0.566171 0.125077
vt 0.571991 0.116877
vt 0.578907 0.115230
vt 0.566225 0.117228
vt 0.571235 0.108390
vt 0.578101 0.106034
vt 0.565171 0.109514
vt 0.305994 0.634529
vt 0.312138 0.627996
vt 0.325023 0.633051
vt 0.313211 0.643849
vt 0.297034 0.628066
vt 0.299327 0.620544
vt 0.168209 0.227985
vt 0.160352 0.220579
vt 0.158751 0.238527
vt 0.145250 0.227501
vt 0.869421 0.202416
vt 0.863847 0.200308
vt 0.844116 0.206071
vt 0.839852 0.204430
vt 0.847419 0.191042
vt 0.849219 0.205571
vt 0.852300 0.230141
vt 0.847318 0.230804
vt 0.843267 0.228960
vt 0.849918 0.245307
vt 0.845866 0.244316
vt 0.854226 0.243994
vt 0.853074 0.189595
vt 0.854276 0.203148
vt 0.856659 0.227035
vt 0.858124 0.240999
vt 0.857801 0.188430
vt 0.858438 0.200448
vt 0.655723 0.357849
vt 0.662077 0.356586
vt 0.647119 0.346254
vt 0.523588 0.326340
vt 0.536040 0.320840
vt 0.638161 0.329895
vt 0.550833 0.310064
vt 0.575173 0.294960
vt 0.623729 0.304526
vt 0.584229 0.288203
vt 0.618189 0.292557
vt 0.585963 0.267811
vt 0.619459 0.268833
vt 0.619982 0.246902
vt 0.618627 0.213043
vt 0.616886 0.186344
vt 0.609439 0.165408
vt 0.614828 0.166241
vt 0.604290 0.164288
vt 0.731960 0.451159
vt 0.730652 0.451273
vt 0.728662 0.449890
vt 0.730204 0.449402
vt 0.732261 0.452331
vt 0.731431 0.452311
vt 0.722018 0.458447
vt 0.722809 0.457753
vt 0.723811 0.458051
vt 0.722949 0.459150
vt 0.720466 0.456823
vt 0.722081 0.456020
vt 0.376772 0.568500
vt 0.377639 0.555236
vt 0.375538 0.580283
vt 0.283144 0.563705
vt 0.283586 0.550673
vt 0.295922 0.552347
vt 0.294522 0.565746
vt 0.297296 0.539245
vt 0.284536 0.536741
vt 0.299465 0.526085
vt 0.286654 0.522471
vt 0.302827 0.513448
vt 0.314655 0.516874
vt 0.312269 0.528400
vt 0.310924 0.540314
vt 0.309525 0.552976
vt 0.308245 0.566378
vt 0.319507 0.495322
vt 0.311102 0.492614
vt 0.321195 0.540080
vt 0.320651 0.552352
vt 0.715016 0.445466
vt 0.717341 0.448197
vt 0.715684 0.449486
vt 0.713415 0.447476
vt 0.719313 0.447063
vt 0.710783 0.443455
vt 0.709056 0.446329
vt 0.909109 0.411721
vt 0.910535 0.411790
vt 0.301931 0.611488
vt 0.304590 0.602909
vt 0.316801 0.606289
vt 0.314728 0.618212
vt 0.288440 0.604236
vt 0.291469 0.596638
vt 0.318339 0.579959
vt 0.307065 0.579531
vt 0.328932 0.579504
vt 0.319535 0.565789
vt 0.328332 0.607662
vt 0.327840 0.621673
vt 0.158343 0.168925
vt 0.158681 0.157431
vt 0.166291 0.158831
vt 0.166341 0.170188
vt 0.150206 0.168251
vt 0.150964 0.156666
vt 0.158453 0.181429
vt 0.149754 0.180984
vt 0.167030 0.182414
vt 0.159350 0.194487
vt 0.149698 0.194813
vt 0.168751 0.194763
vt 0.160636 0.208006
vt 0.149211 0.209541
vt 0.159862 0.137455
vt 0.160371 0.128907
vt 0.167010 0.130235
vt 0.166816 0.138858
vt 0.167085 0.122063
vt 0.160779 0.120868
vt 0.166518 0.148385
vt 0.159259 0.146955
vt 0.167001 0.090044
vt 0.167166 0.082374
vt 0.172843 0.083392
vt 0.173007 0.091052
vt 0.162367 0.089359
vt 0.162803 0.081685
vt 0.166967 0.097928
vt 0.161961 0.097199
vt 0.173428 0.098972
vt 0.166991 0.105927
vt 0.161548 0.105059
vt 0.174070 0.107098
vt 0.174723 0.115362
vt 0.167001 0.113955
vt 0.161075 0.112937
vt 0.175301 0.123749
vt 0.175680 0.132227
vt 0.175856 0.141060
vt 0.175871 0.150589
vt 0.175897 0.160863
vt 0.176286 0.171947
vt 0.177434 0.183669
vt 0.180101 0.194743
vt 0.180511 0.099642
vt 0.181405 0.107776
vt 0.182280 0.116106
vt 0.183013 0.124575
vt 0.183546 0.133207
vt 0.183867 0.142177
vt 0.183989 0.151689
vt 0.184226 0.161672
vt 0.184925 0.172194
vt 0.186592 0.182956
vt 0.190044 0.192412
vt 0.192386 0.151522
vt 0.192635 0.160947
vt 0.193264 0.170485
vt 0.194840 0.179873
vt 0.198280 0.187830
vt 0.756618 0.710992
vt 0.773320 0.721877
vt 0.754093 0.713490
vt 0.755247 0.712084
vt 0.134931 0.982387
vt 0.140225 0.980679
vt 0.139538 0.980903
vt 0.128184 0.895858
vt 0.124925 0.895837
vt 0.121964 0.885980
vt 0.125717 0.885797
vt 0.708611 0.702665
vt 0.715769 0.691732
vt 0.717895 0.694039
vt 0.709971 0.704381
vt 0.707630 0.701335
vt 0.714297 0.690006
vt 0.720175 0.695523
vt 0.711598 0.705423
vt 0.717847 0.679308
vt 0.719782 0.681090
vt 0.526564 0.177647
vt 0.523782 0.177137
vt 0.524037 0.173824
vt 0.527826 0.175916
vt 0.526059 0.180135
vt 0.523232 0.179603
vt 0.512976 0.177177
vt 0.510667 0.179447
vt 0.509538 0.178647
vt 0.530821 0.178051
vt 0.529541 0.179313
vt 0.504120 0.189024
vt 0.502995 0.193298
vt 0.501904 0.192353
vt 0.502931 0.187864
vt 0.505468 0.189794
vt 0.504200 0.193893
vt 0.505272 0.184994
vt 0.506675 0.185827
vt 0.504058 0.183891
vt 0.505136 0.180088
vt 0.506343 0.181264
vt 0.507795 0.182151
vt 0.502137 0.196626
vt 0.501148 0.195854
vt 0.498463 0.184665
vt 0.501923 0.182453
vt 0.504768 0.178311
vt 0.510287 0.109250
vt 0.512505 0.108294
vt 0.514163 0.106960
vt 0.515924 0.105582
vt 0.518036 0.104682
vt 0.521662 0.103962
vt 0.523937 0.103570
vt 0.510097 0.104757
vt 0.511916 0.103690
vt 0.513920 0.102038
vt 0.515695 0.100679
vt 0.526157 0.090554
vt 0.524318 0.092466
vt 0.523742 0.087910
vt 0.525306 0.085869
vt 0.511215 0.092593
vt 0.513995 0.097391
vt 0.512281 0.099239
vt 0.509646 0.094592
vt 0.514016 0.091049
vt 0.514797 0.096409
vt 0.512094 0.086835
vt 0.513778 0.085249
vt 0.522979 0.082223
vt 0.525190 0.080878
vt 0.511538 0.081804
vt 0.513183 0.079819
vt 0.512884 0.074616
vt 0.514767 0.072844
vt 0.515051 0.078010
vt 0.512688 0.069963
vt 0.514644 0.068217
vt 0.511203 0.076682
vt 0.510965 0.071853
vt 0.512512 0.065911
vt 0.514451 0.064135
vt 0.510709 0.067651
vt 0.512287 0.062252
vt 0.514091 0.060394
vt 0.510491 0.063952
vt 0.511684 0.058899
vt 0.513428 0.056800
vt 0.509885 0.060829
vt 0.516079 0.059156
vt 0.516416 0.063016
vt 0.515613 0.055594
vt 0.510799 0.056047
vt 0.512529 0.054073
vt 0.508986 0.057872
vt 0.514482 0.052346
vt 0.507943 0.055114
vt 0.509826 0.053306
vt 0.511546 0.051431
vt 0.513955 0.049630
vt 0.506599 0.052510
vt 0.508192 0.050013
vt 0.510352 0.048597
vt 0.512956 0.046823
vt 0.528576 0.046076
vt 0.525897 0.048738
vt 0.523818 0.045345
vt 0.526111 0.044706
vt 0.507246 0.046260
vt 0.509767 0.045142
vt 0.512712 0.043251
vt 0.515353 0.041472
vt 0.515223 0.045315
vt 0.516171 0.048246
vt 0.506359 0.042822
vt 0.066434 0.473107
vt 0.060132 0.465511
vt 0.068110 0.458333
vt 0.075382 0.468981
vt 0.060045 0.475798
vt 0.054352 0.468625
vt 0.072173 0.484959
vt 0.064878 0.486786
vt 0.080612 0.481861
vt 0.519947 0.104228
vt 0.510612 0.100440
vt 0.521111 0.098963
vt 0.524026 0.098573
vt 0.529871 0.174810
vt 0.532517 0.177121
vt 0.506002 0.173883
vt 0.506807 0.175191
vt 0.504385 0.176665
vt 0.506295 0.171251
vt 0.508294 0.171779
vt 0.527341 0.172161
vt 0.948557 0.268690
vt 0.948202 0.249896
vt 0.969331 0.268957
vt 0.966700 0.267901
vt 0.394562 0.296728
vt 0.382481 0.296629
vt 0.389584 0.290258
vt 0.398317 0.287904
vt 0.406822 0.302731
vt 0.412567 0.296937
vt 0.424771 0.301563
vt 0.416004 0.311945
vt 0.722386 0.448886
vt 0.720041 0.446426
vt 0.722115 0.445847
vt 0.724377 0.448361
vt 0.721133 0.449971
vt 0.719065 0.450930
vt 0.722585 0.452839
vt 0.720613 0.453610
vt 0.726428 0.451108
vt 0.724391 0.451277
vt 0.724960 0.442695
vt 0.726606 0.445305
vt 0.724562 0.445665
vt 0.717383 0.451866
vt 0.723688 0.439603
vt 0.723681 0.455604
vt 0.718963 0.454433
vt 0.726444 0.448226
vt 0.728297 0.447618
vt 0.125202 0.673392
vt 0.127158 0.664124
vt 0.133604 0.663942
vt 0.131436 0.672805
vt 0.120185 0.674420
vt 0.121838 0.664910
vt 0.122098 0.692465
vt 0.116695 0.694425
vt 0.127979 0.691281
vt 0.748883 0.419475
vt 0.754782 0.418190
vt 0.754018 0.469296
vt 0.748978 0.469687
vt 0.121324 0.740803
vt 0.116426 0.741417
vt 0.120362 0.762331
vt 0.115598 0.762309
vt 0.750582 0.489795
vt 0.745698 0.489174
vt 0.760791 0.417700
vt 0.759247 0.469451
vt 0.755636 0.490773
vt 0.766571 0.418260
vt 0.764078 0.470261
vt 0.760132 0.492136
vt 0.771745 0.419445
vt 0.768260 0.471416
vt 0.764047 0.493899
vt 0.771282 0.472734
vt 0.767347 0.495448
vt 0.774392 0.474336
vt 0.729238 0.451737
vt 0.730694 0.452725
vt 0.890279 0.058663
vt 0.894304 0.048746
vt 0.899148 0.049903
vt 0.894679 0.059590
vt 0.885761 0.057925
vt 0.889226 0.047928
vt 0.886641 0.068410
vt 0.882502 0.067892
vt 0.890733 0.069177
vt 0.886733 0.078437
vt 0.882828 0.077761
vt 0.327064 0.679789
vt 0.322439 0.658692
vt 0.346517 0.631948
vt 0.344946 0.677924
vt 0.138010 0.278485
vt 0.123126 0.268478
vt 0.131777 0.249490
vt 0.149402 0.255970
vt 0.117363 0.298852
vt 0.150761 0.295848
vt 0.116941 0.313894
vt 0.360758 0.661718
vt 0.364386 0.679100
vt 0.772418 0.032570
vt 0.788294 0.032543
vt 0.794342 0.056416
vt 0.770802 0.042894
vt 0.297228 0.238724
vt 0.833744 0.540049
vt 0.828024 0.546843
vt 0.819662 0.550802
vt 0.815172 0.544402
vt 0.810641 0.542096
vt 0.804066 0.540452
vt 0.374764 0.516225
vt 0.377153 0.528804
vt 0.377954 0.541839
vt 0.291057 0.508806
vt 0.303669 0.488786
vt 0.367053 0.494929
vt 0.158611 0.020803
vt 0.155938 0.023964
vt 0.153112 0.028474
vt 0.150247 0.034106
vt 0.147405 0.040547
vt 0.144579 0.047216
vt 0.141671 0.053883
vt 0.138687 0.060666
vt 0.135586 0.067924
vt 0.132343 0.075544
vt 0.129054 0.083333
vt 0.125880 0.091333
vt 0.122858 0.099578
vt 0.120070 0.108078
vt 0.117591 0.116768
vt 0.115435 0.125696
vt 0.113628 0.134943
vt 0.112088 0.144597
vt 0.103932 0.145289
vt 0.096743 0.144138
vt 0.110866 0.154385
vt 0.102067 0.154840
vt 0.094652 0.153481
vt 0.109624 0.164371
vt 0.100208 0.164372
vt 0.092673 0.162664
vt 0.098014 0.174108
vt 0.090482 0.171536
vt 0.107888 0.175077
vt 0.094793 0.183746
vt 0.087376 0.179387
vt 0.104900 0.186300
vt 0.159965 0.021275
vt 0.157976 0.024134
vt 0.155775 0.028316
vt 0.153566 0.033662
vt 0.151226 0.039941
vt 0.148786 0.046568
vt 0.146226 0.053235
vt 0.143522 0.060018
vt 0.140764 0.067269
vt 0.137979 0.074927
vt 0.135223 0.082736
vt 0.132460 0.090642
vt 0.129756 0.098719
vt 0.127186 0.107012
vt 0.124839 0.115455
vt 0.122729 0.124147
vt 0.121054 0.133212
vt 0.119877 0.142772
vt 0.119187 0.152564
vt 0.118587 0.162748
vt 0.117567 0.173975
vt 0.159362 0.024139
vt 0.157684 0.028204
vt 0.156049 0.033431
vt 0.154110 0.039617
vt 0.152118 0.046183
vt 0.149983 0.052821
vt 0.147757 0.059585
vt 0.145326 0.066759
vt 0.142891 0.074309
vt 0.140557 0.082056
vt 0.138254 0.089894
vt 0.135961 0.097863
vt 0.133728 0.105975
vt 0.131647 0.114187
vt 0.129659 0.122635
vt 0.128137 0.131453
vt 0.127122 0.140752
vt 0.159780 0.028136
vt 0.158481 0.033294
vt 0.156990 0.039399
vt 0.155454 0.045922
vt 0.153936 0.052553
vt 0.152266 0.059318
vt 0.150420 0.066454
vt 0.148546 0.073882
vt 0.146716 0.081509
vt 0.144926 0.089270
vt 0.143130 0.097126
vt 0.141355 0.105067
vt 0.139706 0.113079
vt 0.138263 0.121238
vt 0.137145 0.129689
vt 0.161009 0.033204
vt 0.159977 0.039296
vt 0.158844 0.045823
vt 0.157755 0.052449
vt 0.156617 0.059259
vt 0.155398 0.066389
vt 0.154179 0.073729
vt 0.152955 0.081277
vt 0.151743 0.088985
vt 0.150486 0.096775
vt 0.149174 0.104568
vt 0.147941 0.112441
vt 0.146963 0.120396
vt 0.161935 0.045882
vt 0.161275 0.052584
vt 0.160461 0.059357
vt 0.159663 0.066455
vt 0.158972 0.073787
vt 0.158292 0.081306
vt 0.157601 0.089011
vt 0.156811 0.096825
vt 0.155980 0.104613
vt 0.155083 0.112361
vt 0.163325 0.074233
vt 0.167484 0.074966
vt 0.172917 0.075989
vt 0.115629 0.186073
vt 0.099698 0.197114
vt 0.089342 0.192060
vt 0.111896 0.198497
vt 0.091837 0.206044
vt 0.081833 0.196954
vt 0.105281 0.210668
vt 0.123375 0.184412
vt 0.120548 0.197363
vt 0.115112 0.210712
vt 0.105401 0.223772
vt 0.096342 0.220897
vt 0.124618 0.210118
vt 0.115053 0.225710
vt 0.129512 0.196068
vt 0.139264 0.195276
vt 0.135479 0.209762
vt 0.127584 0.226519
vt 0.242268 0.243451
vt 0.256472 0.243686
vt 0.254202 0.243214
vt 0.257169 0.225692
vt 0.260176 0.225652
vt 0.162893 0.020551
vt 0.162174 0.020365
vt 0.161992 0.021588
vt 0.161003 0.021472
vt 0.164743 0.019251
vt 0.160908 0.024131
vt 0.848246 0.325082
vt 0.846103 0.318116
vt 0.850808 0.332216
vt 0.844084 0.311336
vt 0.862419 0.366154
vt 0.864732 0.373098
vt 0.860516 0.359271
vt 0.858405 0.352625
vt 0.856223 0.345974
vt 0.853490 0.339285
vt 0.874285 0.409058
vt 0.876808 0.417625
vt 0.872552 0.401299
vt 0.870469 0.394088
vt 0.868793 0.387033
vt 0.866896 0.379996
vt 0.598925 0.030444
vt 0.584477 0.032847
vt 0.584754 0.026448
vt 0.594973 0.023412
vt 0.583508 0.037876
vt 0.566816 0.088109
vt 0.574201 0.095503
vt 0.567458 0.098867
vt 0.559922 0.091755
vt 0.583549 0.248935
vt 0.578455 0.216912
vt 0.573642 0.190411
vt 0.569712 0.170626
vt 0.569093 0.162471
vt 0.563012 0.142196
vt 0.561365 0.137670
vt 0.559620 0.124535
vt 0.559680 0.117218
vt 0.609104 0.155195
vt 0.614765 0.157507
vt 0.607576 0.134727
vt 0.614466 0.137014
vt 0.607123 0.131155
vt 0.613570 0.132626
vt 0.602940 0.153829
vt 0.126476 0.150459
vt 0.125840 0.160762
vt 0.124904 0.172104
vt 0.136306 0.138663
vt 0.135672 0.148300
vt 0.134934 0.158793
vt 0.133880 0.170328
vt 0.132232 0.182823
vt 0.146056 0.128576
vt 0.145231 0.137265
vt 0.144454 0.146816
vt 0.143624 0.157368
vt 0.142603 0.169016
vt 0.141292 0.181736
vt 0.154400 0.120192
vt 0.153655 0.128181
vt 0.152825 0.136714
vt 0.151915 0.146184
vt 0.910803 0.236557
vt 0.909760 0.264485
vt 0.904497 0.265035
vt 0.903814 0.235795
vt 0.914648 0.237957
vt 0.913752 0.263528
vt 0.909656 0.272546
vt 0.913813 0.271351
vt 0.909293 0.289004
vt 0.913910 0.287072
vt 0.909619 0.308089
vt 0.914248 0.306138
vt 0.908476 0.340593
vt 0.713634 0.438577
vt 0.713692 0.438561
vt 0.713630 0.438522
vt 0.713610 0.438557
vt 0.713529 0.438562
vt 0.787242 0.641798
vt 0.786225 0.640595
vt 0.094012 0.915463
vt 0.094323 0.919059
vt 0.091648 0.916129
vt 0.083233 0.897478
vt 0.084976 0.897568
vt 0.077086 0.913177
vt 0.074335 0.913091
vt 0.788552 0.634137
vt 0.788548 0.634140
vt 0.787575 0.634842
vt 0.788553 0.634137
vt 0.745061 0.297132
vt 0.754660 0.296841
vt 0.755474 0.307578
vt 0.746269 0.308301
vt 0.745604 0.285207
vt 0.754449 0.285246
vt 0.147413 0.569938
vt 0.148757 0.584357
vt 0.139920 0.585815
vt 0.763311 0.273129
vt 0.763691 0.285574
vt 0.762744 0.258395
vt 0.599249 0.091130
vt 0.599370 0.089738
vt 0.730299 0.453530
vt 0.728453 0.452717
vt 0.731486 0.453104
vt 0.731492 0.453968
vt 0.474954 0.197860
vt 0.476447 0.197380
vt 0.476256 0.198241
vt 0.475010 0.198527
vt 0.561329 0.202132
vt 0.559410 0.200432
vt 0.473324 0.199282
vt 0.473445 0.198762
vt 0.773940 0.608565
vt 0.775877 0.613307
vt 0.790215 0.636178
vt 0.789243 0.637465
vt 0.917956 0.304084
vt 0.921652 0.302163
vt 0.925656 0.301630
vt 0.923864 0.314443
vt 0.923797 0.327458
vt 0.885966 0.303371
vt 0.889693 0.303179
vt 0.891819 0.316863
vt 0.888383 0.317517
vt 0.890509 0.329794
vt 0.893749 0.329423
vt 0.893903 0.304441
vt 0.895943 0.317737
vt 0.897537 0.330196
vt 0.898590 0.340207
vt 0.892550 0.286391
vt 0.887643 0.284808
vt 0.902100 0.340886
vt 0.892314 0.271269
vt 0.905215 0.341060
vt 0.179453 0.306285
vt 0.175025 0.290728
vt 0.181572 0.319565
vt 0.172457 0.323014
vt 0.170359 0.311151
vt 0.167325 0.298507
vt 0.302032 0.305422
vt 0.297830 0.320562
vt 0.287296 0.322052
vt 0.291630 0.307500
vt 0.295096 0.292079
vt 0.305186 0.289582
vt 0.754084 0.717705
vt 0.754128 0.715582
vt 0.138110 0.419515
vt 0.129730 0.416988
vt 0.122554 0.415007
vt 0.749348 0.166525
vt 0.136947 0.434107
vt 0.129045 0.432670
vt 0.121993 0.431568
vt 0.116128 0.430560
vt 0.757988 0.180457
vt 0.750407 0.180491
vt 0.136040 0.448054
vt 0.128562 0.447634
vt 0.121543 0.447416
vt 0.765916 0.194187
vt 0.758146 0.194418
vt 0.751063 0.194563
vt 0.135946 0.461332
vt 0.128854 0.461605
vt 0.088594 0.464753
vt 0.096449 0.321332
vt 0.106545 0.323564
vt 0.087682 0.321017
vt 0.106353 0.309478
vt 0.106491 0.294793
vt 0.094960 0.306616
vt 0.094254 0.291716
vt 0.115565 0.245673
vt 0.109678 0.263374
vt 0.100832 0.243911
vt 0.097392 0.261930
vt 0.564069 0.103868
vt 0.558308 0.110445
vt 0.556654 0.105432
vt 0.570253 0.101988
vt 0.561367 0.100788
vt 0.554324 0.099444
vt 0.613890 0.103706
vt 0.614589 0.097899
vt 0.613258 0.111129
vt 0.676359 0.388162
vt 0.673537 0.390650
vt 0.671852 0.393399
vt 0.670372 0.395858
vt 0.850303 0.505367
vt 0.905259 0.038513
vt 0.878922 0.077328
vt 0.878230 0.086183
vt 0.874386 0.085444
vt 0.875149 0.077172
vt 0.878365 0.067905
vt 0.870874 0.084597
vt 0.882115 0.086974
vt 0.872459 0.092882
vt 0.868360 0.091150
vt 0.876599 0.094196
vt 0.880735 0.095744
vt 0.780211 0.632845
vt 0.785306 0.639930
vt 0.782822 0.631896
vt 0.785230 0.631784
vt 0.787475 0.632027
vt 0.787102 0.636617
vt 0.770641 0.623988
vt 0.764870 0.618930
vt 0.963923 0.286752
vt 0.962420 0.285922
vt 0.964079 0.267453
vt 0.965471 0.287390
vt 0.960261 0.285681
vt 0.961088 0.267693
vt 0.958537 0.285666
vt 0.958507 0.268313
vt 0.956878 0.286547
vt 0.955059 0.287100
vt 0.497881 0.212340
vt 0.498534 0.209796
vt 0.500158 0.207670
vt 0.501102 0.207953
vt 0.499239 0.207213
vt 0.496903 0.211716
vt 0.497555 0.209081
vt 0.498259 0.206463
vt 0.499959 0.204620
vt 0.500893 0.205087
vt 0.498968 0.203851
vt 0.480713 0.196704
vt 0.478450 0.198126
vt 0.478525 0.197084
vt 0.480730 0.195474
vt 0.482957 0.194064
vt 0.482996 0.195312
vt 0.484808 0.192109
vt 0.485016 0.193423
vt 0.499670 0.201222
vt 0.500669 0.202007
vt 0.478661 0.196097
vt 0.480769 0.194495
vt 0.482314 0.194263
vt 0.483082 0.193097
vt 0.482665 0.191382
vt 0.484708 0.191092
vt 0.259039 0.220739
vt 0.600357 0.154412
vt 0.593929 0.136121
vt 0.584556 0.133909
vt 0.589406 0.134246
vt 0.587427 0.121275
vt 0.200485 0.150444
vt 0.196243 0.149757
vt 0.200643 0.159447
vt 0.201038 0.168102
vt 0.202101 0.175905
vt 0.204928 0.181668
vt 0.208585 0.184745
vt 0.206013 0.188075
vt 0.087233 0.187756
vt 0.083502 0.184042
vt 0.117458 0.551381
vt 0.118396 0.557352
vt 0.116210 0.561769
vt 0.940761 0.041530
vt 0.938708 0.054294
vt 0.934786 0.059962
vt 0.930869 0.065012
vt 0.091515 0.479085
vt 0.095160 0.495026
vt 0.106095 0.510257
vt 0.767899 0.543296
vt 0.763236 0.543508
vt 0.759895 0.544070
vt 0.783549 0.500885
vt 0.779303 0.520419
vt 0.775139 0.535704
vt 0.773923 0.543485
vt 0.082624 0.763343
vt 0.087638 0.763424
vt 0.086871 0.780956
vt 0.081289 0.782371
vt 0.784879 0.523247
vt 0.780140 0.536098
vt 0.779371 0.543675
vt 0.092134 0.763371
vt 0.091567 0.780460
vt 0.091513 0.795749
vt 0.087161 0.795794
vt 0.092833 0.745857
vt 0.096742 0.745849
vt 0.096093 0.763403
vt 0.088440 0.745524
vt 0.095282 0.780863
vt 0.095113 0.796434
vt 0.100499 0.745518
vt 0.099890 0.763422
vt 0.099338 0.781961
vt 0.104155 0.744777
vt 0.103838 0.763092
vt 0.108099 0.743619
vt 0.107668 0.762677
vt 0.282287 0.334296
vt 0.856194 0.257417
vt 0.852550 0.258787
vt 0.860571 0.224074
vt 0.861739 0.238799
vt 0.117699 0.592148
vt 0.119874 0.599010
vt 0.114383 0.601359
vt 0.113854 0.595170
vt 0.123239 0.585975
vt 0.125955 0.594937
vt 0.942100 0.059415
vt 0.936760 0.068166
vt 0.945375 0.061412
vt 0.941622 0.069917
vt 0.950077 0.060456
vt 0.107755 0.668146
vt 0.108719 0.658227
vt 0.113746 0.657172
vt 0.112879 0.667120
vt 0.101535 0.668892
vt 0.102316 0.659051
vt 0.106718 0.678016
vt 0.100869 0.678815
vt 0.111656 0.676920
vt 0.109493 0.696678
vt 0.105154 0.697760
vt 0.100037 0.698560
vt 0.914970 0.082750
vt 0.925678 0.075466
vt 0.904670 0.112557
vt 0.931412 0.077927
vt 0.376234 0.597326
vt 0.364854 0.604283
vt 0.354561 0.607528
vt 0.379570 0.602130
vt 0.369720 0.613015
vt 0.360064 0.619565
vt 0.385464 0.605725
vt 0.393195 0.611313
vt 0.276801 0.595768
vt 0.280020 0.590802
vt 0.757491 0.209296
vt 0.750652 0.209168
vt 0.764848 0.209470
vt 0.763501 0.225669
vt 0.762401 0.242155
vt 0.773081 0.209634
vt 0.771765 0.226222
vt 0.771026 0.242767
vt 0.782615 0.210086
vt 0.780442 0.226810
vt 0.792570 0.212089
vt 0.788706 0.228426
vt 0.800362 0.216506
vt 0.795920 0.231058
vt 0.805641 0.204976
vt 0.802394 0.234298
vt 0.799620 0.248753
vt 0.793289 0.246386
vt 0.806877 0.221008
vt 0.786681 0.244563
vt 0.779284 0.243488
vt 0.792348 0.261357
vt 0.786336 0.260074
vt 0.798553 0.262940
vt 0.779779 0.259224
vt 0.771795 0.258748
vt 0.772573 0.273398
vt 0.780381 0.273784
vt 0.780569 0.286634
vt 0.772886 0.285958
vt 0.772993 0.297281
vt 0.764074 0.296779
vt 0.780310 0.298408
vt 0.786502 0.274490
vt 0.786538 0.287651
vt 0.786087 0.299934
vt 0.086452 0.227950
vt 0.071528 0.212810
vt 0.082212 0.211754
vt 0.092138 0.234594
vt 0.372820 0.291317
vt 0.382642 0.287266
vt 0.087010 0.252114
vt 0.084824 0.261801
vt 0.194710 0.326235
vt 0.183631 0.330784
vt 0.173510 0.332556
vt 0.823173 0.170430
vt 0.819057 0.174918
vt 0.043201 0.437150
vt 0.049873 0.440312
vt 0.551522 0.063559
vt 0.815483 0.179583
vt 0.808817 0.171334
vt 0.556450 0.079727
vt 0.551776 0.074064
vt 0.546811 0.064630
vt 0.053864 0.515234
vt 0.052680 0.501019
vt 0.060659 0.501872
vt 0.062019 0.516521
vt 0.062352 0.530511
vt 0.054214 0.529298
vt 0.243734 0.332113
vt 0.237293 0.328238
vt 0.726801 0.453291
vt 0.816780 0.039389
vt 0.823839 0.048823
vt 0.812028 0.056389
vt 0.806107 0.048018
vt 0.826982 0.030299
vt 0.834249 0.040381
vt 0.800496 0.063068
vt 0.788881 0.069419
vt 0.050472 0.314179
vt 0.060387 0.311000
vt 0.060828 0.325397
vt 0.050901 0.327981
vt 0.048411 0.300976
vt 0.059035 0.296947
vt 0.040172 0.317703
vt 0.037257 0.305567
vt 0.041246 0.331026
vt 0.031891 0.334868
vt 0.028733 0.322095
vt 0.024561 0.310471
vt 0.838551 0.054527
vt 0.827851 0.060836
vt 0.815662 0.066811
vt 0.803302 0.072033
vt 0.837965 0.071063
vt 0.828066 0.074922
vt 0.034028 0.348270
vt 0.816596 0.079297
vt 0.087047 0.362203
vt 0.084906 0.348944
vt 0.082251 0.335804
vt 0.072419 0.337252
vt 0.084986 0.305772
vt 0.079383 0.321713
vt 0.964211 0.176680
vt 0.959823 0.221931
vt 0.959882 0.207456
vt 0.960240 0.188333
vt 0.960300 0.178379
vt 0.956293 0.208442
vt 0.956259 0.189143
vt 0.956097 0.179421
vt 0.951618 0.179100
vt 0.961805 0.248944
vt 0.962392 0.239877
vt 0.955868 0.222796
vt 0.082479 0.572980
vt 0.914138 0.025023
vt 0.899984 0.036733
vt 0.907503 0.017643
vt 0.910163 0.476400
vt 0.904956 0.463742
vt 0.911456 0.469385
vt 0.226386 0.140552
vt 0.227752 0.148091
vt 0.218070 0.151756
vt 0.216489 0.143855
vt 0.233090 0.141203
vt 0.235907 0.148601
vt 0.253006 0.176128
vt 0.252495 0.169371
vt 0.253560 0.182479
vt 0.073745 0.199587
vt 0.067036 0.184990
vt 0.077325 0.185886
vt 0.058791 0.200004
vt 0.606335 0.092645
vt 0.615906 0.091594
vt 0.606921 0.089051
vt 0.614658 0.084828
vt 0.599570 0.089959
vt 0.581184 0.047470
vt 0.582290 0.042403
vt 0.202188 0.321429
vt 0.507162 0.167734
vt 0.509020 0.164997
vt 0.510800 0.165552
vt 0.509243 0.168676
vt 0.524451 0.169528
vt 0.521073 0.172049
vt 0.520267 0.167961
vt 0.522086 0.166718
vt 0.526912 0.169037
vt 0.529252 0.171878
vt 0.513167 0.162137
vt 0.511394 0.162087
vt 0.516073 0.173533
vt 0.520134 0.163938
vt 0.600291 0.134304
vt 0.601265 0.130810
vt 0.596120 0.132095
vt 0.599826 0.118084
vt 0.606184 0.118232
vt 0.594240 0.119128
vt 0.577005 0.098911
vt 0.892005 0.263092
vt 0.887449 0.270198
vt 0.887617 0.262566
vt 0.895941 0.264027
vt 0.899799 0.264752
vt 0.519521 0.099321
vt 0.518641 0.067381
vt 0.516660 0.067236
vt 0.518400 0.063038
vt 0.518810 0.072256
vt 0.516821 0.071968
vt 0.520673 0.068019
vt 0.520755 0.072797
vt 0.520483 0.063674
vt 0.522605 0.067822
vt 0.522753 0.072366
vt 0.522329 0.063662
vt 0.518157 0.059019
vt 0.520196 0.059749
vt 0.522088 0.059916
vt 0.517776 0.055136
vt 0.520100 0.055585
vt 0.522007 0.055775
vt 0.516962 0.051562
vt 0.519743 0.051723
vt 0.522113 0.052065
vt 0.519148 0.048038
vt 0.521751 0.048573
vt 0.518440 0.044936
vt 0.520992 0.045604
vt 0.518024 0.040642
vt 0.520773 0.040725
vt 0.517281 0.036889
vt 0.519786 0.037027
vt 0.268001 0.143306
vt 0.264911 0.151245
vt 0.250847 0.152076
vt 0.250787 0.138961
vt 0.284331 0.142814
vt 0.278033 0.148147
vt 0.906730 0.449714
vt 0.920733 0.440647
vt 0.921393 0.445301
vt 0.891691 0.457860
vt 0.870969 0.226950
vt 0.865974 0.224184
vt 0.870767 0.242215
vt 0.866290 0.239341
vt 0.869739 0.256443
vt 0.848976 0.258409
vt 0.856655 0.275067
vt 0.854534 0.274816
vt 0.927294 0.196420
vt 0.927661 0.206385
vt 0.920997 0.205871
vt 0.920318 0.195428
vt 0.933112 0.196130
vt 0.933270 0.206229
vt 0.875469 0.206168
vt 0.881307 0.205154
vt 0.883402 0.216698
vt 0.877990 0.217870
vt 0.875692 0.195803
vt 0.881637 0.194849
vt 0.931189 0.217901
vt 0.925846 0.217413
vt 0.884457 0.228682
vt 0.879225 0.229838
vt 0.929472 0.228986
vt 0.924495 0.228757
vt 0.928665 0.240941
vt 0.923617 0.240808
vt 0.885582 0.241041
vt 0.879959 0.242386
vt 0.888615 0.215463
vt 0.887488 0.204002
vt 0.889024 0.227305
vt 0.889609 0.239343
vt 0.893234 0.203149
vt 0.893859 0.214456
vt 0.894031 0.226031
vt 0.893775 0.237536
vt 0.899374 0.213765
vt 0.899072 0.202796
vt 0.899475 0.225143
vt 0.898596 0.236093
vt 0.904182 0.224952
vt 0.903851 0.213855
vt 0.908908 0.225480
vt 0.882694 0.263136
vt 0.553055 0.198510
vt 0.554116 0.197502
vt 0.557368 0.198698
vt 0.555269 0.196956
vt 0.496770 0.214572
vt 0.496638 0.215288
vt 0.496668 0.215506
vt 0.496515 0.214501
vt 0.497173 0.214678
vt 0.497424 0.214995
vt 0.496871 0.215976
vt 0.475775 0.199190
vt 0.474682 0.199412
vt 0.475575 0.199017
vt 0.562944 0.204180
vt 0.562507 0.205097
vt 0.495957 0.216841
vt 0.496275 0.216497
vt 0.496868 0.216094
vt 0.496859 0.216430
vt 0.473524 0.199680
vt 0.884832 0.440570
vt 0.880125 0.427852
vt 0.937110 0.078949
vt 0.937862 0.089800
vt 0.931989 0.100381
vt 0.926058 0.110081
vt 0.939525 0.099765
vt 0.933146 0.110104
vt 0.945244 0.088861
vt 0.868072 0.067813
vt 0.869799 0.058507
vt 0.875831 0.057935
vt 0.873682 0.068012
vt 0.871095 0.076587
vt 0.866473 0.074983
vt 0.913939 0.117650
vt 0.909084 0.115572
vt 0.919866 0.118879
vt 0.913837 0.126956
vt 0.090437 0.802381
vt 0.086152 0.801861
vt 0.098179 0.797058
vt 0.102396 0.782438
vt 0.101091 0.797952
vt 0.105870 0.783564
vt 0.112073 0.742425
vt 0.111489 0.755923
vt 0.111465 0.762441
vt 0.109819 0.785020
vt 0.108632 0.785700
vt 0.113978 0.763664
vt 0.088401 0.679088
vt 0.088848 0.698581
vt 0.083542 0.697539
vt 0.082624 0.678383
vt 0.094659 0.679306
vt 0.094561 0.698945
vt 0.089262 0.675359
vt 0.088136 0.669210
vt 0.094892 0.669299
vt 0.094221 0.674808
vt 0.081814 0.668979
vt 0.095130 0.659494
vt 0.132468 0.589346
vt 0.096506 0.847330
vt 0.096803 0.874276
vt 0.093952 0.874603
vt 0.092515 0.848404
vt 0.100057 0.846418
vt 0.100442 0.874137
vt 0.103039 0.845784
vt 0.104217 0.874147
vt 0.096732 0.805261
vt 0.099575 0.805338
vt 0.105599 0.845535
vt 0.093890 0.805472
vt 0.102560 0.805565
vt 0.108170 0.845573
vt 0.104263 0.798870
vt 0.108029 0.799650
vt 0.106069 0.805874
vt 0.111106 0.845747
vt 0.114439 0.786601
vt 0.112295 0.800558
vt 0.110254 0.806206
vt 0.115100 0.846045
vt 0.118850 0.875742
vt 0.119751 0.788262
vt 0.117685 0.801677
vt 0.115743 0.806350
vt 0.123004 0.875714
vt 0.341463 0.608390
vt 0.353014 0.619454
vt 0.343401 0.622413
vt 0.949947 0.154882
vt 0.867605 0.082859
vt 0.077814 0.762510
vt 0.079213 0.743698
vt 0.083886 0.744733
vt 0.777967 0.476079
vt 0.781865 0.478788
vt 0.868249 0.273650
vt 0.745040 0.586739
vt 0.749299 0.587149
vt 0.740357 0.586183
vt 0.753081 0.587340
vt 0.752014 0.545532
vt 0.754923 0.545147
vt 0.756463 0.587246
vt 0.748074 0.545672
vt 0.119814 0.846310
vt 0.745670 0.518293
vt 0.740390 0.516728
vt 0.743590 0.536715
vt 0.738101 0.535680
vt 0.742856 0.545564
vt 0.737291 0.545418
vt 0.750460 0.519076
vt 0.748616 0.537335
vt 0.752351 0.537373
vt 0.881063 0.057597
vt 0.887356 0.137467
vt 0.875891 0.159530
vt 0.875714 0.153324
vt 0.881079 0.151111
vt 0.881417 0.158543
vt 0.932829 0.178087
vt 0.927057 0.178320
vt 0.881866 0.175498
vt 0.875934 0.176833
vt 0.875587 0.145579
vt 0.885880 0.147915
vt 0.887402 0.157121
vt 0.888485 0.173603
vt 0.893756 0.156056
vt 0.887894 0.193373
vt 0.894221 0.172178
vt 0.893405 0.192119
vt 0.899294 0.156405
vt 0.899176 0.171823
vt 0.898882 0.191433
vt 0.903650 0.157053
vt 0.903165 0.172323
vt 0.903379 0.191593
vt 0.907512 0.173250
vt 0.907894 0.192316
vt 0.712917 0.438909
vt 0.711004 0.439073
vt 0.711930 0.436918
vt 0.722370 0.435325
vt 0.724908 0.684276
vt 0.722319 0.682946
vt 0.750248 0.688366
vt 0.752627 0.687561
vt 0.753045 0.698696
vt 0.750796 0.699858
vt 0.749380 0.665858
vt 0.746884 0.666541
vt 0.752270 0.665231
vt 0.755416 0.686599
vt 0.755427 0.697476
vt 0.517677 0.099814
vt 0.517090 0.095371
vt 0.124904 0.913561
vt 0.119801 0.898448
vt 0.128991 0.912829
vt 0.119067 0.916239
vt 0.519463 0.094754
vt 0.521426 0.094705
vt 0.523946 0.093929
vt 0.515679 0.090220
vt 0.517803 0.089752
vt 0.520063 0.089765
vt 0.522080 0.089530
vt 0.515461 0.083462
vt 0.517427 0.082639
vt 0.519299 0.082513
vt 0.517129 0.077305
vt 0.519032 0.077517
vt 0.087009 0.897879
vt 0.094916 0.887255
vt 0.098526 0.887764
vt 0.089219 0.898610
vt 0.092083 0.887125
vt 0.102092 0.881148
vt 0.102690 0.888762
vt 0.097963 0.880766
vt 0.091720 0.900162
vt 0.106476 0.891214
vt 0.094171 0.903159
vt 0.913637 0.193857
vt 0.913399 0.175040
vt 0.920161 0.177020
vt 0.253637 0.225727
vt 0.282629 0.574847
vt 0.294394 0.577452
vt 0.081439 0.897629
vt 0.087804 0.887347
vt 0.089900 0.887274
vt 0.788489 0.630577
vt 0.778246 0.619426
vt 0.779751 0.618007
vt 0.776376 0.620807
vt 0.776461 0.608078
vt 0.777539 0.612242
vt 0.089394 0.881864
vt 0.091738 0.881023
vt 0.094424 0.880697
vt 0.136182 0.935418
vt 0.549485 0.191317
vt 0.551699 0.193173
vt 0.550414 0.193659
vt 0.548306 0.191905
vt 0.549292 0.194665
vt 0.547286 0.193012
vt 0.552053 0.195718
vt 0.550985 0.196671
vt 0.553706 0.193622
vt 0.553152 0.195326
vt 0.545044 0.191285
vt 0.501856 0.205376
vt 0.501631 0.202553
vt 0.502650 0.202795
vt 0.502374 0.199973
vt 0.503443 0.200246
vt 0.503218 0.197161
vt 0.504296 0.197525
vt 0.505362 0.194329
vt 0.542318 0.189321
vt 0.509092 0.182629
vt 0.508159 0.177786
vt 0.508029 0.186226
vt 0.507347 0.176622
vt 0.521069 0.082771
vt 0.520910 0.077871
vt 0.511512 0.158734
vt 0.509718 0.158972
vt 0.509699 0.155437
vt 0.511625 0.155239
vt 0.509658 0.162040
vt 0.513369 0.158525
vt 0.513320 0.155036
vt 0.515023 0.154678
vt 0.516784 0.154024
vt 0.518937 0.153100
vt 0.510036 0.151811
vt 0.511691 0.151563
vt 0.522342 0.155871
vt 0.520496 0.156422
vt 0.520639 0.152396
vt 0.522573 0.152042
vt 0.522215 0.159679
vt 0.520384 0.160233
vt 0.513402 0.151469
vt 0.515093 0.150983
vt 0.516753 0.150139
vt 0.522846 0.077343
vt 0.524417 0.062719
vt 0.524621 0.066731
vt 0.524841 0.071065
vt 0.524307 0.058935
vt 0.524138 0.055303
vt 0.524994 0.052009
vt 0.509618 0.095994
vt 0.525009 0.075806
vt 0.872677 0.143504
vt 0.872576 0.140778
vt 0.036305 0.278774
vt 0.051044 0.270250
vt 0.026569 0.289098
vt 0.018231 0.296772
vt 0.809296 0.026032
vt 0.817607 0.017620
vt 0.801167 0.032713
vt 0.068412 0.293755
vt 0.076175 0.291733
vt 0.077391 0.306732
vt 0.069507 0.308386
vt 0.070677 0.323354
vt 0.864761 0.079377
vt 0.568681 0.037067
vt 0.567415 0.042672
vt 0.570253 0.032266
vt 0.562488 0.034897
vt 0.564175 0.030095
vt 0.560340 0.040828
vt 0.556093 0.031654
vt 0.557858 0.027861
vt 0.548834 0.036791
vt 0.062471 0.544324
vt 0.054071 0.543441
vt 0.811069 0.211283
vt 0.812387 0.198732
vt 0.815322 0.205339
vt 0.046855 0.479597
vt 0.053733 0.477663
vt 0.058046 0.487878
vt 0.050691 0.488167
vt 0.041799 0.474305
vt 0.048352 0.470956
vt 0.552897 0.093979
vt 0.540052 0.083263
vt 0.547971 0.081915
vt 0.571995 0.027338
vt 0.574161 0.021291
vt 0.565776 0.025101
vt 0.568035 0.019239
vt 0.559273 0.023493
vt 0.561616 0.017652
vt 0.251734 0.242870
vt 0.543055 0.075177
vt 0.540168 0.068598
vt 0.534857 0.074888
vt 0.533688 0.067070
vt 0.713648 0.438609
vt 0.713616 0.438605
vt 0.788606 0.638206
vt 0.093529 0.919384
vt 0.091926 0.917327
vt 0.790698 0.639226
vt 0.773783 0.622175
vt 0.792276 0.288870
vt 0.792138 0.275420
vt 0.798439 0.276496
vt 0.799802 0.290258
vt 0.792124 0.301790
vt 0.800726 0.304060
vt 0.244324 0.167657
vt 0.245307 0.175033
vt 0.242139 0.150549
vt 0.239373 0.141137
vt 0.217968 0.238729
vt 0.229430 0.239702
vt 0.213713 0.266356
vt 0.211334 0.246416
vt 0.065282 0.266410
vt 0.926456 0.119370
vt 0.919803 0.127683
vt 0.757620 0.614262
vt 0.922678 0.283543
vt 0.918198 0.285118
vt 0.917746 0.270070
vt 0.921564 0.269110
vt 0.921771 0.261685
vt 0.917746 0.262449
vt 0.926672 0.261379
vt 0.926390 0.268920
vt 0.927450 0.283573
vt 0.882851 0.270061
vt 0.883536 0.284385
vt 0.919031 0.239632
vt 0.918983 0.227741
vt 0.913468 0.226406
vt 0.566876 0.048119
vt 0.559158 0.050969
vt 0.559221 0.046174
vt 0.549903 0.050371
vt 0.549392 0.045478
vt 0.133374 0.921510
vt 0.729383 0.660717
vt 0.735144 0.646718
vt 0.737369 0.648772
vt 0.731699 0.662044
vt 0.739996 0.650341
vt 0.734144 0.663314
vt 0.742760 0.651520
vt 0.736538 0.664419
vt 0.743853 0.655147
vt 0.746141 0.652445
vt 0.750077 0.650889
vt 0.501376 0.199387
vt 0.500438 0.198611
vt 0.762925 0.638762
vt 0.753458 0.646189
vt 0.748951 0.645042
vt 0.903755 0.203086
vt 0.908409 0.203750
vt 0.908394 0.214384
vt 0.914220 0.204827
vt 0.913484 0.215218
vt 0.317990 0.270280
vt 0.307822 0.271072
vt 0.298372 0.272961
vt 0.089544 0.610109
vt 0.077733 0.608612
vt 0.099525 0.610764
vt 0.107563 0.610031
vt 0.860605 0.147323
vt 0.867998 0.149782
vt 0.855980 0.161474
vt 0.852196 0.145687
vt 0.084061 0.290943
vt 0.074869 0.263518
vt 0.138596 0.632927
vt 0.135345 0.654507
vt 0.128571 0.654473
vt 0.131223 0.632935
vt 0.748432 0.353199
vt 0.755732 0.352592
vt 0.755179 0.375867
vt 0.748281 0.376320
vt 0.748492 0.341595
vt 0.756107 0.341067
vt 0.134001 0.621721
vt 0.141772 0.621982
vt 0.763336 0.352710
vt 0.761916 0.375776
vt 0.764091 0.341194
vt 0.770688 0.353733
vt 0.768451 0.376504
vt 0.771310 0.342302
vt 0.777084 0.355511
vt 0.774020 0.377857
vt 0.778210 0.344242
vt 0.783356 0.357744
vt 0.779747 0.379774
vt 0.784727 0.346507
vt 0.788863 0.360014
vt 0.785668 0.381913
vt 0.790435 0.348690
vt 0.785008 0.392401
vt 0.779507 0.390135
vt 0.773461 0.388373
vt 0.794573 0.362392
vt 0.792009 0.384106
vt 0.796180 0.351084
vt 0.790702 0.394928
vt 0.063539 0.638628
vt 0.070970 0.639460
vt 0.074456 0.658950
vt 0.067560 0.658395
vt 0.060860 0.627949
vt 0.068390 0.628976
vt 0.075803 0.668389
vt 0.069486 0.667609
vt 0.076990 0.677526
vt 0.071098 0.676414
vt 0.788926 0.405900
vt 0.783605 0.403158
vt 0.843484 0.164360
vt 0.849910 0.162375
vt 0.842158 0.142454
vt 0.837153 0.144687
vt 0.829372 0.144186
vt 0.842501 0.150214
vt 0.836971 0.152608
vt 0.837055 0.148739
vt 0.833374 0.152434
vt 0.896626 0.044044
vt 0.891482 0.042683
vt 0.893799 0.037499
vt 0.887094 0.047657
vt 0.757488 0.544653
vt 0.759105 0.586942
vt 0.760603 0.561036
vt 0.761613 0.586534
vt 0.764446 0.586087
vt 0.767919 0.585490
vt 0.771908 0.584934
vt 0.776239 0.584499
vt 0.292792 0.333855
vt 0.864689 0.310487
vt 0.863137 0.311328
vt 0.118141 0.656062
vt 0.117379 0.665947
vt 0.115990 0.675622
vt 0.113202 0.695292
vt 0.122824 0.655038
vt 0.113733 0.608467
vt 0.119545 0.606469
vt 0.125403 0.604080
vt 0.754676 0.519469
vt 0.758298 0.519589
vt 0.755201 0.537035
vt 0.761418 0.519466
vt 0.757796 0.536383
vt 0.515255 0.181965
vt 0.517064 0.180864
vt 0.521203 0.181658
vt 0.520262 0.181386
vt 0.518516 0.180911
vt 0.053794 0.591473
vt 0.053882 0.576171
vt 0.067398 0.578230
vt 0.065566 0.594510
vt 0.799283 0.316774
vt 0.791484 0.313942
vt 0.797997 0.328444
vt 0.790981 0.325640
vt 0.065074 0.606816
vt 0.054857 0.604283
vt 0.796750 0.339790
vt 0.790699 0.337249
vt 0.066381 0.618164
vt 0.057182 0.616619
vt 0.249176 0.242573
vt 0.745389 0.644309
vt 0.739352 0.641772
vt 0.742301 0.643232
vt 0.736633 0.640260
vt 0.521921 0.163257
vt 0.908625 0.157519
vt 0.535458 0.184239
vt 0.532512 0.181774
vt 0.538776 0.186811
vt 0.896760 0.023433
vt 0.078055 0.587061
vt 0.087883 0.584056
vt 0.506781 0.190235
vt 0.919719 0.216452
vt 0.078512 0.695935
vt 0.074943 0.742302
vt 0.073927 0.694225
vt 0.829809 0.152273
vt 0.613740 0.118832
vt 0.761756 0.612961
vt 0.953216 0.287396
vt 0.124877 0.633653
vt 0.127020 0.622428
vt 0.754888 0.386673
vt 0.748349 0.387474
vt 0.754458 0.397337
vt 0.748228 0.398533
vt 0.761578 0.386622
vt 0.760902 0.397055
vt 0.767888 0.387120
vt 0.766968 0.397636
vt 0.772417 0.398786
vt 0.778132 0.400752
vt 0.063989 0.559668
vt 0.087736 0.659586
vt 0.080894 0.659353
vt 0.785132 0.311721
vt 0.779430 0.309967
vt 0.772758 0.308472
vt 0.784465 0.323419
vt 0.778524 0.321555
vt 0.784632 0.335083
vt 0.086900 0.810006
vt 0.090706 0.807548
vt 0.785883 0.426680
vt 0.781656 0.424093
vt 0.776917 0.421578
vt 0.951600 0.287223
vt 0.509376 0.147856
vt 0.054157 0.559209
vt 0.914642 0.158428
vt 0.846150 0.139255
vt 0.847407 0.147306
vt 0.121221 0.623777
vt 0.123563 0.613579
vt 0.129683 0.611769
vt 0.116164 0.625191
vt 0.118109 0.615288
vt 0.119558 0.634777
vt 0.114826 0.635955
vt 0.131643 0.913160
vt 0.137242 0.610612
vt 0.145399 0.610512
vt 0.748015 0.330494
vt 0.747256 0.319293
vt 0.755786 0.318569
vt 0.755942 0.329737
vt 0.139603 0.598865
vt 0.148055 0.598030
vt 0.764641 0.307621
vt 0.764456 0.318721
vt 0.764108 0.330017
vt 0.772010 0.319843
vt 0.771467 0.331134
vt 0.778291 0.333030
vt 0.131972 0.601145
vt 0.163786 0.017650
vt 0.073610 0.935958
vt 0.076692 0.935851
vt 0.075873 0.937468
vt 0.074277 0.937638
vt 0.957548 0.291974
vt 0.950545 0.288639
vt 0.713653 0.438604
vt 0.713635 0.438590
vt 0.520434 0.183334
vt 0.518210 0.183224
vt 0.909771 0.413868
vt 0.911417 0.414280
vt 0.908687 0.416036
vt 0.912261 0.415479
vt 0.316249 0.284134
vt 0.338014 0.424646
vt 0.335766 0.438375
vt 0.331095 0.439124
vt 0.334597 0.425776
vt 0.340333 0.437867
vt 0.340937 0.423917
vt 0.344034 0.423695
vt 0.344295 0.437341
vt 0.333187 0.457470
vt 0.328231 0.458109
vt 0.338725 0.456587
vt 0.343959 0.456631
vt 0.347199 0.424098
vt 0.348399 0.437445
vt 0.320626 0.436017
vt 0.328438 0.423917
vt 0.330992 0.425641
vt 0.325643 0.438265
vt 0.354068 0.426069
vt 0.358764 0.439465
vt 0.353346 0.439063
vt 0.350253 0.425529
vt 0.354109 0.458538
vt 0.349111 0.457324
vt 0.360229 0.459193
vt 0.360604 0.469048
vt 0.354114 0.468381
vt 0.349449 0.467269
vt 0.343530 0.466479
vt 0.337329 0.466485
vt 0.342835 0.476060
vt 0.349758 0.477117
vt 0.354379 0.478232
vt 0.335959 0.476389
vt 0.356514 0.487323
vt 0.350577 0.486953
vt 0.342672 0.486549
vt 0.331577 0.467531
vt 0.326533 0.468112
vt 0.330502 0.477321
vt 0.324446 0.477842
vt 0.328862 0.486713
vt 0.321863 0.486253
vt 0.334849 0.486502
vt 0.321205 0.457252
vt 0.319506 0.467252
vt 0.332725 0.420985
vt 0.337288 0.422790
vt 0.313154 0.465759
vt 0.314879 0.455435
vt 0.361591 0.478102
vt 0.311481 0.474519
vt 0.317595 0.476321
vt 0.363525 0.486507
vt 0.314875 0.484313
vt 0.308842 0.481863
vt 0.249238 0.347555
vt 0.235338 0.346180
vt 0.245586 0.360607
vt 0.230983 0.362475
vt 0.079701 0.042209
vt 0.075207 0.029963
vt 0.085431 0.031971
vt 0.091105 0.041240
vt 0.261781 0.346891
vt 0.271034 0.346694
vt 0.280178 0.345517
vt 0.290164 0.345275
vt 0.184710 0.342163
vt 0.174709 0.341598
vt 0.198845 0.342023
vt 0.203398 0.331405
vt 0.208990 0.327674
vt 0.215987 0.327813
vt 0.223459 0.331441
vt 0.231189 0.337812
vt 0.073034 0.042636
vt 0.069589 0.031447
vt 0.065937 0.044121
vt 0.064437 0.035247
vt 0.059674 0.036783
vt 0.056900 0.043153
vt 0.049803 0.040606
vt 0.058048 0.032300
vt 0.041704 0.035006
vt 0.055022 0.030852
vt 0.050103 0.021013
vt 0.056521 0.024565
vt 0.093842 0.029798
vt 0.097471 0.036800
vt 0.106739 0.032627
vt 0.103861 0.023265
vt 0.034823 0.022658
vt 0.041401 0.017648
vt 0.195458 0.355908
vt 0.184150 0.353922
vt 0.173036 0.351530
vt 0.288776 0.355900
vt 0.277680 0.356134
vt 0.267822 0.357541
vt 0.258008 0.358829
vt 0.230711 0.374937
vt 0.218636 0.376597
vt 0.221095 0.367990
vt 0.211984 0.367816
vt 0.205673 0.375240
vt 0.243839 0.372435
vt 0.254902 0.369789
vt 0.264418 0.367859
vt 0.274588 0.366287
vt 0.287094 0.366958
vt 0.183599 0.367303
vt 0.171043 0.362185
vt 0.196200 0.370253
vt 0.206718 0.367153
vt 0.204451 0.356315
vt 0.230225 0.383655
vt 0.218103 0.384527
vt 0.205970 0.384014
vt 0.242818 0.381398
vt 0.253672 0.379057
vt 0.262944 0.377189
vt 0.272219 0.375895
vt 0.284484 0.377407
vt 0.181796 0.380782
vt 0.168571 0.372901
vt 0.194652 0.382725
vt 0.230648 0.390588
vt 0.218761 0.391450
vt 0.206700 0.392088
vt 0.242426 0.388822
vt 0.252749 0.386827
vt 0.261643 0.385302
vt 0.269915 0.384553
vt 0.178620 0.395286
vt 0.194473 0.393486
vt 0.168953 0.383863
vt 0.281166 0.386261
vt 0.232407 0.397525
vt 0.221096 0.398468
vt 0.209955 0.399864
vt 0.243187 0.395896
vt 0.252376 0.394107
vt 0.260176 0.392775
vt 0.267979 0.392412
vt 0.188427 0.411144
vt 0.199461 0.402818
vt 0.162994 0.394099
vt 0.162419 0.386685
vt 0.278255 0.393423
vt 0.235265 0.405614
vt 0.225164 0.406861
vt 0.215730 0.408322
vt 0.245920 0.403623
vt 0.253030 0.401477
vt 0.259633 0.400157
vt 0.266694 0.399513
vt 0.199205 0.417809
vt 0.207554 0.410962
vt 0.186103 0.425563
vt 0.195400 0.426853
vt 0.275578 0.399267
vt 0.244348 0.425921
vt 0.236347 0.426708
vt 0.229068 0.427565
vt 0.251568 0.424338
vt 0.257002 0.421725
vt 0.262589 0.417876
vt 0.268705 0.415009
vt 0.215948 0.434639
vt 0.222676 0.429337
vt 0.211316 0.441437
vt 0.275909 0.412911
vt 0.255481 0.446658
vt 0.249069 0.447131
vt 0.242948 0.447307
vt 0.261414 0.445342
vt 0.265828 0.441760
vt 0.269443 0.436821
vt 0.273975 0.432966
vt 0.232050 0.452254
vt 0.237579 0.448120
vt 0.228463 0.458208
vt 0.279706 0.429973
vt 0.267740 0.466925
vt 0.263189 0.467309
vt 0.258700 0.467267
vt 0.271900 0.465879
vt 0.275328 0.464046
vt 0.277909 0.459067
vt 0.281081 0.454277
vt 0.250202 0.470547
vt 0.254527 0.467335
vt 0.247585 0.475161
vt 0.285233 0.450903
vt 0.282650 0.490016
vt 0.280396 0.490291
vt 0.277991 0.490580
vt 0.285396 0.489005
vt 0.287906 0.487605
vt 0.289626 0.485091
vt 0.290937 0.481954
vt 0.275683 0.490487
vt 0.292181 0.479572
vt 0.273199 0.491253
vt 0.272527 0.492889
vt 0.275614 0.490518
vt 0.272952 0.494749
vt 0.277930 0.497200
vt 0.274955 0.496647
vt 0.293509 0.498397
vt 0.286256 0.502887
vt 0.275649 0.490502
vt 0.055501 0.051125
vt 0.049152 0.049855
vt 0.044120 0.048603
vt 0.038044 0.049871
vt 0.034752 0.043569
vt 0.030543 0.052493
vt 0.026672 0.045062
vt 0.024092 0.053007
vt 0.020712 0.046175
vt 0.075108 0.051792
vt 0.084116 0.052298
vt 0.091689 0.049252
vt 0.067796 0.051801
vt 0.054951 0.067011
vt 0.049852 0.066723
vt 0.045028 0.066564
vt 0.040226 0.066875
vt 0.032506 0.067096
vt 0.026758 0.067204
vt 0.080446 0.070021
vt 0.073072 0.067807
vt 0.018231 0.054051
vt 0.019748 0.066877
vt 0.065870 0.067315
vt 0.050413 0.101283
vt 0.045695 0.101616
vt 0.041602 0.101242
vt 0.037900 0.100014
vt 0.032535 0.100271
vt 0.026426 0.099952
vt 0.068162 0.104665
vt 0.063809 0.102977
vt 0.020677 0.099160
vt 0.059373 0.101801
vt 0.049204 0.113699
vt 0.044923 0.113637
vt 0.040736 0.112911
vt 0.036164 0.111777
vt 0.030883 0.111865
vt 0.026020 0.111393
vt 0.063719 0.115788
vt 0.059586 0.114594
vt 0.073072 0.108003
vt 0.068572 0.118145
vt 0.056642 0.114111
vt 0.048348 0.126493
vt 0.043586 0.125963
vt 0.039407 0.124900
vt 0.034369 0.123582
vt 0.029952 0.124319
vt 0.025654 0.124730
vt 0.060174 0.127330
vt 0.057368 0.127247
vt 0.064525 0.127918
vt 0.055216 0.127155
vt 0.045501 0.150411
vt 0.042599 0.149226
vt 0.040190 0.148315
vt 0.037034 0.148181
vt 0.034627 0.149124
vt 0.032510 0.150294
vt 0.052722 0.151363
vt 0.051033 0.151825
vt 0.055302 0.150669
vt 0.049660 0.151831
vt 0.047310 0.174452
vt 0.045357 0.173604
vt 0.041713 0.173655
vt 0.040072 0.173905
vt 0.039134 0.174304
vt 0.037941 0.175456
vt 0.053817 0.173381
vt 0.052840 0.173641
vt 0.054728 0.172925
vt 0.051207 0.174055
vt 0.050817 0.174096
vt 0.048975 0.174288
vt 0.048311 0.174360
vt 0.049075 0.175228
vt 0.050111 0.174776
vt 0.042899 0.173670
vt 0.043128 0.174082
vt 0.050418 0.181131
vt 0.039306 0.176129
vt 0.407097 0.300721
vt 0.405679 0.301610
vt 0.415555 0.313005
vt 0.424688 0.306972
vt 0.426538 0.313965
vt 0.435432 0.303433
vt 0.444083 0.300875
vt 0.437054 0.315810
vt 0.447788 0.319936
vt 0.458010 0.306423
vt 0.473756 0.316781
vt 0.456514 0.325895
vt 0.328544 0.285745
vt 0.344671 0.286742
vt 0.332234 0.298397
vt 0.315619 0.293636
vt 0.331397 0.279152
vt 0.339205 0.269472
vt 0.381284 0.299586
vt 0.392587 0.300721
vt 0.362315 0.289610
vt 0.360058 0.299459
vt 0.343470 0.303184
vt 0.330349 0.312436
vt 0.439839 0.335248
vt 0.445824 0.339577
vt 0.433213 0.330632
vt 0.423893 0.325685
vt 0.411356 0.319693
vt 0.400455 0.310189
vt 0.370439 0.293176
vt 0.374348 0.303126
vt 0.328132 0.274135
vt 0.339949 0.261334
vt 0.323229 0.264204
vt 0.338376 0.258364
vt 0.391091 0.306995
vt 0.382955 0.304985
vt 0.350279 0.312890
vt 0.365280 0.311520
vt 0.339997 0.316663
vt 0.432635 0.342212
vt 0.427990 0.337312
vt 0.421659 0.332341
vt 0.411617 0.326571
vt 0.401599 0.320319
vt 0.394842 0.317356
vt 0.374706 0.312867
vt 0.388849 0.314891
vt 0.381283 0.313778
vt 0.347580 0.324302
vt 0.362707 0.323298
vt 0.337366 0.326250
vt 0.427904 0.347716
vt 0.424067 0.344356
vt 0.419899 0.341662
vt 0.410642 0.338458
vt 0.401420 0.333127
vt 0.391783 0.325543
vt 0.372039 0.322534
vt 0.386330 0.323502
vt 0.378766 0.322921
vt 0.366623 0.330208
vt 0.358789 0.330910
vt 0.350901 0.335228
vt 0.413711 0.349512
vt 0.410279 0.345905
vt 0.407234 0.343274
vt 0.402320 0.341043
vt 0.396599 0.338551
vt 0.390497 0.335894
vt 0.372284 0.330644
vt 0.384755 0.333054
vt 0.377519 0.331370
vt 0.362508 0.364564
vt 0.360623 0.346988
vt 0.367538 0.345510
vt 0.368473 0.361789
vt 0.353522 0.349796
vt 0.355968 0.366947
vt 0.402379 0.353214
vt 0.406693 0.355077
vt 0.402496 0.369671
vt 0.397895 0.368612
vt 0.399436 0.352541
vt 0.395212 0.367993
vt 0.396335 0.351985
vt 0.393026 0.366681
vt 0.392364 0.350656
vt 0.389843 0.364487
vt 0.387951 0.348719
vt 0.385367 0.362381
vt 0.372310 0.345146
vt 0.371930 0.360072
vt 0.383560 0.346825
vt 0.381194 0.361078
vt 0.377188 0.345375
vt 0.376202 0.359859
vt 0.362861 0.382968
vt 0.368421 0.380225
vt 0.356727 0.384989
vt 0.401039 0.385776
vt 0.396596 0.384769
vt 0.393976 0.383692
vt 0.391519 0.382405
vt 0.388075 0.380699
vt 0.383744 0.379170
vt 0.371639 0.378374
vt 0.379651 0.378144
vt 0.375342 0.377673
vt 0.365414 0.409478
vt 0.370466 0.407826
vt 0.359573 0.411041
vt 0.397329 0.410512
vt 0.393518 0.409694
vt 0.390967 0.408917
vt 0.388239 0.408301
vt 0.385943 0.407564
vt 0.382809 0.407067
vt 0.373587 0.406727
vt 0.379820 0.406564
vt 0.376344 0.406385
vt 0.366838 0.420626
vt 0.371759 0.419568
vt 0.361605 0.422567
vt 0.395044 0.420256
vt 0.391866 0.420425
vt 0.389652 0.420712
vt 0.387817 0.420825
vt 0.385718 0.420660
vt 0.383321 0.420284
vt 0.374651 0.419473
vt 0.380737 0.419927
vt 0.377598 0.419626
vt 0.371339 0.454503
vt 0.374743 0.454393
vt 0.368032 0.455385
vt 0.392027 0.454375
vt 0.389885 0.454772
vt 0.388566 0.455205
vt 0.387363 0.455563
vt 0.385811 0.455480
vt 0.384022 0.455294
vt 0.376846 0.454714
vt 0.381716 0.455074
vt 0.379089 0.454982
vt 0.374770 0.501686
vt 0.376174 0.501257
vt 0.371742 0.501320
vt 0.388967 0.502294
vt 0.387758 0.502673
vt 0.386454 0.502868
vt 0.383561 0.503372
vt 0.381389 0.503048
vt 0.379564 0.502574
vt 0.376884 0.501214
vt 0.378189 0.502202
vt 0.377499 0.501708
vt 0.371786 0.501327
vt 0.371790 0.501327
vt 0.386111 0.502935
vt 0.384728 0.503989
vt 0.383542 0.504742
vt 0.386108 0.502947
vt 0.371782 0.501326
vt 0.385765 0.503204
vt 0.385393 0.503485
vt 0.374964 0.513744
vt 0.337000 0.419413
vt 0.334514 0.416959
vt 0.328093 0.419504
vt 0.330973 0.417093
vt 0.788735 0.531065
vt 0.838507 0.080766
vn 0.609090 0.141330 0.780407
vn 0.130899 0.166335 0.977342
vn 0.123722 -0.567474 0.814043
vn 0.519783 -0.586997 0.620694
vn 0.130899 0.166335 0.977342
vn -0.210244 0.220256 0.952515
vn -0.173464 -0.558856 0.810919
vn 0.123722 -0.567474 0.814043
vn -0.210244 0.220256 0.952515
vn -0.666103 0.306021 0.680190
vn -0.612713 -0.479128 0.628506
vn -0.173464 -0.558856 0.810919
vn 0.638511 0.296855 0.710057
vn 0.143101 0.423857 0.894353
vn 0.130899 0.166335 0.977342
vn 0.609090 0.141330 0.780407
vn 0.143101 0.423857 0.894353
vn -0.297990 0.404517 0.864620
vn -0.210244 0.220256 0.952515
vn 0.130899 0.166335 0.977342
vn -0.297990 0.404517 0.864620
vn -0.684562 0.345849 0.641688
vn -0.666103 0.306021 0.680190
vn -0.210244 0.220256 0.952515
vn 0.424443 0.524417 0.738130
vn 0.149633 0.730817 0.665970
vn 0.143101 0.423857 0.894353
vn 0.638511 0.296855 0.710057
vn 0.149633 0.730817 0.665970
vn -0.199455 0.649526 0.733712
vn -0.297990 0.404517 0.864620
vn 0.143101 0.423857 0.894353
vn -0.199455 0.649526 0.733712
vn -0.556291 0.512770 0.653917
vn -0.684562 0.345849 0.641688
vn -0.297990 0.404517 0.864620
vn -0.772535 0.034339 -0.634043
vn -0.006289 -0.061323 -0.998098
vn -0.020347 -0.647329 -0.761939
vn -0.658449 -0.550933 -0.512755
vn -0.006289 -0.061323 -0.998098
vn 0.204384 0.132819 -0.969838
vn 0.138872 -0.639696 -0.755979
vn -0.020347 -0.647329 -0.761939
vn 0.204384 0.132819 -0.969838
vn 0.436590 0.204823 -0.876035
vn 0.366407 -0.561831 -0.741682
vn 0.138872 -0.639696 -0.755979
vn -0.753324 0.145067 -0.641450
vn 0.166178 0.142959 -0.975678
vn -0.006289 -0.061323 -0.998098
vn -0.772535 0.034339 -0.634043
vn 0.166178 0.142959 -0.975678
vn 0.353773 0.197654 -0.914209
vn 0.204384 0.132819 -0.969838
vn -0.006289 -0.061323 -0.998098
vn 0.353773 0.197654 -0.914209
vn 0.902672 0.272292 -0.333227
vn 0.436590 0.204823 -0.876035
vn 0.204384 0.132819 -0.969838
vn -0.636238 0.464727 -0.615817
vn -0.017872 0.798021 -0.602364
vn 0.166178 0.142959 -0.975678
vn -0.753324 0.145067 -0.641450
vn -0.017872 0.798021 -0.602364
vn 0.409581 0.564649 -0.716530
vn 0.353773 0.197654 -0.914209
vn 0.166178 0.142959 -0.975678
vn 0.409581 0.564649 -0.716530
vn 0.743348 0.668323 -0.027895
vn 0.902672 0.272292 -0.333227
vn 0.353773 0.197654 -0.914209
vn -0.534731 0.845019 -0.002591
vn 0.052253 0.990922 0.123868
vn -0.017872 0.798021 -0.602364
vn -0.636238 0.464727 -0.615817
vn 0.052253 0.990922 0.123868
vn 0.398650 0.801374 -0.445958
vn 0.409581 0.564649 -0.716530
vn -0.017872 0.798021 -0.602364
vn 0.398650 0.801374 -0.445958
vn 0.600025 0.767797 -0.224630
vn 0.743348 0.668323 -0.027895
vn 0.409581 0.564649 -0.716530
vn -0.678639 0.543420 0.494108
vn -0.230172 0.774158 0.589661
vn 0.052253 0.990922 0.123868
vn -0.534731 0.845019 -0.002591
vn -0.230172 0.774158 0.589661
vn 0.341033 0.933993 0.106555
vn 0.398650 0.801374 -0.445958
vn 0.052253 0.990922 0.123868
vn 0.341033 0.933993 0.106555
vn 0.643337 0.761425 0.079681
vn 0.600025 0.767797 -0.224630
vn 0.398650 0.801374 -0.445958
vn -0.556291 0.512770 0.653917
vn -0.199455 0.649526 0.733712
vn -0.230172 0.774158 0.589661
vn -0.678639 0.543420 0.494108
vn -0.199455 0.649526 0.733712
vn 0.149633 0.730817 0.665970
vn 0.341033 0.933993 0.106555
vn -0.230172 0.774158 0.589661
vn 0.149633 0.730817 0.665970
vn 0.424443 0.524417 0.738130
vn 0.643337 0.761425 0.079681
vn 0.341033 0.933993 0.106555
vn 0.806813 -0.523329 -0.274190
vn 0.000025 -1.000000 0.000097
vn 0.138872 -0.639696 -0.755979
vn 0.366407 -0.561831 -0.741682
vn 0.000025 -1.000000 0.000097
vn 0.000223 -1.000000 0.000123
vn -0.020347 -0.647329 -0.761939
vn 0.138872 -0.639696 -0.755979
vn 0.000223 -1.000000 0.000123
vn -0.817019 -0.575091 0.041845
vn -0.658449 -0.550933 -0.512755
vn -0.020347 -0.647329 -0.761939
vn 0.721832 -0.614257 0.318821
vn -0.000113 -0.999993 -0.003873
vn 0.000025 -1.000000 0.000097
vn 0.806813 -0.523329 -0.274190
vn -0.000113 -0.999993 -0.003873
vn -0.000008 -1.000000 -0.000041
vn 0.000223 -1.000000 0.000123
vn 0.000025 -1.000000 0.000097
vn -0.000008 -1.000000 -0.000041
vn -0.807198 -0.541696 0.234514
vn -0.817019 -0.575091 0.041845
vn 0.000223 -1.000000 0.000123
vn 0.519783 -0.586997 0.620694
vn 0.123722 -0.567474 0.814043
vn -0.000113 -0.999993 -0.003873
vn 0.721832 -0.614257 0.318821
vn 0.123722 -0.567474 0.814043
vn -0.173464 -0.558856 0.810919
vn -0.000008 -1.000000 -0.000041
vn -0.000113 -0.999993 -0.003873
vn -0.173464 -0.558856 0.810919
vn -0.612713 -0.479128 0.628506
vn -0.807198 -0.541696 0.234514
vn -0.000008 -1.000000 -0.000041
vn 0.436590 0.204823 -0.876035
vn 0.935116 0.228054 -0.271199
vn 0.806813 -0.523329 -0.274190
vn 0.366407 -0.561831 -0.741682
vn 0.935116 0.228054 -0.271199
vn 0.910346 0.130789 0.392639
vn 0.721832 -0.614257 0.318821
vn 0.806813 -0.523329 -0.274190
vn 0.910346 0.130789 0.392639
vn 0.609090 0.141330 0.780407
vn 0.519783 -0.586997 0.620694
vn 0.721832 -0.614257 0.318821
vn 0.902672 0.272292 -0.333227
vn 0.722327 0.557081 -0.409761
vn 0.935116 0.228054 -0.271199
vn 0.436590 0.204823 -0.876035
vn 0.722327 0.557081 -0.409761
vn 0.853676 0.435585 0.285488
vn 0.910346 0.130789 0.392639
vn 0.935116 0.228054 -0.271199
vn 0.853676 0.435585 0.285488
vn 0.638511 0.296855 0.710057
vn 0.609090 0.141330 0.780407
vn 0.910346 0.130789 0.392639
vn 0.743348 0.668323 -0.027895
vn 0.600025 0.767797 -0.224630
vn 0.722327 0.557081 -0.409761
vn 0.902672 0.272292 -0.333227
vn 0.600025 0.767797 -0.224630
vn 0.643337 0.761425 0.079681
vn 0.853676 0.435585 0.285488
vn 0.722327 0.557081 -0.409761
vn 0.643337 0.761425 0.079681
vn 0.424443 0.524417 0.738130
vn 0.638511 0.296855 0.710057
vn 0.853676 0.435585 0.285488
vn -0.666103 0.306021 0.680190
vn -0.910951 0.290174 0.293202
vn -0.807198 -0.541696 0.234514
vn -0.612713 -0.479128 0.628506
vn -0.910951 0.290174 0.293202
vn -0.973149 0.221384 0.063004
vn -0.817019 -0.575091 0.041845
vn -0.807198 -0.541696 0.234514
vn -0.973149 0.221384 0.063004
vn -0.772535 0.034339 -0.634043
vn -0.658449 -0.550933 -0.512755
vn -0.817019 -0.575091 0.041845
vn -0.684562 0.345849 0.641688
vn -0.888342 0.327118 0.322247
vn -0.910951 0.290174 0.293202
vn -0.666103 0.306021 0.680190
vn -0.888342 0.327118 0.322247
vn -0.933763 0.289228 0.210793
vn -0.973149 0.221384 0.063004
vn -0.910951 0.290174 0.293202
vn -0.933763 0.289228 0.210793
vn -0.753324 0.145067 -0.641450
vn -0.772535 0.034339 -0.634043
vn -0.973149 0.221384 0.063004
vn -0.556291 0.512770 0.653917
vn -0.678639 0.543420 0.494108
vn -0.888342 0.327118 0.322247
vn -0.684562 0.345849 0.641688
vn -0.678639 0.543420 0.494108
vn -0.534731 0.845019 -0.002591
vn -0.933763 0.289228 0.210793
vn -0.888342 0.327118 0.322247
vn -0.534731 0.845019 -0.002591
vn -0.636238 0.464727 -0.615817
vn -0.753324 0.145067 -0.641450
vn -0.933763 0.289228 0.210793
vn 0.753521 -0.261488 -0.603183
vn 0.971427 -0.135358 0.194954
vn 0.644022 -0.761928 0.068564
vn 0.700462 -0.560016 -0.442419
vn 0.971427 -0.135358 0.194954
vn 0.966073 -0.019551 0.257528
vn 0.636123 -0.733546 0.239287
vn 0.644022 -0.761928 0.068564
vn 0.966073 -0.019551 0.257528
vn 0.823350 -0.179263 0.538479
vn 0.366271 -0.833324 0.414025
vn 0.636123 -0.733546 0.239287
vn 0.826421 0.106943 -0.552804
vn 0.911581 0.260543 0.318021
vn 0.971427 -0.135358 0.194954
vn 0.753521 -0.261488 -0.603183
vn 0.911581 0.260543 0.318021
vn 0.872309 0.302708 0.383986
vn 0.966073 -0.019551 0.257528
vn 0.971427 -0.135358 0.194954
vn 0.872309 0.302708 0.383986
vn 0.799408 0.452577 0.395123
vn 0.823350 -0.179263 0.538479
vn 0.966073 -0.019551 0.257528
vn 0.799408 0.452577 0.395123
vn 0.393522 0.115472 0.912034
vn 0.389827 -0.108861 0.914431
vn 0.823350 -0.179263 0.538479
vn 0.727638 0.551055 -0.408512
vn 0.745815 0.623198 0.235340
vn 0.911581 0.260543 0.318021
vn 0.826421 0.106943 -0.552804
vn 0.745815 0.623198 0.235340
vn 0.726413 0.590175 0.352160
vn 0.872309 0.302708 0.383986
vn 0.911581 0.260543 0.318021
vn 0.726413 0.590175 0.352160
vn 0.679843 0.649993 0.339592
vn 0.799408 0.452577 0.395123
vn 0.872309 0.302708 0.383986
vn 0.681853 0.700924 -0.209242
vn 0.607390 0.791102 0.072354
vn 0.745815 0.623198 0.235340
vn 0.727638 0.551055 -0.408512
vn 0.607390 0.791102 0.072354
vn 0.629316 0.709234 0.317726
vn 0.726413 0.590175 0.352160
vn 0.745815 0.623198 0.235340
vn 0.629316 0.709234 0.317726
vn 0.625720 0.715582 0.310511
vn 0.679843 0.649993 0.339592
vn 0.726413 0.590175 0.352160
vn -0.983109 -0.061548 -0.172362
vn -0.806620 -0.015776 -0.590860
vn -0.638985 -0.638648 -0.428751
vn -0.736333 -0.676597 -0.005497
vn -0.806620 -0.015776 -0.590860
vn -0.684081 -0.014534 -0.729261
vn -0.667247 -0.205455 -0.715940
vn -0.638985 -0.638648 -0.428751
vn -0.684081 -0.014534 -0.729261
vn -0.491884 -0.064461 -0.868271
vn -0.673263 -0.023546 -0.739028
vn -0.667247 -0.205455 -0.715940
vn -0.992738 0.020788 -0.118489
vn -0.816012 -0.011023 -0.577930
vn -0.806620 -0.015776 -0.590860
vn -0.983109 -0.061548 -0.172362
vn -0.816012 -0.011023 -0.577930
vn -0.683705 -0.009331 -0.729699
vn -0.684081 -0.014534 -0.729261
vn -0.806620 -0.015776 -0.590860
vn -0.683705 -0.009331 -0.729699
vn -0.522562 -0.056307 -0.850740
vn -0.491884 -0.064461 -0.868271
vn -0.684081 -0.014534 -0.729261
vn -0.973944 0.108145 -0.199345
vn -0.807606 0.137694 -0.573422
vn -0.816012 -0.011023 -0.577930
vn -0.992738 0.020788 -0.118489
vn -0.807606 0.137694 -0.573422
vn -0.683343 0.012603 -0.729989
vn -0.683705 -0.009331 -0.729699
vn -0.816012 -0.011023 -0.577930
vn -0.683343 0.012603 -0.729989
vn -0.545986 0.105509 -0.831124
vn -0.522562 -0.056307 -0.850740
vn -0.683705 -0.009331 -0.729699
vn -0.824774 0.551533 -0.124735
vn -0.617465 0.654934 -0.435659
vn -0.807606 0.137694 -0.573422
vn -0.973944 0.108145 -0.199345
vn -0.617465 0.654934 -0.435659
vn -0.117948 0.894688 -0.430838
vn -0.683343 0.012603 -0.729989
vn -0.807606 0.137694 -0.573422
vn -0.117948 0.894688 -0.430838
vn -0.383276 0.511870 -0.768823
vn -0.545986 0.105509 -0.831124
vn -0.683343 0.012603 -0.729989
vn -0.349448 0.936942 -0.005195
vn -0.142718 0.950779 -0.275048
vn -0.617465 0.654934 -0.435659
vn -0.824774 0.551533 -0.124735
vn -0.142718 0.950779 -0.275048
vn -0.132109 0.957573 -0.256128
vn -0.117948 0.894688 -0.430838
vn -0.617465 0.654934 -0.435659
vn -0.132109 0.957573 -0.256128
vn -0.022872 0.673577 -0.738763
vn -0.383276 0.511870 -0.768823
vn -0.117948 0.894688 -0.430838
vn 0.160178 0.972333 0.170034
vn 0.274645 0.959994 -0.054604
vn -0.142718 0.950779 -0.275048
vn -0.349448 0.936942 -0.005195
vn 0.274645 0.959994 -0.054604
vn -0.032259 0.972728 -0.229696
vn -0.132109 0.957573 -0.256128
vn -0.142718 0.950779 -0.275048
vn -0.032259 0.972728 -0.229696
vn 0.175516 0.744766 -0.643830
vn -0.022872 0.673577 -0.738763
vn -0.132109 0.957573 -0.256128
vn 0.615609 0.720530 0.319158
vn 0.590005 0.753974 0.288820
vn 0.274645 0.959994 -0.054604
vn 0.160178 0.972333 0.170034
vn 0.590005 0.753974 0.288820
vn 0.382720 0.921491 0.066189
vn -0.032259 0.972728 -0.229696
vn 0.274645 0.959994 -0.054604
vn 0.382720 0.921491 0.066189
vn 0.443687 0.712082 -0.544134
vn 0.175516 0.744766 -0.643830
vn -0.032259 0.972728 -0.229696
vn 0.625720 0.715582 0.310511
vn 0.629316 0.709234 0.317726
vn 0.590005 0.753974 0.288820
vn 0.615609 0.720530 0.319158
vn 0.629316 0.709234 0.317726
vn 0.607390 0.791102 0.072354
vn 0.382720 0.921491 0.066189
vn 0.590005 0.753974 0.288820
vn 0.607390 0.791102 0.072354
vn 0.681853 0.700924 -0.209242
vn 0.443687 0.712082 -0.544134
vn 0.382720 0.921491 0.066189
vn 0.111879 -0.816257 -0.566751
vn -0.512806 -0.630319 -0.582863
vn -0.667247 -0.205455 -0.715940
vn -0.673263 -0.023546 -0.739028
vn -0.512806 -0.630319 -0.582863
vn -0.007074 -0.999939 -0.008438
vn -0.638985 -0.638648 -0.428751
vn -0.667247 -0.205455 -0.715940
vn -0.007074 -0.999939 -0.008438
vn -0.149058 -0.959802 0.237826
vn -0.736333 -0.676597 -0.005497
vn -0.638985 -0.638648 -0.428751
vn 0.162132 -0.619983 -0.767681
vn 0.016701 -0.847437 -0.530633
vn -0.512806 -0.630319 -0.582863
vn 0.111879 -0.816257 -0.566751
vn 0.016701 -0.847437 -0.530633
vn 0.000129 -1.000000 -0.000318
vn -0.007074 -0.999939 -0.008438
vn -0.512806 -0.630319 -0.582863
vn 0.000129 -1.000000 -0.000318
vn -0.042287 -0.992579 0.114013
vn -0.149058 -0.959802 0.237826
vn -0.007074 -0.999939 -0.008438
vn -0.042287 -0.992579 0.114013
vn -0.258523 -0.790753 0.554865
vn -0.376760 -0.588403 0.715426
vn -0.149058 -0.959802 0.237826
vn 0.164328 -0.697042 -0.697946
vn 0.065507 -0.987030 -0.146565
vn 0.016701 -0.847437 -0.530633
vn 0.162132 -0.619983 -0.767681
vn 0.065507 -0.987030 -0.146565
vn 0.003677 -0.999992 0.001359
vn 0.000129 -1.000000 -0.000318
vn 0.016701 -0.847437 -0.530633
vn 0.003677 -0.999992 0.001359
vn -0.024798 -0.967111 0.253145
vn -0.042287 -0.992579 0.114013
vn 0.000129 -1.000000 -0.000318
vn -0.024798 -0.967111 0.253145
vn -0.102343 -0.661666 0.742781
vn -0.258523 -0.790753 0.554865
vn -0.042287 -0.992579 0.114013
vn 0.700462 -0.560016 -0.442419
vn 0.644022 -0.761928 0.068564
vn 0.065507 -0.987030 -0.146565
vn 0.164328 -0.697042 -0.697946
vn 0.644022 -0.761928 0.068564
vn 0.636123 -0.733546 0.239287
vn 0.003677 -0.999992 0.001359
vn 0.065507 -0.987030 -0.146565
vn 0.636123 -0.733546 0.239287
vn 0.366271 -0.833324 0.414025
vn -0.024798 -0.967111 0.253145
vn 0.003677 -0.999992 0.001359
vn -0.491884 -0.064461 -0.868271
vn -0.063935 -0.161659 -0.984773
vn 0.111879 -0.816257 -0.566751
vn -0.673263 -0.023546 -0.739028
vn -0.063935 -0.161659 -0.984773
vn 0.101202 -0.224015 -0.969317
vn 0.162132 -0.619983 -0.767681
vn 0.111879 -0.816257 -0.566751
vn 0.101202 -0.224015 -0.969317
vn 0.115687 -0.266876 -0.956762
vn 0.164328 -0.697042 -0.697946
vn 0.162132 -0.619983 -0.767681
vn 0.115687 -0.266876 -0.956762
vn 0.753521 -0.261488 -0.603183
vn 0.700462 -0.560016 -0.442419
vn 0.164328 -0.697042 -0.697946
vn -0.522562 -0.056307 -0.850740
vn -0.165657 -0.118276 -0.979065
vn -0.063935 -0.161659 -0.984773
vn -0.491884 -0.064461 -0.868271
vn -0.165657 -0.118276 -0.979065
vn 0.063926 -0.129302 -0.989543
vn 0.101202 -0.224015 -0.969317
vn -0.063935 -0.161659 -0.984773
vn 0.063926 -0.129302 -0.989543
vn 0.151965 -0.057077 -0.986737
vn 0.115687 -0.266876 -0.956762
vn 0.101202 -0.224015 -0.969317
vn 0.151965 -0.057077 -0.986737
vn 0.826421 0.106943 -0.552804
vn 0.753521 -0.261488 -0.603183
vn 0.115687 -0.266876 -0.956762
vn -0.545986 0.105509 -0.831124
vn -0.113740 0.050791 -0.992211
vn -0.165657 -0.118276 -0.979065
vn -0.522562 -0.056307 -0.850740
vn -0.113740 0.050791 -0.992211
vn 0.251708 0.113465 -0.961129
vn 0.063926 -0.129302 -0.989543
vn -0.165657 -0.118276 -0.979065
vn 0.251708 0.113465 -0.961129
vn 0.390282 0.298337 -0.871020
vn 0.151965 -0.057077 -0.986737
vn 0.063926 -0.129302 -0.989543
vn 0.390282 0.298337 -0.871020
vn 0.727638 0.551055 -0.408512
vn 0.826421 0.106943 -0.552804
vn 0.151965 -0.057077 -0.986737
vn -0.383276 0.511870 -0.768823
vn -0.022872 0.673577 -0.738763
vn -0.113740 0.050791 -0.992211
vn -0.545986 0.105509 -0.831124
vn -0.022872 0.673577 -0.738763
vn 0.175516 0.744766 -0.643830
vn 0.251708 0.113465 -0.961129
vn -0.113740 0.050791 -0.992211
vn 0.175516 0.744766 -0.643830
vn 0.443687 0.712082 -0.544134
vn 0.390282 0.298337 -0.871020
vn 0.251708 0.113465 -0.961129
vn 0.443687 0.712082 -0.544134
vn 0.681853 0.700924 -0.209242
vn 0.727638 0.551055 -0.408512
vn 0.390282 0.298337 -0.871020
vn -0.257081 -0.151605 -0.954424
vn 0.592733 -0.267962 -0.759515
vn 0.558992 -0.298464 -0.773594
vn 0.140290 -0.378257 -0.915009
vn 0.592733 -0.267962 -0.759515
vn 0.873439 -0.055400 -0.483772
vn 0.745850 -0.452884 -0.488471
vn 0.558992 -0.298464 -0.773594
vn 0.873439 -0.055400 -0.483772
vn 0.916836 -0.038409 -0.397412
vn 0.808697 -0.524274 -0.266731
vn 0.745850 -0.452884 -0.488471
vn 0.916836 -0.038409 -0.397412
vn 0.986012 -0.071988 -0.150328
vn 0.930290 0.343108 -0.129763
vn 0.808697 -0.524274 -0.266731
vn 0.144371 0.123518 -0.981784
vn 0.671086 -0.151891 -0.725653
vn 0.592733 -0.267962 -0.759515
vn -0.257081 -0.151605 -0.954424
vn 0.671086 -0.151891 -0.725653
vn 0.903228 0.031838 -0.427979
vn 0.873439 -0.055400 -0.483772
vn 0.592733 -0.267962 -0.759515
vn 0.903228 0.031838 -0.427979
vn 0.955897 -0.029464 -0.292222
vn 0.916836 -0.038409 -0.397412
vn 0.873439 -0.055400 -0.483772
vn 0.955897 -0.029464 -0.292222
vn 0.991880 0.052909 -0.115650
vn 0.986012 -0.071988 -0.150328
vn 0.916836 -0.038409 -0.397412
vn 0.198305 0.458060 -0.866520
vn 0.581107 0.394259 -0.711951
vn 0.671086 -0.151891 -0.725653
vn 0.144371 0.123518 -0.981784
vn 0.581107 0.394259 -0.711951
vn 0.897518 0.328015 -0.294732
vn 0.903228 0.031838 -0.427979
vn 0.671086 -0.151891 -0.725653
vn 0.897518 0.328015 -0.294732
vn 0.929396 0.244474 -0.276507
vn 0.955897 -0.029464 -0.292222
vn 0.903228 0.031838 -0.427979
vn 0.929396 0.244474 -0.276507
vn 0.968202 0.222510 -0.114342
vn 0.991880 0.052909 -0.115650
vn 0.955897 -0.029464 -0.292222
vn 0.122468 0.473559 -0.872206
vn 0.427303 0.817302 -0.386562
vn 0.581107 0.394259 -0.711951
vn 0.198305 0.458060 -0.866520
vn 0.427303 0.817302 -0.386562
vn 0.737733 0.619497 -0.268279
vn 0.897518 0.328015 -0.294732
vn 0.581107 0.394259 -0.711951
vn 0.737733 0.619497 -0.268279
vn 0.826876 0.490052 -0.275907
vn 0.929396 0.244474 -0.276507
vn 0.897518 0.328015 -0.294732
vn 0.826876 0.490052 -0.275907
vn 0.876129 0.471101 -0.102279
vn 0.968202 0.222510 -0.114342
vn 0.929396 0.244474 -0.276507
vn -0.449454 0.424636 0.785923
vn -0.390597 0.255994 0.884252
vn -0.269885 -0.717162 0.642526
vn -0.082345 -0.132115 0.987808
vn -0.390597 0.255994 0.884252
vn -0.708824 0.484450 0.512715
vn -0.747788 -0.262990 0.609631
vn -0.269885 -0.717162 0.642526
vn -0.708824 0.484450 0.512715
vn -0.949271 0.313664 0.022332
vn -0.850915 -0.523960 -0.037544
vn -0.747788 -0.262990 0.609631
vn -0.949271 0.313664 0.022332
vn -0.917876 0.278613 -0.282626
vn -0.433963 -0.885769 -0.164590
vn -0.850915 -0.523960 -0.037544
vn -0.367636 0.234719 0.899861
vn -0.540266 0.244944 0.805056
vn -0.390597 0.255994 0.884252
vn -0.449454 0.424636 0.785923
vn -0.540266 0.244944 0.805056
vn -0.782077 0.291378 0.550867
vn -0.708824 0.484450 0.512715
vn -0.390597 0.255994 0.884252
vn -0.782077 0.291378 0.550867
vn -0.971092 0.071186 0.227844
vn -0.949271 0.313664 0.022332
vn -0.708824 0.484450 0.512715
vn -0.971092 0.071186 0.227844
vn -0.994194 0.000063 -0.107605
vn -0.917876 0.278613 -0.282626
vn -0.949271 0.313664 0.022332
vn -0.316635 0.232706 0.919559
vn -0.381809 0.249443 0.889944
vn -0.540266 0.244944 0.805056
vn -0.367636 0.234719 0.899861
vn -0.381809 0.249443 0.889944
vn -0.166010 0.528428 0.832589
vn -0.782077 0.291378 0.550867
vn -0.540266 0.244944 0.805056
vn -0.166010 0.528428 0.832589
vn -0.912383 -0.172022 0.371437
vn -0.971092 0.071186 0.227844
vn -0.782077 0.291378 0.550867
vn -0.912383 -0.172022 0.371437
vn -0.974903 -0.204194 -0.088704
vn -0.994194 0.000063 -0.107605
vn -0.971092 0.071186 0.227844
vn -0.218908 0.351718 0.910151
vn -0.344490 0.287815 0.893582
vn -0.381809 0.249443 0.889944
vn -0.316635 0.232706 0.919559
vn -0.344490 0.287815 0.893582
vn -0.756111 0.237090 0.609987
vn -0.166010 0.528428 0.832589
vn -0.381809 0.249443 0.889944
vn -0.756111 0.237090 0.609987
vn -0.943250 0.204627 0.261549
vn -0.912383 -0.172022 0.371437
vn -0.166010 0.528428 0.832589
vn -0.943250 0.204627 0.261549
vn -0.852036 -0.468988 -0.232562
vn -0.974903 -0.204194 -0.088704
vn -0.912383 -0.172022 0.371437
vn -0.052619 0.438214 0.897329
vn -0.239115 0.549290 0.800690
vn -0.344490 0.287815 0.893582
vn -0.218908 0.351718 0.910151
vn -0.239115 0.549290 0.800690
vn -0.184280 0.883206 0.431264
vn -0.756111 0.237090 0.609987
vn -0.344490 0.287815 0.893582
vn -0.184280 0.883206 0.431264
vn -0.866991 0.473634 -0.154911
vn -0.943250 0.204627 0.261549
vn -0.756111 0.237090 0.609987
vn -0.866991 0.473634 -0.154911
vn -0.572958 0.652560 -0.495868
vn -0.852036 -0.468988 -0.232562
vn -0.943250 0.204627 0.261549
vn 0.387937 0.573873 0.721232
vn 0.274368 0.911219 0.307250
vn -0.239115 0.549290 0.800690
vn -0.052619 0.438214 0.897329
vn 0.274368 0.911219 0.307250
vn 0.068208 0.994110 -0.084219
vn -0.184280 0.883206 0.431264
vn -0.239115 0.549290 0.800690
vn 0.068208 0.994110 -0.084219
vn -0.046298 0.953019 -0.299350
vn -0.866991 0.473634 -0.154911
vn -0.184280 0.883206 0.431264
vn -0.046298 0.953019 -0.299350
vn -0.786517 0.436777 -0.436597
vn -0.572958 0.652560 -0.495868
vn -0.866991 0.473634 -0.154911
vn 0.767528 0.594675 0.239295
vn 0.685915 0.690084 -0.230880
vn 0.274368 0.911219 0.307250
vn 0.387937 0.573873 0.721232
vn 0.685915 0.690084 -0.230880
vn 0.432115 0.857792 -0.278334
vn 0.068208 0.994110 -0.084219
vn 0.274368 0.911219 0.307250
vn 0.432115 0.857792 -0.278334
vn 0.227689 0.899442 -0.373045
vn -0.046298 0.953019 -0.299350
vn 0.068208 0.994110 -0.084219
vn 0.227689 0.899442 -0.373045
vn -0.366949 0.704666 -0.607284
vn -0.786517 0.436777 -0.436597
vn -0.046298 0.953019 -0.299350
vn 0.876129 0.471101 -0.102279
vn 0.826876 0.490052 -0.275907
vn 0.685915 0.690084 -0.230880
vn 0.767528 0.594675 0.239295
vn 0.826876 0.490052 -0.275907
vn 0.737733 0.619497 -0.268279
vn 0.432115 0.857792 -0.278334
vn 0.685915 0.690084 -0.230880
vn 0.737733 0.619497 -0.268279
vn 0.427303 0.817302 -0.386562
vn 0.227689 0.899442 -0.373045
vn 0.432115 0.857792 -0.278334
vn 0.427303 0.817302 -0.386562
vn 0.122468 0.473559 -0.872206
vn -0.366949 0.704666 -0.607284
vn 0.227689 0.899442 -0.373045
vn -0.843179 -0.327204 -0.426599
vn 0.355138 -0.926578 0.123816
vn -0.850915 -0.523960 -0.037544
vn -0.433963 -0.885769 -0.164590
vn 0.355138 -0.926578 0.123816
vn -0.103364 -0.993775 0.041559
vn -0.747788 -0.262990 0.609631
vn -0.850915 -0.523960 -0.037544
vn -0.103364 -0.993775 0.041559
vn 0.098125 -0.781503 0.616137
vn -0.269885 -0.717162 0.642526
vn -0.747788 -0.262990 0.609631
vn 0.098125 -0.781503 0.616137
vn 0.094305 -0.411263 0.906625
vn -0.082345 -0.132115 0.987808
vn -0.269885 -0.717162 0.642526
vn -0.770624 -0.310036 -0.556792
vn -0.209689 -0.962861 -0.170086
vn 0.355138 -0.926578 0.123816
vn -0.843179 -0.327204 -0.426599
vn -0.209689 -0.962861 -0.170086
vn -0.000010 -1.000000 -0.000001
vn -0.103364 -0.993775 0.041559
vn 0.355138 -0.926578 0.123816
vn -0.000010 -1.000000 -0.000001
vn 0.104316 -0.988725 0.107429
vn 0.098125 -0.781503 0.616137
vn -0.103364 -0.993775 0.041559
vn 0.104316 -0.988725 0.107429
vn 0.474749 -0.624681 0.619990
vn 0.094305 -0.411263 0.906625
vn 0.098125 -0.781503 0.616137
vn -0.461625 -0.486618 -0.741691
vn 0.330844 -0.708090 -0.623820
vn -0.209689 -0.962861 -0.170086
vn -0.770624 -0.310036 -0.556792
vn 0.330844 -0.708090 -0.623820
vn 0.213457 -0.964264 -0.156945
vn -0.000010 -1.000000 -0.000001
vn -0.209689 -0.962861 -0.170086
vn 0.213457 -0.964264 -0.156945
vn 0.705593 -0.707514 -0.039529
vn 0.104316 -0.988725 0.107429
vn -0.000010 -1.000000 -0.000001
vn 0.705593 -0.707514 -0.039529
vn 0.850063 -0.473728 0.230162
vn 0.474749 -0.624681 0.619990
vn 0.104316 -0.988725 0.107429
vn 0.140290 -0.378257 -0.915009
vn 0.558992 -0.298464 -0.773594
vn 0.330844 -0.708090 -0.623820
vn -0.461625 -0.486618 -0.741691
vn 0.558992 -0.298464 -0.773594
vn 0.745850 -0.452884 -0.488471
vn 0.213457 -0.964264 -0.156945
vn 0.330844 -0.708090 -0.623820
vn 0.745850 -0.452884 -0.488471
vn 0.808697 -0.524274 -0.266731
vn 0.705593 -0.707514 -0.039529
vn 0.213457 -0.964264 -0.156945
vn 0.808697 -0.524274 -0.266731
vn 0.930290 0.343108 -0.129763
vn 0.850063 -0.473728 0.230162
vn 0.705593 -0.707514 -0.039529
vn -0.917876 0.278613 -0.282626
vn -0.864770 0.146779 -0.480239
vn -0.843179 -0.327204 -0.426599
vn -0.433963 -0.885769 -0.164590
vn -0.864770 0.146779 -0.480239
vn -0.818285 0.175405 -0.547396
vn -0.770624 -0.310036 -0.556792
vn -0.843179 -0.327204 -0.426599
vn -0.818285 0.175405 -0.547396
vn -0.787286 -0.020674 -0.616242
vn -0.461625 -0.486618 -0.741691
vn -0.770624 -0.310036 -0.556792
vn -0.787286 -0.020674 -0.616242
vn -0.257081 -0.151605 -0.954424
vn 0.140290 -0.378257 -0.915009
vn -0.461625 -0.486618 -0.741691
vn -0.994194 0.000063 -0.107605
vn -0.943189 -0.002284 -0.332250
vn -0.864770 0.146779 -0.480239
vn -0.917876 0.278613 -0.282626
vn -0.943189 -0.002284 -0.332250
vn -0.866565 -0.128386 -0.482269
vn -0.818285 0.175405 -0.547396
vn -0.864770 0.146779 -0.480239
vn -0.866565 -0.128386 -0.482269
vn -0.636522 -0.254311 -0.728125
vn -0.787286 -0.020674 -0.616242
vn -0.818285 0.175405 -0.547396
vn -0.636522 -0.254311 -0.728125
vn 0.144371 0.123518 -0.981784
vn -0.257081 -0.151605 -0.954424
vn -0.787286 -0.020674 -0.616242
vn -0.974903 -0.204194 -0.088704
vn -0.962271 -0.068497 -0.263330
vn -0.943189 -0.002284 -0.332250
vn -0.994194 0.000063 -0.107605
vn -0.962271 -0.068497 -0.263330
vn -0.904108 -0.006431 -0.427256
vn -0.866565 -0.128386 -0.482269
vn -0.943189 -0.002284 -0.332250
vn -0.904108 -0.006431 -0.427256
vn -0.389174 0.149785 -0.908905
vn -0.636522 -0.254311 -0.728125
vn -0.866565 -0.128386 -0.482269
vn -0.389174 0.149785 -0.908905
vn 0.198305 0.458060 -0.866520
vn 0.144371 0.123518 -0.981784
vn -0.636522 -0.254311 -0.728125
vn -0.852036 -0.468988 -0.232562
vn -0.572958 0.652560 -0.495868
vn -0.962271 -0.068497 -0.263330
vn -0.974903 -0.204194 -0.088704
vn -0.572958 0.652560 -0.495868
vn -0.786517 0.436777 -0.436597
vn -0.904108 -0.006431 -0.427256
vn -0.962271 -0.068497 -0.263330
vn -0.786517 0.436777 -0.436597
vn -0.366949 0.704666 -0.607284
vn -0.389174 0.149785 -0.908905
vn -0.904108 -0.006431 -0.427256
vn -0.366949 0.704666 -0.607284
vn 0.122468 0.473559 -0.872206
vn 0.198305 0.458060 -0.866520
vn -0.389174 0.149785 -0.908905
vn 0.986012 -0.071988 -0.150328
vn 0.930121 -0.138954 0.339953
vn 0.850063 -0.473728 0.230162
vn 0.930290 0.343108 -0.129763
vn 0.930121 -0.138954 0.339953
vn 0.723113 -0.079912 0.686091
vn 0.474749 -0.624681 0.619990
vn 0.850063 -0.473728 0.230162
vn 0.723113 -0.079912 0.686091
vn 0.122058 -0.067734 0.990209
vn 0.094305 -0.411263 0.906625
vn 0.474749 -0.624681 0.619990
vn 0.122058 -0.067734 0.990209
vn -0.449454 0.424636 0.785923
vn -0.082345 -0.132115 0.987808
vn 0.094305 -0.411263 0.906625
vn 0.991880 0.052909 -0.115650
vn 0.974078 0.129915 0.185186
vn 0.930121 -0.138954 0.339953
vn 0.986012 -0.071988 -0.150328
vn 0.974078 0.129915 0.185186
vn 0.549339 0.191295 0.813409
vn 0.723113 -0.079912 0.686091
vn 0.930121 -0.138954 0.339953
vn 0.549339 0.191295 0.813409
vn -0.145050 0.270383 0.951763
vn 0.122058 -0.067734 0.990209
vn 0.723113 -0.079912 0.686091
vn -0.145050 0.270383 0.951763
vn -0.367636 0.234719 0.899861
vn -0.449454 0.424636 0.785923
vn 0.122058 -0.067734 0.990209
vn 0.968202 0.222510 -0.114342
vn 0.885677 0.318817 0.337537
vn 0.974078 0.129915 0.185186
vn 0.991880 0.052909 -0.115650
vn 0.885677 0.318817 0.337537
vn 0.445822 0.373180 0.813621
vn 0.549339 0.191295 0.813409
vn 0.974078 0.129915 0.185186
vn 0.445822 0.373180 0.813621
vn -0.140337 0.340184 0.929828
vn -0.145050 0.270383 0.951763
vn 0.549339 0.191295 0.813409
vn -0.140337 0.340184 0.929828
vn -0.316635 0.232706 0.919559
vn -0.367636 0.234719 0.899861
vn -0.145050 0.270383 0.951763
vn 0.876129 0.471101 -0.102279
vn 0.767528 0.594675 0.239295
vn 0.885677 0.318817 0.337537
vn 0.968202 0.222510 -0.114342
vn 0.767528 0.594675 0.239295
vn 0.387937 0.573873 0.721232
vn 0.445822 0.373180 0.813621
vn 0.885677 0.318817 0.337537
vn 0.387937 0.573873 0.721232
vn -0.052619 0.438214 0.897329
vn -0.140337 0.340184 0.929828
vn 0.445822 0.373180 0.813621
vn -0.052619 0.438214 0.897329
vn -0.218908 0.351718 0.910151
vn -0.316635 0.232706 0.919559
vn -0.140337 0.340184 0.929828
vn 0.138458 0.131521 -0.981597
vn 0.312514 0.066274 -0.947598
vn 0.402875 -0.366378 -0.838725
vn 0.176099 -0.117112 -0.977381
vn 0.136117 0.143552 -0.980237
vn 0.258661 0.142749 -0.955362
vn 0.312514 0.066274 -0.947598
vn 0.138458 0.131521 -0.981597
vn 0.258661 0.142749 -0.955362
vn 0.587490 0.233106 -0.774930
vn 0.610281 -0.260248 -0.748217
vn 0.312514 0.066274 -0.947598
vn 0.136145 0.143616 -0.980224
vn 0.438536 0.196129 -0.877052
vn 0.258661 0.142749 -0.955362
vn 0.136117 0.143552 -0.980237
vn 0.438536 0.196129 -0.877052
vn 0.338354 0.754650 -0.562157
vn 0.587490 0.233106 -0.774930
vn 0.258661 0.142749 -0.955362
vn 0.338354 0.754650 -0.562157
vn 0.380064 0.839716 -0.387852
vn 0.729116 0.534872 -0.426968
vn 0.587490 0.233106 -0.774930
vn -0.021856 0.888539 -0.458280
vn 0.374154 0.511471 -0.773567
vn 0.438536 0.196129 -0.877052
vn 0.136145 0.143616 -0.980224
vn 0.374154 0.511471 -0.773567
vn 0.293558 0.864831 -0.407298
vn 0.338354 0.754650 -0.562157
vn 0.438536 0.196129 -0.877052
vn 0.293558 0.864831 -0.407298
vn 0.345199 0.863383 -0.367977
vn 0.380064 0.839716 -0.387852
vn 0.338354 0.754650 -0.562157
vn 0.345199 0.863383 -0.367977
vn 0.378042 0.865714 -0.328061
vn 0.767412 0.637568 -0.067714
vn 0.380064 0.839716 -0.387852
vn -0.243684 0.108277 0.963792
vn -0.516743 0.177529 0.837532
vn -0.406758 -0.519844 0.751206
vn -0.052005 -0.508935 0.859233
vn -0.516743 0.177529 0.837532
vn -0.728890 0.282622 0.623573
vn -0.589645 -0.645187 0.485851
vn -0.406758 -0.519844 0.751206
vn -0.728890 0.282622 0.623573
vn -0.951088 0.207183 0.229143
vn -0.801243 -0.549199 0.237466
vn -0.589645 -0.645187 0.485851
vn -0.951088 0.207183 0.229143
vn -0.978800 0.200371 0.042449
vn -0.793474 -0.608459 0.013332
vn -0.801243 -0.549199 0.237466
vn -0.097245 0.092942 0.990911
vn -0.574002 -0.079145 0.815020
vn -0.516743 0.177529 0.837532
vn -0.243684 0.108277 0.963792
vn -0.574002 -0.079145 0.815020
vn -0.761589 0.406736 0.504527
vn -0.728890 0.282622 0.623573
vn -0.516743 0.177529 0.837532
vn -0.761589 0.406736 0.504527
vn -0.877505 0.354605 0.322863
vn -0.951088 0.207183 0.229143
vn -0.728890 0.282622 0.623573
vn -0.877505 0.354605 0.322863
vn -0.978298 0.205073 0.029620
vn -0.978800 0.200371 0.042449
vn -0.951088 0.207183 0.229143
vn 0.191903 0.087074 0.977544
vn -0.491524 0.054569 0.869153
vn -0.574002 -0.079145 0.815020
vn -0.097245 0.092942 0.990911
vn -0.491524 0.054569 0.869153
vn -0.810571 0.168767 0.560797
vn -0.761589 0.406736 0.504527
vn -0.574002 -0.079145 0.815020
vn -0.810571 0.168767 0.560797
vn -0.879207 0.468194 0.088261
vn -0.877505 0.354605 0.322863
vn -0.761589 0.406736 0.504527
vn -0.879207 0.468194 0.088261
vn -0.957032 0.288359 0.030640
vn -0.978298 0.205073 0.029620
vn -0.877505 0.354605 0.322863
vn 0.038217 0.881354 0.470908
vn -0.567232 0.644886 0.512220
vn -0.491524 0.054569 0.869153
vn 0.191903 0.087074 0.977544
vn -0.567232 0.644886 0.512220
vn -0.398991 0.916952 0.002440
vn -0.810571 0.168767 0.560797
vn -0.491524 0.054569 0.869153
vn -0.398991 0.916952 0.002440
vn -0.639434 0.768214 -0.031163
vn -0.879207 0.468194 0.088261
vn -0.810571 0.168767 0.560797
vn -0.639434 0.768214 -0.031163
vn -0.961717 0.207238 0.179313
vn -0.957032 0.288359 0.030640
vn -0.879207 0.468194 0.088261
vn 0.480108 0.714795 0.508492
vn 0.202902 0.957639 0.204349
vn -0.567232 0.644886 0.512220
vn 0.038217 0.881354 0.470908
vn 0.202902 0.957639 0.204349
vn -0.324217 0.856207 -0.402235
vn -0.398991 0.916952 0.002440
vn -0.567232 0.644886 0.512220
vn -0.324217 0.856207 -0.402235
vn -0.516932 0.850548 -0.096689
vn -0.639434 0.768214 -0.031163
vn -0.398991 0.916952 0.002440
vn -0.516932 0.850548 -0.096689
vn -0.651169 0.758914 -0.005322
vn -0.961717 0.207238 0.179313
vn -0.639434 0.768214 -0.031163
vn 0.515565 0.821912 0.242185
vn 0.329021 0.869549 -0.368279
vn 0.202902 0.957639 0.204349
vn 0.480108 0.714795 0.508492
vn 0.329021 0.869549 -0.368279
vn 0.177881 0.882558 -0.435258
vn -0.324217 0.856207 -0.402235
vn 0.202902 0.957639 0.204349
vn 0.177881 0.882558 -0.435258
vn -0.424463 0.893438 -0.146971
vn -0.516932 0.850548 -0.096689
vn -0.324217 0.856207 -0.402235
vn -0.424463 0.893438 -0.146971
vn -0.319841 0.902331 -0.288966
vn -0.651169 0.758914 -0.005322
vn -0.516932 0.850548 -0.096689
vn 0.400117 0.862942 -0.308604
vn 0.341424 0.864953 -0.367812
vn 0.329021 0.869549 -0.368279
vn 0.515565 0.821912 0.242185
vn 0.341424 0.864953 -0.367812
vn 0.306510 0.857260 -0.413712
vn 0.177881 0.882558 -0.435258
vn 0.329021 0.869549 -0.368279
vn 0.306510 0.857260 -0.413712
vn -0.046158 0.814029 -0.578988
vn -0.424463 0.893438 -0.146971
vn 0.177881 0.882558 -0.435258
vn -0.046158 0.814029 -0.578988
vn -0.070732 0.601504 -0.795733
vn -0.319841 0.902331 -0.288966
vn -0.424463 0.893438 -0.146971
vn 0.378042 0.865714 -0.328061
vn 0.345199 0.863383 -0.367977
vn 0.341424 0.864953 -0.367812
vn 0.400117 0.862942 -0.308604
vn 0.345199 0.863383 -0.367977
vn 0.293558 0.864831 -0.407298
vn 0.306510 0.857260 -0.413712
vn 0.341424 0.864953 -0.367812
vn 0.293558 0.864831 -0.407298
vn 0.374154 0.511471 -0.773567
vn -0.046158 0.814029 -0.578988
vn 0.306510 0.857260 -0.413712
vn 0.374154 0.511471 -0.773567
vn -0.021856 0.888539 -0.458280
vn -0.070732 0.601504 -0.795733
vn -0.046158 0.814029 -0.578988
vn -0.736505 -0.538426 -0.409460
vn -0.005305 -0.999984 -0.001839
vn -0.801243 -0.549199 0.237466
vn -0.793474 -0.608459 0.013332
vn -0.005305 -0.999984 -0.001839
vn 0.000006 -1.000000 -0.000009
vn -0.589645 -0.645187 0.485851
vn -0.801243 -0.549199 0.237466
vn 0.000006 -1.000000 -0.000009
vn 0.000327 -0.999909 0.013501
vn -0.406758 -0.519844 0.751206
vn -0.589645 -0.645187 0.485851
vn 0.000327 -0.999909 0.013501
vn 0.134345 -0.600499 0.788260
vn -0.052005 -0.508935 0.859233
vn -0.406758 -0.519844 0.751206
vn -0.210448 -0.674294 -0.707841
vn 0.038678 -0.997344 -0.061723
vn -0.005305 -0.999984 -0.001839
vn -0.736505 -0.538426 -0.409460
vn 0.038678 -0.997344 -0.061723
vn 0.000000 -1.000000 -0.000005
vn 0.000006 -1.000000 -0.000009
vn -0.005305 -0.999984 -0.001839
vn 0.000000 -1.000000 -0.000005
vn 0.014225 -0.999793 0.014544
vn 0.000327 -0.999909 0.013501
vn 0.000006 -1.000000 -0.000009
vn 0.014225 -0.999793 0.014544
vn 0.555480 -0.525403 0.644510
vn 0.134345 -0.600499 0.788260
vn 0.000327 -0.999909 0.013501
vn -0.027661 -0.359826 -0.932609
vn 0.159154 -0.866994 -0.472219
vn 0.038678 -0.997344 -0.061723
vn -0.210448 -0.674294 -0.707841
vn 0.159154 -0.866994 -0.472219
vn 0.110524 -0.982733 -0.148390
vn 0.000000 -1.000000 -0.000005
vn 0.038678 -0.997344 -0.061723
vn 0.110524 -0.982733 -0.148390
vn 0.344939 -0.938609 -0.005540
vn 0.014225 -0.999793 0.014544
vn 0.000000 -1.000000 -0.000005
vn 0.344939 -0.938609 -0.005540
vn 0.865933 -0.280884 0.413841
vn 0.555480 -0.525403 0.644510
vn 0.014225 -0.999793 0.014544
vn 0.176099 -0.117112 -0.977381
vn 0.402875 -0.366378 -0.838725
vn 0.159154 -0.866994 -0.472219
vn -0.027661 -0.359826 -0.932609
vn 0.402875 -0.366378 -0.838725
vn 0.442375 -0.754158 -0.485335
vn 0.110524 -0.982733 -0.148390
vn 0.159154 -0.866994 -0.472219
vn 0.442375 -0.754158 -0.485335
vn 0.661777 -0.691290 -0.290119
vn 0.344939 -0.938609 -0.005540
vn 0.110524 -0.982733 -0.148390
vn -0.978800 0.200371 0.042449
vn -0.839601 0.189443 -0.509098
vn -0.736505 -0.538426 -0.409460
vn -0.793474 -0.608459 0.013332
vn -0.839601 0.189443 -0.509098
vn -0.391828 -0.023548 -0.919737
vn -0.210448 -0.674294 -0.707841
vn -0.736505 -0.538426 -0.409460
vn -0.391828 -0.023548 -0.919737
vn -0.072319 0.087475 -0.993538
vn -0.027661 -0.359826 -0.932609
vn -0.210448 -0.674294 -0.707841
vn -0.072319 0.087475 -0.993538
vn 0.138458 0.131521 -0.981597
vn 0.176099 -0.117112 -0.977381
vn -0.027661 -0.359826 -0.932609
vn -0.978298 0.205073 0.029620
vn -0.889697 0.318267 -0.327332
vn -0.839601 0.189443 -0.509098
vn -0.978800 0.200371 0.042449
vn -0.889697 0.318267 -0.327332
vn -0.527493 0.066344 -0.846965
vn -0.391828 -0.023548 -0.919737
vn -0.839601 0.189443 -0.509098
vn -0.527493 0.066344 -0.846965
vn -0.022378 0.127950 -0.991528
vn -0.072319 0.087475 -0.993538
vn -0.391828 -0.023548 -0.919737
vn -0.022378 0.127950 -0.991528
vn 0.136117 0.143552 -0.980237
vn 0.138458 0.131521 -0.981597
vn -0.072319 0.087475 -0.993538
vn -0.957032 0.288359 0.030640
vn -0.827611 0.507394 -0.240023
vn -0.889697 0.318267 -0.327332
vn -0.978298 0.205073 0.029620
vn -0.827611 0.507394 -0.240023
vn -0.341413 0.415707 -0.842986
vn -0.527493 0.066344 -0.846965
vn -0.889697 0.318267 -0.327332
vn -0.341413 0.415707 -0.842986
vn 0.068868 0.261690 -0.962692
vn -0.022378 0.127950 -0.991528
vn -0.527493 0.066344 -0.846965
vn 0.068868 0.261690 -0.962692
vn 0.136145 0.143616 -0.980224
vn 0.136117 0.143552 -0.980237
vn -0.022378 0.127950 -0.991528
vn -0.961717 0.207238 0.179313
vn -0.651169 0.758914 -0.005322
vn -0.827611 0.507394 -0.240023
vn -0.957032 0.288359 0.030640
vn -0.651169 0.758914 -0.005322
vn -0.319841 0.902331 -0.288966
vn -0.341413 0.415707 -0.842986
vn -0.827611 0.507394 -0.240023
vn -0.319841 0.902331 -0.288966
vn -0.070732 0.601504 -0.795733
vn 0.068868 0.261690 -0.962692
vn -0.341413 0.415707 -0.842986
vn -0.070732 0.601504 -0.795733
vn -0.021856 0.888539 -0.458280
vn 0.136145 0.143616 -0.980224
vn 0.068868 0.261690 -0.962692
vn 0.491782 0.240598 0.836817
vn 0.175193 0.209940 0.961890
vn 0.134345 -0.600499 0.788260
vn 0.555480 -0.525403 0.644510
vn 0.175193 0.209940 0.961890
vn -0.243684 0.108277 0.963792
vn -0.052005 -0.508935 0.859233
vn 0.134345 -0.600499 0.788260
vn 0.476768 0.222807 0.850323
vn 0.171270 0.204450 0.963778
vn 0.175193 0.209940 0.961890
vn 0.491782 0.240598 0.836817
vn 0.171270 0.204450 0.963778
vn -0.097245 0.092942 0.990911
vn -0.243684 0.108277 0.963792
vn 0.175193 0.209940 0.961890
vn 0.588811 0.368099 0.719587
vn 0.277506 0.173141 0.944993
vn 0.171270 0.204450 0.963778
vn 0.476768 0.222807 0.850323
vn 0.277506 0.173141 0.944993
vn 0.191903 0.087074 0.977544
vn -0.097245 0.092942 0.990911
vn 0.171270 0.204450 0.963778
vn 0.378042 0.865714 -0.328061
vn 0.400117 0.862942 -0.308604
vn 0.837514 0.342262 0.425943
vn 0.767412 0.637568 -0.067714
vn 0.515565 0.821912 0.242185
vn 0.480108 0.714795 0.508492
vn 0.277506 0.173141 0.944993
vn 0.588811 0.368099 0.719587
vn 0.480108 0.714795 0.508492
vn 0.038217 0.881354 0.470908
vn 0.191903 0.087074 0.977544
vn 0.277506 0.173141 0.944993
vn 0.705098 -0.068552 0.705789
vn 0.090110 0.090354 0.991825
vn 0.126100 -0.745931 0.653977
vn 0.451411 -0.676724 0.581612
vn 0.090110 0.090354 0.991825
vn -0.180378 0.350740 0.918937
vn -0.024965 -0.530626 0.847239
vn 0.126100 -0.745931 0.653977
vn -0.180378 0.350740 0.918937
vn -0.175730 0.527301 0.831308
vn -0.137189 -0.422380 0.895977
vn -0.024965 -0.530626 0.847239
vn -0.175730 0.527301 0.831308
vn -0.270368 0.715358 0.644332
vn -0.149136 0.742939 0.652533
vn -0.137189 -0.422380 0.895977
vn 0.641950 0.218613 0.734921
vn -0.031408 0.365674 0.930213
vn 0.090110 0.090354 0.991825
vn 0.705098 -0.068552 0.705789
vn -0.031408 0.365674 0.930213
vn -0.228608 0.367473 0.901500
vn -0.180378 0.350740 0.918937
vn 0.090110 0.090354 0.991825
vn -0.228608 0.367473 0.901500
vn -0.269035 0.498802 0.823903
vn -0.175730 0.527301 0.831308
vn -0.180378 0.350740 0.918937
vn -0.269035 0.498802 0.823903
vn -0.570269 0.638500 0.516828
vn -0.270368 0.715358 0.644332
vn -0.175730 0.527301 0.831308
vn 0.652273 0.414014 0.634927
vn -0.030517 0.321846 0.946300
vn -0.031408 0.365674 0.930213
vn 0.641950 0.218613 0.734921
vn -0.030517 0.321846 0.946300
vn -0.265829 0.333124 0.904634
vn -0.228608 0.367473 0.901500
vn -0.031408 0.365674 0.930213
vn -0.265829 0.333124 0.904634
vn -0.307795 0.443657 0.841683
vn -0.269035 0.498802 0.823903
vn -0.228608 0.367473 0.901500
vn -0.307795 0.443657 0.841683
vn -0.500886 0.643104 0.579250
vn -0.570269 0.638500 0.516828
vn -0.269035 0.498802 0.823903
vn 0.355062 0.804838 0.475570
vn -0.067599 0.441308 0.894806
vn -0.030517 0.321846 0.946300
vn 0.652273 0.414014 0.634927
vn -0.067599 0.441308 0.894806
vn -0.289853 0.389176 0.874373
vn -0.265829 0.333124 0.904634
vn -0.030517 0.321846 0.946300
vn -0.289853 0.389176 0.874373
vn -0.459642 0.537410 0.707050
vn -0.307795 0.443657 0.841683
vn -0.265829 0.333124 0.904634
vn -0.459642 0.537410 0.707050
vn -0.606789 0.652815 0.453476
vn -0.500886 0.643104 0.579250
vn -0.307795 0.443657 0.841683
vn 0.831986 0.548712 0.081933
vn 0.266983 0.810251 0.521741
vn -0.067599 0.441308 0.894806
vn 0.355062 0.804838 0.475570
vn 0.266983 0.810251 0.521741
vn -0.350382 0.614406 0.706922
vn -0.289853 0.389176 0.874373
vn -0.067599 0.441308 0.894806
vn -0.350382 0.614406 0.706922
vn -0.581694 0.634545 0.508906
vn -0.459642 0.537410 0.707050
vn -0.289853 0.389176 0.874373
vn -0.581694 0.634545 0.508906
vn -0.674433 0.675722 0.297556
vn -0.606789 0.652815 0.453476
vn -0.459642 0.537410 0.707050
vn 0.882840 0.469637 0.005953
vn 0.419340 0.906613 -0.046971
vn 0.266983 0.810251 0.521741
vn 0.831986 0.548712 0.081933
vn 0.419340 0.906613 -0.046971
vn -0.413656 0.905460 0.095029
vn -0.350382 0.614406 0.706922
vn 0.266983 0.810251 0.521741
vn -0.413656 0.905460 0.095029
vn -0.631043 0.773448 0.059698
vn -0.581694 0.634545 0.508906
vn -0.350382 0.614406 0.706922
vn -0.631043 0.773448 0.059698
vn -0.750717 0.660501 0.012729
vn -0.674433 0.675722 0.297556
vn -0.581694 0.634545 0.508906
vn 0.828613 0.559812 0.003192
vn 0.198117 0.863036 -0.464670
vn 0.419340 0.906613 -0.046971
vn 0.882840 0.469637 0.005953
vn 0.198117 0.863036 -0.464670
vn -0.266791 0.847313 -0.459221
vn -0.413656 0.905460 0.095029
vn 0.419340 0.906613 -0.046971
vn -0.266791 0.847313 -0.459221
vn -0.536164 0.791426 -0.293553
vn -0.631043 0.773448 0.059698
vn -0.413656 0.905460 0.095029
vn -0.536164 0.791426 -0.293553
vn -0.737996 0.652912 -0.170491
vn -0.750717 0.660501 0.012729
vn -0.631043 0.773448 0.059698
vn -0.887701 -0.396306 0.234371
vn 0.000006 -1.000000 -0.000013
vn -0.137189 -0.422380 0.895977
vn -0.149136 0.742939 0.652533
vn 0.000006 -1.000000 -0.000013
vn -0.000000 -1.000000 0.000000
vn -0.024965 -0.530626 0.847239
vn -0.137189 -0.422380 0.895977
vn -0.000000 -1.000000 0.000000
vn 0.001786 -0.999998 0.000004
vn 0.126100 -0.745931 0.653977
vn -0.024965 -0.530626 0.847239
vn 0.001786 -0.999998 0.000004
vn 0.640765 -0.739701 0.205578
vn 0.451411 -0.676724 0.581612
vn 0.126100 -0.745931 0.653977
vn -0.783976 -0.614137 -0.090650
vn -0.000000 -1.000000 0.000000
vn 0.000006 -1.000000 -0.000013
vn -0.887701 -0.396306 0.234371
vn -0.000000 -1.000000 0.000000
vn -0.000000 -1.000000 0.000000
vn -0.000000 -1.000000 0.000000
vn 0.000006 -1.000000 -0.000013
vn -0.000000 -1.000000 0.000000
vn -0.000035 -1.000000 -0.000072
vn 0.001786 -0.999998 0.000004
vn -0.000000 -1.000000 0.000000
vn -0.000035 -1.000000 -0.000072
vn 0.794084 -0.531330 -0.295159
vn 0.640765 -0.739701 0.205578
vn 0.001786 -0.999998 0.000004
vn -0.790061 -0.478308 -0.383439
vn 0.000000 -1.000000 0.000000
vn -0.000000 -1.000000 0.000000
vn -0.783976 -0.614137 -0.090650
vn 0.000000 -1.000000 0.000000
vn -0.000000 -1.000000 0.000000
vn -0.000000 -1.000000 0.000000
vn -0.000000 -1.000000 0.000000
vn -0.000000 -1.000000 0.000000
vn -0.000000 -1.000000 0.000000
vn -0.000035 -1.000000 -0.000072
vn -0.000000 -1.000000 0.000000
vn -0.000000 -1.000000 0.000000
vn 0.512537 -0.649748 -0.561368
vn 0.794084 -0.531330 -0.295159
vn -0.000035 -1.000000 -0.000072
vn -0.546413 -0.516399 -0.659367
vn -0.092018 -0.628583 -0.772280
vn 0.000000 -1.000000 0.000000
vn -0.790061 -0.478308 -0.383439
vn -0.092018 -0.628583 -0.772280
vn 0.168467 -0.700583 -0.693399
vn -0.000000 -1.000000 0.000000
vn 0.000000 -1.000000 0.000000
vn 0.168467 -0.700583 -0.693399
vn 0.270187 -0.671015 -0.690462
vn -0.000000 -1.000000 0.000000
vn -0.000000 -1.000000 0.000000
vn 0.270187 -0.671015 -0.690462
vn 0.445767 -0.643419 -0.622337
vn 0.512537 -0.649748 -0.561368
vn -0.000000 -1.000000 0.000000
vn -0.270368 0.715358 0.644332
vn -0.679643 0.608813 0.409185
vn -0.887701 -0.396306 0.234371
vn -0.149136 0.742939 0.652533
vn -0.679643 0.608813 0.409185
vn -0.913913 0.399322 -0.072842
vn -0.783976 -0.614137 -0.090650
vn -0.887701 -0.396306 0.234371
vn -0.913913 0.399322 -0.072842
vn -0.771854 0.414074 -0.482476
vn -0.790061 -0.478308 -0.383439
vn -0.783976 -0.614137 -0.090650
vn -0.570269 0.638500 0.516828
vn -0.613937 0.681300 0.398637
vn -0.679643 0.608813 0.409185
vn -0.270368 0.715358 0.644332
vn -0.613937 0.681300 0.398637
vn -0.727156 0.680693 0.088891
vn -0.913913 0.399322 -0.072842
vn -0.679643 0.608813 0.409185
vn -0.727156 0.680693 0.088891
vn -0.787808 0.529682 -0.314318
vn -0.771854 0.414074 -0.482476
vn -0.913913 0.399322 -0.072842
vn -0.500886 0.643104 0.579250
vn -0.676980 0.651768 0.341901
vn -0.613937 0.681300 0.398637
vn -0.570269 0.638500 0.516828
vn -0.676980 0.651768 0.341901
vn -0.723402 0.678958 0.125324
vn -0.727156 0.680693 0.088891
vn -0.613937 0.681300 0.398637
vn -0.723402 0.678958 0.125324
vn -0.755646 0.624742 -0.196715
vn -0.787808 0.529682 -0.314318
vn -0.727156 0.680693 0.088891
vn -0.606789 0.652815 0.453476
vn -0.674433 0.675722 0.297556
vn -0.676980 0.651768 0.341901
vn -0.500886 0.643104 0.579250
vn -0.674433 0.675722 0.297556
vn -0.750717 0.660501 0.012729
vn -0.723402 0.678958 0.125324
vn -0.676980 0.651768 0.341901
vn -0.750717 0.660501 0.012729
vn -0.737996 0.652912 -0.170491
vn -0.755646 0.624742 -0.196715
vn -0.723402 0.678958 0.125324
vn 0.867963 0.150647 -0.473230
vn 0.991697 -0.021955 0.126711
vn 0.640765 -0.739701 0.205578
vn 0.794084 -0.531330 -0.295159
vn 0.991697 -0.021955 0.126711
vn 0.705098 -0.068552 0.705789
vn 0.451411 -0.676724 0.581612
vn 0.640765 -0.739701 0.205578
vn 0.924951 0.221337 -0.308992
vn 0.944580 0.317512 0.083398
vn 0.991697 -0.021955 0.126711
vn 0.867963 0.150647 -0.473230
vn 0.944580 0.317512 0.083398
vn 0.641950 0.218613 0.734921
vn 0.705098 -0.068552 0.705789
vn 0.991697 -0.021955 0.126711
vn 0.959120 0.149959 -0.240001
vn 0.901227 0.433157 -0.012864
vn 0.924951 0.221337 -0.308992
vn 0.859936 -0.064582 -0.506300
vn 0.901227 0.433157 -0.012864
vn 0.877478 0.478457 0.033318
vn 0.944580 0.317512 0.083398
vn 0.924951 0.221337 -0.308992
vn 0.877478 0.478457 0.033318
vn 0.652273 0.414014 0.634927
vn 0.641950 0.218613 0.734921
vn 0.944580 0.317512 0.083398
vn 0.617693 0.619406 -0.484553
vn 0.828613 0.559812 0.003192
vn 0.959120 0.149959 -0.240001
vn 0.773178 0.097087 -0.626714
vn 0.828613 0.559812 0.003192
vn 0.882840 0.469637 0.005953
vn 0.901227 0.433157 -0.012864
vn 0.959120 0.149959 -0.240001
vn 0.882840 0.469637 0.005953
vn 0.831986 0.548712 0.081933
vn 0.877478 0.478457 0.033318
vn 0.901227 0.433157 -0.012864
vn 0.831986 0.548712 0.081933
vn 0.355062 0.804838 0.475570
vn 0.652273 0.414014 0.634927
vn 0.877478 0.478457 0.033318
vn -0.794418 0.317602 0.517715
vn -0.995407 0.092684 -0.023954
vn -0.764737 -0.641862 -0.056487
vn -0.754604 -0.514399 0.407390
vn -0.995407 0.092684 -0.023954
vn -0.894911 -0.074240 -0.440026
vn -0.630005 -0.719881 -0.291316
vn -0.764737 -0.641862 -0.056487
vn -0.894911 -0.074240 -0.440026
vn -0.813737 -0.076528 -0.576173
vn -0.605442 -0.693106 -0.391209
vn -0.630005 -0.719881 -0.291316
vn -0.813737 -0.076528 -0.576173
vn -0.634689 -0.075743 -0.769047
vn -0.500932 -0.669024 -0.549066
vn -0.605442 -0.693106 -0.391209
vn -0.683277 0.429603 0.590401
vn -0.935288 0.333591 0.118124
vn -0.995407 0.092684 -0.023954
vn -0.794418 0.317602 0.517715
vn -0.935288 0.333591 0.118124
vn -0.924948 -0.068999 -0.373777
vn -0.894911 -0.074240 -0.440026
vn -0.995407 0.092684 -0.023954
vn -0.924948 -0.068999 -0.373777
vn -0.855993 -0.075990 -0.511372
vn -0.813737 -0.076528 -0.576173
vn -0.894911 -0.074240 -0.440026
vn -0.855993 -0.075990 -0.511372
vn -0.604537 -0.194987 -0.772344
vn -0.634689 -0.075743 -0.769047
vn -0.813737 -0.076528 -0.576173
vn -0.575533 0.553314 0.602167
vn -0.783133 0.533589 0.319352
vn -0.935288 0.333591 0.118124
vn -0.683277 0.429603 0.590401
vn -0.783133 0.533589 0.319352
vn -0.940734 0.303135 -0.152084
vn -0.924948 -0.068999 -0.373777
vn -0.935288 0.333591 0.118124
vn -0.940734 0.303135 -0.152084
vn -0.874638 -0.055424 -0.481598
vn -0.855993 -0.075990 -0.511372
vn -0.924948 -0.068999 -0.373777
vn -0.874638 -0.055424 -0.481598
vn -0.443824 0.063656 -0.893850
vn -0.604537 -0.194987 -0.772344
vn -0.855993 -0.075990 -0.511372
vn -0.551017 0.624088 0.553981
vn -0.602219 0.739851 0.299921
vn -0.783133 0.533589 0.319352
vn -0.575533 0.553314 0.602167
vn -0.602219 0.739851 0.299921
vn -0.693788 0.720080 -0.011960
vn -0.940734 0.303135 -0.152084
vn -0.783133 0.533589 0.319352
vn -0.693788 0.720080 -0.011960
vn -0.774982 0.460229 -0.433120
vn -0.874638 -0.055424 -0.481598
vn -0.940734 0.303135 -0.152084
vn -0.774982 0.460229 -0.433120
vn -0.346599 0.591244 -0.728217
vn -0.443824 0.063656 -0.893850
vn -0.874638 -0.055424 -0.481598
vn 0.843878 -0.073453 -0.531484
vn 0.986275 0.107667 0.125179
vn 0.676539 -0.734978 0.045861
vn 0.676732 -0.676872 -0.289616
vn 0.986275 0.107667 0.125179
vn 0.852787 0.374169 0.364353
vn 0.828323 -0.511995 0.227470
vn 0.676539 -0.734978 0.045861
vn 0.852787 0.374169 0.364353
vn 0.765778 0.549209 0.334595
vn 0.849673 -0.400000 0.343592
vn 0.828323 -0.511995 0.227470
vn 0.765778 0.549209 0.334595
vn 0.559624 0.736621 0.379750
vn 0.593600 0.760921 0.261990
vn 0.849673 -0.400000 0.343592
vn 0.853891 0.215793 -0.473606
vn 0.896017 0.385249 0.220762
vn 0.986275 0.107667 0.125179
vn 0.843878 -0.073453 -0.531484
vn 0.896017 0.385249 0.220762
vn 0.825029 0.391910 0.407105
vn 0.852787 0.374169 0.364353
vn 0.986275 0.107667 0.125179
vn 0.825029 0.391910 0.407105
vn 0.738631 0.523104 0.425191
vn 0.765778 0.549209 0.334595
vn 0.852787 0.374169 0.364353
vn 0.738631 0.523104 0.425191
vn 0.370579 0.665426 0.647981
vn 0.559624 0.736621 0.379750
vn 0.765778 0.549209 0.334595
vn 0.755364 0.408684 -0.512252
vn 0.912511 0.341660 0.224928
vn 0.896017 0.385249 0.220762
vn 0.853891 0.215793 -0.473606
vn 0.912511 0.341660 0.224928
vn 0.820428 0.358581 0.445329
vn 0.825029 0.391910 0.407105
vn 0.896017 0.385249 0.220762
vn 0.820428 0.358581 0.445329
vn 0.748315 0.469253 0.468856
vn 0.738631 0.523104 0.425191
vn 0.825029 0.391910 0.407105
vn 0.748315 0.469253 0.468856
vn 0.446748 0.669379 0.593589
vn 0.370579 0.665426 0.647981
vn 0.738631 0.523104 0.425191
vn 0.529016 0.804165 -0.271038
vn 0.852531 0.461295 0.245759
vn 0.912511 0.341660 0.224928
vn 0.755364 0.408684 -0.512252
vn 0.852531 0.461295 0.245759
vn 0.784896 0.414801 0.460302
vn 0.820428 0.358581 0.445329
vn 0.912511 0.341660 0.224928
vn 0.784896 0.414801 0.460302
vn 0.582286 0.564782 0.584777
vn 0.748315 0.469253 0.468856
vn 0.820428 0.358581 0.445329
vn 0.582286 0.564782 0.584777
vn 0.300394 0.679505 0.669355
vn 0.446748 0.669379 0.593589
vn 0.748315 0.469253 0.468856
vn 0.252788 0.526651 -0.811626
vn 0.554951 0.813196 -0.175331
vn 0.852531 0.461295 0.245759
vn 0.529016 0.804165 -0.271038
vn 0.554951 0.813196 -0.175331
vn 0.604898 0.638950 0.475227
vn 0.784896 0.414801 0.460302
vn 0.852531 0.461295 0.245759
vn 0.604898 0.638950 0.475227
vn 0.360389 0.661614 0.657561
vn 0.582286 0.564782 0.584777
vn 0.784896 0.414801 0.460302
vn 0.360389 0.661614 0.657561
vn 0.132687 0.701132 0.700577
vn 0.300394 0.679505 0.669355
vn 0.582286 0.564782 0.584777
vn 0.191121 0.444908 -0.874946
vn 0.031610 0.892225 -0.450484
vn 0.554951 0.813196 -0.175331
vn 0.252788 0.526651 -0.811626
vn 0.031610 0.892225 -0.450484
vn -0.011858 0.919504 0.392901
vn 0.604898 0.638950 0.475227
vn 0.554951 0.813196 -0.175331
vn -0.011858 0.919504 0.392901
vn -0.091954 0.792817 0.602484
vn 0.360389 0.661614 0.657561
vn 0.604898 0.638950 0.475227
vn -0.091954 0.792817 0.602484
vn -0.162315 0.681959 0.713152
vn 0.132687 0.701132 0.700577
vn 0.360389 0.661614 0.657561
vn 0.175163 0.536164 -0.825740
vn -0.422734 0.846212 -0.324378
vn 0.031610 0.892225 -0.450484
vn 0.191121 0.444908 -0.874946
vn -0.422734 0.846212 -0.324378
vn -0.519449 0.844531 0.130154
vn -0.011858 0.919504 0.392901
vn 0.031610 0.892225 -0.450484
vn -0.519449 0.844531 0.130154
vn -0.416380 0.800299 0.431450
vn -0.091954 0.792817 0.602484
vn -0.011858 0.919504 0.392901
vn -0.416380 0.800299 0.431450
vn -0.338397 0.670069 0.660678
vn -0.162315 0.681959 0.713152
vn -0.091954 0.792817 0.602484
vn -0.346599 0.591244 -0.728217
vn -0.774982 0.460229 -0.433120
vn -0.422734 0.846212 -0.324378
vn 0.175163 0.536164 -0.825740
vn -0.774982 0.460229 -0.433120
vn -0.693788 0.720080 -0.011960
vn -0.519449 0.844531 0.130154
vn -0.422734 0.846212 -0.324378
vn -0.693788 0.720080 -0.011960
vn -0.602219 0.739851 0.299921
vn -0.416380 0.800299 0.431450
vn -0.519449 0.844531 0.130154
vn -0.602219 0.739851 0.299921
vn -0.551017 0.624088 0.553981
vn -0.338397 0.670069 0.660678
vn -0.416380 0.800299 0.431450
vn 0.040771 -0.366829 0.929395
vn 0.015607 -0.999255 0.035294
vn 0.849673 -0.400000 0.343592
vn 0.593600 0.760921 0.261990
vn 0.015607 -0.999255 0.035294
vn 0.015618 -0.999255 0.035302
vn 0.828323 -0.511995 0.227470
vn 0.849673 -0.400000 0.343592
vn 0.015618 -0.999255 0.035302
vn 0.016012 -0.999308 0.033561
vn 0.676539 -0.734978 0.045861
vn 0.828323 -0.511995 0.227470
vn 0.016012 -0.999308 0.033561
vn 0.352697 -0.753483 -0.554859
vn 0.676732 -0.676872 -0.289616
vn 0.676539 -0.734978 0.045861
vn -0.249762 -0.593338 0.765225
vn 0.015618 -0.999255 0.035302
vn 0.015607 -0.999255 0.035294
vn 0.040771 -0.366829 0.929395
vn 0.015618 -0.999255 0.035302
vn 0.015618 -0.999255 0.035302
vn 0.015618 -0.999255 0.035302
vn 0.015607 -0.999255 0.035294
vn 0.015618 -0.999255 0.035302
vn 0.015540 -0.999255 0.035321
vn 0.016012 -0.999308 0.033561
vn 0.015618 -0.999255 0.035302
vn 0.015540 -0.999255 0.035321
vn -0.106364 -0.559527 -0.821959
vn 0.352697 -0.753483 -0.554859
vn 0.016012 -0.999308 0.033561
vn -0.538804 -0.463878 0.703212
vn 0.015618 -0.999255 0.035302
vn 0.015618 -0.999255 0.035302
vn -0.249762 -0.593338 0.765225
vn 0.015618 -0.999255 0.035302
vn 0.015618 -0.999255 0.035302
vn 0.015618 -0.999255 0.035302
vn 0.015618 -0.999255 0.035302
vn 0.015618 -0.999255 0.035302
vn 0.015618 -0.999255 0.035302
vn 0.015540 -0.999255 0.035321
vn 0.015618 -0.999255 0.035302
vn 0.015618 -0.999255 0.035302
vn -0.426609 -0.676007 -0.600849
vn -0.106364 -0.559527 -0.821959
vn 0.015540 -0.999255 0.035321
vn -0.754604 -0.514399 0.407390
vn -0.764737 -0.641862 -0.056487
vn 0.015618 -0.999255 0.035302
vn -0.538804 -0.463878 0.703212
vn -0.764737 -0.641862 -0.056487
vn -0.630005 -0.719881 -0.291316
vn 0.015618 -0.999255 0.035302
vn 0.015618 -0.999255 0.035302
vn -0.630005 -0.719881 -0.291316
vn -0.605442 -0.693106 -0.391209
vn 0.015618 -0.999255 0.035302
vn 0.015618 -0.999255 0.035302
vn -0.605442 -0.693106 -0.391209
vn -0.500932 -0.669024 -0.549066
vn -0.426609 -0.676007 -0.600849
vn 0.015618 -0.999255 0.035302
vn 0.559624 0.736621 0.379750
vn 0.241779 0.636467 0.732430
vn 0.040771 -0.366829 0.929395
vn 0.593600 0.760921 0.261990
vn 0.241779 0.636467 0.732430
vn -0.277463 0.422857 0.862674
vn -0.249762 -0.593338 0.765225
vn 0.040771 -0.366829 0.929395
vn -0.277463 0.422857 0.862674
vn -0.646380 0.425295 0.633496
vn -0.538804 -0.463878 0.703212
vn -0.249762 -0.593338 0.765225
vn -0.646380 0.425295 0.633496
vn -0.794418 0.317602 0.517715
vn -0.754604 -0.514399 0.407390
vn -0.538804 -0.463878 0.703212
vn 0.370579 0.665426 0.647981
vn 0.244739 0.707147 0.663360
vn 0.241779 0.636467 0.732430
vn 0.559624 0.736621 0.379750
vn 0.244739 0.707147 0.663360
vn -0.083020 0.703173 0.706155
vn -0.277463 0.422857 0.862674
vn 0.241779 0.636467 0.732430
vn -0.083020 0.703173 0.706155
vn -0.487731 0.544964 0.682007
vn -0.646380 0.425295 0.633496
vn -0.277463 0.422857 0.862674
vn -0.487731 0.544964 0.682007
vn -0.683277 0.429603 0.590401
vn -0.794418 0.317602 0.517715
vn -0.646380 0.425295 0.633496
vn 0.446748 0.669379 0.593589
vn 0.175882 0.678098 0.713617
vn 0.244739 0.707147 0.663360
vn 0.370579 0.665426 0.647981
vn 0.175882 0.678098 0.713617
vn -0.046546 0.702104 0.710552
vn -0.083020 0.703173 0.706155
vn 0.244739 0.707147 0.663360
vn -0.046546 0.702104 0.710552
vn -0.367422 0.641778 0.673144
vn -0.487731 0.544964 0.682007
vn -0.083020 0.703173 0.706155
vn -0.367422 0.641778 0.673144
vn -0.575533 0.553314 0.602167
vn -0.683277 0.429603 0.590401
vn -0.487731 0.544964 0.682007
vn 0.300394 0.679505 0.669355
vn 0.132687 0.701132 0.700577
vn 0.175882 0.678098 0.713617
vn 0.446748 0.669379 0.593589
vn 0.132687 0.701132 0.700577
vn -0.162315 0.681959 0.713152
vn -0.046546 0.702104 0.710552
vn 0.175882 0.678098 0.713617
vn -0.162315 0.681959 0.713152
vn -0.338397 0.670069 0.660678
vn -0.367422 0.641778 0.673144
vn -0.046546 0.702104 0.710552
vn -0.338397 0.670069 0.660678
vn -0.551017 0.624088 0.553981
vn -0.575533 0.553314 0.602167
vn -0.367422 0.641778 0.673144
vn -0.634689 -0.075743 -0.769047
vn -0.530120 0.000745 -0.847922
vn -0.426609 -0.676007 -0.600849
vn -0.500932 -0.669024 -0.549066
vn -0.530120 0.000745 -0.847922
vn -0.274193 0.117631 -0.954453
vn -0.106364 -0.559527 -0.821959
vn -0.426609 -0.676007 -0.600849
vn -0.274193 0.117631 -0.954453
vn 0.340778 -0.046162 -0.939010
vn 0.352697 -0.753483 -0.554859
vn -0.106364 -0.559527 -0.821959
vn 0.340778 -0.046162 -0.939010
vn 0.843878 -0.073453 -0.531484
vn 0.676732 -0.676872 -0.289616
vn 0.352697 -0.753483 -0.554859
vn -0.604537 -0.194987 -0.772344
vn -0.305160 -0.097862 -0.947259
vn -0.530120 0.000745 -0.847922
vn -0.634689 -0.075743 -0.769047
vn -0.305160 -0.097862 -0.947259
vn -0.102675 0.189907 -0.976419
vn -0.274193 0.117631 -0.954453
vn -0.530120 0.000745 -0.847922
vn -0.102675 0.189907 -0.976419
vn 0.282560 0.293173 -0.913351
vn 0.340778 -0.046162 -0.939010
vn -0.274193 0.117631 -0.954453
vn 0.282560 0.293173 -0.913351
vn 0.853891 0.215793 -0.473606
vn 0.843878 -0.073453 -0.531484
vn 0.340778 -0.046162 -0.939010
vn -0.443824 0.063656 -0.893850
vn -0.026858 0.119139 -0.992514
vn -0.305160 -0.097862 -0.947259
vn -0.604537 -0.194987 -0.772344
vn -0.026858 0.119139 -0.992514
vn 0.177387 0.407674 -0.895732
vn -0.102675 0.189907 -0.976419
vn -0.305160 -0.097862 -0.947259
vn 0.177387 0.407674 -0.895732
vn 0.216472 0.454403 -0.864093
vn 0.282560 0.293173 -0.913351
vn -0.102675 0.189907 -0.976419
vn 0.216472 0.454403 -0.864093
vn 0.755364 0.408684 -0.512252
vn 0.853891 0.215793 -0.473606
vn 0.282560 0.293173 -0.913351
vn -0.346599 0.591244 -0.728217
vn 0.175163 0.536164 -0.825740
vn -0.026858 0.119139 -0.992514
vn -0.443824 0.063656 -0.893850
vn 0.175163 0.536164 -0.825740
vn 0.191121 0.444908 -0.874946
vn 0.177387 0.407674 -0.895732
vn -0.026858 0.119139 -0.992514
vn 0.191121 0.444908 -0.874946
vn 0.252788 0.526651 -0.811626
vn 0.216472 0.454403 -0.864093
vn 0.177387 0.407674 -0.895732
vn 0.252788 0.526651 -0.811626
vn 0.529016 0.804165 -0.271038
vn 0.755364 0.408684 -0.512252
vn 0.216472 0.454403 -0.864093
vn 0.216776 -0.972592 0.084101
vn 0.191164 -0.957614 -0.215481
vn 0.565577 -0.768263 -0.299825
vn 0.648861 -0.757609 -0.070775
vn 0.191164 -0.957614 -0.215481
vn 0.216776 -0.972592 0.084101
vn -0.321474 -0.942922 0.086900
vn -0.221565 -0.949061 -0.224034
vn 0.216776 -0.972592 0.084101
vn 0.167057 -0.906677 0.387336
vn -0.389808 -0.813615 0.431371
vn -0.321474 -0.942922 0.086900
vn 0.216776 -0.972592 0.084101
vn 0.648861 -0.757609 -0.070775
vn 0.647173 -0.745093 0.161257
vn 0.167057 -0.906677 0.387336
vn -0.103387 -0.717918 -0.688408
vn 0.191164 -0.957614 -0.215481
vn -0.221565 -0.949061 -0.224034
vn -0.548744 -0.645456 -0.531288
vn 0.191164 -0.957614 -0.215481
vn -0.103387 -0.717918 -0.688408
vn 0.313766 -0.715351 -0.624358
vn 0.565577 -0.768263 -0.299825
vn 0.147145 -0.130758 -0.980434
vn 0.376485 -0.289789 -0.879932
vn 0.261529 -0.152633 -0.953051
vn 0.423288 -0.158534 -0.892017
vn 0.147145 -0.130758 -0.980434
vn 0.411640 -0.405303 -0.816261
vn 0.565097 -0.555427 -0.610053
vn 0.376485 -0.289789 -0.879932
vn 0.147145 -0.130758 -0.980434
vn 0.089541 0.232484 -0.968470
vn 0.135599 0.212003 -0.967816
vn 0.411640 -0.405303 -0.816261
vn 0.147145 -0.130758 -0.980434
vn 0.423288 -0.158534 -0.892017
vn 0.702218 -0.161548 -0.693392
vn 0.089541 0.232484 -0.968470
vn 0.141194 -0.352061 -0.925266
vn 0.089803 -0.388016 -0.917267
vn -0.622943 -0.141357 -0.769390
vn -0.603302 0.021661 -0.797218
vn 0.141194 -0.352061 -0.925266
vn 0.748038 -0.462963 -0.475504
vn 0.750459 -0.389503 -0.533945
vn 0.089803 -0.388016 -0.917267
vn 0.781329 -0.510907 -0.358469
vn 0.912808 -0.382569 0.142909
vn 0.933805 -0.346850 0.087772
vn 0.748038 -0.462963 -0.475504
vn 0.781329 -0.510907 -0.358469
vn 0.748038 -0.462963 -0.475504
vn 0.141194 -0.352061 -0.925266
vn 0.255154 -0.430623 -0.865714
vn -0.614855 0.753116 -0.234027
vn -0.508161 0.790019 -0.342990
vn -0.263933 0.876363 -0.402898
vn -0.330940 0.769664 -0.545982
vn -0.614855 0.753116 -0.234027
vn -0.905933 0.215034 0.364754
vn -0.979028 -0.201581 0.029483
vn -0.508161 0.790019 -0.342990
vn -0.614855 0.753116 -0.234027
vn -0.628041 0.763432 -0.150784
vn -0.754090 0.417347 0.507120
vn -0.905933 0.215034 0.364754
vn -0.614855 0.753116 -0.234027
vn -0.330940 0.769664 -0.545982
vn -0.280375 0.733916 -0.618674
vn -0.628041 0.763432 -0.150784
vn -0.628041 0.763432 -0.150784
vn -0.680674 0.716717 -0.151656
vn -0.798585 0.361906 0.480923
vn -0.754090 0.417347 0.507120
vn -0.628041 0.763432 -0.150784
vn -0.280375 0.733916 -0.618674
vn -0.229608 0.711214 -0.664420
vn -0.680674 0.716717 -0.151656
vn -0.680674 0.716717 -0.151656
vn -0.725492 0.664513 -0.179118
vn -0.858937 0.293481 0.419637
vn -0.798585 0.361906 0.480923
vn -0.680674 0.716717 -0.151656
vn -0.229608 0.711214 -0.664420
vn -0.214935 0.709539 -0.671087
vn -0.725492 0.664513 -0.179118
vn -0.725492 0.664513 -0.179118
vn -0.214935 0.709539 -0.671087
vn -0.228956 0.684249 -0.692374
vn -0.815600 0.535886 -0.218225
vn -0.725492 0.664513 -0.179118
vn -0.815600 0.535886 -0.218225
vn -0.915634 0.087568 0.392360
vn -0.858937 0.293481 0.419637
vn -0.815600 0.535886 -0.218225
vn -0.228956 0.684249 -0.692374
vn -0.264607 0.729825 -0.630349
vn -0.845887 0.456610 -0.275650
vn -0.815600 0.535886 -0.218225
vn -0.845887 0.456610 -0.275650
vn -0.961397 -0.056967 0.269205
vn -0.915634 0.087568 0.392360
vn -0.845887 0.456610 -0.275650
vn -0.264607 0.729825 -0.630349
vn -0.189353 0.839612 -0.509115
vn -0.827717 0.430294 -0.360183
vn -0.845887 0.456610 -0.275650
vn -0.827717 0.430294 -0.360183
vn -0.970203 -0.237168 0.049578
vn -0.961397 -0.056967 0.269205
vn -0.827717 0.430294 -0.360183
vn -0.189353 0.839612 -0.509115
vn -0.075116 0.853548 -0.515571
vn -0.758559 0.509523 -0.406171
vn -0.827717 0.430294 -0.360183
vn -0.758559 0.509523 -0.406171
vn -0.983498 -0.178778 -0.027755
vn -0.970203 -0.237168 0.049578
vn -0.758559 0.509523 -0.406171
vn -0.075116 0.853548 -0.515571
vn 0.051375 0.813164 -0.579763
vn -0.660394 0.601693 -0.449271
vn -0.758559 0.509523 -0.406171
vn -0.660394 0.601693 -0.449271
vn -0.997350 -0.072101 0.009724
vn -0.983498 -0.178778 -0.027755
vn 0.995247 -0.073929 0.063379
vn 0.934209 -0.251324 0.253160
vn 0.235431 -0.593097 0.769940
vn 0.290294 -0.665040 0.688078
vn 0.995247 -0.073929 0.063379
vn 0.590978 0.569200 -0.571626
vn 0.807766 0.290108 -0.513178
vn 0.934209 -0.251324 0.253160
vn 0.290294 -0.665040 0.688078
vn 0.235431 -0.593097 0.769940
vn -0.743318 -0.384636 0.547297
vn -0.583945 -0.558607 0.589038
vn -0.583945 -0.558607 0.589038
vn -0.743318 -0.384636 0.547297
vn -0.970537 0.176497 -0.164030
vn -0.998554 0.049510 -0.020967
vn -0.998554 0.049510 -0.020967
vn -0.970537 0.176497 -0.164030
vn -0.246388 0.576651 -0.778952
vn -0.316185 0.683193 -0.658235
vn -0.390881 -0.787063 0.477225
vn -0.478309 -0.649257 0.591342
vn -0.996022 -0.001144 0.089105
vn -0.973583 -0.205562 0.099403
vn -0.390881 -0.787063 0.477225
vn 0.435074 -0.772510 0.462535
vn 0.436196 -0.690725 0.576743
vn -0.478309 -0.649257 0.591342
vn -0.390881 -0.787063 0.477225
vn -0.228343 -0.895909 0.381059
vn 0.538814 -0.722248 0.433632
vn 0.435074 -0.772510 0.462535
vn -0.390881 -0.787063 0.477225
vn -0.973583 -0.205562 0.099403
vn -0.979028 -0.201581 0.029483
vn -0.228343 -0.895909 0.381059
vn -0.973583 -0.205562 0.099403
vn -0.564844 0.715075 -0.411848
vn -0.508161 0.790019 -0.342990
vn -0.979028 -0.201581 0.029483
vn -0.564844 0.715075 -0.411848
vn 0.270667 0.868166 -0.415965
vn 0.103905 0.965898 -0.237159
vn -0.508161 0.790019 -0.342990
vn -0.026598 0.156166 0.987373
vn -0.595096 -0.258220 0.761041
vn -0.631168 0.319596 0.706742
vn -0.120494 0.636105 0.762136
vn -0.026598 0.156166 0.987373
vn 0.321770 -0.560586 0.763025
vn -0.189551 -0.831676 0.521906
vn -0.595096 -0.258220 0.761041
vn -0.026598 0.156166 0.987373
vn 0.471799 0.560292 0.680793
vn 0.776271 -0.049381 0.628463
vn 0.321770 -0.560586 0.763025
vn 0.471799 0.560292 0.680793
vn -0.026598 0.156166 0.987373
vn -0.120494 0.636105 0.762136
vn 0.160371 0.846544 0.507587
vn 0.009621 0.828650 -0.559684
vn -0.173877 0.842922 -0.509165
vn -0.324814 0.564160 -0.759091
vn -0.117339 0.532666 -0.838152
vn 0.009621 0.828650 -0.559684
vn 0.113127 0.963563 -0.242382
vn -0.024881 0.981468 -0.190005
vn -0.173877 0.842922 -0.509165
vn 0.009621 0.828650 -0.559684
vn 0.137971 0.811903 -0.567255
vn 0.219018 0.943543 -0.248509
vn 0.113127 0.963563 -0.242382
vn 0.009621 0.828650 -0.559684
vn -0.117339 0.532666 -0.838152
vn 0.014143 0.516692 -0.856055
vn 0.137971 0.811903 -0.567255
vn 0.137971 0.811903 -0.567255
vn 0.219618 0.807570 -0.547356
vn 0.298362 0.927113 -0.226806
vn 0.219018 0.943543 -0.248509
vn 0.137971 0.811903 -0.567255
vn 0.014143 0.516692 -0.856055
vn 0.080590 0.533072 -0.842223
vn 0.219618 0.807570 -0.547356
vn -0.324814 0.564160 -0.759091
vn -0.551242 0.589645 -0.590298
vn -0.668064 0.302717 -0.679745
vn -0.459472 0.184241 -0.868874
vn -0.324814 0.564160 -0.759091
vn -0.173877 0.842922 -0.509165
vn -0.378404 0.838466 -0.392154
vn -0.551242 0.589645 -0.590298
vn -0.324814 0.564160 -0.759091
vn -0.459472 0.184241 -0.868874
vn -0.244243 0.109733 -0.963486
vn -0.117339 0.532666 -0.838152
vn -0.117339 0.532666 -0.838152
vn -0.244243 0.109733 -0.963486
vn -0.123826 0.094206 -0.987822
vn 0.014143 0.516692 -0.856055
vn 0.964037 -0.216879 -0.153609
vn 0.818735 -0.569487 -0.073195
vn 0.834637 -0.535479 0.129007
vn 0.952964 -0.272562 0.132551
vn 0.964037 -0.216879 -0.153609
vn 0.893393 -0.153098 -0.422386
vn 0.757312 -0.556868 -0.341139
vn 0.818735 -0.569487 -0.073195
vn 0.980398 -0.187963 0.059071
vn 0.985790 -0.129191 0.107364
vn 0.747484 -0.426339 -0.509414
vn 0.750459 -0.389503 -0.533945
vn 0.980398 -0.187963 0.059071
vn 0.602597 0.219978 0.767128
vn 0.533641 0.354939 0.767624
vn 0.985790 -0.129191 0.107364
vn 0.985790 -0.129191 0.107364
vn 0.963444 -0.252233 0.090304
vn 0.625640 -0.643866 -0.440467
vn 0.747484 -0.426339 -0.509414
vn 0.985790 -0.129191 0.107364
vn 0.533641 0.354939 0.767624
vn 0.546854 0.530051 0.648072
vn 0.963444 -0.252233 0.090304
vn 0.963444 -0.252233 0.090304
vn 0.978751 -0.157822 0.130912
vn 0.589712 -0.693776 -0.413419
vn 0.625640 -0.643866 -0.440467
vn 0.963444 -0.252233 0.090304
vn 0.546854 0.530051 0.648072
vn 0.506706 0.596317 0.622620
vn 0.978751 -0.157822 0.130912
vn 0.602597 0.219978 0.767128
vn -0.060843 0.444215 0.893852
vn -0.099805 0.538361 0.836784
vn 0.533641 0.354939 0.767624
vn 0.533641 0.354939 0.767624
vn -0.099805 0.538361 0.836784
vn -0.037440 0.772486 0.633928
vn 0.546854 0.530051 0.648072
vn 0.967203 0.025435 -0.252728
vn 0.527568 0.328255 0.783531
vn 0.432749 0.362554 0.825399
vn 0.969491 0.044418 -0.241069
vn 0.967203 0.025435 -0.252728
vn 0.969491 0.044418 -0.241069
vn 0.517115 -0.167429 -0.839381
vn 0.530136 -0.122376 -0.839035
vn -0.834925 -0.390025 -0.388305
vn -0.815398 -0.490807 -0.306977
vn -0.690602 -0.696264 0.195668
vn -0.702140 -0.707361 0.081485
vn -0.834925 -0.390025 -0.388305
vn -0.728232 -0.061754 -0.682543
vn -0.707288 -0.171908 -0.685705
vn -0.815398 -0.490807 -0.306977
vn -0.834925 -0.390025 -0.388305
vn -0.793450 -0.334127 -0.508721
vn -0.702049 -0.033441 -0.711343
vn -0.728232 -0.061754 -0.682543
vn -0.834925 -0.390025 -0.388305
vn -0.702140 -0.707361 0.081485
vn -0.680794 -0.722473 -0.120632
vn -0.793450 -0.334127 -0.508721
vn -0.680794 -0.722473 -0.120632
vn -0.226342 -0.895434 0.383364
vn -0.200013 -0.945422 0.257239
vn -0.753644 -0.635176 -0.169031
vn -0.680794 -0.722473 -0.120632
vn -0.702140 -0.707361 0.081485
vn -0.357847 -0.767279 0.532193
vn -0.226342 -0.895434 0.383364
vn -0.680794 -0.722473 -0.120632
vn -0.753644 -0.635176 -0.169031
vn -0.880374 -0.183943 -0.437157
vn -0.793450 -0.334127 -0.508721
vn 0.801716 -0.402809 0.441585
vn 0.438777 -0.789651 0.428865
vn 0.321770 -0.560586 0.763025
vn 0.776271 -0.049381 0.628463
vn 0.801716 -0.402809 0.441585
vn 0.743215 -0.662194 0.095555
vn 0.601042 -0.797589 0.050991
vn 0.438777 -0.789651 0.428865
vn 0.801716 -0.402809 0.441585
vn 0.856215 -0.320355 0.405300
vn 0.765572 -0.634137 0.108493
vn 0.743215 -0.662194 0.095555
vn 0.801716 -0.402809 0.441585
vn 0.776271 -0.049381 0.628463
vn 0.829839 0.032657 0.557047
vn 0.856215 -0.320355 0.405300
vn 0.438777 -0.789651 0.428865
vn 0.140010 -0.947982 0.285881
vn -0.189551 -0.831676 0.521906
vn 0.321770 -0.560586 0.763025
vn 0.438777 -0.789651 0.428865
vn 0.601042 -0.797589 0.050991
vn 0.412247 -0.910509 -0.032025
vn 0.140010 -0.947982 0.285881
vn 0.345196 -0.880048 0.326122
vn 0.481567 -0.871222 0.095209
vn 0.081148 -0.993914 0.074496
vn 0.038765 -0.981785 0.185999
vn 0.219618 0.807570 -0.547356
vn 0.080590 0.533072 -0.842223
vn 0.123826 0.575047 -0.808695
vn 0.277015 0.813202 -0.511826
vn 0.219618 0.807570 -0.547356
vn 0.277015 0.813202 -0.511826
vn 0.367211 0.909416 -0.195240
vn 0.298362 0.927113 -0.226806
vn 0.014143 0.516692 -0.856055
vn -0.123826 0.094206 -0.987822
vn -0.084963 0.142922 -0.986080
vn 0.080590 0.533072 -0.842223
vn -0.459472 0.184241 -0.868874
vn -0.668064 0.302717 -0.679745
vn -0.725020 -0.266083 -0.635252
vn -0.540505 -0.351585 -0.764357
vn -0.459472 0.184241 -0.868874
vn -0.540505 -0.351585 -0.764357
vn -0.341133 -0.373794 -0.862500
vn -0.244243 0.109733 -0.963486
vn -0.244243 0.109733 -0.963486
vn -0.341133 -0.373794 -0.862500
vn -0.234861 -0.351268 -0.906339
vn -0.123826 0.094206 -0.987822
vn -0.035112 0.987410 0.154235
vn -0.029804 0.981952 0.186769
vn 0.151280 0.926590 0.344303
vn 0.188597 0.947040 0.259896
vn -0.035112 0.987410 0.154235
vn -0.260651 0.965116 0.024744
vn -0.242289 0.970193 -0.004666
vn -0.029804 0.981952 0.186769
vn -0.035112 0.987410 0.154235
vn -0.024452 0.988992 0.145933
vn -0.247406 0.967875 0.044808
vn -0.260651 0.965116 0.024744
vn -0.035112 0.987410 0.154235
vn 0.188597 0.947040 0.259896
vn 0.215390 0.947141 0.237761
vn -0.024452 0.988992 0.145933
vn -0.247406 0.967875 0.044808
vn -0.553818 0.824663 -0.114963
vn -0.559252 0.813697 -0.158539
vn -0.260651 0.965116 0.024744
vn -0.247406 0.967875 0.044808
vn -0.216925 0.973973 0.065735
vn -0.526732 0.846548 -0.076876
vn -0.553818 0.824663 -0.114963
vn -0.247406 0.967875 0.044808
vn -0.024452 0.988992 0.145933
vn 0.007518 0.987961 0.154518
vn -0.216925 0.973973 0.065735
vn -0.260651 0.965116 0.024744
vn -0.559252 0.813697 -0.158539
vn -0.520164 0.820239 -0.237987
vn -0.242289 0.970193 -0.004666
vn -0.559252 0.813697 -0.158539
vn -0.553818 0.824663 -0.114963
vn -0.769286 0.584966 -0.256929
vn -0.755386 0.584689 -0.295857
vn -0.559252 0.813697 -0.158539
vn -0.755386 0.584689 -0.295857
vn -0.704899 0.591219 -0.391890
vn -0.520164 0.820239 -0.237987
vn -0.520164 0.820239 -0.237987
vn -0.704899 0.591219 -0.391890
vn -0.551242 0.589645 -0.590298
vn -0.378404 0.838466 -0.392154
vn -0.520164 0.820239 -0.237987
vn -0.378404 0.838466 -0.392154
vn -0.158498 0.983373 -0.088636
vn -0.242289 0.970193 -0.004666
vn -0.255075 -0.966162 -0.038311
vn -0.213604 -0.905936 -0.365587
vn -0.430421 -0.779446 -0.455193
vn -0.570074 -0.773248 -0.277675
vn -0.255075 -0.966162 -0.038311
vn 0.038765 -0.981785 0.185999
vn 0.081148 -0.993914 0.074496
vn -0.213604 -0.905936 -0.365587
vn -0.577578 -0.536744 0.615069
vn -0.153139 -0.728794 0.667388
vn -0.148251 -0.876053 0.458860
vn -0.604758 -0.653288 0.455502
vn -0.577578 -0.536744 0.615069
vn -0.547012 -0.330038 0.769319
vn -0.186686 -0.436737 0.880005
vn -0.153139 -0.728794 0.667388
vn -0.577578 -0.536744 0.615069
vn -0.863317 -0.202772 0.462134
vn -0.802563 -0.173447 0.570797
vn -0.547012 -0.330038 0.769319
vn -0.577578 -0.536744 0.615069
vn -0.604758 -0.653288 0.455502
vn -0.909465 -0.215305 0.355693
vn -0.863317 -0.202772 0.462134
vn -0.153139 -0.728794 0.667388
vn -0.186686 -0.436737 0.880005
vn 0.295186 -0.467764 0.833104
vn 0.450278 -0.686259 0.571226
vn -0.153139 -0.728794 0.667388
vn 0.450278 -0.686259 0.571226
vn 0.462888 -0.812545 0.354266
vn -0.148251 -0.876053 0.458860
vn 0.384705 0.809329 -0.443834
vn 0.480925 0.636999 -0.602448
vn 0.074095 0.608988 -0.789711
vn -0.012587 0.768149 -0.640148
vn 0.384705 0.809329 -0.443834
vn 0.696693 0.704312 -0.136247
vn 0.778248 0.564389 -0.275310
vn 0.480925 0.636999 -0.602448
vn 0.384705 0.809329 -0.443834
vn 0.338386 0.884136 -0.322178
vn 0.643745 0.764726 -0.028047
vn 0.696693 0.704312 -0.136247
vn 0.384705 0.809329 -0.443834
vn -0.012587 0.768149 -0.640148
vn -0.041169 0.838404 -0.543492
vn 0.338386 0.884136 -0.322178
vn -0.012587 0.768149 -0.640148
vn -0.532374 0.480969 -0.696597
vn -0.512591 0.521169 -0.682374
vn -0.041169 0.838404 -0.543492
vn -0.012587 0.768149 -0.640148
vn 0.074095 0.608988 -0.789711
vn -0.521993 0.367911 -0.769523
vn -0.532374 0.480969 -0.696597
vn -0.783377 0.100683 -0.613337
vn -0.804152 0.065683 -0.590784
vn -0.884561 -0.182708 -0.429150
vn -0.843463 -0.238335 -0.481421
vn -0.799535 -0.315648 -0.510990
vn -0.735669 0.117199 -0.667125
vn -0.783377 0.100683 -0.613337
vn -0.843463 -0.238335 -0.481421
vn -0.911885 0.387571 -0.135109
vn -0.874583 0.356822 -0.328303
vn 0.539757 0.840603 0.045267
vn 0.695719 0.498718 0.516968
vn -0.911885 0.387571 -0.135109
vn -0.866239 -0.289546 0.407177
vn -0.829805 -0.314431 0.461038
vn -0.874583 0.356822 -0.328303
vn -0.911885 0.387571 -0.135109
vn -0.928700 0.250199 -0.273709
vn -0.863114 -0.232794 0.448152
vn -0.866239 -0.289546 0.407177
vn -0.911885 0.387571 -0.135109
vn 0.695719 0.498718 0.516968
vn -0.992950 -0.019412 -0.116935
vn -0.928700 0.250199 -0.273709
vn 0.643745 0.764726 -0.028047
vn 0.850758 0.430422 0.301577
vn 0.877661 0.405828 0.254980
vn 0.696693 0.704312 -0.136247
vn 0.725746 0.687286 -0.030512
vn 0.394352 0.865173 -0.309776
vn 0.716781 0.278264 -0.639370
vn 0.952253 0.169740 -0.253776
vn 0.725746 0.687286 -0.030512
vn 0.952253 0.169740 -0.253776
vn 0.995150 -0.071209 -0.067865
vn 0.935369 0.278318 0.218231
vn 0.394352 0.865173 -0.309776
vn 0.011360 0.819239 -0.573339
vn 0.348159 0.191836 -0.917597
vn 0.716781 0.278264 -0.639370
vn -0.020740 0.944221 -0.328658
vn 0.191101 0.881616 -0.431547
vn 0.226113 0.907336 -0.354421
vn 0.005746 0.950766 -0.309855
vn -0.020740 0.944221 -0.328658
vn -0.135814 0.907004 -0.398621
vn 0.055481 0.798450 -0.599500
vn 0.191101 0.881616 -0.431547
vn -0.020740 0.944221 -0.328658
vn -0.262923 0.948288 -0.177823
vn -0.292467 0.943092 -0.158240
vn -0.135814 0.907004 -0.398621
vn -0.020740 0.944221 -0.328658
vn 0.005746 0.950766 -0.309855
vn -0.257364 0.940563 -0.221596
vn -0.262923 0.948288 -0.177823
vn -0.330940 0.769664 -0.545982
vn -0.263933 0.876363 -0.402898
vn -0.050639 0.686108 -0.725735
vn 0.175000 0.435902 -0.882816
vn -0.330940 0.769664 -0.545982
vn 0.175000 0.435902 -0.882816
vn 0.251153 0.355145 -0.900441
vn -0.280375 0.733916 -0.618674
vn -0.280375 0.733916 -0.618674
vn 0.251153 0.355145 -0.900441
vn 0.380020 0.319731 -0.867962
vn -0.229608 0.711214 -0.664420
vn -0.229608 0.711214 -0.664420
vn 0.380020 0.319731 -0.867962
vn 0.440685 0.363992 -0.820553
vn -0.214935 0.709539 -0.671087
vn -0.214935 0.709539 -0.671087
vn 0.440685 0.363992 -0.820553
vn 0.494562 0.440822 -0.749055
vn -0.228956 0.684249 -0.692374
vn -0.228956 0.684249 -0.692374
vn 0.494562 0.440822 -0.749055
vn 0.475201 0.610291 -0.633821
vn -0.264607 0.729825 -0.630349
vn -0.264607 0.729825 -0.630349
vn 0.475201 0.610291 -0.633821
vn 0.530843 0.766408 -0.361697
vn -0.189353 0.839612 -0.509115
vn 0.175000 0.435902 -0.882816
vn -0.050639 0.686108 -0.725735
vn 0.349057 -0.352556 -0.868254
vn 0.670606 -0.267455 -0.691921
vn 0.175000 0.435902 -0.882816
vn 0.670606 -0.267455 -0.691921
vn 0.706040 -0.306432 -0.638442
vn 0.251153 0.355145 -0.900441
vn 0.251153 0.355145 -0.900441
vn 0.706040 -0.306432 -0.638442
vn 0.780161 -0.268897 -0.564839
vn 0.380020 0.319731 -0.867962
vn 0.380020 0.319731 -0.867962
vn 0.780161 -0.268897 -0.564839
vn 0.839368 -0.167795 -0.517016
vn 0.440685 0.363992 -0.820553
vn 0.440685 0.363992 -0.820553
vn 0.839368 -0.167795 -0.517016
vn 0.912441 -0.012304 -0.409023
vn 0.494562 0.440822 -0.749055
vn 0.494562 0.440822 -0.749055
vn 0.912441 -0.012304 -0.409023
vn 0.947585 0.137035 -0.288625
vn 0.475201 0.610291 -0.633821
vn 0.670606 -0.267455 -0.691921
vn 0.349057 -0.352556 -0.868254
vn 0.400436 -0.915808 -0.030783
vn 0.646427 -0.762925 0.008837
vn 0.670606 -0.267455 -0.691921
vn 0.646427 -0.762925 0.008837
vn 0.712824 -0.700619 -0.031876
vn 0.706040 -0.306432 -0.638442
vn 0.706040 -0.306432 -0.638442
vn 0.712824 -0.700619 -0.031876
vn 0.758521 -0.651647 -0.001463
vn 0.780161 -0.268897 -0.564839
vn 0.780161 -0.268897 -0.564839
vn 0.758521 -0.651647 -0.001463
vn 0.817184 -0.575456 0.032568
vn 0.839368 -0.167795 -0.517016
vn 0.646427 -0.762925 0.008837
vn 0.400436 -0.915808 -0.030783
vn 0.573642 -0.622886 0.531928
vn 0.415632 -0.793259 0.444960
vn 0.646427 -0.762925 0.008837
vn 0.415632 -0.793259 0.444960
vn 0.421101 -0.752047 0.507049
vn 0.712824 -0.700619 -0.031876
vn 0.712824 -0.700619 -0.031876
vn 0.421101 -0.752047 0.507049
vn 0.398146 -0.721611 0.566355
vn 0.758521 -0.651647 -0.001463
vn -0.381233 -0.113181 0.917524
vn -0.565421 0.239396 0.789296
vn -0.358659 0.450431 0.817604
vn -0.252831 0.176001 0.951368
vn -0.381233 -0.113181 0.917524
vn -0.525674 -0.487567 0.697097
vn -0.772320 -0.066432 0.631750
vn -0.565421 0.239396 0.789296
vn -0.381233 -0.113181 0.917524
vn -0.214383 -0.327819 0.920095
vn -0.335066 -0.660950 0.671473
vn -0.525674 -0.487567 0.697097
vn -0.381233 -0.113181 0.917524
vn -0.252831 0.176001 0.951368
vn -0.106898 -0.011175 0.994207
vn -0.214383 -0.327819 0.920095
vn -0.214383 -0.327819 0.920095
vn -0.148049 -0.410298 0.899854
vn -0.272277 -0.711388 0.647914
vn -0.335066 -0.660950 0.671473
vn -0.214383 -0.327819 0.920095
vn -0.106898 -0.011175 0.994207
vn -0.026516 -0.086736 0.995878
vn -0.148049 -0.410298 0.899854
vn -0.252831 0.176001 0.951368
vn -0.358659 0.450431 0.817604
vn -0.066430 0.685726 0.724822
vn -0.053666 0.541195 0.839183
vn -0.252831 0.176001 0.951368
vn -0.053666 0.541195 0.839183
vn 0.037962 0.404334 0.913823
vn -0.106898 -0.011175 0.994207
vn -0.106898 -0.011175 0.994207
vn 0.037962 0.404334 0.913823
vn 0.099947 0.295838 0.949995
vn -0.026516 -0.086736 0.995878
vn -0.409473 0.647104 0.643108
vn -0.611323 0.595391 0.521339
vn -0.628345 0.614090 0.477573
vn -0.409424 0.664481 0.625170
vn -0.409473 0.647104 0.643108
vn -0.416320 0.632709 0.652960
vn -0.619823 0.558198 0.551574
vn -0.611323 0.595391 0.521339
vn -0.409473 0.647104 0.643108
vn -0.138996 0.632195 0.762240
vn -0.145536 0.650852 0.745125
vn -0.416320 0.632709 0.652960
vn -0.409473 0.647104 0.643108
vn -0.409424 0.664481 0.625170
vn -0.104391 0.624442 0.774064
vn -0.138996 0.632195 0.762240
vn -0.611323 0.595391 0.521339
vn -0.779708 0.496740 0.381189
vn -0.785467 0.521969 0.332551
vn -0.628345 0.614090 0.477573
vn -0.611323 0.595391 0.521339
vn -0.619823 0.558198 0.551574
vn -0.798918 0.434362 0.416004
vn -0.779708 0.496740 0.381189
vn -0.779708 0.496740 0.381189
vn -0.798918 0.434362 0.416004
vn -0.977886 0.168751 0.123536
vn -0.948629 0.291303 0.123476
vn -0.779708 0.496740 0.381189
vn -0.948629 0.291303 0.123476
vn -0.927409 0.361973 0.094282
vn -0.785467 0.521969 0.332551
vn -0.521772 -0.825435 -0.215432
vn -0.630785 -0.741559 -0.228474
vn -0.539017 -0.461344 -0.704715
vn -0.440079 -0.563707 -0.698974
vn -0.521772 -0.825435 -0.215432
vn -0.459286 -0.847123 0.267282
vn -0.551101 -0.795186 0.252915
vn -0.630785 -0.741559 -0.228474
vn -0.521772 -0.825435 -0.215432
vn -0.418170 -0.887927 -0.191624
vn -0.369541 -0.886868 0.277317
vn -0.459286 -0.847123 0.267282
vn -0.521772 -0.825435 -0.215432
vn -0.440079 -0.563707 -0.698974
vn -0.354255 -0.657122 -0.665352
vn -0.418170 -0.887927 -0.191624
vn 0.451444 0.891654 0.033936
vn 0.463768 0.885027 0.040573
vn 0.419927 0.766423 0.486064
vn 0.414742 0.783885 0.462075
vn 0.451444 0.891654 0.033936
vn 0.434422 0.836138 -0.334890
vn 0.423559 0.806925 -0.411667
vn 0.463768 0.885027 0.040573
vn 0.451444 0.891654 0.033936
vn 0.686980 0.721247 0.088661
vn 0.712033 0.654999 -0.252954
vn 0.434422 0.836138 -0.334890
vn 0.451444 0.891654 0.033936
vn 0.414742 0.783885 0.462075
vn 0.543844 0.705541 0.454364
vn 0.686980 0.721247 0.088661
vn 0.434422 0.836138 -0.334890
vn 0.274356 0.371287 -0.887060
vn 0.224543 0.301079 -0.926786
vn 0.423559 0.806925 -0.411667
vn 0.434422 0.836138 -0.334890
vn 0.712033 0.654999 -0.252954
vn 0.507313 0.377875 -0.774496
vn 0.274356 0.371287 -0.887060
vn 0.423559 0.806925 -0.411667
vn 0.449792 0.756640 -0.474535
vn 0.511708 0.858883 0.021798
vn 0.463768 0.885027 0.040573
vn 0.423559 0.806925 -0.411667
vn 0.224543 0.301079 -0.926786
vn 0.210255 0.240843 -0.947516
vn 0.449792 0.756640 -0.474535
vn 0.274356 0.371287 -0.887060
vn -0.064049 -0.747109 -0.661609
vn -0.127758 -0.665672 -0.735227
vn 0.224543 0.301079 -0.926786
vn 0.274356 0.371287 -0.887060
vn 0.507313 0.377875 -0.774496
vn 0.211924 -0.816389 -0.537213
vn -0.064049 -0.747109 -0.661609
vn 0.224543 0.301079 -0.926786
vn -0.127758 -0.665672 -0.735227
vn -0.175225 -0.628990 -0.757408
vn 0.210255 0.240843 -0.947516
vn 0.210255 0.240843 -0.947516
vn -0.175225 -0.628990 -0.757408
vn -0.218657 -0.604929 -0.765670
vn 0.209181 0.170556 -0.962888
vn 0.210255 0.240843 -0.947516
vn 0.209181 0.170556 -0.962888
vn 0.490333 0.686540 -0.536876
vn 0.449792 0.756640 -0.474535
vn 0.699917 -0.660111 0.272709
vn 0.846326 -0.377447 0.375854
vn 0.043350 -0.199180 0.979004
vn 0.278103 -0.528160 0.802313
vn 0.699917 -0.660111 0.272709
vn 0.816445 -0.451347 -0.360144
vn 0.700058 -0.139879 -0.700252
vn 0.846326 -0.377447 0.375854
vn 0.699917 -0.660111 0.272709
vn 0.864008 -0.475250 0.166217
vn 0.868876 -0.478983 -0.125018
vn 0.816445 -0.451347 -0.360144
vn 0.699917 -0.660111 0.272709
vn 0.278103 -0.528160 0.802313
vn 0.798134 -0.394422 0.455426
vn 0.864008 -0.475250 0.166217
vn 0.690685 0.667352 0.278560
vn 0.974515 -0.195719 0.109610
vn 0.966804 -0.253737 0.030115
vn 0.711103 0.656949 0.250502
vn 0.690685 0.667352 0.278560
vn 0.711103 0.656949 0.250502
vn 0.168531 0.946246 0.276073
vn 0.164743 0.926611 0.338013
vn 0.711103 0.656949 0.250502
vn 0.966804 -0.253737 0.030115
vn 0.972728 -0.208052 -0.102545
vn 0.714514 0.576926 0.395760
vn 0.711103 0.656949 0.250502
vn 0.714514 0.576926 0.395760
vn 0.170499 0.822349 0.542838
vn 0.168531 0.946246 0.276073
vn 0.714514 0.576926 0.395760
vn 0.972728 -0.208052 -0.102545
vn 0.971473 -0.193689 -0.136838
vn 0.724945 0.465663 0.507556
vn 0.714514 0.576926 0.395760
vn 0.724945 0.465663 0.507556
vn 0.179926 0.656926 0.732172
vn 0.170499 0.822349 0.542838
vn 0.724945 0.465663 0.507556
vn 0.726851 0.455167 0.514305
vn 0.192502 0.641089 0.742931
vn 0.179926 0.656926 0.732172
vn 0.724945 0.465663 0.507556
vn 0.971473 -0.193689 -0.136838
vn 0.974920 -0.173379 -0.139536
vn 0.726851 0.455167 0.514305
vn 0.726851 0.455167 0.514305
vn 0.730622 0.527584 0.433412
vn 0.196731 0.745064 0.637320
vn 0.192502 0.641089 0.742931
vn 0.726851 0.455167 0.514305
vn 0.974920 -0.173379 -0.139536
vn 0.978252 -0.150835 -0.142377
vn 0.730622 0.527584 0.433412
vn 0.196731 0.745064 0.637320
vn 0.730622 0.527584 0.433412
vn 0.740967 0.561788 0.367917
vn 0.718054 0.636082 0.282486
vn 0.195198 0.892607 0.406387
vn 0.191614 0.806265 0.559661
vn 0.730622 0.527584 0.433412
vn 0.978252 -0.150835 -0.142377
vn 0.985309 -0.148423 -0.084478
vn 0.718054 0.636082 0.282486
vn 0.740967 0.561788 0.367917
vn 0.179926 0.656926 0.732172
vn 0.192502 0.641089 0.742931
vn -0.437561 0.563185 0.700973
vn -0.434485 0.579418 0.689563
vn -0.437561 0.563185 0.700973
vn 0.192502 0.641089 0.742931
vn 0.196731 0.745064 0.637320
vn -0.477999 0.653847 0.586516
vn -0.216160 -0.780197 0.586999
vn -0.054799 -0.851040 0.522234
vn 0.183631 -0.707460 0.682481
vn 0.184295 -0.716986 0.672285
vn -0.480666 0.837376 0.260309
vn -0.459366 0.826488 0.325423
vn 0.164743 0.926611 0.338013
vn 0.168531 0.946246 0.276073
vn -0.459366 0.826488 0.325423
vn -0.480666 0.837376 0.260309
vn -0.950328 0.238779 0.199653
vn -0.951675 0.219544 0.214745
vn -0.480666 0.837376 0.260309
vn -0.447498 0.738739 0.503995
vn -0.918532 0.304482 0.252170
vn -0.950328 0.238779 0.199653
vn -0.447498 0.738739 0.503995
vn -0.480666 0.837376 0.260309
vn 0.168531 0.946246 0.276073
vn 0.170499 0.822349 0.542838
vn -0.369015 0.222659 -0.902358
vn -0.294061 0.455641 -0.840190
vn -0.517613 0.603482 -0.606537
vn -0.628021 0.355530 -0.692234
vn -0.369015 0.222659 -0.902358
vn -0.018303 0.062460 -0.997880
vn -0.001614 0.255948 -0.966689
vn -0.294061 0.455641 -0.840190
vn -0.018303 0.062460 -0.997880
vn 0.285886 -0.079026 -0.955000
vn 0.312742 0.039973 -0.948997
vn -0.001614 0.255948 -0.966689
vn -0.001614 0.255948 -0.966689
vn 0.312742 0.039973 -0.948997
vn 0.381666 0.171556 -0.908240
vn 0.098820 0.434885 -0.895047
vn -0.001614 0.255948 -0.966689
vn 0.098820 0.434885 -0.895047
vn -0.138267 0.637744 -0.757736
vn -0.294061 0.455641 -0.840190
vn 0.098820 0.434885 -0.895047
vn 0.245581 0.647094 -0.721775
vn 0.055481 0.798450 -0.599500
vn -0.138267 0.637744 -0.757736
vn 0.098820 0.434885 -0.895047
vn 0.381666 0.171556 -0.908240
vn 0.490845 0.406771 -0.770460
vn 0.245581 0.647094 -0.721775
vn 0.285886 -0.079026 -0.955000
vn 0.538782 -0.209650 -0.815942
vn 0.589508 -0.146098 -0.794441
vn 0.312742 0.039973 -0.948997
vn 0.312742 0.039973 -0.948997
vn 0.589508 -0.146098 -0.794441
vn 0.644813 -0.123873 -0.754236
vn 0.381666 0.171556 -0.908240
vn 0.381666 0.171556 -0.908240
vn 0.644813 -0.123873 -0.754236
vn 0.755934 0.010614 -0.654562
vn 0.490845 0.406771 -0.770460
vn 0.538782 -0.209650 -0.815942
vn 0.795768 -0.352426 -0.492492
vn 0.839651 -0.333647 -0.428562
vn 0.589508 -0.146098 -0.794441
vn 0.589508 -0.146098 -0.794441
vn 0.839651 -0.333647 -0.428562
vn 0.816731 -0.482209 -0.316899
vn 0.644813 -0.123873 -0.754236
vn -0.681007 0.076935 -0.728224
vn -0.368717 -0.023157 -0.929253
vn -0.369015 0.222659 -0.902358
vn -0.628021 0.355530 -0.692234
vn -0.681007 0.076935 -0.728224
vn -0.628021 0.355530 -0.692234
vn -0.824087 0.495516 -0.274488
vn -0.921905 0.269931 -0.277900
vn 0.612843 -0.444846 0.653097
vn 0.179888 -0.669196 0.720983
vn 0.175857 -0.792503 0.583964
vn 0.579397 -0.594797 0.557239
vn 0.939273 0.030259 0.341833
vn 0.612843 -0.444846 0.653097
vn 0.579397 -0.594797 0.557239
vn 0.936830 -0.084086 0.339527
vn 0.612843 -0.444846 0.653097
vn 0.605637 0.006035 0.795718
vn 0.162029 -0.219908 0.961971
vn 0.179888 -0.669196 0.720983
vn 0.612843 -0.444846 0.653097
vn 0.939273 0.030259 0.341833
vn 0.887531 0.288427 0.359303
vn 0.605637 0.006035 0.795718
vn 0.605637 0.006035 0.795718
vn 0.590703 0.159916 0.790884
vn 0.124192 -0.057706 0.990579
vn 0.162029 -0.219908 0.961971
vn 0.605637 0.006035 0.795718
vn 0.887531 0.288427 0.359303
vn 0.884672 0.352913 0.304643
vn 0.590703 0.159916 0.790884
vn 0.590703 0.159916 0.790884
vn 0.640231 -0.010877 0.768105
vn 0.133308 -0.198187 0.971057
vn 0.124192 -0.057706 0.990579
vn 0.590703 0.159916 0.790884
vn 0.884672 0.352913 0.304643
vn 0.942709 0.209276 0.259815
vn 0.640231 -0.010877 0.768105
vn 0.640231 -0.010877 0.768105
vn 0.942709 0.209276 0.259815
vn 0.965100 0.111235 0.237082
vn 0.644669 -0.122679 0.754554
vn 0.640231 -0.010877 0.768105
vn 0.644669 -0.122679 0.754554
vn 0.138250 -0.276132 0.951125
vn 0.133308 -0.198187 0.971057
vn 0.644669 -0.122679 0.754554
vn 0.965100 0.111235 0.237082
vn 0.952986 0.162999 0.255437
vn 0.622959 -0.101765 0.775607
vn 0.138250 -0.276132 0.951125
vn 0.644669 -0.122679 0.754554
vn 0.622959 -0.101765 0.775607
vn 0.132794 -0.230779 0.963902
vn 0.809424 0.566988 -0.152832
vn 0.939273 0.030259 0.341833
vn 0.936830 -0.084086 0.339527
vn 0.793472 0.599229 -0.106429
vn 0.939273 0.030259 0.341833
vn 0.809424 0.566988 -0.152832
vn 0.837744 0.495558 -0.229361
vn 0.887531 0.288427 0.359303
vn 0.887531 0.288427 0.359303
vn 0.837744 0.495558 -0.229361
vn 0.832274 0.430510 -0.349258
vn 0.884672 0.352913 0.304643
vn 0.884672 0.352913 0.304643
vn 0.832274 0.430510 -0.349258
vn 0.841375 0.364828 -0.398735
vn 0.942709 0.209276 0.259815
vn 0.942709 0.209276 0.259815
vn 0.841375 0.364828 -0.398735
vn 0.847592 0.320162 -0.423184
vn 0.965100 0.111235 0.237082
vn 0.952986 0.162999 0.255437
vn 0.965100 0.111235 0.237082
vn 0.847592 0.320162 -0.423184
vn 0.835946 0.375240 -0.400487
vn 0.837744 0.495558 -0.229361
vn 0.498720 0.517595 -0.695251
vn 0.467956 0.354645 -0.809472
vn 0.832274 0.430510 -0.349258
vn 0.832274 0.430510 -0.349258
vn 0.467956 0.354645 -0.809472
vn 0.433613 0.376594 -0.818631
vn 0.841375 0.364828 -0.398735
vn 0.841375 0.364828 -0.398735
vn 0.433613 0.376594 -0.818631
vn 0.402886 0.385191 -0.830248
vn 0.847592 0.320162 -0.423184
vn 0.835946 0.375240 -0.400487
vn 0.847592 0.320162 -0.423184
vn 0.402886 0.385191 -0.830248
vn 0.390578 0.458085 -0.798503
vn 0.467956 0.354645 -0.809472
vn 0.498720 0.517595 -0.695251
vn -0.081765 0.340372 -0.936729
vn -0.116362 0.149568 -0.981880
vn 0.467956 0.354645 -0.809472
vn -0.116362 0.149568 -0.981880
vn -0.177292 0.256205 -0.950225
vn 0.433613 0.376594 -0.818631
vn 0.433613 0.376594 -0.818631
vn -0.177292 0.256205 -0.950225
vn -0.207244 0.311439 -0.927392
vn 0.402886 0.385191 -0.830248
vn 0.390578 0.458085 -0.798503
vn 0.402886 0.385191 -0.830248
vn -0.207244 0.311439 -0.927392
vn -0.219673 0.393262 -0.892798
vn -0.116362 0.149568 -0.981880
vn -0.566581 -0.051198 -0.822414
vn -0.639396 0.085640 -0.764093
vn -0.177292 0.256205 -0.950225
vn -0.177292 0.256205 -0.950225
vn -0.639396 0.085640 -0.764093
vn -0.685907 0.152078 -0.711621
vn -0.207244 0.311439 -0.927392
vn -0.219673 0.393262 -0.892798
vn -0.207244 0.311439 -0.927392
vn -0.685907 0.152078 -0.711621
vn -0.712979 0.214836 -0.667462
vn -0.639396 0.085640 -0.764093
vn -0.566581 -0.051198 -0.822414
vn -0.875505 -0.232939 -0.423356
vn -0.938474 -0.112057 -0.326666
vn -0.639396 0.085640 -0.764093
vn -0.938474 -0.112057 -0.326666
vn -0.970764 -0.058310 -0.232845
vn -0.685907 0.152078 -0.711621
vn -0.712979 0.214836 -0.667462
vn -0.685907 0.152078 -0.711621
vn -0.970764 -0.058310 -0.232845
vn -0.986028 0.004763 -0.166510
vn -0.938474 -0.112057 -0.326666
vn -0.885607 -0.290714 0.362196
vn -0.858089 -0.266827 0.438733
vn -0.970764 -0.058310 -0.232845
vn -0.230229 0.872926 0.430111
vn -0.106599 0.767224 0.632459
vn 0.394145 0.863279 0.315274
vn 0.224839 0.968876 0.103571
vn -0.230229 0.872926 0.430111
vn -0.725757 0.307495 0.615406
vn -0.664026 0.279209 0.693622
vn -0.106599 0.767224 0.632459
vn -0.230229 0.872926 0.430111
vn -0.326772 0.899978 0.288546
vn -0.747295 0.243855 0.618131
vn -0.725757 0.307495 0.615406
vn -0.230229 0.872926 0.430111
vn 0.224839 0.968876 0.103571
vn 0.092498 0.994633 -0.046363
vn -0.326772 0.899978 0.288546
vn -0.725757 0.307495 0.615406
vn -0.747295 0.243855 0.618131
vn -0.710746 -0.331838 0.620260
vn -0.789034 -0.319293 0.524858
vn -0.725757 0.307495 0.615406
vn -0.789034 -0.319293 0.524858
vn -0.664026 0.279209 0.693622
vn -0.664026 0.279209 0.693622
vn -0.789034 -0.319293 0.524858
vn -0.817534 -0.386625 0.426801
vn -0.653235 0.113820 0.748551
vn -0.664026 0.279209 0.693622
vn -0.653235 0.113820 0.748551
vn -0.041661 0.568006 0.821969
vn -0.106599 0.767224 0.632459
vn -0.992950 -0.019412 -0.116935
vn -0.720607 -0.565971 0.400502
vn -0.381750 -0.400633 -0.832923
vn -0.261055 -0.270786 -0.926566
vn -0.992950 -0.019412 -0.116935
vn 0.695719 0.498718 0.516968
vn 0.445658 0.534239 0.718316
vn -0.720607 -0.565971 0.400502
vn -0.453785 -0.872310 0.182085
vn -0.365777 -0.921696 0.129164
vn -0.658253 -0.732862 -0.172095
vn -0.732264 -0.664028 -0.151181
vn -0.453785 -0.872310 0.182085
vn -0.083009 -0.900381 0.427111
vn -0.053408 -0.944126 0.325228
vn -0.365777 -0.921696 0.129164
vn -0.453785 -0.872310 0.182085
vn -0.574119 -0.751823 0.324267
vn -0.124605 -0.803551 0.582047
vn -0.083009 -0.900381 0.427111
vn -0.453785 -0.872310 0.182085
vn -0.732264 -0.664028 -0.151181
vn -0.842334 -0.534222 -0.071278
vn -0.574119 -0.751823 0.324267
vn 0.105885 0.877107 -0.468477
vn 0.037636 0.919589 -0.391076
vn -0.728293 0.665733 -0.162446
vn -0.610262 0.769116 -0.189844
vn 0.105885 0.877107 -0.468477
vn 0.645012 0.600362 -0.472784
vn 0.653918 0.667217 -0.356669
vn 0.037636 0.919589 -0.391076
vn 0.105885 0.877107 -0.468477
vn 0.084663 0.796384 -0.598836
vn 0.613810 0.636355 -0.467214
vn 0.645012 0.600362 -0.472784
vn 0.105885 0.877107 -0.468477
vn -0.610262 0.769116 -0.189844
vn -0.632887 0.655021 -0.412797
vn 0.084663 0.796384 -0.598836
vn -0.610262 0.769116 -0.189844
vn -0.728293 0.665733 -0.162446
vn -0.978054 -0.035036 0.205385
vn -0.962469 0.180518 0.202647
vn 0.135114 0.459512 -0.877834
vn -0.194889 0.478220 -0.856343
vn 0.690955 0.654257 -0.307457
vn 0.887643 0.353477 -0.295203
vn 0.135114 0.459512 -0.877834
vn -0.915532 0.207223 -0.344761
vn -0.874036 -0.263502 -0.408201
vn -0.194889 0.478220 -0.856343
vn 0.117605 0.399147 -0.909313
vn -0.838694 0.452027 -0.303751
vn -0.915532 0.207223 -0.344761
vn 0.135114 0.459512 -0.877834
vn -0.838694 0.452027 -0.303751
vn -0.894553 0.173366 0.411969
vn -0.892455 -0.219024 0.394401
vn -0.915532 0.207223 -0.344761
vn -0.915532 0.207223 -0.344761
vn -0.892455 -0.219024 0.394401
vn -0.704697 -0.633776 0.318950
vn -0.874036 -0.263502 -0.408201
vn 0.055188 0.989280 -0.135199
vn 0.030085 0.989632 0.140438
vn -0.681782 0.699975 0.212623
vn -0.777637 0.627995 -0.030029
vn 0.055188 0.989280 -0.135199
vn 0.704344 0.697544 -0.131650
vn 0.603231 0.795593 0.056068
vn 0.030085 0.989632 0.140438
vn 0.055188 0.989280 -0.135199
vn -0.777637 0.627995 -0.030029
vn -0.728293 0.665733 -0.162446
vn 0.037636 0.919589 -0.391076
vn 0.055188 0.989280 -0.135199
vn 0.037636 0.919589 -0.391076
vn 0.653918 0.667217 -0.356669
vn 0.704344 0.697544 -0.131650
vn 0.707653 -0.701886 -0.081135
vn 0.692496 -0.717776 -0.072428
vn 0.661041 -0.736073 -0.145678
vn 0.693287 -0.705989 -0.144685
vn 0.707653 -0.701886 -0.081135
vn 0.743215 -0.662194 0.095555
vn 0.765572 -0.634137 0.108493
vn 0.692496 -0.717776 -0.072428
vn 0.707653 -0.701886 -0.081135
vn 0.745339 -0.640938 -0.183492
vn 0.601042 -0.797589 0.050991
vn 0.743215 -0.662194 0.095555
vn 0.707653 -0.701886 -0.081135
vn 0.693287 -0.705989 -0.144685
vn 0.817454 -0.549325 -0.173237
vn 0.745339 -0.640938 -0.183492
vn -0.713407 0.694360 -0.094420
vn -0.498780 0.846211 -0.187472
vn -0.507332 0.824693 -0.249993
vn -0.720680 0.681250 -0.128526
vn -0.713407 0.694360 -0.094420
vn -0.693114 0.717367 -0.070552
vn -0.485446 0.863305 -0.138014
vn -0.498780 0.846211 -0.187472
vn -0.713407 0.694360 -0.094420
vn -0.908883 0.415874 0.031307
vn -0.916906 0.397329 0.037597
vn -0.693114 0.717367 -0.070552
vn -0.713407 0.694360 -0.094420
vn -0.720680 0.681250 -0.128526
vn -0.899742 0.435942 0.020455
vn -0.908883 0.415874 0.031307
vn -0.720680 0.681250 -0.128526
vn -0.507332 0.824693 -0.249993
vn -0.516796 0.797898 -0.310292
vn -0.719338 0.675008 -0.164064
vn -0.720680 0.681250 -0.128526
vn -0.719338 0.675008 -0.164064
vn -0.884019 0.467370 0.008685
vn -0.899742 0.435942 0.020455
vn -0.899742 0.435942 0.020455
vn -0.884019 0.467370 0.008685
vn -0.965559 0.117961 0.231909
vn -0.975131 0.020947 0.220635
vn -0.899742 0.435942 0.020455
vn -0.975131 0.020947 0.220635
vn -0.977934 -0.049161 0.203046
vn -0.908883 0.415874 0.031307
vn -0.884019 0.467370 0.008685
vn -0.857267 0.514868 -0.001849
vn -0.943853 0.228469 0.238627
vn -0.965559 0.117961 0.231909
vn -0.884019 0.467370 0.008685
vn -0.719338 0.675008 -0.164064
vn -0.706540 0.681261 -0.191535
vn -0.857267 0.514868 -0.001849
vn -0.965559 0.117961 0.231909
vn -0.871785 -0.246578 0.423308
vn -0.856485 -0.356243 0.373529
vn -0.975131 0.020947 0.220635
vn -0.965559 0.117961 0.231909
vn -0.943853 0.228469 0.238627
vn -0.877666 -0.120109 0.463978
vn -0.871785 -0.246578 0.423308
vn -0.857267 0.514868 -0.001849
vn -0.815228 0.579136 -0.002372
vn -0.898466 0.359777 0.251632
vn -0.943853 0.228469 0.238627
vn -0.857267 0.514868 -0.001849
vn -0.706540 0.681261 -0.191535
vn -0.684555 0.700387 -0.202097
vn -0.815228 0.579136 -0.002372
vn -0.943853 0.228469 0.238627
vn -0.898466 0.359777 0.251632
vn -0.858501 0.050945 0.510275
vn -0.877666 -0.120109 0.463978
vn -0.815228 0.579136 -0.002372
vn -0.684555 0.700387 -0.202097
vn -0.652536 0.731667 -0.197131
vn -0.751950 0.659133 0.010724
vn -0.815228 0.579136 -0.002372
vn -0.751950 0.659133 0.010724
vn -0.812186 0.518427 0.267560
vn -0.898466 0.359777 0.251632
vn -0.898466 0.359777 0.251632
vn -0.812186 0.518427 0.267560
vn -0.785586 0.282359 0.550570
vn -0.858501 0.050945 0.510275
vn -0.948852 0.308735 -0.066055
vn -0.930084 0.366885 0.018422
vn -0.987123 -0.109747 0.116374
vn -0.991522 -0.127055 -0.027238
vn -0.948852 0.308735 -0.066055
vn -0.697084 0.709846 -0.100958
vn -0.680533 0.729286 -0.070828
vn -0.930084 0.366885 0.018422
vn -0.948852 0.308735 -0.066055
vn -0.944045 0.275108 -0.181918
vn -0.748094 0.647624 -0.144701
vn -0.697084 0.709846 -0.100958
vn -0.948852 0.308735 -0.066055
vn -0.991522 -0.127055 -0.027238
vn -0.968058 -0.119860 -0.220223
vn -0.944045 0.275108 -0.181918
vn -0.944045 0.275108 -0.181918
vn -0.909568 0.304384 -0.282907
vn -0.770845 0.605209 -0.198795
vn -0.748094 0.647624 -0.144701
vn -0.944045 0.275108 -0.181918
vn -0.968058 -0.119860 -0.220223
vn -0.927843 -0.092851 -0.361230
vn -0.909568 0.304384 -0.282907
vn -0.968058 -0.119860 -0.220223
vn -0.827986 -0.518807 -0.212788
vn -0.769861 -0.529547 -0.356223
vn -0.927843 -0.092851 -0.361230
vn -0.968058 -0.119860 -0.220223
vn -0.991522 -0.127055 -0.027238
vn -0.862277 -0.506437 0.000046
vn -0.827986 -0.518807 -0.212788
vn -0.927843 -0.092851 -0.361230
vn -0.769861 -0.529547 -0.356223
vn -0.718872 -0.559192 -0.412949
vn -0.901610 -0.074480 -0.426089
vn -0.927843 -0.092851 -0.361230
vn -0.901610 -0.074480 -0.426089
vn -0.882644 0.334305 -0.330423
vn -0.909568 0.304384 -0.282907
vn -0.901610 -0.074480 -0.426089
vn -0.889416 -0.068106 -0.451996
vn -0.865227 0.357117 -0.351922
vn -0.882644 0.334305 -0.330423
vn -0.901610 -0.074480 -0.426089
vn -0.718872 -0.559192 -0.412949
vn -0.677039 -0.594849 -0.433327
vn -0.889416 -0.068106 -0.451996
vn -0.889416 -0.068106 -0.451996
vn -0.878134 -0.062939 -0.474256
vn -0.849253 0.367268 -0.379321
vn -0.865227 0.357117 -0.351922
vn -0.889416 -0.068106 -0.451996
vn -0.677039 -0.594849 -0.433327
vn -0.641779 -0.608222 -0.467103
vn -0.878134 -0.062939 -0.474256
vn -0.769861 -0.529547 -0.356223
vn -0.537027 -0.797641 -0.274535
vn -0.471542 -0.826197 -0.308295
vn -0.718872 -0.559192 -0.412949
vn -0.769861 -0.529547 -0.356223
vn -0.827986 -0.518807 -0.212788
vn -0.605677 -0.779152 -0.161486
vn -0.537027 -0.797641 -0.274535
vn -0.718872 -0.559192 -0.412949
vn -0.471542 -0.826197 -0.308295
vn -0.414975 -0.847986 -0.329722
vn -0.677039 -0.594849 -0.433327
vn -0.677039 -0.594849 -0.433327
vn -0.414975 -0.847986 -0.329722
vn -0.368703 -0.845255 -0.386784
vn -0.641779 -0.608222 -0.467103
vn -0.641779 -0.608222 -0.467103
vn -0.368703 -0.845255 -0.386784
vn -0.368687 -0.809968 -0.456093
vn -0.635137 -0.589107 -0.499554
vn -0.641779 -0.608222 -0.467103
vn -0.635137 -0.589107 -0.499554
vn -0.839950 -0.137386 -0.524985
vn -0.878134 -0.062939 -0.474256
vn -0.635137 -0.589107 -0.499554
vn -0.608693 -0.609488 -0.507953
vn -0.725020 -0.266083 -0.635252
vn -0.839950 -0.137386 -0.524985
vn -0.635137 -0.589107 -0.499554
vn -0.368687 -0.809968 -0.456093
vn -0.385775 -0.782371 -0.488952
vn -0.608693 -0.609488 -0.507953
vn -0.537027 -0.797641 -0.274535
vn -0.605677 -0.779152 -0.161486
vn -0.352070 -0.931739 -0.088940
vn -0.291650 -0.941004 -0.171613
vn -0.537027 -0.797641 -0.274535
vn -0.291650 -0.941004 -0.171613
vn -0.237253 -0.951698 -0.194892
vn -0.471542 -0.826197 -0.308295
vn -0.471542 -0.826197 -0.308295
vn -0.237253 -0.951698 -0.194892
vn -0.185759 -0.955937 -0.227326
vn -0.414975 -0.847986 -0.329722
vn -0.414975 -0.847986 -0.329722
vn -0.185759 -0.955937 -0.227326
vn -0.134349 -0.942119 -0.307185
vn -0.368703 -0.845255 -0.386784
vn -0.368703 -0.845255 -0.386784
vn -0.134349 -0.942119 -0.307185
vn -0.099646 -0.909060 -0.404575
vn -0.368687 -0.809968 -0.456093
vn -0.237253 -0.951698 -0.194892
vn -0.007010 -0.996321 -0.085417
vn 0.043759 -0.991552 -0.122105
vn -0.185759 -0.955937 -0.227326
vn -0.237253 -0.951698 -0.194892
vn -0.291650 -0.941004 -0.171613
vn -0.051475 -0.996297 -0.068864
vn -0.007010 -0.996321 -0.085417
vn -0.185759 -0.955937 -0.227326
vn 0.043759 -0.991552 -0.122105
vn 0.108428 -0.971576 -0.210438
vn -0.134349 -0.942119 -0.307185
vn -0.004288 0.622934 0.782263
vn -0.006351 0.851652 0.524069
vn 0.249054 0.831423 0.496697
vn 0.356613 0.553297 0.752788
vn -0.004288 0.622934 0.782263
vn -0.196324 0.650909 0.733331
vn -0.158994 0.867926 0.470558
vn -0.006351 0.851652 0.524069
vn 0.356613 0.553297 0.752788
vn 0.765037 0.335609 0.549622
vn 0.685250 -0.268810 0.676885
vn 0.335677 -0.105557 0.936044
vn 0.356613 0.553297 0.752788
vn 0.335677 -0.105557 0.936044
vn -0.069497 0.115180 0.990911
vn -0.004288 0.622934 0.782263
vn -0.004288 0.622934 0.782263
vn -0.069497 0.115180 0.990911
vn -0.302948 0.291569 0.907309
vn -0.196324 0.650909 0.733331
vn 0.685250 -0.268810 0.676885
vn 0.832230 -0.327260 0.447543
vn 0.653580 -0.647760 0.391460
vn 0.517421 -0.603828 0.606355
vn 0.685250 -0.268810 0.676885
vn 0.765037 0.335609 0.549622
vn 0.908839 0.196861 0.367775
vn 0.832230 -0.327260 0.447543
vn 0.685250 -0.268810 0.676885
vn 0.517421 -0.603828 0.606355
vn 0.224141 -0.438763 0.870200
vn 0.335677 -0.105557 0.936044
vn 0.335677 -0.105557 0.936044
vn 0.224141 -0.438763 0.870200
vn -0.140132 -0.177434 0.974105
vn -0.069497 0.115180 0.990911
vn -0.069497 0.115180 0.990911
vn -0.140132 -0.177434 0.974105
vn -0.376339 0.047449 0.925266
vn -0.302948 0.291569 0.907309
vn -0.302948 0.291569 0.907309
vn -0.376339 0.047449 0.925266
vn -0.559268 0.278731 0.780723
vn -0.476595 0.447941 0.756443
vn -0.302948 0.291569 0.907309
vn -0.476595 0.447941 0.756443
vn -0.390903 0.671273 0.629752
vn -0.196324 0.650909 0.733331
vn 0.517421 -0.603828 0.606355
vn 0.387727 -0.738868 0.551129
vn 0.123094 -0.625285 0.770628
vn 0.224141 -0.438763 0.870200
vn 0.517421 -0.603828 0.606355
vn 0.653580 -0.647760 0.391460
vn 0.541713 -0.763307 0.352008
vn 0.387727 -0.738868 0.551129
vn 0.224141 -0.438763 0.870200
vn 0.123094 -0.625285 0.770628
vn -0.203852 -0.422255 0.883258
vn -0.140132 -0.177434 0.974105
vn -0.140132 -0.177434 0.974105
vn -0.203852 -0.422255 0.883258
vn -0.444626 -0.218576 0.868638
vn -0.376339 0.047449 0.925266
vn -0.376339 0.047449 0.925266
vn -0.444626 -0.218576 0.868638
vn -0.653866 0.023429 0.756248
vn -0.559268 0.278731 0.780723
vn 0.541713 -0.763307 0.352008
vn 0.677286 -0.718410 0.158653
vn 0.718165 -0.672127 0.180235
vn 0.529068 -0.759551 0.378376
vn 0.541713 -0.763307 0.352008
vn 0.653580 -0.647760 0.391460
vn 0.748971 -0.633234 0.195081
vn 0.677286 -0.718410 0.158653
vn 0.541713 -0.763307 0.352008
vn 0.529068 -0.759551 0.378376
vn 0.327492 -0.769451 0.548356
vn 0.387727 -0.738868 0.551129
vn 0.387727 -0.738868 0.551129
vn 0.327492 -0.769451 0.548356
vn 0.058339 -0.713724 0.697993
vn 0.123094 -0.625285 0.770628
vn 0.123094 -0.625285 0.770628
vn 0.058339 -0.713724 0.697993
vn -0.239451 -0.592024 0.769527
vn -0.203852 -0.422255 0.883258
vn -0.203852 -0.422255 0.883258
vn -0.239451 -0.592024 0.769527
vn -0.478651 -0.439671 0.759989
vn -0.444626 -0.218576 0.868638
vn -0.444626 -0.218576 0.868638
vn -0.478651 -0.439671 0.759989
vn -0.698717 -0.225042 0.679080
vn -0.653866 0.023429 0.756248
vn -0.653866 0.023429 0.756248
vn -0.785586 0.282359 0.550570
vn -0.674160 0.482882 0.558868
vn -0.559268 0.278731 0.780723
vn -0.653866 0.023429 0.756248
vn -0.698717 -0.225042 0.679080
vn -0.858501 0.050945 0.510275
vn -0.785586 0.282359 0.550570
vn 0.718165 -0.672127 0.180235
vn 0.877737 -0.476489 -0.050350
vn 0.939273 -0.342313 0.024258
vn 0.772361 -0.584197 0.249345
vn 0.718165 -0.672127 0.180235
vn 0.677286 -0.718410 0.158653
vn 0.806272 -0.588122 -0.063537
vn 0.877737 -0.476489 -0.050350
vn 0.718165 -0.672127 0.180235
vn 0.772361 -0.584197 0.249345
vn 0.546919 -0.720439 0.426435
vn 0.529068 -0.759551 0.378376
vn 0.529068 -0.759551 0.378376
vn 0.546919 -0.720439 0.426435
vn 0.310816 -0.775821 0.549085
vn 0.327492 -0.769451 0.548356
vn 0.327492 -0.769451 0.548356
vn 0.310816 -0.775821 0.549085
vn 0.034210 -0.769117 0.638192
vn 0.058339 -0.713724 0.697993
vn 0.058339 -0.713724 0.697993
vn 0.034210 -0.769117 0.638192
vn -0.245217 -0.696826 0.674019
vn -0.239451 -0.592024 0.769527
vn -0.239451 -0.592024 0.769527
vn -0.245217 -0.696826 0.674019
vn -0.481365 -0.577066 0.659759
vn -0.478651 -0.439671 0.759989
vn -0.478651 -0.439671 0.759989
vn -0.481365 -0.577066 0.659759
vn -0.700814 -0.389949 0.597327
vn -0.698717 -0.225042 0.679080
vn -0.698717 -0.225042 0.679080
vn -0.700814 -0.389949 0.597327
vn -0.877666 -0.120109 0.463978
vn -0.858501 0.050945 0.510275
vn 0.447184 0.642454 0.622318
vn 0.554475 0.572120 0.604348
vn -0.038597 0.739420 0.672137
vn -0.137524 0.685276 0.715182
vn 0.447184 0.642454 0.622318
vn 0.986243 0.130603 0.101331
vn 0.995002 -0.097629 0.020991
vn 0.554475 0.572120 0.604348
vn -0.018204 0.783419 0.621227
vn -0.037440 0.772486 0.633928
vn -0.660126 0.678431 0.322437
vn -0.595638 0.726131 0.343438
vn -0.018204 0.783419 0.621227
vn 0.506706 0.596317 0.622620
vn 0.546854 0.530051 0.648072
vn -0.037440 0.772486 0.633928
vn -0.018204 0.783419 0.621227
vn -0.595638 0.726131 0.343438
vn -0.683415 0.595239 0.422653
vn -0.038597 0.739420 0.672137
vn -0.018204 0.783419 0.621227
vn -0.038597 0.739420 0.672137
vn 0.554475 0.572120 0.604348
vn 0.506706 0.596317 0.622620
vn -0.038597 0.739420 0.672137
vn -0.683415 0.595239 0.422653
vn -0.700068 0.486668 0.522550
vn -0.137524 0.685276 0.715182
vn -0.137524 0.685276 0.715182
vn -0.700068 0.486668 0.522550
vn -0.760578 0.459350 0.458823
vn -0.323910 0.669196 0.668775
vn -0.137524 0.685276 0.715182
vn -0.323910 0.669196 0.668775
vn -0.089593 0.778841 0.620790
vn 0.447184 0.642454 0.622318
vn -0.720350 0.481499 0.499253
vn -0.660126 0.678431 0.322437
vn -0.037440 0.772486 0.633928
vn -0.099805 0.538361 0.836784
vn -0.720350 0.481499 0.499253
vn -0.977114 0.186317 -0.102632
vn -0.963658 0.110673 -0.243135
vn -0.660126 0.678431 0.322437
vn -0.660126 0.678431 0.322437
vn -0.963658 0.110673 -0.243135
vn -0.933906 0.255244 -0.250338
vn -0.595638 0.726131 0.343438
vn -0.060843 0.444215 0.893852
vn -0.112119 0.387282 0.915118
vn -0.721605 0.502534 0.476179
vn -0.707557 0.457692 0.538406
vn -0.060843 0.444215 0.893852
vn 0.602597 0.219978 0.767128
vn 0.578834 0.052388 0.813761
vn -0.112119 0.387282 0.915118
vn 0.677272 0.284749 0.678395
vn 0.534161 0.645573 0.545810
vn 0.608521 -0.142463 0.780645
vn 0.579509 -0.060770 0.812697
vn 0.677272 0.284749 0.678395
vn 0.738862 0.231364 0.632893
vn 0.471799 0.560292 0.680793
vn 0.534161 0.645573 0.545810
vn -0.683110 0.722929 -0.103606
vn 0.038821 0.997202 0.063890
vn 0.331919 -0.257519 0.907477
vn -0.345096 -0.536003 0.770461
vn -0.683110 0.722929 -0.103606
vn 0.044815 0.706782 -0.706010
vn 0.052170 0.805626 -0.590123
vn 0.038821 0.997202 0.063890
vn -0.683110 0.722929 -0.103606
vn -0.778874 0.620692 0.089988
vn -0.123406 0.802737 -0.583424
vn 0.044815 0.706782 -0.706010
vn -0.683110 0.722929 -0.103606
vn -0.345096 -0.536003 0.770461
vn -0.443949 -0.615998 0.650735
vn -0.778874 0.620692 0.089988
vn 0.374976 0.677586 -0.632669
vn 0.460071 0.748934 -0.476898
vn 0.244752 0.687470 -0.683726
vn 0.172216 0.712668 -0.680034
vn 0.374976 0.677586 -0.632669
vn 0.715773 0.543449 -0.438558
vn 0.624258 0.743285 -0.240477
vn 0.460071 0.748934 -0.476898
vn 0.374976 0.677586 -0.632669
vn 0.044815 0.706782 -0.706010
vn 0.599546 0.325239 -0.731276
vn 0.715773 0.543449 -0.438558
vn 0.374976 0.677586 -0.632669
vn 0.172216 0.712668 -0.680034
vn 0.052170 0.805626 -0.590123
vn 0.044815 0.706782 -0.706010
vn 0.277015 0.813202 -0.511826
vn 0.342965 0.808448 -0.478317
vn 0.445185 0.879921 -0.165980
vn 0.367211 0.909416 -0.195240
vn 0.277015 0.813202 -0.511826
vn 0.123826 0.575047 -0.808695
vn 0.176858 0.614088 -0.769167
vn 0.342965 0.808448 -0.478317
vn 0.176858 0.614088 -0.769167
vn -0.056508 0.291071 -0.955031
vn -0.065143 0.367305 -0.927816
vn 0.225511 0.654965 -0.721226
vn 0.176858 0.614088 -0.769167
vn 0.123826 0.575047 -0.808695
vn -0.066912 0.215980 -0.974102
vn -0.056508 0.291071 -0.955031
vn 0.176858 0.614088 -0.769167
vn 0.225511 0.654965 -0.721226
vn 0.402828 0.798669 -0.447054
vn 0.342965 0.808448 -0.478317
vn -0.056508 0.291071 -0.955031
vn -0.066912 0.215980 -0.974102
vn -0.259859 -0.176914 -0.949302
vn -0.310384 -0.081526 -0.947109
vn -0.056508 0.291071 -0.955031
vn -0.310384 -0.081526 -0.947109
vn -0.378356 0.024520 -0.925335
vn -0.065143 0.367305 -0.927816
vn -0.065143 0.367305 -0.927816
vn -0.378356 0.024520 -0.925335
vn -0.436750 0.159367 -0.885354
vn -0.084646 0.471528 -0.877780
vn -0.065143 0.367305 -0.927816
vn -0.084646 0.471528 -0.877780
vn 0.244752 0.687470 -0.683726
vn 0.225511 0.654965 -0.721226
vn 0.685719 -0.473428 -0.552862
vn 0.879518 -0.320125 -0.352090
vn 0.900687 0.163868 -0.402381
vn 0.655819 0.038696 -0.753926
vn 0.685719 -0.473428 -0.552862
vn 0.557892 -0.777124 -0.291265
vn 0.745339 -0.640938 -0.183492
vn 0.879518 -0.320125 -0.352090
vn 0.685719 -0.473428 -0.552862
vn 0.426152 -0.663295 -0.615170
vn 0.663698 -0.735686 -0.135174
vn 0.557892 -0.777124 -0.291265
vn 0.685719 -0.473428 -0.552862
vn 0.655819 0.038696 -0.753926
vn 0.197852 -0.297911 -0.933865
vn 0.426152 -0.663295 -0.615170
vn 0.483453 0.446657 0.752842
vn 0.180531 0.983554 -0.005505
vn 0.805675 0.580465 -0.118104
vn 0.872130 0.449285 0.193734
vn 0.483453 0.446657 0.752842
vn -0.766207 -0.141109 0.626910
vn -0.832363 0.547594 0.085512
vn 0.180531 0.983554 -0.005505
vn 0.872130 0.449285 0.193734
vn 0.805675 0.580465 -0.118104
vn 0.724015 0.260559 -0.638679
vn 0.737536 0.330679 -0.588806
vn 0.737536 0.330679 -0.588806
vn 0.724015 0.260559 -0.638679
vn -0.253338 -0.178816 -0.950707
vn -0.395017 -0.169866 -0.902833
vn -0.395017 -0.169866 -0.902833
vn -0.253338 -0.178816 -0.950707
vn -0.842829 -0.052154 -0.535648
vn -0.882711 -0.278072 -0.378810
vn 0.986243 0.130603 0.101331
vn 0.842264 0.539034 -0.005771
vn 0.702218 -0.161548 -0.693392
vn 0.623623 -0.542181 -0.563147
vn 0.986243 0.130603 0.101331
vn 0.447184 0.642454 0.622318
vn -0.089593 0.778841 0.620790
vn 0.842264 0.539034 -0.005771
vn -0.323910 0.669196 0.668775
vn -0.590553 0.577149 0.564045
vn -0.329488 0.592787 0.734875
vn -0.089593 0.778841 0.620790
vn -0.323910 0.669196 0.668775
vn -0.760578 0.459350 0.458823
vn -0.855579 0.464996 0.227514
vn -0.590553 0.577149 0.564045
vn -0.668293 -0.358739 -0.651683
vn -0.636889 -0.530752 -0.559173
vn -0.103278 -0.696635 -0.709953
vn -0.196101 -0.503515 -0.841437
vn -0.668293 -0.358739 -0.651683
vn -0.992937 0.030618 -0.114625
vn -0.998689 -0.015965 -0.048644
vn -0.636889 -0.530752 -0.559173
vn -0.668293 -0.358739 -0.651683
vn -0.681007 0.076935 -0.728224
vn -0.921905 0.269931 -0.277900
vn -0.992937 0.030618 -0.114625
vn -0.668293 -0.358739 -0.651683
vn -0.196101 -0.503515 -0.841437
vn -0.368717 -0.023157 -0.929253
vn -0.681007 0.076935 -0.728224
vn -0.196101 -0.503515 -0.841437
vn 0.269884 -0.434234 -0.859420
vn 0.005365 -0.098582 -0.995115
vn -0.368717 -0.023157 -0.929253
vn -0.196101 -0.503515 -0.841437
vn -0.103278 -0.696635 -0.709953
vn 0.623623 -0.542181 -0.563147
vn 0.269884 -0.434234 -0.859420
vn -0.799343 0.430914 -0.418766
vn -0.241865 0.298189 -0.923355
vn -0.827000 0.469255 -0.309630
vn -0.872753 0.247301 0.420886
vn -0.799343 0.430914 -0.418766
vn 0.669416 -0.046963 -0.741402
vn 0.700058 -0.139879 -0.700252
vn -0.241865 0.298189 -0.923355
vn -0.799343 0.430914 -0.418766
vn 0.073427 -0.109862 0.991231
vn 0.893232 -0.279316 0.352307
vn 0.669416 -0.046963 -0.741402
vn -0.799343 0.430914 -0.418766
vn -0.872753 0.247301 0.420886
vn 0.043350 -0.199180 0.979004
vn 0.073427 -0.109862 0.991231
vn -0.545077 0.718658 -0.431765
vn -0.585989 0.669351 0.456713
vn -0.509227 0.729248 0.457041
vn -0.487027 0.770475 -0.411306
vn -0.545077 0.718658 -0.431765
vn -0.563001 0.710524 -0.422121
vn -0.608104 0.633885 0.477912
vn -0.585989 0.669351 0.456713
vn -0.545077 0.718658 -0.431765
vn -0.121409 0.236692 -0.963969
vn -0.104758 0.241565 -0.964714
vn -0.563001 0.710524 -0.422121
vn -0.545077 0.718658 -0.431765
vn -0.487027 0.770475 -0.411306
vn -0.094083 0.209602 -0.973250
vn -0.121409 0.236692 -0.963969
vn -0.563001 0.710524 -0.422121
vn -0.563773 0.711886 -0.418783
vn -0.640755 0.598610 0.480727
vn -0.608104 0.633885 0.477912
vn -0.563001 0.710524 -0.422121
vn -0.104758 0.241565 -0.964714
vn -0.090627 0.286104 -0.953903
vn -0.563773 0.711886 -0.418783
vn -0.608104 0.633885 0.477912
vn -0.177067 0.055962 0.982607
vn -0.162060 0.104620 0.981219
vn -0.585989 0.669351 0.456713
vn -0.608104 0.633885 0.477912
vn -0.640755 0.598610 0.480727
vn -0.208991 0.004692 0.977906
vn -0.177067 0.055962 0.982607
vn -0.563773 0.711886 -0.418783
vn -0.090627 0.286104 -0.953903
vn 0.001862 0.365243 -0.930910
vn -0.561655 0.723619 -0.401147
vn -0.563773 0.711886 -0.418783
vn -0.561655 0.723619 -0.401147
vn -0.744225 0.494156 0.449376
vn -0.640755 0.598610 0.480727
vn -0.640755 0.598610 0.480727
vn -0.744225 0.494156 0.449376
vn -0.344853 -0.114952 0.931591
vn -0.208991 0.004692 0.977906
vn -0.208991 0.004692 0.977906
vn 0.313586 -0.523091 0.792490
vn 0.353413 -0.505037 0.787424
vn -0.177067 0.055962 0.982607
vn -0.208991 0.004692 0.977906
vn -0.344853 -0.114952 0.931591
vn 0.195369 -0.579521 0.791193
vn 0.313586 -0.523091 0.792490
vn -0.561655 0.723619 -0.401147
vn 0.001862 0.365243 -0.930910
vn 0.056904 0.436805 -0.897755
vn -0.584073 0.659320 -0.473450
vn -0.561655 0.723619 -0.401147
vn -0.584073 0.659320 -0.473450
vn -0.826869 0.445036 0.343847
vn -0.744225 0.494156 0.449376
vn -0.744225 0.494156 0.449376
vn -0.826869 0.445036 0.343847
vn -0.391946 -0.157321 0.906437
vn -0.344853 -0.114952 0.931591
vn -0.344853 -0.114952 0.931591
vn -0.391946 -0.157321 0.906437
vn 0.271022 -0.574174 0.772575
vn 0.195369 -0.579521 0.791193
vn 0.195369 -0.579521 0.791193
vn 0.707718 -0.703510 0.064878
vn 0.680818 -0.732362 0.011510
vn 0.313586 -0.523091 0.792490
vn 0.195369 -0.579521 0.791193
vn 0.271022 -0.574174 0.772575
vn 0.815844 -0.577468 0.030474
vn 0.707718 -0.703510 0.064878
vn -0.826869 0.445036 0.343847
vn -0.805326 0.427827 0.410382
vn -0.324854 -0.157854 0.932498
vn -0.391946 -0.157321 0.906437
vn -0.826869 0.445036 0.343847
vn -0.584073 0.659320 -0.473450
vn -0.605984 0.646001 -0.464183
vn -0.805326 0.427827 0.410382
vn -0.391946 -0.157321 0.906437
vn -0.324854 -0.157854 0.932498
vn 0.288642 -0.550079 0.783645
vn 0.271022 -0.574174 0.772575
vn 0.271022 -0.574174 0.772575
vn 0.288642 -0.550079 0.783645
vn 0.777401 -0.625199 0.069093
vn 0.815844 -0.577468 0.030474
vn 0.815844 -0.577468 0.030474
vn 0.692074 -0.169814 -0.701567
vn 0.690013 -0.198980 -0.695909
vn 0.707718 -0.703510 0.064878
vn 0.815844 -0.577468 0.030474
vn 0.777401 -0.625199 0.069093
vn 0.661656 -0.160980 -0.732323
vn 0.692074 -0.169814 -0.701567
vn -0.805326 0.427827 0.410382
vn -0.824826 0.418525 0.380130
vn -0.404078 -0.200890 0.892392
vn -0.324854 -0.157854 0.932498
vn -0.805326 0.427827 0.410382
vn -0.605984 0.646001 -0.464183
vn -0.550676 0.688725 -0.471608
vn -0.824826 0.418525 0.380130
vn -0.324854 -0.157854 0.932498
vn -0.404078 -0.200890 0.892392
vn 0.213436 -0.599577 0.771331
vn 0.288642 -0.550079 0.783645
vn 0.288642 -0.550079 0.783645
vn 0.213436 -0.599577 0.771331
vn 0.811269 -0.583825 0.031481
vn 0.777401 -0.625199 0.069093
vn 0.777401 -0.625199 0.069093
vn 0.811269 -0.583825 0.031481
vn 0.700212 -0.050215 -0.712167
vn 0.661656 -0.160980 -0.732323
vn 0.661656 -0.160980 -0.732323
vn 0.700212 -0.050215 -0.712167
vn 0.107418 0.450002 -0.886544
vn 0.029306 0.449919 -0.892588
vn 0.661656 -0.160980 -0.732323
vn 0.029306 0.449919 -0.892588
vn 0.020727 0.370896 -0.928443
vn 0.692074 -0.169814 -0.701567
vn -0.824826 0.418525 0.380130
vn -0.854334 0.370378 0.364599
vn -0.425691 -0.208643 0.880486
vn -0.404078 -0.200890 0.892392
vn -0.824826 0.418525 0.380130
vn -0.550676 0.688725 -0.471608
vn -0.532253 0.667098 -0.521236
vn -0.854334 0.370378 0.364599
vn 0.614603 -0.785005 -0.077656
vn 0.432876 -0.723212 -0.538129
vn 0.556492 -0.608610 -0.565606
vn 0.600069 -0.787547 -0.140315
vn 0.614603 -0.785005 -0.077656
vn 0.671989 -0.740185 -0.023589
vn 0.318272 -0.465553 -0.825811
vn 0.432876 -0.723212 -0.538129
vn 0.614603 -0.785005 -0.077656
vn 0.449339 -0.553508 0.701231
vn 0.486932 -0.497058 0.718213
vn 0.671989 -0.740185 -0.023589
vn 0.614603 -0.785005 -0.077656
vn 0.600069 -0.787547 -0.140315
vn 0.478025 -0.623920 0.618236
vn 0.449339 -0.553508 0.701231
vn 0.318272 -0.465553 -0.825811
vn -0.253480 0.114944 -0.960487
vn -0.271698 -0.365382 -0.890324
vn 0.432876 -0.723212 -0.538129
vn 0.318272 -0.465553 -0.825811
vn 0.304303 -0.340656 -0.889580
vn -0.254714 0.144222 -0.956201
vn -0.253480 0.114944 -0.960487
vn 0.318272 -0.465553 -0.825811
vn 0.671989 -0.740185 -0.023589
vn 0.753280 -0.650968 -0.093860
vn 0.304303 -0.340656 -0.889580
vn 0.304303 -0.340656 -0.889580
vn 0.753280 -0.650968 -0.093860
vn 0.802346 -0.587911 -0.102962
vn 0.380508 -0.333531 -0.862537
vn 0.304303 -0.340656 -0.889580
vn 0.380508 -0.333531 -0.862537
vn -0.176312 0.104440 -0.978778
vn -0.254714 0.144222 -0.956201
vn -0.329246 0.868470 -0.370618
vn -0.639849 0.663110 -0.388431
vn -0.380805 -0.218904 -0.898370
vn -0.334991 0.028810 -0.941781
vn -0.329246 0.868470 -0.370618
vn 0.103905 0.965898 -0.237159
vn -0.271907 0.956918 0.101854
vn -0.639849 0.663110 -0.388431
vn -0.329246 0.868470 -0.370618
vn -0.263933 0.876363 -0.402898
vn -0.508161 0.790019 -0.342990
vn 0.103905 0.965898 -0.237159
vn -0.329246 0.868470 -0.370618
vn -0.334991 0.028810 -0.941781
vn -0.050639 0.686108 -0.725735
vn -0.263933 0.876363 -0.402898
vn -0.334991 0.028810 -0.941781
vn -0.380805 -0.218904 -0.898370
vn 0.241388 -0.758773 -0.604975
vn 0.178986 -0.736877 -0.651903
vn -0.334991 0.028810 -0.941781
vn 0.178986 -0.736877 -0.651903
vn 0.349057 -0.352556 -0.868254
vn -0.050639 0.686108 -0.725735
vn 0.178986 -0.736877 -0.651903
vn 0.241388 -0.758773 -0.604975
vn 0.665037 -0.745983 0.035157
vn 0.533503 -0.845448 0.024344
vn 0.178986 -0.736877 -0.651903
vn 0.533503 -0.845448 0.024344
vn 0.400436 -0.915808 -0.030783
vn 0.349057 -0.352556 -0.868254
vn 0.533503 -0.845448 0.024344
vn 0.665037 -0.745983 0.035157
vn 0.663766 -0.286050 0.691079
vn 0.622304 -0.424860 0.657444
vn 0.533503 -0.845448 0.024344
vn 0.622304 -0.424860 0.657444
vn 0.573642 -0.622886 0.531928
vn 0.400436 -0.915808 -0.030783
vn -0.380805 -0.218904 -0.898370
vn -0.431225 -0.172536 -0.885594
vn 0.178513 -0.799562 -0.573440
vn 0.241388 -0.758773 -0.604975
vn -0.380805 -0.218904 -0.898370
vn -0.639849 0.663110 -0.388431
vn -0.718787 0.546161 -0.430178
vn -0.431225 -0.172536 -0.885594
vn 0.241388 -0.758773 -0.604975
vn 0.178513 -0.799562 -0.573440
vn 0.658464 -0.750211 0.060073
vn 0.665037 -0.745983 0.035157
vn 0.178513 -0.799562 -0.573440
vn -0.431225 -0.172536 -0.885594
vn -0.510174 -0.027371 -0.859635
vn 0.089257 -0.716464 -0.691890
vn 0.178513 -0.799562 -0.573440
vn 0.089257 -0.716464 -0.691890
vn 0.565581 -0.824471 0.019115
vn 0.658464 -0.750211 0.060073
vn -0.431225 -0.172536 -0.885594
vn -0.718787 0.546161 -0.430178
vn -0.701129 0.556145 -0.446231
vn -0.510174 -0.027371 -0.859635
vn -0.718787 0.546161 -0.430178
vn -0.455345 0.812733 0.363491
vn -0.462927 0.814420 0.349885
vn -0.701129 0.556145 -0.446231
vn -0.718787 0.546161 -0.430178
vn -0.639849 0.663110 -0.388431
vn -0.271907 0.956918 0.101854
vn -0.455345 0.812733 0.363491
vn -0.439252 -0.260771 0.859684
vn -0.422443 -0.308482 0.852280
vn -0.885607 -0.290714 0.362196
vn -0.891360 -0.349189 0.289042
vn -0.439252 -0.260771 0.859684
vn 0.124192 -0.057706 0.990579
vn 0.133308 -0.198187 0.971057
vn -0.422443 -0.308482 0.852280
vn -0.422443 -0.308482 0.852280
vn -0.406216 -0.332783 0.851025
vn -0.858089 -0.266827 0.438733
vn -0.885607 -0.290714 0.362196
vn -0.422443 -0.308482 0.852280
vn 0.133308 -0.198187 0.971057
vn 0.138250 -0.276132 0.951125
vn -0.406216 -0.332783 0.851025
vn -0.348798 0.599623 -0.720272
vn -0.281238 0.645075 -0.710481
vn 0.385827 -0.262098 -0.884558
vn 0.393854 -0.304855 -0.867146
vn -0.348798 0.599623 -0.720272
vn -0.591884 0.797532 -0.116687
vn -0.528634 0.844398 -0.086824
vn -0.281238 0.645075 -0.710481
vn -0.348798 0.599623 -0.720272
vn -0.370289 0.566597 -0.736107
vn -0.611838 0.780750 -0.126822
vn -0.591884 0.797532 -0.116687
vn -0.348798 0.599623 -0.720272
vn 0.393854 -0.304855 -0.867146
vn 0.379290 -0.323558 -0.866862
vn -0.370289 0.566597 -0.736107
vn 0.568144 0.236569 0.788193
vn 0.917207 0.212425 0.337057
vn 0.573642 -0.622886 0.531928
vn 0.622304 -0.424860 0.657444
vn 0.568144 0.236569 0.788193
vn -0.271907 0.956918 0.101854
vn 0.103905 0.965898 -0.237159
vn 0.917207 0.212425 0.337057
vn 0.568144 0.236569 0.788193
vn 0.252163 0.357979 0.899036
vn -0.455345 0.812733 0.363491
vn -0.271907 0.956918 0.101854
vn 0.568144 0.236569 0.788193
vn 0.622304 -0.424860 0.657444
vn 0.663766 -0.286050 0.691079
vn 0.252163 0.357979 0.899036
vn 0.693287 -0.705989 -0.144685
vn 0.707932 -0.704839 0.045101
vn 0.905321 -0.422486 0.043596
vn 0.817454 -0.549325 -0.173237
vn 0.693287 -0.705989 -0.144685
vn 0.661041 -0.736073 -0.145678
vn 0.481567 -0.871222 0.095209
vn 0.707932 -0.704839 0.045101
vn -0.610519 -0.386054 0.691541
vn -0.255187 -0.503476 0.825464
vn -0.784212 -0.609626 -0.115619
vn -0.939667 -0.192197 -0.282995
vn -0.610519 -0.386054 0.691541
vn 0.613361 -0.214939 0.759993
vn 0.635377 0.099490 0.765766
vn -0.255187 -0.503476 0.825464
vn -0.939667 -0.192197 -0.282995
vn -0.972032 0.064881 -0.225710
vn -0.726222 -0.111876 0.678296
vn -0.610519 -0.386054 0.691541
vn -0.939667 -0.192197 -0.282995
vn -0.229530 0.119299 -0.965963
vn -0.305200 0.086511 -0.948350
vn -0.972032 0.064881 -0.225710
vn -0.305200 0.086511 -0.948350
vn -0.229530 0.119299 -0.965963
vn 0.757560 0.135962 -0.638450
vn 0.742531 -0.113749 -0.660082
vn 0.011360 0.819239 -0.573339
vn -0.446935 0.445186 -0.775924
vn -0.107790 -0.015808 -0.994048
vn 0.348159 0.191836 -0.917597
vn -0.446935 0.445186 -0.775924
vn -0.632547 -0.128539 -0.763781
vn -0.395960 -0.181248 -0.900203
vn -0.107790 -0.015808 -0.994048
vn 0.778248 0.564389 -0.275310
vn 0.827390 0.371763 -0.420972
vn 0.534306 0.268622 -0.801473
vn 0.480925 0.636999 -0.602448
vn 0.778248 0.564389 -0.275310
vn 0.933333 0.319105 0.164505
vn 0.942342 0.308427 0.129863
vn 0.827390 0.371763 -0.420972
vn 0.778248 0.564389 -0.275310
vn 0.696693 0.704312 -0.136247
vn 0.877661 0.405828 0.254980
vn 0.933333 0.319105 0.164505
vn -0.971229 0.081564 0.223743
vn -0.352861 -0.280585 0.892615
vn -0.420654 -0.033841 0.906590
vn -0.959679 0.160765 0.230590
vn -0.352861 -0.280585 0.892615
vn 0.722401 -0.308715 0.618733
vn 0.779434 -0.227329 0.583785
vn -0.420654 -0.033841 0.906590
vn -0.691677 -0.566441 0.448027
vn 0.699581 0.669473 -0.249783
vn -0.165293 0.517765 -0.839403
vn -0.913709 -0.210119 -0.347831
vn -0.691677 -0.566441 0.448027
vn 0.221164 -0.308565 0.925134
vn 0.827548 0.347330 0.441050
vn 0.699581 0.669473 -0.249783
vn 0.635377 0.099490 0.765766
vn 0.613361 -0.214939 0.759993
vn 0.985685 -0.037712 0.164328
vn 0.896934 0.439510 0.048379
vn 0.635377 0.099490 0.765766
vn 0.642444 0.221367 0.733664
vn -0.226049 -0.552338 0.802387
vn -0.255187 -0.503476 0.825464
vn 0.635377 0.099490 0.765766
vn 0.896934 0.439510 0.048379
vn 0.763756 0.638466 -0.095067
vn 0.642444 0.221367 0.733664
vn -0.737205 -0.675245 0.023918
vn -0.329136 -0.840793 0.429811
vn -0.420163 -0.755535 0.502623
vn -0.811879 -0.581900 0.047385
vn -0.885100 -0.243229 -0.396785
vn -0.737205 -0.675245 0.023918
vn -0.811879 -0.581900 0.047385
vn -0.885917 -0.158374 -0.435969
vn -0.811879 -0.581900 0.047385
vn -0.865132 -0.494054 0.086352
vn -0.917160 0.044604 -0.396016
vn -0.885917 -0.158374 -0.435969
vn -0.811879 -0.581900 0.047385
vn -0.420163 -0.755535 0.502623
vn -0.418287 -0.767162 0.486311
vn -0.865132 -0.494054 0.086352
vn -0.865132 -0.494054 0.086352
vn -0.835312 -0.532729 0.135844
vn -0.917453 0.192358 -0.348251
vn -0.917160 0.044604 -0.396016
vn -0.865132 -0.494054 0.086352
vn -0.418287 -0.767162 0.486311
vn -0.332210 -0.819391 0.467156
vn -0.835312 -0.532729 0.135844
vn -0.917453 0.192358 -0.348251
vn -0.835312 -0.532729 0.135844
vn -0.815317 -0.543497 0.199672
vn -0.926377 0.043236 -0.374108
vn -0.835312 -0.532729 0.135844
vn -0.332210 -0.819391 0.467156
vn -0.339070 -0.735342 0.586774
vn -0.815317 -0.543497 0.199672
vn -0.020372 0.694242 -0.719454
vn -0.416597 0.334894 -0.845159
vn -0.314442 0.141477 -0.938675
vn 0.284147 0.683766 -0.672105
vn -0.020372 0.694242 -0.719454
vn -0.083760 0.594268 -0.799894
vn -0.453785 0.281004 -0.845645
vn -0.416597 0.334894 -0.845159
vn -0.020372 0.694242 -0.719454
vn 0.052170 0.805626 -0.590123
vn 0.172216 0.712668 -0.680034
vn -0.083760 0.594268 -0.799894
vn -0.020372 0.694242 -0.719454
vn 0.284147 0.683766 -0.672105
vn 0.371692 0.828813 -0.418226
vn 0.052170 0.805626 -0.590123
vn 0.185514 -0.200778 0.961911
vn 0.173334 -0.242422 0.954561
vn -0.509017 0.592302 0.624564
vn -0.493484 0.618871 0.611124
vn 0.185514 -0.200778 0.961911
vn 0.557255 -0.640801 0.528055
vn 0.547662 -0.655175 0.520396
vn 0.173334 -0.242422 0.954561
vn 0.185514 -0.200778 0.961911
vn 0.211820 -0.157171 0.964588
vn 0.571756 -0.610235 0.548368
vn 0.557255 -0.640801 0.528055
vn 0.185514 -0.200778 0.961911
vn -0.493484 0.618871 0.611124
vn -0.472273 0.644544 0.601266
vn 0.211820 -0.157171 0.964588
vn 0.211820 -0.157171 0.964588
vn -0.472273 0.644544 0.601266
vn -0.483307 0.655774 0.579979
vn 0.208196 -0.127841 0.969696
vn 0.211820 -0.157171 0.964588
vn 0.208196 -0.127841 0.969696
vn 0.581770 -0.593569 0.556076
vn 0.571756 -0.610235 0.548368
vn -0.472273 0.644544 0.601266
vn -0.493484 0.618871 0.611124
vn -0.621562 0.762316 -0.180373
vn -0.611771 0.767731 -0.190593
vn -0.472273 0.644544 0.601266
vn -0.611771 0.767731 -0.190593
vn -0.615739 0.760640 -0.205648
vn -0.483307 0.655774 0.579979
vn 0.537358 0.603014 -0.589593
vn 0.624128 0.779683 -0.050588
vn 0.568874 0.822355 -0.010730
vn 0.490333 0.686540 -0.536876
vn 0.537358 0.603014 -0.589593
vn 0.601634 0.506342 -0.617782
vn 0.679336 0.730239 -0.072486
vn 0.624128 0.779683 -0.050588
vn 0.537358 0.603014 -0.589593
vn 0.222708 0.088442 -0.970865
vn 0.259906 -0.019309 -0.965441
vn 0.601634 0.506342 -0.617782
vn 0.537358 0.603014 -0.589593
vn 0.490333 0.686540 -0.536876
vn 0.209181 0.170556 -0.962888
vn 0.222708 0.088442 -0.970865
vn 0.490333 0.686540 -0.536876
vn 0.568874 0.822355 -0.010730
vn 0.511708 0.858883 0.021798
vn 0.449792 0.756640 -0.474535
vn 0.463768 0.885027 0.040573
vn 0.511708 0.858883 0.021798
vn 0.457209 0.732759 0.504008
vn 0.419927 0.766423 0.486064
vn -0.817534 -0.386625 0.426801
vn -0.789034 -0.319293 0.524858
vn -0.391888 -0.883686 0.255976
vn -0.562205 -0.826195 0.036429
vn -0.817534 -0.386625 0.426801
vn -0.836315 -0.419203 0.353337
vn -0.626530 -0.030496 0.778800
vn -0.653235 0.113820 0.748551
vn -0.817534 -0.386625 0.426801
vn -0.562205 -0.826195 0.036429
vn -0.660926 -0.736473 -0.144172
vn -0.836315 -0.419203 0.353337
vn -0.836315 -0.419203 0.353337
vn -0.660926 -0.736473 -0.144172
vn -0.745521 -0.618152 -0.249172
vn -0.849315 -0.436372 0.297059
vn -0.836315 -0.419203 0.353337
vn -0.849315 -0.436372 0.297059
vn -0.610940 -0.165583 0.774167
vn -0.626530 -0.030496 0.778800
vn -0.849315 -0.436372 0.297059
vn -0.873756 -0.412816 0.257164
vn -0.615864 -0.232279 0.752834
vn -0.610940 -0.165583 0.774167
vn -0.849315 -0.436372 0.297059
vn -0.745521 -0.618152 -0.249172
vn -0.820572 -0.487428 -0.298457
vn -0.873756 -0.412816 0.257164
vn -0.873756 -0.412816 0.257164
vn -0.895947 -0.364741 0.253462
vn -0.618872 -0.240727 0.747695
vn -0.615864 -0.232279 0.752834
vn -0.873756 -0.412816 0.257164
vn -0.820572 -0.487428 -0.298457
vn -0.874371 -0.380486 -0.301176
vn -0.895947 -0.364741 0.253462
vn -0.562205 -0.826195 0.036429
vn -0.007336 -0.916851 -0.399161
vn -0.198241 -0.764720 -0.613110
vn -0.660926 -0.736473 -0.144172
vn -0.562205 -0.826195 0.036429
vn -0.391888 -0.883686 0.255976
vn 0.177133 -0.978221 -0.108205
vn -0.007336 -0.916851 -0.399161
vn -0.660926 -0.736473 -0.144172
vn -0.198241 -0.764720 -0.613110
vn -0.341744 -0.578308 -0.740790
vn -0.745521 -0.618152 -0.249172
vn -0.745521 -0.618152 -0.249172
vn -0.341744 -0.578308 -0.740790
vn -0.435160 -0.399347 -0.806944
vn -0.820572 -0.487428 -0.298457
vn -0.820572 -0.487428 -0.298457
vn -0.435160 -0.399347 -0.806944
vn -0.484683 -0.270514 -0.831808
vn -0.874371 -0.380486 -0.301176
vn -0.874371 -0.380486 -0.301176
vn -0.484683 -0.270514 -0.831808
vn -0.507382 -0.194940 -0.839382
vn -0.910727 -0.301134 -0.282658
vn -0.874371 -0.380486 -0.301176
vn -0.910727 -0.301134 -0.282658
vn -0.913202 -0.307349 0.267581
vn -0.895947 -0.364741 0.253462
vn -0.910727 -0.301134 -0.282658
vn -0.507382 -0.194940 -0.839382
vn -0.510059 -0.160702 -0.844994
vn -0.933143 -0.249116 -0.259202
vn -0.910727 -0.301134 -0.282658
vn -0.933143 -0.249116 -0.259202
vn -0.921717 -0.254319 0.292849
vn -0.913202 -0.307349 0.267581
vn -0.933143 -0.249116 -0.259202
vn -0.939186 -0.249064 -0.236424
vn -0.919218 -0.237404 0.314131
vn -0.921717 -0.254319 0.292849
vn -0.933143 -0.249116 -0.259202
vn -0.510059 -0.160702 -0.844994
vn -0.498052 -0.170695 -0.850181
vn -0.939186 -0.249064 -0.236424
vn -0.007336 -0.916851 -0.399161
vn 0.546454 -0.451970 -0.705061
vn 0.423833 -0.346444 -0.836864
vn -0.198241 -0.764720 -0.613110
vn -0.007336 -0.916851 -0.399161
vn 0.177133 -0.978221 -0.108205
vn 0.685321 -0.562553 -0.462460
vn 0.546454 -0.451970 -0.705061
vn -0.198241 -0.764720 -0.613110
vn 0.423833 -0.346444 -0.836864
vn 0.329450 -0.231829 -0.915269
vn -0.341744 -0.578308 -0.740790
vn -0.341744 -0.578308 -0.740790
vn 0.329450 -0.231829 -0.915269
vn 0.299323 -0.103716 -0.948498
vn -0.435160 -0.399347 -0.806944
vn -0.435160 -0.399347 -0.806944
vn 0.299323 -0.103716 -0.948498
vn 0.263922 -0.020753 -0.964321
vn -0.484683 -0.270514 -0.831808
vn -0.484683 -0.270514 -0.831808
vn 0.263922 -0.020753 -0.964321
vn 0.249290 -0.003303 -0.968423
vn -0.507382 -0.194940 -0.839382
vn -0.507382 -0.194940 -0.839382
vn 0.249290 -0.003303 -0.968423
vn 0.266836 -0.000860 -0.963741
vn -0.510059 -0.160702 -0.844994
vn -0.510059 -0.160702 -0.844994
vn 0.266836 -0.000860 -0.963741
vn 0.293801 -0.010534 -0.955809
vn -0.498052 -0.170695 -0.850181
vn -0.498052 -0.170695 -0.850181
vn 0.293801 -0.010534 -0.955809
vn 0.325059 -0.073084 -0.942866
vn -0.473717 -0.261546 -0.840943
vn -0.498052 -0.170695 -0.850181
vn -0.473717 -0.261546 -0.840943
vn -0.918817 -0.332261 -0.213019
vn -0.939186 -0.249064 -0.236424
vn -0.473717 -0.261546 -0.840943
vn 0.325059 -0.073084 -0.942866
vn 0.361446 -0.148372 -0.920512
vn -0.444578 -0.428645 -0.786520
vn -0.473717 -0.261546 -0.840943
vn -0.444578 -0.428645 -0.786520
vn -0.857460 -0.478315 -0.189679
vn -0.918817 -0.332261 -0.213019
vn -0.444578 -0.428645 -0.786520
vn -0.358681 -0.583288 -0.728781
vn -0.781569 -0.599278 -0.173249
vn -0.857460 -0.478315 -0.189679
vn -0.444578 -0.428645 -0.786520
vn 0.361446 -0.148372 -0.920512
vn 0.406340 -0.250205 -0.878798
vn -0.358681 -0.583288 -0.728781
vn -0.358681 -0.583288 -0.728781
vn -0.327115 -0.698756 -0.636189
vn -0.728211 -0.665481 -0.163840
vn -0.781569 -0.599278 -0.173249
vn -0.358681 -0.583288 -0.728781
vn 0.406340 -0.250205 -0.878798
vn 0.427435 -0.355063 -0.831402
vn -0.327115 -0.698756 -0.636189
vn 0.546454 -0.451970 -0.705061
vn 0.809143 0.276407 -0.518543
vn 0.830777 0.239591 -0.502400
vn 0.423833 -0.346444 -0.836864
vn 0.546454 -0.451970 -0.705061
vn 0.685321 -0.562553 -0.462460
vn 0.825169 0.290063 -0.484727
vn 0.809143 0.276407 -0.518543
vn 0.423833 -0.346444 -0.836864
vn 0.830777 0.239591 -0.502400
vn 0.847749 0.201684 -0.490555
vn 0.329450 -0.231829 -0.915269
vn 0.329450 -0.231829 -0.915269
vn 0.847749 0.201684 -0.490555
vn 0.843962 0.189875 -0.501672
vn 0.299323 -0.103716 -0.948498
vn 0.299323 -0.103716 -0.948498
vn 0.843962 0.189875 -0.501672
vn 0.830622 0.221014 -0.511097
vn 0.263922 -0.020753 -0.964321
vn 0.263922 -0.020753 -0.964321
vn 0.830622 0.221014 -0.511097
vn 0.848422 0.175453 -0.499396
vn 0.249290 -0.003303 -0.968423
vn 0.249290 -0.003303 -0.968423
vn 0.848422 0.175453 -0.499396
vn 0.851004 0.140759 -0.505943
vn 0.266836 -0.000860 -0.963741
vn 0.266836 -0.000860 -0.963741
vn 0.851004 0.140759 -0.505943
vn 0.867648 0.137745 -0.477718
vn 0.293801 -0.010534 -0.955809
vn 0.293801 -0.010534 -0.955809
vn 0.867648 0.137745 -0.477718
vn 0.886059 0.095573 -0.453613
vn 0.325059 -0.073084 -0.942866
vn 0.325059 -0.073084 -0.942866
vn 0.886059 0.095573 -0.453613
vn 0.893688 0.097672 -0.437928
vn 0.361446 -0.148372 -0.920512
vn 0.361446 -0.148372 -0.920512
vn 0.893688 0.097672 -0.437928
vn 0.896557 0.113053 -0.428257
vn 0.406340 -0.250205 -0.878798
vn 0.406340 -0.250205 -0.878798
vn 0.896557 0.113053 -0.428257
vn 0.895700 0.133646 -0.424100
vn 0.427435 -0.355063 -0.831402
vn 0.427435 -0.355063 -0.831402
vn 0.895700 0.133646 -0.424100
vn 0.890299 0.153141 -0.428853
vn 0.422850 -0.420594 -0.802682
vn 0.427435 -0.355063 -0.831402
vn 0.422850 -0.420594 -0.802682
vn -0.301553 -0.746992 -0.592510
vn -0.327115 -0.698756 -0.636189
vn 0.422850 -0.420594 -0.802682
vn 0.890299 0.153141 -0.428853
vn 0.872887 0.175581 -0.455236
vn 0.414497 -0.439757 -0.796747
vn 0.422850 -0.420594 -0.802682
vn 0.414497 -0.439757 -0.796747
vn -0.277524 -0.760655 -0.586842
vn -0.301553 -0.746992 -0.592510
vn 0.414497 -0.439757 -0.796747
vn 0.396963 -0.402284 -0.824977
vn -0.261941 -0.748260 -0.609503
vn -0.277524 -0.760655 -0.586842
vn 0.414497 -0.439757 -0.796747
vn 0.872887 0.175581 -0.455236
vn 0.835256 0.215379 -0.505925
vn 0.396963 -0.402284 -0.824977
vn -0.021922 -0.518624 0.854722
vn 0.446362 -0.298462 0.843612
vn 0.456851 -0.745912 0.484667
vn 0.076790 -0.886999 0.455342
vn -0.021922 -0.518624 0.854722
vn -0.144162 0.305066 0.941357
vn 0.246100 0.367137 0.897021
vn 0.446362 -0.298462 0.843612
vn -0.021922 -0.518624 0.854722
vn -0.333353 -0.673018 0.660244
vn -0.614250 -0.032904 0.788425
vn -0.144162 0.305066 0.941357
vn -0.021922 -0.518624 0.854722
vn 0.076790 -0.886999 0.455342
vn -0.123477 -0.886263 0.446420
vn -0.333353 -0.673018 0.660244
vn 0.076790 -0.886999 0.455342
vn 0.146040 -0.969089 0.198845
vn 0.019284 -0.977535 0.209891
vn -0.123477 -0.886263 0.446420
vn 0.076790 -0.886999 0.455342
vn 0.456851 -0.745912 0.484667
vn 0.419466 -0.887284 0.191769
vn 0.146040 -0.969089 0.198845
vn -0.749768 0.171945 0.638971
vn -0.670418 0.328052 0.665523
vn -0.864389 0.446394 0.231440
vn -0.950270 0.239801 0.198705
vn -0.749768 0.171945 0.638971
vn -0.323185 -0.008878 0.946294
vn -0.265250 0.071528 0.961523
vn -0.670418 0.328052 0.665523
vn -0.749768 0.171945 0.638971
vn -0.818205 -0.124630 0.561256
vn -0.413096 -0.310511 0.856116
vn -0.323185 -0.008878 0.946294
vn -0.749768 0.171945 0.638971
vn -0.950270 0.239801 0.198705
vn -0.991567 0.001653 0.129583
vn -0.818205 -0.124630 0.561256
vn -0.265250 0.071528 0.961523
vn -0.323185 -0.008878 0.946294
vn 0.230313 -0.308882 0.922794
vn 0.227100 -0.313942 0.921882
vn -0.323185 -0.008878 0.946294
vn -0.413096 -0.310511 0.856116
vn 0.135430 -0.505131 0.852351
vn 0.230313 -0.308882 0.922794
vn -0.233353 0.117760 0.965235
vn -0.265250 0.071528 0.961523
vn 0.227100 -0.313942 0.921882
vn 0.191645 -0.326396 0.925601
vn -0.265250 0.071528 0.961523
vn -0.233353 0.117760 0.965235
vn -0.587735 0.438348 0.680014
vn -0.670418 0.328052 0.665523
vn -0.233353 0.117760 0.965235
vn -0.220664 0.162863 0.961656
vn -0.539776 0.507697 0.671480
vn -0.587735 0.438348 0.680014
vn -0.220664 0.162863 0.961656
vn -0.233353 0.117760 0.965235
vn 0.191645 -0.326396 0.925601
vn 0.177562 -0.305980 0.935333
vn -0.220664 0.162863 0.961656
vn 0.177562 -0.305980 0.935333
vn 0.200256 -0.252536 0.946638
vn -0.209115 0.209949 0.955088
vn -0.199841 0.271854 0.941360
vn -0.209115 0.209949 0.955088
vn 0.200256 -0.252536 0.946638
vn 0.244092 -0.165449 0.955534
vn 0.230313 -0.308882 0.922794
vn 0.589815 -0.554171 0.587378
vn 0.519144 -0.602010 0.606691
vn 0.227100 -0.313942 0.921882
vn 0.230313 -0.308882 0.922794
vn 0.135430 -0.505131 0.852351
vn 0.571129 -0.614037 0.544767
vn 0.589815 -0.554171 0.587378
vn 0.227100 -0.313942 0.921882
vn 0.519144 -0.602010 0.606691
vn 0.447764 -0.638174 0.626292
vn 0.191645 -0.326396 0.925601
vn 0.191645 -0.326396 0.925601
vn 0.447764 -0.638174 0.626292
vn 0.437692 -0.632791 0.638750
vn 0.177562 -0.305980 0.935333
vn 0.177562 -0.305980 0.935333
vn 0.437692 -0.632791 0.638750
vn 0.484442 -0.591026 0.644984
vn 0.200256 -0.252536 0.946638
vn 0.200256 -0.252536 0.946638
vn 0.484442 -0.591026 0.644984
vn 0.561118 -0.510882 0.651265
vn 0.244092 -0.165449 0.955534
vn 0.244092 -0.165449 0.955534
vn 0.561118 -0.510882 0.651265
vn 0.645484 -0.401602 0.649666
vn 0.287904 -0.049589 0.956375
vn -0.199841 0.271854 0.941360
vn 0.244092 -0.165449 0.955534
vn 0.287904 -0.049589 0.956375
vn -0.199743 0.343684 0.917597
vn 0.287904 -0.049589 0.956375
vn 0.316015 0.047664 0.947556
vn -0.207533 0.391012 0.896683
vn -0.199743 0.343684 0.917597
vn 0.287904 -0.049589 0.956375
vn 0.645484 -0.401602 0.649666
vn 0.708716 -0.307378 0.635012
vn 0.316015 0.047664 0.947556
vn -0.242289 0.970193 -0.004666
vn -0.158498 0.983373 -0.088636
vn 0.011059 0.982668 0.185042
vn -0.029804 0.981952 0.186769
vn -0.378404 0.838466 -0.392154
vn -0.173877 0.842922 -0.509165
vn -0.024881 0.981468 -0.190005
vn -0.158498 0.983373 -0.088636
vn 0.144784 0.854417 -0.499009
vn 0.162193 0.892612 -0.420639
vn 0.405101 0.817122 -0.410127
vn 0.399215 0.780666 -0.480820
vn 0.144784 0.854417 -0.499009
vn -0.080564 0.875416 -0.476609
vn -0.052406 0.914863 -0.400349
vn 0.162193 0.892612 -0.420639
vn 0.144784 0.854417 -0.499009
vn 0.132913 0.806940 -0.575484
vn -0.108228 0.834371 -0.540474
vn -0.080564 0.875416 -0.476609
vn 0.144784 0.854417 -0.499009
vn 0.399215 0.780666 -0.480820
vn 0.390976 0.725685 -0.566144
vn 0.132913 0.806940 -0.575484
vn 0.132913 0.806940 -0.575484
vn 0.390976 0.725685 -0.566144
vn 0.359950 0.633451 -0.684964
vn 0.098467 0.740169 -0.665172
vn 0.132913 0.806940 -0.575484
vn 0.098467 0.740169 -0.665172
vn -0.145896 0.789295 -0.596429
vn -0.108228 0.834371 -0.540474
vn 0.098467 0.740169 -0.665172
vn 0.359950 0.633451 -0.684964
vn 0.302224 0.468690 -0.830054
vn 0.036287 0.625316 -0.779528
vn 0.098467 0.740169 -0.665172
vn 0.036287 0.625316 -0.779528
vn -0.201020 0.719871 -0.664362
vn -0.145896 0.789295 -0.596429
vn 0.418446 0.831940 -0.364387
vn 0.635374 0.687483 -0.351663
vn 0.649625 0.663685 -0.370823
vn 0.405101 0.817122 -0.410127
vn 0.418446 0.831940 -0.364387
vn 0.413192 0.828312 -0.378381
vn 0.611872 0.689425 -0.387693
vn 0.635374 0.687483 -0.351663
vn 0.418446 0.831940 -0.364387
vn 0.200650 0.910933 -0.360474
vn 0.226113 0.907336 -0.354421
vn 0.413192 0.828312 -0.378381
vn 0.418446 0.831940 -0.364387
vn 0.405101 0.817122 -0.410127
vn 0.162193 0.892612 -0.420639
vn 0.200650 0.910933 -0.360474
vn 0.405101 0.817122 -0.410127
vn 0.649625 0.663685 -0.370823
vn 0.655402 0.627555 -0.420265
vn 0.399215 0.780666 -0.480820
vn 0.399215 0.780666 -0.480820
vn 0.655402 0.627555 -0.420265
vn 0.651888 0.565510 -0.505214
vn 0.390976 0.725685 -0.566144
vn 0.390976 0.725685 -0.566144
vn 0.651888 0.565510 -0.505214
vn 0.631562 0.439665 -0.638611
vn 0.359950 0.633451 -0.684964
vn 0.611872 0.689425 -0.387693
vn 0.574607 0.618204 -0.536331
vn 0.850330 0.234205 -0.471261
vn 0.872225 0.366194 -0.324230
vn 0.611872 0.689425 -0.387693
vn 0.413192 0.828312 -0.378381
vn 0.366937 0.785886 -0.497736
vn 0.574607 0.618204 -0.536331
vn 0.611872 0.689425 -0.387693
vn 0.872225 0.366194 -0.324230
vn 0.877760 0.393753 -0.272939
vn 0.635374 0.687483 -0.351663
vn 0.635374 0.687483 -0.351663
vn 0.877760 0.393753 -0.272939
vn 0.881316 0.385830 -0.272796
vn 0.649625 0.663685 -0.370823
vn 0.649625 0.663685 -0.370823
vn 0.881316 0.385830 -0.272796
vn 0.877669 0.367361 -0.307803
vn 0.655402 0.627555 -0.420265
vn 0.655402 0.627555 -0.420265
vn 0.877669 0.367361 -0.307803
vn 0.869281 0.307376 -0.387131
vn 0.651888 0.565510 -0.505214
vn 0.651888 0.565510 -0.505214
vn 0.869281 0.307376 -0.387131
vn 0.851265 0.149360 -0.503030
vn 0.631562 0.439665 -0.638611
vn 0.877760 0.393753 -0.272939
vn 0.872225 0.366194 -0.324230
vn 0.985455 -0.099122 -0.138032
vn 0.995462 -0.029770 -0.090388
vn 0.877760 0.393753 -0.272939
vn 0.995462 -0.029770 -0.090388
vn 0.996521 0.004017 -0.083244
vn 0.881316 0.385830 -0.272796
vn 0.881316 0.385830 -0.272796
vn 0.996521 0.004017 -0.083244
vn 0.992452 0.023674 -0.120329
vn 0.877669 0.367361 -0.307803
vn 0.877669 0.367361 -0.307803
vn 0.992452 0.023674 -0.120329
vn 0.978730 -0.022901 -0.203871
vn 0.869281 0.307376 -0.387131
vn 0.869281 0.307376 -0.387131
vn 0.978730 -0.022901 -0.203871
vn 0.938869 -0.179037 -0.294060
vn 0.851265 0.149360 -0.503030
vn 0.992452 0.023674 -0.120329
vn 0.952997 -0.288281 0.093229
vn 0.939273 -0.342313 0.024258
vn 0.978730 -0.022901 -0.203871
vn 0.992452 0.023674 -0.120329
vn 0.996521 0.004017 -0.083244
vn 0.946567 -0.303996 0.107690
vn 0.952997 -0.288281 0.093229
vn 0.978730 -0.022901 -0.203871
vn 0.939273 -0.342313 0.024258
vn 0.877737 -0.476489 -0.050350
vn 0.938869 -0.179037 -0.294060
vn 0.939273 -0.342313 0.024258
vn 0.952997 -0.288281 0.093229
vn 0.791284 -0.538447 0.289732
vn 0.772361 -0.584197 0.249345
vn 0.772361 -0.584197 0.249345
vn 0.791284 -0.538447 0.289732
vn 0.567221 -0.701221 0.431914
vn 0.546919 -0.720439 0.426435
vn 0.546919 -0.720439 0.426435
vn 0.567221 -0.701221 0.431914
vn 0.324818 -0.788469 0.522312
vn 0.310816 -0.775821 0.549085
vn 0.310816 -0.775821 0.549085
vn 0.324818 -0.788469 0.522312
vn 0.046299 -0.812882 0.580586
vn 0.034210 -0.769117 0.638192
vn 0.034210 -0.769117 0.638192
vn 0.046299 -0.812882 0.580586
vn -0.230494 -0.768525 0.596860
vn -0.245217 -0.696826 0.674019
vn -0.245217 -0.696826 0.674019
vn -0.230494 -0.768525 0.596860
vn -0.470742 -0.665658 0.579052
vn -0.481365 -0.577066 0.659759
vn -0.481365 -0.577066 0.659759
vn -0.470742 -0.665658 0.579052
vn -0.687800 -0.496991 0.529084
vn -0.700814 -0.389949 0.597327
vn -0.700814 -0.389949 0.597327
vn -0.687800 -0.496991 0.529084
vn -0.871785 -0.246578 0.423308
vn -0.877666 -0.120109 0.463978
vn 0.791284 -0.538447 0.289732
vn 0.952997 -0.288281 0.093229
vn 0.946567 -0.303996 0.107690
vn 0.796727 -0.540764 0.269815
vn 0.791284 -0.538447 0.289732
vn 0.796727 -0.540764 0.269815
vn 0.589944 -0.709912 0.384695
vn 0.567221 -0.701221 0.431914
vn 0.567221 -0.701221 0.431914
vn 0.589944 -0.709912 0.384695
vn 0.342798 -0.817378 0.463015
vn 0.324818 -0.788469 0.522312
vn 0.324818 -0.788469 0.522312
vn 0.342798 -0.817378 0.463015
vn 0.066086 -0.859738 0.506442
vn 0.046299 -0.812882 0.580586
vn 0.046299 -0.812882 0.580586
vn 0.066086 -0.859738 0.506442
vn -0.205535 -0.835004 0.510415
vn -0.230494 -0.768525 0.596860
vn -0.230494 -0.768525 0.596860
vn -0.205535 -0.835004 0.510415
vn -0.456520 -0.742776 0.489768
vn -0.470742 -0.665658 0.579052
vn -0.470742 -0.665658 0.579052
vn -0.456520 -0.742776 0.489768
vn -0.671738 -0.587889 0.450726
vn -0.687800 -0.496991 0.529084
vn 0.796727 -0.540764 0.269815
vn 0.799056 -0.563615 0.209401
vn 0.602658 -0.736196 0.307927
vn 0.589944 -0.709912 0.384695
vn 0.796727 -0.540764 0.269815
vn 0.946567 -0.303996 0.107690
vn 0.937039 -0.340187 0.078934
vn 0.799056 -0.563615 0.209401
vn 0.589944 -0.709912 0.384695
vn 0.602658 -0.736196 0.307927
vn 0.351230 -0.856499 0.378216
vn 0.342798 -0.817378 0.463015
vn 0.342798 -0.817378 0.463015
vn 0.351230 -0.856499 0.378216
vn 0.085683 -0.909068 0.407742
vn 0.066086 -0.859738 0.506442
vn 0.066086 -0.859738 0.506442
vn 0.085683 -0.909068 0.407742
vn -0.179101 -0.896250 0.405782
vn -0.205535 -0.835004 0.510415
vn -0.205535 -0.835004 0.510415
vn -0.179101 -0.896250 0.405782
vn -0.441308 -0.808650 0.389015
vn -0.456520 -0.742776 0.489768
vn 0.799056 -0.563615 0.209401
vn 0.785796 -0.602014 0.141788
vn 0.595942 -0.768687 0.232322
vn 0.602658 -0.736196 0.307927
vn 0.799056 -0.563615 0.209401
vn 0.937039 -0.340187 0.078934
vn 0.915191 -0.402242 0.025033
vn 0.785796 -0.602014 0.141788
vn 0.602658 -0.736196 0.307927
vn 0.595942 -0.768687 0.232322
vn 0.348450 -0.892091 0.287674
vn 0.351230 -0.856499 0.378216
vn 0.351230 -0.856499 0.378216
vn 0.348450 -0.892091 0.287674
vn 0.098968 -0.947478 0.304124
vn 0.085683 -0.909068 0.407742
vn 0.085683 -0.909068 0.407742
vn 0.098968 -0.947478 0.304124
vn -0.159570 -0.939563 0.302918
vn -0.179101 -0.896250 0.405782
vn 0.785796 -0.602014 0.141788
vn 0.764401 -0.631910 0.127984
vn 0.597254 -0.780369 0.185236
vn 0.595942 -0.768687 0.232322
vn 0.785796 -0.602014 0.141788
vn 0.915191 -0.402242 0.025033
vn 0.854263 -0.519171 0.026396
vn 0.764401 -0.631910 0.127984
vn 0.595942 -0.768687 0.232322
vn 0.597254 -0.780369 0.185236
vn 0.345047 -0.915213 0.208151
vn 0.348450 -0.892091 0.287674
vn 0.348450 -0.892091 0.287674
vn 0.345047 -0.915213 0.208151
vn 0.102416 -0.971753 0.212620
vn 0.098968 -0.947478 0.304124
vn 0.764401 -0.631910 0.127984
vn 0.781328 -0.587937 0.209419
vn 0.600504 -0.781512 0.169217
vn 0.597254 -0.780369 0.185236
vn 0.764401 -0.631910 0.127984
vn 0.854263 -0.519171 0.026396
vn 0.807078 -0.573682 0.139694
vn 0.781328 -0.587937 0.209419
vn 0.597254 -0.780369 0.185236
vn 0.600504 -0.781512 0.169217
vn 0.341451 -0.928136 0.148238
vn 0.345047 -0.915213 0.208151
vn 0.585686 -0.749923 0.307550
vn -0.024720 -0.973262 0.228362
vn -0.096400 -0.991938 -0.082258
vn 0.477520 -0.876378 -0.062735
vn 0.585686 -0.749923 0.307550
vn 0.466450 -0.188329 0.864266
vn 0.051175 -0.779231 0.624644
vn -0.024720 -0.973262 0.228362
vn 0.585686 -0.749923 0.307550
vn 0.686980 0.721247 0.088661
vn 0.543844 0.705541 0.454364
vn 0.466450 -0.188329 0.864266
vn 0.585686 -0.749923 0.307550
vn 0.477520 -0.876378 -0.062735
vn 0.712033 0.654999 -0.252954
vn 0.686980 0.721247 0.088661
vn 0.477520 -0.876378 -0.062735
vn -0.096400 -0.991938 -0.082258
vn -0.064049 -0.747109 -0.661609
vn 0.211924 -0.816389 -0.537213
vn 0.477520 -0.876378 -0.062735
vn 0.211924 -0.816389 -0.537213
vn 0.507313 0.377875 -0.774496
vn 0.712033 0.654999 -0.252954
vn -0.832797 0.439769 -0.336233
vn -0.559434 0.755615 -0.340704
vn -0.481224 0.692441 -0.537540
vn -0.619590 0.491464 -0.612022
vn -0.832797 0.439769 -0.336233
vn -0.940351 0.329857 -0.083274
vn -0.590707 0.788796 -0.169902
vn -0.559434 0.755615 -0.340704
vn -0.123477 -0.886263 0.446420
vn -0.054799 -0.851040 0.522234
vn -0.216160 -0.780197 0.586999
vn -0.333353 -0.673018 0.660244
vn 0.019284 -0.977535 0.209891
vn 0.146040 -0.969089 0.198845
vn 0.150786 -0.987496 -0.045994
vn 0.054472 -0.998515 0.000845
vn -0.323925 0.789699 -0.521006
vn 0.166351 0.265819 -0.949562
vn 0.135599 0.212003 -0.967816
vn -0.232697 0.837227 -0.494876
vn -0.323925 0.789699 -0.521006
vn -0.380399 0.757800 -0.530129
vn 0.167109 0.232506 -0.958131
vn 0.166351 0.265819 -0.949562
vn -0.323925 0.789699 -0.521006
vn -0.561250 0.803988 0.196476
vn -0.624673 0.759468 0.181638
vn -0.380399 0.757800 -0.530129
vn -0.323925 0.789699 -0.521006
vn -0.232697 0.837227 -0.494876
vn -0.456320 0.855039 0.246334
vn -0.561250 0.803988 0.196476
vn 0.166351 0.265819 -0.949562
vn 0.541686 -0.341048 -0.768285
vn 0.411640 -0.405303 -0.816261
vn 0.135599 0.212003 -0.967816
vn 0.166351 0.265819 -0.949562
vn 0.167109 0.232506 -0.958131
vn 0.562131 -0.369625 -0.739855
vn 0.541686 -0.341048 -0.768285
vn -0.695823 -0.105586 -0.710410
vn -0.986247 0.084401 0.142103
vn -0.986960 0.143505 0.072916
vn -0.631100 -0.055241 -0.773732
vn -0.695823 -0.105586 -0.710410
vn -0.631100 -0.055241 -0.773732
vn 0.530136 -0.122376 -0.839035
vn 0.517115 -0.167429 -0.839381
vn -0.986247 0.084401 0.142103
vn -0.659395 0.237178 0.713404
vn -0.673259 0.285674 0.681992
vn -0.986960 0.143505 0.072916
vn -0.659395 0.237178 0.713404
vn 0.432749 0.362554 0.825399
vn 0.527568 0.328255 0.783531
vn -0.673259 0.285674 0.681992
vn 0.714808 -0.687710 0.126903
vn 0.694758 -0.709716 -0.116684
vn 0.614925 -0.780361 -0.113598
vn 0.630831 -0.757446 0.168310
vn 0.714808 -0.687710 0.126903
vn 0.647173 -0.745093 0.161257
vn 0.648861 -0.757609 -0.070775
vn 0.694758 -0.709716 -0.116684
vn 0.714808 -0.687710 0.126903
vn 0.589815 -0.554171 0.587378
vn 0.571129 -0.614037 0.544767
vn 0.647173 -0.745093 0.161257
vn 0.714808 -0.687710 0.126903
vn 0.630831 -0.757446 0.168310
vn 0.519144 -0.602010 0.606691
vn 0.589815 -0.554171 0.587378
vn 0.630831 -0.757446 0.168310
vn 0.614925 -0.780361 -0.113598
vn 0.546500 -0.829335 -0.116367
vn 0.560420 -0.805717 0.191703
vn 0.630831 -0.757446 0.168310
vn 0.560420 -0.805717 0.191703
vn 0.447764 -0.638174 0.626292
vn 0.519144 -0.602010 0.606691
vn 0.560420 -0.805717 0.191703
vn 0.552629 -0.810637 0.193569
vn 0.437692 -0.632791 0.638750
vn 0.447764 -0.638174 0.626292
vn 0.560420 -0.805717 0.191703
vn 0.546500 -0.829335 -0.116367
vn 0.531409 -0.838390 -0.121272
vn 0.552629 -0.810637 0.193569
vn 0.552629 -0.810637 0.193569
vn 0.596752 -0.778527 0.194379
vn 0.484442 -0.591026 0.644984
vn 0.437692 -0.632791 0.638750
vn 0.552629 -0.810637 0.193569
vn 0.531409 -0.838390 -0.121272
vn 0.561119 -0.818658 -0.122249
vn 0.596752 -0.778527 0.194379
vn 0.596752 -0.778527 0.194379
vn 0.674129 -0.711020 0.200002
vn 0.561118 -0.510882 0.651265
vn 0.484442 -0.591026 0.644984
vn 0.596752 -0.778527 0.194379
vn 0.561119 -0.818658 -0.122249
vn 0.623746 -0.773025 -0.115641
vn 0.674129 -0.711020 0.200002
vn 0.694758 -0.709716 -0.116684
vn 0.615280 -0.701153 -0.360297
vn 0.546905 -0.745470 -0.381011
vn 0.614925 -0.780361 -0.113598
vn 0.694758 -0.709716 -0.116684
vn 0.648861 -0.757609 -0.070775
vn 0.565577 -0.768263 -0.299825
vn 0.615280 -0.701153 -0.360297
vn 0.614925 -0.780361 -0.113598
vn 0.546905 -0.745470 -0.381011
vn 0.471573 -0.783818 -0.404041
vn 0.546500 -0.829335 -0.116367
vn 0.546500 -0.829335 -0.116367
vn 0.471573 -0.783818 -0.404041
vn 0.440289 -0.795440 -0.416439
vn 0.531409 -0.838390 -0.121272
vn 0.531409 -0.838390 -0.121272
vn 0.440289 -0.795440 -0.416439
vn 0.449385 -0.788707 -0.419516
vn 0.561119 -0.818658 -0.122249
vn 0.561119 -0.818658 -0.122249
vn 0.449385 -0.788707 -0.419516
vn 0.486521 -0.770938 -0.411038
vn 0.623746 -0.773025 -0.115641
vn 0.623746 -0.773025 -0.115641
vn 0.486521 -0.770938 -0.411038
vn 0.540302 -0.740982 -0.398773
vn 0.698195 -0.707773 -0.107613
vn 0.623746 -0.773025 -0.115641
vn 0.698195 -0.707773 -0.107613
vn 0.759003 -0.618633 0.202994
vn 0.674129 -0.711020 0.200002
vn 0.698195 -0.707773 -0.107613
vn 0.540302 -0.740982 -0.398773
vn 0.592968 -0.704108 -0.390668
vn 0.759358 -0.642465 -0.103021
vn 0.698195 -0.707773 -0.107613
vn 0.759358 -0.642465 -0.103021
vn 0.821599 -0.533575 0.200680
vn 0.759003 -0.618633 0.202994
vn 0.759358 -0.642465 -0.103021
vn 0.592968 -0.704108 -0.390668
vn 0.639048 -0.667076 -0.382921
vn 0.801701 -0.589282 -0.100109
vn 0.759358 -0.642465 -0.103021
vn 0.801701 -0.589282 -0.100109
vn 0.857644 -0.474692 0.197774
vn 0.821599 -0.533575 0.200680
vn 0.801701 -0.589282 -0.100109
vn 0.826782 -0.555107 -0.091041
vn 0.874531 -0.443331 0.196605
vn 0.857644 -0.474692 0.197774
vn 0.801701 -0.589282 -0.100109
vn 0.639048 -0.667076 -0.382921
vn 0.678954 -0.637118 -0.364833
vn 0.826782 -0.555107 -0.091041
vn 0.826782 -0.555107 -0.091041
vn 0.839752 -0.536918 -0.080838
vn 0.877796 -0.436732 0.196822
vn 0.874531 -0.443331 0.196605
vn 0.826782 -0.555107 -0.091041
vn 0.678954 -0.637118 -0.364833
vn 0.712211 -0.609184 -0.348785
vn 0.839752 -0.536918 -0.080838
vn 0.615280 -0.701153 -0.360297
vn 0.356738 -0.639600 -0.680919
vn 0.327844 -0.619391 -0.713354
vn 0.546905 -0.745470 -0.381011
vn 0.615280 -0.701153 -0.360297
vn 0.565577 -0.768263 -0.299825
vn 0.313766 -0.715351 -0.624358
vn 0.356738 -0.639600 -0.680919
vn 0.546905 -0.745470 -0.381011
vn 0.327844 -0.619391 -0.713354
vn 0.260970 -0.601415 -0.755113
vn 0.471573 -0.783818 -0.404041
vn 0.471573 -0.783818 -0.404041
vn 0.260970 -0.601415 -0.755113
vn 0.200509 -0.585818 -0.785248
vn 0.440289 -0.795440 -0.416439
vn 0.440289 -0.795440 -0.416439
vn 0.200509 -0.585818 -0.785248
vn 0.165662 -0.584642 -0.794197
vn 0.449385 -0.788707 -0.419516
vn 0.449385 -0.788707 -0.419516
vn 0.165662 -0.584642 -0.794197
vn 0.157280 -0.608823 -0.777559
vn 0.486521 -0.770938 -0.411038
vn 0.486521 -0.770938 -0.411038
vn 0.157280 -0.608823 -0.777559
vn 0.173280 -0.640513 -0.748142
vn 0.540302 -0.740982 -0.398773
vn 0.540302 -0.740982 -0.398773
vn 0.173280 -0.640513 -0.748142
vn 0.200913 -0.657207 -0.726438
vn 0.592968 -0.704108 -0.390668
vn 0.592968 -0.704108 -0.390668
vn 0.200913 -0.657207 -0.726438
vn 0.229663 -0.654306 -0.720513
vn 0.639048 -0.667076 -0.382921
vn 0.639048 -0.667076 -0.382921
vn 0.229663 -0.654306 -0.720513
vn 0.263632 -0.642537 -0.719475
vn 0.678954 -0.637118 -0.364833
vn 0.678954 -0.637118 -0.364833
vn 0.263632 -0.642537 -0.719475
vn 0.306160 -0.614659 -0.726953
vn 0.712211 -0.609184 -0.348785
vn 0.712211 -0.609184 -0.348785
vn 0.306160 -0.614659 -0.726953
vn 0.345035 -0.578474 -0.739134
vn 0.733993 -0.584743 -0.345442
vn 0.712211 -0.609184 -0.348785
vn 0.733993 -0.584743 -0.345442
vn 0.845696 -0.527700 -0.079566
vn 0.839752 -0.536918 -0.080838
vn 0.733993 -0.584743 -0.345442
vn 0.345035 -0.578474 -0.739134
vn 0.367864 -0.556357 -0.745079
vn 0.738925 -0.575994 -0.349603
vn 0.733993 -0.584743 -0.345442
vn 0.738925 -0.575994 -0.349603
vn 0.841357 -0.533638 -0.085728
vn 0.845696 -0.527700 -0.079566
vn 0.738925 -0.575994 -0.349603
vn 0.367864 -0.556357 -0.745079
vn 0.373340 -0.555205 -0.743212
vn 0.728715 -0.584816 -0.356321
vn 0.738925 -0.575994 -0.349603
vn 0.728715 -0.584816 -0.356321
vn 0.829038 -0.550949 -0.095662
vn 0.841357 -0.533638 -0.085728
vn 0.728715 -0.584816 -0.356321
vn 0.703452 -0.611935 -0.361512
vn 0.805224 -0.584291 -0.101087
vn 0.829038 -0.550949 -0.095662
vn 0.728715 -0.584816 -0.356321
vn 0.373340 -0.555205 -0.743212
vn 0.365712 -0.573014 -0.733423
vn 0.703452 -0.611935 -0.361512
vn 0.703452 -0.611935 -0.361512
vn 0.658507 -0.661966 -0.358009
vn 0.767354 -0.634348 -0.093646
vn 0.805224 -0.584291 -0.101087
vn 0.703452 -0.611935 -0.361512
vn 0.365712 -0.573014 -0.733423
vn 0.342167 -0.609753 -0.714928
vn 0.658507 -0.661966 -0.358009
vn 0.658507 -0.661966 -0.358009
vn 0.604274 -0.717511 -0.346454
vn 0.732029 -0.677532 -0.071300
vn 0.767354 -0.634348 -0.093646
vn 0.658507 -0.661966 -0.358009
vn 0.342167 -0.609753 -0.714928
vn 0.299401 -0.661801 -0.687298
vn 0.604274 -0.717511 -0.346454
vn 0.189834 -0.392905 0.899772
vn 0.035528 -0.257705 0.965570
vn 0.212346 -0.040325 0.976362
vn 0.314556 -0.264035 0.911779
vn 0.189834 -0.392905 0.899772
vn -0.074495 -0.616698 0.783667
vn -0.200370 -0.497208 0.844178
vn 0.035528 -0.257705 0.965570
vn 0.189834 -0.392905 0.899772
vn 0.398687 -0.472510 0.785992
vn 0.132194 -0.734185 0.665956
vn -0.074495 -0.616698 0.783667
vn 0.189834 -0.392905 0.899772
vn 0.314556 -0.264035 0.911779
vn 0.617289 -0.000267 0.786737
vn 0.398687 -0.472510 0.785992
vn 0.745998 -0.223072 0.627476
vn 0.980182 0.144702 0.135299
vn 0.910274 -0.344795 -0.229166
vn 0.471690 -0.770562 0.428651
vn 0.745998 -0.223072 0.627476
vn 0.725864 0.291734 0.622906
vn 0.784958 0.568395 0.246513
vn 0.980182 0.144702 0.135299
vn 0.745998 -0.223072 0.627476
vn 0.331919 -0.257519 0.907477
vn 0.494777 -0.079022 0.865420
vn 0.725864 0.291734 0.622906
vn 0.745998 -0.223072 0.627476
vn 0.471690 -0.770562 0.428651
vn -0.345096 -0.536003 0.770461
vn 0.331919 -0.257519 0.907477
vn -0.483307 0.655774 0.579979
vn -0.516190 0.662343 0.543000
vn 0.158926 -0.100178 0.982195
vn 0.208196 -0.127841 0.969696
vn -0.483307 0.655774 0.579979
vn -0.615739 0.760640 -0.205648
vn -0.624426 0.749543 -0.219723
vn -0.516190 0.662343 0.543000
vn -0.516190 0.662343 0.543000
vn -0.526105 0.662088 0.533717
vn 0.119788 -0.087765 0.988913
vn 0.158926 -0.100178 0.982195
vn -0.516190 0.662343 0.543000
vn -0.624426 0.749543 -0.219723
vn -0.612435 0.758465 -0.222831
vn -0.526105 0.662088 0.533717
vn 0.398687 -0.472510 0.785992
vn 0.559202 -0.494861 0.665136
vn 0.295831 -0.780785 0.550327
vn 0.132194 -0.734185 0.665956
vn 0.398687 -0.472510 0.785992
vn 0.617289 -0.000267 0.786737
vn 0.829921 0.157876 0.535076
vn 0.559202 -0.494861 0.665136
vn 0.852216 0.489771 0.183989
vn 0.674343 0.678612 0.291114
vn 0.364768 0.908353 -0.204546
vn 0.543493 0.772087 -0.329389
vn 0.852216 0.489771 0.183989
vn 0.908839 0.196861 0.367775
vn 0.765037 0.335609 0.549622
vn 0.674343 0.678612 0.291114
vn 0.852216 0.489771 0.183989
vn 0.956534 0.285485 0.059508
vn 0.984005 0.063330 0.166507
vn 0.908839 0.196861 0.367775
vn 0.852216 0.489771 0.183989
vn 0.543493 0.772087 -0.329389
vn 0.748273 0.540340 -0.384866
vn 0.956534 0.285485 0.059508
vn 0.674343 0.678612 0.291114
vn 0.765037 0.335609 0.549622
vn 0.356613 0.553297 0.752788
vn 0.249054 0.831423 0.496697
vn 0.674343 0.678612 0.291114
vn 0.249054 0.831423 0.496697
vn 0.087968 0.993180 0.076522
vn 0.364768 0.908353 -0.204546
vn 0.364768 0.908353 -0.204546
vn 0.190796 0.934427 -0.300737
vn 0.268004 0.839338 -0.472954
vn 0.543493 0.772087 -0.329389
vn 0.364768 0.908353 -0.204546
vn 0.087968 0.993180 0.076522
vn 0.024190 0.994299 -0.103852
vn 0.190796 0.934427 -0.300737
vn 0.249054 0.831423 0.496697
vn -0.006351 0.851652 0.524069
vn -0.119614 0.927199 0.354957
vn 0.087968 0.993180 0.076522
vn 0.087968 0.993180 0.076522
vn -0.119614 0.927199 0.354957
vn -0.311823 0.918437 0.243392
vn 0.024190 0.994299 -0.103852
vn -0.108228 0.834371 -0.540474
vn -0.324205 0.822643 -0.467065
vn -0.293007 0.859631 -0.418547
vn -0.080564 0.875416 -0.476609
vn -0.108228 0.834371 -0.540474
vn -0.145896 0.789295 -0.596429
vn -0.352611 0.793929 -0.495320
vn -0.324205 0.822643 -0.467065
vn -0.080564 0.875416 -0.476609
vn -0.293007 0.859631 -0.418547
vn -0.266032 0.899236 -0.347276
vn -0.052406 0.914863 -0.400349
vn -0.052406 0.914863 -0.400349
vn -0.017754 0.941738 -0.335878
vn 0.200650 0.910933 -0.360474
vn 0.162193 0.892612 -0.420639
vn -0.052406 0.914863 -0.400349
vn -0.266032 0.899236 -0.347276
vn -0.252538 0.927586 -0.275333
vn -0.017754 0.941738 -0.335878
vn -0.252538 0.927586 -0.275333
vn -0.498780 0.846211 -0.187472
vn -0.485446 0.863305 -0.138014
vn -0.257364 0.940563 -0.221596
vn -0.252538 0.927586 -0.275333
vn -0.266032 0.899236 -0.347276
vn -0.507332 0.824693 -0.249993
vn -0.498780 0.846211 -0.187472
vn -0.252538 0.927586 -0.275333
vn -0.257364 0.940563 -0.221596
vn 0.005746 0.950766 -0.309855
vn -0.017754 0.941738 -0.335878
vn -0.017754 0.941738 -0.335878
vn 0.005746 0.950766 -0.309855
vn 0.226113 0.907336 -0.354421
vn 0.200650 0.910933 -0.360474
vn -0.257364 0.940563 -0.221596
vn -0.485446 0.863305 -0.138014
vn -0.433039 0.896043 -0.097896
vn -0.262923 0.948288 -0.177823
vn 0.007518 0.987961 0.154518
vn 0.050838 0.986108 0.158136
vn -0.183957 0.981410 0.054718
vn -0.216925 0.973973 0.065735
vn 0.007518 0.987961 0.154518
vn 0.247610 0.939629 0.236192
vn 0.282317 0.928555 0.241002
vn 0.050838 0.986108 0.158136
vn 0.007518 0.987961 0.154518
vn -0.024452 0.988992 0.145933
vn 0.215390 0.947141 0.237761
vn 0.247610 0.939629 0.236192
vn 0.573642 -0.622886 0.531928
vn 0.917207 0.212425 0.337057
vn 0.538814 -0.722248 0.433632
vn 0.415632 -0.793259 0.444960
vn 0.135329 -0.463184 0.875869
vn 0.221164 -0.308565 0.925134
vn -0.691677 -0.566441 0.448027
vn -0.704697 -0.633776 0.318950
vn 0.135329 -0.463184 0.875869
vn 0.868956 0.294929 0.397407
vn 0.827548 0.347330 0.441050
vn 0.221164 -0.308565 0.925134
vn 0.412247 -0.910509 -0.032025
vn 0.601042 -0.797589 0.050991
vn 0.745339 -0.640938 -0.183492
vn 0.557892 -0.777124 -0.291265
vn 0.412247 -0.910509 -0.032025
vn 0.392186 -0.916397 -0.080045
vn 0.119368 -0.969002 0.216300
vn 0.140010 -0.947982 0.285881
vn 0.412247 -0.910509 -0.032025
vn 0.557892 -0.777124 -0.291265
vn 0.663698 -0.735686 -0.135174
vn 0.706720 -0.707336 -0.014943
vn 0.392186 -0.916397 -0.080045
vn -0.872753 0.247301 0.420886
vn -0.526846 0.159851 0.834794
vn -0.387347 0.065879 0.919577
vn 0.278103 -0.528160 0.802313
vn 0.043350 -0.199180 0.979004
vn -0.872753 0.247301 0.420886
vn -0.827000 0.469255 -0.309630
vn -0.378861 0.824424 0.420463
vn -0.540260 0.312780 0.781209
vn -0.387347 0.065879 0.919577
vn -0.526846 0.159851 0.834794
vn 0.038821 0.997202 0.063890
vn 0.052170 0.805626 -0.590123
vn 0.371692 0.828813 -0.418226
vn 0.561936 0.827118 -0.010212
vn 0.241534 0.966170 -0.090424
vn 0.038821 0.997202 0.063890
vn 0.241534 0.966170 -0.090424
vn 0.718613 0.504623 0.478487
vn 0.617289 -0.000267 0.786737
vn 0.331919 -0.257519 0.907477
vn 0.371692 0.828813 -0.418226
vn 0.805675 0.580465 -0.118104
vn 0.180531 0.983554 -0.005505
vn 0.561936 0.827118 -0.010212
vn 0.371692 0.828813 -0.418226
vn 0.284147 0.683766 -0.672105
vn 0.724015 0.260559 -0.638679
vn 0.805675 0.580465 -0.118104
vn 0.608535 0.778362 0.154397
vn 0.042817 0.982464 -0.181470
vn -0.116987 0.993048 0.012987
vn 0.563824 0.728745 0.388630
vn 0.608535 0.778362 0.154397
vn 0.561936 0.827118 -0.010212
vn 0.180531 0.983554 -0.005505
vn 0.042817 0.982464 -0.181470
vn 0.608535 0.778362 0.154397
vn 0.829921 0.157876 0.535076
vn 0.617289 -0.000267 0.786737
vn 0.718613 0.504623 0.478487
vn 0.561936 0.827118 -0.010212
vn 0.608535 0.778362 0.154397
vn 0.563824 0.728745 0.388630
vn 0.850689 0.082865 0.519097
vn 0.829921 0.157876 0.535076
vn 0.270667 0.868166 -0.415965
vn 0.988101 0.153361 -0.011720
vn 0.917207 0.212425 0.337057
vn 0.103905 0.965898 -0.237159
vn 0.988101 0.153361 -0.011720
vn 0.435074 -0.772510 0.462535
vn 0.538814 -0.722248 0.433632
vn 0.917207 0.212425 0.337057
vn -0.111235 0.741852 -0.661273
vn -0.281238 0.645075 -0.710481
vn -0.528634 0.844398 -0.086824
vn -0.365412 0.929651 -0.047157
vn -0.111235 0.741852 -0.661273
vn 0.597337 -0.179492 -0.781646
vn 0.385827 -0.262098 -0.884558
vn -0.281238 0.645075 -0.710481
vn -0.111235 0.741852 -0.661273
vn 0.230900 0.917588 -0.323602
vn 0.940433 -0.044025 -0.337116
vn 0.597337 -0.179492 -0.781646
vn -0.111235 0.741852 -0.661273
vn -0.365412 0.929651 -0.047157
vn -0.105568 0.786502 0.608498
vn 0.230900 0.917588 -0.323602
vn -0.487027 0.770475 -0.411306
vn -0.479852 0.798137 -0.364308
vn -0.034003 0.266524 -0.963228
vn -0.094083 0.209602 -0.973250
vn -0.487027 0.770475 -0.411306
vn -0.509227 0.729248 0.457041
vn -0.488439 0.728403 0.480474
vn -0.479852 0.798137 -0.364308
vn -0.509227 0.729248 0.457041
vn -0.139886 0.147127 0.979176
vn -0.156788 0.085908 0.983889
vn -0.488439 0.728403 0.480474
vn -0.509227 0.729248 0.457041
vn -0.585989 0.669351 0.456713
vn -0.162060 0.104620 0.981219
vn -0.139886 0.147127 0.979176
vn -0.139886 0.147127 0.979176
vn 0.311999 -0.518514 0.796115
vn 0.272955 -0.586536 0.762542
vn -0.156788 0.085908 0.983889
vn -0.139886 0.147127 0.979176
vn -0.162060 0.104620 0.981219
vn 0.363507 -0.492601 0.790700
vn 0.311999 -0.518514 0.796115
vn 0.311999 -0.518514 0.796115
vn 0.363507 -0.492601 0.790700
vn 0.657923 -0.751835 0.043365
vn 0.554388 -0.829695 0.065269
vn 0.311999 -0.518514 0.796115
vn 0.554388 -0.829695 0.065269
vn 0.531932 -0.846341 0.027478
vn 0.272955 -0.586536 0.762542
vn 0.554388 -0.829695 0.065269
vn 0.657923 -0.751835 0.043365
vn 0.440057 -0.405509 -0.801194
vn 0.381753 -0.495507 -0.780217
vn 0.554388 -0.829695 0.065269
vn 0.381753 -0.495507 -0.780217
vn 0.374826 -0.479449 -0.793495
vn 0.531932 -0.846341 0.027478
vn 0.381753 -0.495507 -0.780217
vn 0.440057 -0.405509 -0.801194
vn -0.104758 0.241565 -0.964714
vn -0.121409 0.236692 -0.963969
vn 0.381753 -0.495507 -0.780217
vn -0.121409 0.236692 -0.963969
vn -0.094083 0.209602 -0.973250
vn 0.374826 -0.479449 -0.793495
vn -0.162060 0.104620 0.981219
vn -0.177067 0.055962 0.982607
vn 0.353413 -0.505037 0.787424
vn 0.363507 -0.492601 0.790700
vn 0.363507 -0.492601 0.790700
vn 0.353413 -0.505037 0.787424
vn 0.675733 -0.737129 0.005210
vn 0.657923 -0.751835 0.043365
vn 0.657923 -0.751835 0.043365
vn 0.675733 -0.737129 0.005210
vn 0.455584 -0.368950 -0.810135
vn 0.440057 -0.405509 -0.801194
vn 0.440057 -0.405509 -0.801194
vn 0.455584 -0.368950 -0.810135
vn -0.090627 0.286104 -0.953903
vn -0.104758 0.241565 -0.964714
vn 0.353413 -0.505037 0.787424
vn 0.313586 -0.523091 0.792490
vn 0.680818 -0.732362 0.011510
vn 0.675733 -0.737129 0.005210
vn 0.675733 -0.737129 0.005210
vn 0.680818 -0.732362 0.011510
vn 0.536238 -0.311827 -0.784355
vn 0.455584 -0.368950 -0.810135
vn 0.455584 -0.368950 -0.810135
vn 0.536238 -0.311827 -0.784355
vn 0.001862 0.365243 -0.930910
vn -0.090627 0.286104 -0.953903
vn 0.680818 -0.732362 0.011510
vn 0.707718 -0.703510 0.064878
vn 0.690013 -0.198980 -0.695909
vn 0.536238 -0.311827 -0.784355
vn 0.536238 -0.311827 -0.784355
vn 0.690013 -0.198980 -0.695909
vn 0.056904 0.436805 -0.897755
vn 0.001862 0.365243 -0.930910
vn 0.690013 -0.198980 -0.695909
vn 0.692074 -0.169814 -0.701567
vn 0.020727 0.370896 -0.928443
vn 0.056904 0.436805 -0.897755
vn 0.730383 0.495302 0.470337
vn 0.555678 0.701002 0.447010
vn 0.732655 0.663081 0.153426
vn 0.850754 0.488034 0.195038
vn 0.730383 0.495302 0.470337
vn 0.850754 0.488034 0.195038
vn 0.954938 0.166600 0.245639
vn 0.888609 0.135323 0.438249
vn 0.850754 0.488034 0.195038
vn 0.732655 0.663081 0.153426
vn 0.851832 0.508857 -0.124282
vn 0.925533 0.376995 -0.035538
vn 0.850754 0.488034 0.195038
vn 0.925533 0.376995 -0.035538
vn 0.978552 0.142015 0.149224
vn 0.954938 0.166600 0.245639
vn 0.685772 -0.290832 -0.667184
vn 0.890467 -0.408691 0.200100
vn 0.434046 -0.369520 0.821620
vn -0.759425 -0.052399 0.648482
vn 0.685772 -0.290832 -0.667184
vn -0.759425 -0.052399 0.648482
vn -0.978709 0.096925 -0.180925
vn -0.395818 -0.008475 -0.918290
vn 0.165702 -0.788783 0.591916
vn 0.448605 -0.793561 0.411113
vn -0.152846 -0.937379 -0.312984
vn -0.425710 -0.896378 -0.123599
vn 0.165702 -0.788783 0.591916
vn 0.718705 0.307085 0.623828
vn 0.590421 0.605482 0.533662
vn 0.448605 -0.793561 0.411113
vn 0.165702 -0.788783 0.591916
vn -0.003699 -0.696790 0.717266
vn 0.707815 0.258809 0.657280
vn 0.718705 0.307085 0.623828
vn 0.165702 -0.788783 0.591916
vn -0.425710 -0.896378 -0.123599
vn -0.605780 -0.789680 -0.097145
vn -0.003699 -0.696790 0.717266
vn -0.003699 -0.696790 0.717266
vn -0.605780 -0.789680 -0.097145
vn -0.744115 -0.656818 -0.121996
vn -0.226049 -0.552338 0.802387
vn -0.003699 -0.696790 0.717266
vn -0.226049 -0.552338 0.802387
vn 0.642444 0.221367 0.733664
vn 0.707815 0.258809 0.657280
vn -0.226049 -0.552338 0.802387
vn -0.744115 -0.656818 -0.121996
vn -0.784212 -0.609626 -0.115619
vn -0.255187 -0.503476 0.825464
vn -0.425710 -0.896378 -0.123599
vn -0.152846 -0.937379 -0.312984
vn -0.532303 -0.375960 -0.758490
vn -0.588305 -0.381045 -0.713233
vn -0.425710 -0.896378 -0.123599
vn -0.588305 -0.381045 -0.713233
vn -0.575786 -0.268076 -0.772403
vn -0.605780 -0.789680 -0.097145
vn -0.605780 -0.789680 -0.097145
vn -0.575786 -0.268076 -0.772403
vn -0.457619 -0.159945 -0.874644
vn -0.744115 -0.656818 -0.121996
vn -0.744115 -0.656818 -0.121996
vn -0.457619 -0.159945 -0.874644
vn -0.368238 -0.103134 -0.923994
vn -0.784212 -0.609626 -0.115619
vn -0.784212 -0.609626 -0.115619
vn -0.368238 -0.103134 -0.923994
vn -0.229530 0.119299 -0.965963
vn -0.939667 -0.192197 -0.282995
vn -0.457619 -0.159945 -0.874644
vn 0.271114 0.466926 -0.841711
vn 0.514373 0.419612 -0.747895
vn -0.368238 -0.103134 -0.923994
vn -0.457619 -0.159945 -0.874644
vn -0.575786 -0.268076 -0.772403
vn 0.024265 0.529172 -0.848167
vn 0.271114 0.466926 -0.841711
vn -0.368238 -0.103134 -0.923994
vn 0.514373 0.419612 -0.747895
vn 0.757560 0.135962 -0.638450
vn -0.229530 0.119299 -0.965963
vn 0.514373 0.419612 -0.747895
vn 0.896934 0.439510 0.048379
vn 0.985685 -0.037712 0.164328
vn 0.757560 0.135962 -0.638450
vn 0.514373 0.419612 -0.747895
vn 0.271114 0.466926 -0.841711
vn 0.763756 0.638466 -0.095067
vn 0.896934 0.439510 0.048379
vn 0.564258 0.401553 0.721365
vn 0.947188 -0.167468 0.273476
vn 0.764600 -0.495888 0.411682
vn 0.759023 -0.407338 0.507898
vn 0.564258 0.401553 0.721365
vn -0.238943 0.969444 0.055533
vn 0.370766 0.928073 -0.034848
vn 0.947188 -0.167468 0.273476
vn 0.564258 0.401553 0.721365
vn 0.164582 0.330095 0.929489
vn -0.400763 0.767112 0.500927
vn -0.238943 0.969444 0.055533
vn 0.564258 0.401553 0.721365
vn 0.759023 -0.407338 0.507898
vn 0.641232 -0.307196 0.703173
vn 0.164582 0.330095 0.929489
vn 0.462888 -0.812545 0.354266
vn 0.450278 -0.686259 0.571226
vn 0.764600 -0.495888 0.411682
vn 0.947188 -0.167468 0.273476
vn -0.007960 0.348664 0.937214
vn 0.164582 0.330095 0.929489
vn 0.641232 -0.307196 0.703173
vn 0.584786 -0.158394 0.795573
vn -0.007960 0.348664 0.937214
vn -0.427449 0.576707 0.696202
vn -0.400763 0.767112 0.500927
vn 0.164582 0.330095 0.929489
vn -0.779820 0.025955 -0.625466
vn -0.927069 -0.101413 -0.360914
vn -0.884561 -0.182708 -0.429150
vn -0.804152 0.065683 -0.590784
vn -0.927069 -0.101413 -0.360914
vn -0.935067 -0.353320 0.028531
vn -0.842334 -0.534222 -0.071278
vn -0.884561 -0.182708 -0.429150
vn -0.106599 0.767224 0.632459
vn -0.041661 0.568006 0.821969
vn 0.535213 0.684485 0.495002
vn 0.394145 0.863279 0.315274
vn -0.041661 0.568006 0.821969
vn -0.653235 0.113820 0.748551
vn -0.626530 -0.030496 0.778800
vn 0.021557 0.354078 0.934968
vn -0.041661 0.568006 0.821969
vn 0.021557 0.354078 0.934968
vn 0.633543 0.496012 0.593798
vn 0.535213 0.684485 0.495002
vn 0.021557 0.354078 0.934968
vn -0.626530 -0.030496 0.778800
vn -0.610940 -0.165583 0.774167
vn 0.066233 0.165727 0.983945
vn 0.021557 0.354078 0.934968
vn 0.066233 0.165727 0.983945
vn 0.697016 0.343003 0.629696
vn 0.633543 0.496012 0.593798
vn 0.066233 0.165727 0.983945
vn -0.610940 -0.165583 0.774167
vn -0.615864 -0.232279 0.752834
vn 0.080195 0.051503 0.995448
vn 0.066233 0.165727 0.983945
vn 0.080195 0.051503 0.995448
vn 0.725649 0.245787 0.642669
vn 0.697016 0.343003 0.629696
vn 0.080195 0.051503 0.995448
vn -0.615864 -0.232279 0.752834
vn -0.618872 -0.240727 0.747695
vn 0.086995 -0.001454 0.996208
vn 0.080195 0.051503 0.995448
vn 0.086995 -0.001454 0.996208
vn 0.735872 0.183818 0.651693
vn 0.725649 0.245787 0.642669
vn 0.086995 -0.001454 0.996208
vn -0.618872 -0.240727 0.747695
vn -0.620593 -0.219894 0.752669
vn 0.096206 -0.016946 0.995217
vn 0.086995 -0.001454 0.996208
vn 0.096206 -0.016946 0.995217
vn 0.741204 0.143362 0.655793
vn 0.735872 0.183818 0.651693
vn 0.096206 -0.016946 0.995217
vn -0.620593 -0.219894 0.752669
vn -0.615455 -0.181447 0.767002
vn 0.109514 -0.006796 0.993962
vn 0.096206 -0.016946 0.995217
vn 0.109514 -0.006796 0.993962
vn 0.745901 0.124522 0.654313
vn 0.741204 0.143362 0.655793
vn 0.109514 -0.006796 0.993962
vn -0.615455 -0.181447 0.767002
vn -0.605281 -0.146502 0.782414
vn 0.130202 0.026589 0.991131
vn 0.109514 -0.006796 0.993962
vn 0.130202 0.026589 0.991131
vn 0.749127 0.134859 0.648554
vn 0.745901 0.124522 0.654313
vn 0.130202 0.026589 0.991131
vn -0.605281 -0.146502 0.782414
vn -0.597968 -0.126273 0.791511
vn 0.152593 0.102942 0.982913
vn 0.130202 0.026589 0.991131
vn 0.152593 0.102942 0.982913
vn 0.751755 0.204200 0.627030
vn 0.749127 0.134859 0.648554
vn 0.152593 0.102942 0.982913
vn -0.597968 -0.126273 0.791511
vn -0.599445 -0.115132 0.792092
vn 0.164817 0.228566 0.959475
vn 0.152593 0.102942 0.982913
vn 0.164817 0.228566 0.959475
vn 0.735319 0.341262 0.585531
vn 0.751755 0.204200 0.627030
vn 0.164817 0.228566 0.959475
vn -0.599445 -0.115132 0.792092
vn -0.607697 -0.095323 0.788427
vn 0.154226 0.365593 0.917909
vn 0.164817 0.228566 0.959475
vn 0.154226 0.365593 0.917909
vn 0.695388 0.490505 0.525205
vn 0.735319 0.341262 0.585531
vn 0.154226 0.365593 0.917909
vn -0.607697 -0.095323 0.788427
vn -0.617697 -0.078825 0.782456
vn 0.121868 0.456679 0.881245
vn 0.154226 0.365593 0.917909
vn 0.121868 0.456679 0.881245
vn 0.647072 0.597097 0.474102
vn 0.695388 0.490505 0.525205
vn 0.121868 0.456679 0.881245
vn -0.617697 -0.078825 0.782456
vn -0.616867 -0.088346 0.782093
vn 0.091950 0.480659 0.872073
vn 0.121868 0.456679 0.881245
vn 0.091950 0.480659 0.872073
vn 0.613138 0.651990 0.446061
vn 0.647072 0.597097 0.474102
vn 0.091950 0.480659 0.872073
vn -0.616867 -0.088346 0.782093
vn -0.597086 -0.124617 0.792439
vn 0.077188 0.457410 0.885900
vn 0.091950 0.480659 0.872073
vn 0.077188 0.457410 0.885900
vn 0.593036 0.671631 0.444095
vn 0.613138 0.651990 0.446061
vn 0.077188 0.457410 0.885900
vn -0.597086 -0.124617 0.792439
vn -0.552090 -0.185315 0.812930
vn 0.082155 0.406039 0.910156
vn 0.077188 0.457410 0.885900
vn 0.082155 0.406039 0.910156
vn 0.577662 0.675937 0.457620
vn 0.593036 0.671631 0.444095
vn 0.082155 0.406039 0.910156
vn -0.552090 -0.185315 0.812930
vn -0.477015 -0.261720 0.839023
vn 0.111232 0.342279 0.932991
vn 0.082155 0.406039 0.910156
vn 0.111232 0.342279 0.932991
vn 0.565536 0.677976 0.469592
vn 0.577662 0.675937 0.457620
vn 0.111232 0.342279 0.932991
vn -0.477015 -0.261720 0.839023
vn -0.391406 -0.334976 0.857084
vn 0.150276 0.289750 0.945231
vn 0.111232 0.342279 0.932991
vn 0.150276 0.289750 0.945231
vn 0.552423 0.681967 0.479323
vn 0.565536 0.677976 0.469592
vn 0.150276 0.289750 0.945231
vn -0.391406 -0.334976 0.857084
vn -0.306750 -0.390135 0.868159
vn 0.184185 0.257283 0.948621
vn 0.150276 0.289750 0.945231
vn 0.184185 0.257283 0.948621
vn 0.530373 0.690304 0.492123
vn 0.552423 0.681967 0.479323
vn 0.184185 0.257283 0.948621
vn -0.306750 -0.390135 0.868159
vn -0.229902 -0.447039 0.864466
vn 0.207647 0.243682 0.947366
vn 0.184185 0.257283 0.948621
vn 0.207647 0.243682 0.947366
vn 0.497247 0.705841 0.504513
vn 0.530373 0.690304 0.492123
vn 0.207647 0.243682 0.947366
vn -0.229902 -0.447039 0.864466
vn -0.169448 -0.516510 0.839348
vn 0.215356 0.242828 0.945863
vn 0.207647 0.243682 0.947366
vn 0.215356 0.242828 0.945863
vn 0.457209 0.732759 0.504008
vn 0.497247 0.705841 0.504513
vn 0.215356 0.242828 0.945863
vn -0.169448 -0.516510 0.839348
vn -0.127049 -0.604168 0.786664
vn 0.212176 0.230942 0.949551
vn 0.215356 0.242828 0.945863
vn 0.212176 0.230942 0.949551
vn 0.419927 0.766423 0.486064
vn 0.457209 0.732759 0.504008
vn 0.212176 0.230942 0.949551
vn -0.127049 -0.604168 0.786664
vn -0.076468 -0.691813 0.718016
vn 0.241012 0.194671 0.950798
vn 0.212176 0.230942 0.949551
vn 0.241012 0.194671 0.950798
vn 0.414742 0.783885 0.462075
vn 0.419927 0.766423 0.486064
vn 0.241012 0.194671 0.950798
vn -0.076468 -0.691813 0.718016
vn 0.051175 -0.779231 0.624644
vn 0.466450 -0.188329 0.864266
vn 0.241012 0.194671 0.950798
vn 0.466450 -0.188329 0.864266
vn 0.543844 0.705541 0.454364
vn 0.414742 0.783885 0.462075
vn -0.184081 -0.944191 0.273163
vn -0.265524 -0.907298 0.326049
vn -0.298798 -0.938531 -0.172855
vn -0.213968 -0.965651 -0.147430
vn -0.184081 -0.944191 0.273163
vn -0.076468 -0.691813 0.718016
vn -0.127049 -0.604168 0.786664
vn -0.265524 -0.907298 0.326049
vn -0.184081 -0.944191 0.273163
vn -0.024720 -0.973262 0.228362
vn 0.051175 -0.779231 0.624644
vn -0.076468 -0.691813 0.718016
vn -0.184081 -0.944191 0.273163
vn -0.213968 -0.965651 -0.147430
vn -0.096400 -0.991938 -0.082258
vn -0.024720 -0.973262 0.228362
vn -0.298798 -0.938531 -0.172855
vn -0.387882 -0.900547 -0.196374
vn -0.218657 -0.604929 -0.765670
vn -0.175225 -0.628990 -0.757408
vn -0.298798 -0.938531 -0.172855
vn -0.265524 -0.907298 0.326049
vn -0.360231 -0.860181 0.361003
vn -0.387882 -0.900547 -0.196374
vn -0.298798 -0.938531 -0.172855
vn -0.175225 -0.628990 -0.757408
vn -0.127758 -0.665672 -0.735227
vn -0.213968 -0.965651 -0.147430
vn -0.213968 -0.965651 -0.147430
vn -0.127758 -0.665672 -0.735227
vn -0.064049 -0.747109 -0.661609
vn -0.096400 -0.991938 -0.082258
vn -0.391888 -0.883686 0.255976
vn -0.789034 -0.319293 0.524858
vn -0.710746 -0.331838 0.620260
vn -0.268877 -0.882112 0.386761
vn -0.391888 -0.883686 0.255976
vn -0.268877 -0.882112 0.386761
vn 0.182903 -0.978525 0.095049
vn 0.177133 -0.978221 -0.108205
vn 0.177133 -0.978221 -0.108205
vn 0.182903 -0.978525 0.095049
vn 0.726994 -0.679980 -0.095430
vn 0.685321 -0.562553 -0.462460
vn 0.685321 -0.562553 -0.462460
vn 0.726994 -0.679980 -0.095430
vn 0.908746 0.279289 -0.310126
vn 0.825169 0.290063 -0.484727
vn -0.618872 -0.240727 0.747695
vn -0.895947 -0.364741 0.253462
vn -0.913202 -0.307349 0.267581
vn -0.620593 -0.219894 0.752669
vn -0.620593 -0.219894 0.752669
vn -0.913202 -0.307349 0.267581
vn -0.921717 -0.254319 0.292849
vn -0.615455 -0.181447 0.767002
vn -0.615455 -0.181447 0.767002
vn -0.921717 -0.254319 0.292849
vn -0.919218 -0.237404 0.314131
vn -0.605281 -0.146502 0.782414
vn -0.605281 -0.146502 0.782414
vn -0.919218 -0.237404 0.314131
vn -0.904647 -0.279068 0.322080
vn -0.597968 -0.126273 0.791511
vn -0.597968 -0.126273 0.791511
vn -0.904647 -0.279068 0.322080
vn -0.877181 -0.356450 0.321710
vn -0.599445 -0.115132 0.792092
vn -0.599445 -0.115132 0.792092
vn -0.877181 -0.356450 0.321710
vn -0.850090 -0.420587 0.316945
vn -0.607697 -0.095323 0.788427
vn -0.607697 -0.095323 0.788427
vn -0.850090 -0.420587 0.316945
vn -0.833113 -0.459686 0.307589
vn -0.617697 -0.078825 0.782456
vn -0.617697 -0.078825 0.782456
vn -0.833113 -0.459686 0.307589
vn -0.818079 -0.493109 0.295957
vn -0.616867 -0.088346 0.782093
vn -0.616867 -0.088346 0.782093
vn -0.818079 -0.493109 0.295957
vn -0.795398 -0.532960 0.288609
vn -0.597086 -0.124617 0.792439
vn -0.597086 -0.124617 0.792439
vn -0.795398 -0.532960 0.288609
vn -0.759200 -0.580798 0.293751
vn -0.552090 -0.185315 0.812930
vn -0.552090 -0.185315 0.812930
vn -0.759200 -0.580798 0.293751
vn -0.704651 -0.635602 0.315399
vn -0.477015 -0.261720 0.839023
vn -0.477015 -0.261720 0.839023
vn -0.704651 -0.635602 0.315399
vn -0.633953 -0.694574 0.340104
vn -0.391406 -0.334976 0.857084
vn -0.391406 -0.334976 0.857084
vn -0.633953 -0.694574 0.340104
vn -0.553230 -0.749451 0.363675
vn -0.306750 -0.390135 0.868159
vn -0.306750 -0.390135 0.868159
vn -0.553230 -0.749451 0.363675
vn -0.460317 -0.805866 0.372409
vn -0.229902 -0.447039 0.864466
vn -0.229902 -0.447039 0.864466
vn -0.460317 -0.805866 0.372409
vn -0.360231 -0.860181 0.361003
vn -0.169448 -0.516510 0.839348
vn -0.169448 -0.516510 0.839348
vn -0.360231 -0.860181 0.361003
vn -0.265524 -0.907298 0.326049
vn -0.127049 -0.604168 0.786664
vn -0.919218 -0.237404 0.314131
vn -0.939186 -0.249064 -0.236424
vn -0.918817 -0.332261 -0.213019
vn -0.904647 -0.279068 0.322080
vn -0.904647 -0.279068 0.322080
vn -0.918817 -0.332261 -0.213019
vn -0.857460 -0.478315 -0.189679
vn -0.877181 -0.356450 0.321710
vn -0.877181 -0.356450 0.321710
vn -0.857460 -0.478315 -0.189679
vn -0.781569 -0.599278 -0.173249
vn -0.850090 -0.420587 0.316945
vn -0.850090 -0.420587 0.316945
vn -0.781569 -0.599278 -0.173249
vn -0.728211 -0.665481 -0.163840
vn -0.833113 -0.459686 0.307589
vn -0.833113 -0.459686 0.307589
vn -0.728211 -0.665481 -0.163840
vn -0.691464 -0.702861 -0.166927
vn -0.818079 -0.493109 0.295957
vn -0.818079 -0.493109 0.295957
vn -0.691464 -0.702861 -0.166927
vn -0.661057 -0.728698 -0.178893
vn -0.795398 -0.532960 0.288609
vn -0.795398 -0.532960 0.288609
vn -0.661057 -0.728698 -0.178893
vn -0.634765 -0.748904 -0.190306
vn -0.759200 -0.580798 0.293751
vn -0.759200 -0.580798 0.293751
vn -0.634765 -0.748904 -0.190306
vn -0.609935 -0.766701 -0.200370
vn -0.704651 -0.635602 0.315399
vn -0.704651 -0.635602 0.315399
vn -0.609935 -0.766701 -0.200370
vn -0.575579 -0.789798 -0.211962
vn -0.633953 -0.694574 0.340104
vn -0.633953 -0.694574 0.340104
vn -0.575579 -0.789798 -0.211962
vn -0.530267 -0.819338 -0.217950
vn -0.553230 -0.749451 0.363675
vn -0.553230 -0.749451 0.363675
vn -0.530267 -0.819338 -0.217950
vn -0.469671 -0.857145 -0.211450
vn -0.460317 -0.805866 0.372409
vn -0.460317 -0.805866 0.372409
vn -0.469671 -0.857145 -0.211450
vn -0.387882 -0.900547 -0.196374
vn -0.360231 -0.860181 0.361003
vn -0.728211 -0.665481 -0.163840
vn -0.327115 -0.698756 -0.636189
vn -0.301553 -0.746992 -0.592510
vn -0.691464 -0.702861 -0.166927
vn -0.691464 -0.702861 -0.166927
vn -0.301553 -0.746992 -0.592510
vn -0.277524 -0.760655 -0.586842
vn -0.661057 -0.728698 -0.178893
vn -0.661057 -0.728698 -0.178893
vn -0.277524 -0.760655 -0.586842
vn -0.261941 -0.748260 -0.609503
vn -0.634765 -0.748904 -0.190306
vn -0.634765 -0.748904 -0.190306
vn -0.261941 -0.748260 -0.609503
vn -0.259363 -0.710307 -0.654366
vn -0.609935 -0.766701 -0.200370
vn -0.609935 -0.766701 -0.200370
vn -0.259363 -0.710307 -0.654366
vn -0.260698 -0.658329 -0.706144
vn -0.575579 -0.789798 -0.211962
vn -0.575579 -0.789798 -0.211962
vn -0.260698 -0.658329 -0.706144
vn -0.260848 -0.613512 -0.745360
vn -0.530267 -0.819338 -0.217950
vn -0.530267 -0.819338 -0.217950
vn -0.260848 -0.613512 -0.745360
vn -0.250119 -0.595039 -0.763786
vn -0.469671 -0.857145 -0.211450
vn -0.469671 -0.857145 -0.211450
vn -0.250119 -0.595039 -0.763786
vn -0.218657 -0.604929 -0.765670
vn -0.387882 -0.900547 -0.196374
vn -0.261941 -0.748260 -0.609503
vn 0.396963 -0.402284 -0.824977
vn 0.361638 -0.300357 -0.882612
vn -0.259363 -0.710307 -0.654366
vn -0.259363 -0.710307 -0.654366
vn 0.361638 -0.300357 -0.882612
vn 0.311432 -0.156610 -0.937275
vn -0.260698 -0.658329 -0.706144
vn -0.260698 -0.658329 -0.706144
vn 0.311432 -0.156610 -0.937275
vn 0.259906 -0.019309 -0.965441
vn -0.260848 -0.613512 -0.745360
vn -0.260848 -0.613512 -0.745360
vn 0.259906 -0.019309 -0.965441
vn 0.222708 0.088442 -0.970865
vn -0.250119 -0.595039 -0.763786
vn 0.396963 -0.402284 -0.824977
vn 0.835256 0.215379 -0.505925
vn 0.769213 0.292776 -0.567973
vn 0.361638 -0.300357 -0.882612
vn 0.361638 -0.300357 -0.882612
vn 0.769213 0.292776 -0.567973
vn 0.683737 0.398724 -0.611165
vn 0.311432 -0.156610 -0.937275
vn 0.311432 -0.156610 -0.937275
vn 0.683737 0.398724 -0.611165
vn 0.601634 0.506342 -0.617782
vn 0.259906 -0.019309 -0.965441
vn 0.366826 -0.158999 -0.916601
vn 0.969491 0.044418 -0.241069
vn 0.726351 0.672722 -0.140923
vn 0.547102 -0.220155 -0.807596
vn 0.366826 -0.158999 -0.916601
vn -0.138785 -0.001263 -0.990322
vn 0.517115 -0.167429 -0.839381
vn 0.969491 0.044418 -0.241069
vn -0.138785 -0.001263 -0.990322
vn -0.740610 0.277175 -0.612104
vn -0.695823 -0.105586 -0.710410
vn 0.517115 -0.167429 -0.839381
vn -0.740610 0.277175 -0.612104
vn -0.882199 0.464638 -0.076394
vn -0.986247 0.084401 0.142103
vn -0.695823 -0.105586 -0.710410
vn -0.882199 0.464638 -0.076394
vn -0.754715 0.554900 0.349989
vn -0.659395 0.237178 0.713404
vn -0.986247 0.084401 0.142103
vn -0.754715 0.554900 0.349989
vn -0.427449 0.576707 0.696202
vn 0.432749 0.362554 0.825399
vn -0.659395 0.237178 0.713404
vn -0.189353 0.839612 -0.509115
vn 0.530843 0.766408 -0.361697
vn 0.599331 0.731173 -0.325865
vn -0.075116 0.853548 -0.515571
vn -0.075116 0.853548 -0.515571
vn 0.599331 0.731173 -0.325865
vn 0.694099 0.608515 -0.384625
vn 0.051375 0.813164 -0.579763
vn 0.475201 0.610291 -0.633821
vn 0.947585 0.137035 -0.288625
vn 0.967663 0.252051 -0.009960
vn 0.530843 0.766408 -0.361697
vn 0.530843 0.766408 -0.361697
vn 0.967663 0.252051 -0.009960
vn 0.975524 0.211375 0.060614
vn 0.599331 0.731173 -0.325865
vn 0.599331 0.731173 -0.325865
vn 0.975524 0.211375 0.060614
vn 0.996892 0.028831 0.073311
vn 0.694099 0.608515 -0.384625
vn 0.694099 0.608515 -0.384625
vn 0.996892 0.028831 0.073311
vn 0.999820 -0.018984 0.000673
vn 0.711310 0.483121 -0.510521
vn 0.694099 0.608515 -0.384625
vn 0.711310 0.483121 -0.510521
vn 0.129221 0.693160 -0.709105
vn 0.051375 0.813164 -0.579763
vn 0.711310 0.483121 -0.510521
vn 0.751251 -0.057862 -0.657475
vn 0.143743 0.382256 -0.912808
vn 0.129221 0.693160 -0.709105
vn 0.711310 0.483121 -0.510521
vn 0.999820 -0.018984 0.000673
vn 0.914944 -0.403573 0.002590
vn 0.751251 -0.057862 -0.657475
vn 0.839368 -0.167795 -0.517016
vn 0.817184 -0.575456 0.032568
vn 0.888726 -0.443601 0.115691
vn 0.912441 -0.012304 -0.409023
vn 0.912441 -0.012304 -0.409023
vn 0.888726 -0.443601 0.115691
vn 0.893255 -0.397682 0.209628
vn 0.947585 0.137035 -0.288625
vn 0.947585 0.137035 -0.288625
vn 0.893255 -0.397682 0.209628
vn 0.826703 -0.422799 0.371217
vn 0.967663 0.252051 -0.009960
vn 0.967663 0.252051 -0.009960
vn 0.826703 -0.422799 0.371217
vn 0.793777 -0.442088 0.417703
vn 0.975524 0.211375 0.060614
vn 0.975524 0.211375 0.060614
vn 0.793777 -0.442088 0.417703
vn 0.680363 -0.565187 0.466552
vn 0.996892 0.028831 0.073311
vn 0.996892 0.028831 0.073311
vn 0.680363 -0.565187 0.466552
vn 0.664789 -0.550077 0.505441
vn 0.999820 -0.018984 0.000673
vn 0.999820 -0.018984 0.000673
vn 0.664789 -0.550077 0.505441
vn 0.596474 -0.499289 0.628434
vn 0.914944 -0.403573 0.002590
vn 0.914944 -0.403573 0.002590
vn 0.772592 -0.631526 -0.065390
vn 0.613986 -0.304919 -0.728042
vn 0.751251 -0.057862 -0.657475
vn 0.914944 -0.403573 0.002590
vn 0.596474 -0.499289 0.628434
vn 0.475677 -0.623316 0.620652
vn 0.772592 -0.631526 -0.065390
vn 0.758521 -0.651647 -0.001463
vn 0.398146 -0.721611 0.566355
vn 0.378404 -0.698204 0.607719
vn 0.817184 -0.575456 0.032568
vn 0.817184 -0.575456 0.032568
vn 0.378404 -0.698204 0.607719
vn 0.387879 -0.664811 0.638418
vn 0.888726 -0.443601 0.115691
vn 0.888726 -0.443601 0.115691
vn 0.387879 -0.664811 0.638418
vn 0.325667 -0.702428 0.632879
vn 0.893255 -0.397682 0.209628
vn 0.893255 -0.397682 0.209628
vn 0.325667 -0.702428 0.632879
vn 0.191697 -0.809991 0.554227
vn 0.826703 -0.422799 0.371217
vn 0.826703 -0.422799 0.371217
vn 0.191697 -0.809991 0.554227
vn 0.136823 -0.833703 0.534994
vn 0.793777 -0.442088 0.417703
vn 0.793777 -0.442088 0.417703
vn 0.136823 -0.833703 0.534994
vn 0.009750 -0.818024 0.575102
vn 0.680363 -0.565187 0.466552
vn 0.680363 -0.565187 0.466552
vn 0.009750 -0.818024 0.575102
vn -0.058711 -0.749260 0.659668
vn 0.664789 -0.550077 0.505441
vn 0.664789 -0.550077 0.505441
vn -0.058711 -0.749260 0.659668
vn -0.028731 -0.320654 0.946761
vn 0.596474 -0.499289 0.628434
vn 0.596474 -0.499289 0.628434
vn -0.028731 -0.320654 0.946761
vn -0.127475 -0.230897 0.964592
vn 0.475677 -0.623316 0.620652
vn 0.475677 -0.623316 0.620652
vn -0.127475 -0.230897 0.964592
vn -0.164538 -0.174309 0.970847
vn 0.332496 -0.758062 0.561060
vn 0.475677 -0.623316 0.620652
vn 0.332496 -0.758062 0.561060
vn 0.492346 -0.865833 -0.089039
vn 0.772592 -0.631526 -0.065390
vn 0.332496 -0.758062 0.561060
vn 0.403486 -0.687761 0.603477
vn 0.681029 -0.720216 -0.132243
vn 0.492346 -0.865833 -0.089039
vn 0.332496 -0.758062 0.561060
vn -0.164538 -0.174309 0.970847
vn -0.193968 -0.151751 0.969200
vn 0.403486 -0.687761 0.603477
vn 0.403486 -0.687761 0.603477
vn 0.395892 -0.731183 0.555555
vn 0.657787 -0.734027 -0.168883
vn 0.681029 -0.720216 -0.132243
vn 0.403486 -0.687761 0.603477
vn -0.193968 -0.151751 0.969200
vn -0.144820 -0.218805 0.964962
vn 0.395892 -0.731183 0.555555
vn 0.395892 -0.731183 0.555555
vn 0.425075 -0.719538 0.549159
vn 0.655370 -0.724003 -0.215195
vn 0.657787 -0.734027 -0.168883
vn 0.395892 -0.731183 0.555555
vn -0.144820 -0.218805 0.964962
vn -0.074339 -0.196391 0.977704
vn 0.425075 -0.719538 0.549159
vn -0.668735 0.546226 0.504412
vn -0.872221 0.424443 0.243061
vn -0.362286 0.925560 0.109944
vn -0.450658 0.858296 0.245430
vn -0.872221 0.424443 0.243061
vn -0.668735 0.546226 0.504412
vn -0.614250 -0.032904 0.788425
vn -0.794069 -0.274082 0.542524
vn -0.668735 0.546226 0.504412
vn -0.314848 0.742087 0.591759
vn -0.144162 0.305066 0.941357
vn -0.614250 -0.032904 0.788425
vn -0.668735 0.546226 0.504412
vn -0.450658 0.858296 0.245430
vn -0.447196 0.851506 0.273774
vn -0.314848 0.742087 0.591759
vn -0.420654 -0.033841 0.906590
vn -0.324460 0.054365 0.944336
vn -0.777615 0.507953 0.370537
vn -0.959679 0.160765 0.230590
vn -0.420654 -0.033841 0.906590
vn 0.779434 -0.227329 0.583785
vn 0.697753 -0.630940 0.339199
vn -0.324460 0.054365 0.944336
vn 0.779434 -0.227329 0.583785
vn 0.962190 -0.117949 -0.245518
vn 0.782474 -0.499319 -0.372042
vn 0.697753 -0.630940 0.339199
vn 0.697753 -0.630940 0.339199
vn 0.782474 -0.499319 -0.372042
vn 0.811036 -0.442589 -0.382537
vn 0.765692 -0.585880 0.265445
vn 0.697753 -0.630940 0.339199
vn 0.765692 -0.585880 0.265445
vn -0.090565 -0.216630 0.972044
vn -0.324460 0.054365 0.944336
vn 0.765692 -0.585880 0.265445
vn 0.859873 -0.410726 0.303186
vn -0.102599 -0.212166 0.971833
vn -0.090565 -0.216630 0.972044
vn 0.765692 -0.585880 0.265445
vn 0.811036 -0.442589 -0.382537
vn 0.883567 -0.192221 -0.427038
vn 0.859873 -0.410726 0.303186
vn 0.962190 -0.117949 -0.245518
vn 0.324120 0.161579 -0.932115
vn 0.226807 0.136392 -0.964342
vn 0.782474 -0.499319 -0.372042
vn 0.782474 -0.499319 -0.372042
vn 0.226807 0.136392 -0.964342
vn 0.322370 0.013509 -0.946517
vn 0.811036 -0.442589 -0.382537
vn 0.811036 -0.442589 -0.382537
vn 0.322370 0.013509 -0.946517
vn 0.182985 0.250380 -0.950698
vn 0.883567 -0.192221 -0.427038
vn 0.324120 0.161579 -0.932115
vn -0.773714 0.281202 -0.567707
vn -0.697669 0.629602 -0.341847
vn 0.226807 0.136392 -0.964342
vn -0.099247 -0.753632 0.649760
vn -0.228343 -0.895909 0.381059
vn -0.979028 -0.201581 0.029483
vn -0.905933 0.215034 0.364754
vn -0.099247 -0.753632 0.649760
vn 0.415632 -0.793259 0.444960
vn 0.538814 -0.722248 0.433632
vn -0.228343 -0.895909 0.381059
vn -0.099247 -0.753632 0.649760
vn -0.905933 0.215034 0.364754
vn -0.754090 0.417347 0.507120
vn -0.167156 -0.437189 0.883699
vn -0.099247 -0.753632 0.649760
vn -0.167156 -0.437189 0.883699
vn 0.421101 -0.752047 0.507049
vn 0.415632 -0.793259 0.444960
vn -0.167156 -0.437189 0.883699
vn -0.754090 0.417347 0.507120
vn -0.798585 0.361906 0.480923
vn -0.304230 -0.334181 0.892058
vn -0.167156 -0.437189 0.883699
vn -0.304230 -0.334181 0.892058
vn 0.398146 -0.721611 0.566355
vn 0.421101 -0.752047 0.507049
vn -0.304230 -0.334181 0.892058
vn -0.418197 -0.323070 0.848962
vn 0.378404 -0.698204 0.607719
vn 0.398146 -0.721611 0.566355
vn -0.304230 -0.334181 0.892058
vn -0.798585 0.361906 0.480923
vn -0.858937 0.293481 0.419637
vn -0.418197 -0.323070 0.848962
vn -0.418197 -0.323070 0.848962
vn -0.432755 -0.435599 0.789289
vn 0.387879 -0.664811 0.638418
vn 0.378404 -0.698204 0.607719
vn -0.418197 -0.323070 0.848962
vn -0.858937 0.293481 0.419637
vn -0.915634 0.087568 0.392360
vn -0.432755 -0.435599 0.789289
vn -0.432755 -0.435599 0.789289
vn -0.492241 -0.542692 0.680577
vn 0.325667 -0.702428 0.632879
vn 0.387879 -0.664811 0.638418
vn -0.432755 -0.435599 0.789289
vn -0.915634 0.087568 0.392360
vn -0.961397 -0.056967 0.269205
vn -0.492241 -0.542692 0.680577
vn -0.961397 -0.056967 0.269205
vn -0.970203 -0.237168 0.049578
vn -0.529458 -0.726623 0.437828
vn -0.492241 -0.542692 0.680577
vn -0.970203 -0.237168 0.049578
vn -0.983498 -0.178778 -0.027755
vn -0.579188 -0.732393 0.357968
vn -0.529458 -0.726623 0.437828
vn -0.983498 -0.178778 -0.027755
vn -0.997350 -0.072101 0.009724
vn -0.648127 -0.643147 0.407791
vn -0.579188 -0.732393 0.357968
vn -0.997350 -0.072101 0.009724
vn -0.995035 0.096034 -0.026133
vn -0.727526 -0.504495 0.464962
vn -0.648127 -0.643147 0.407791
vn -0.997350 -0.072101 0.009724
vn -0.660394 0.601693 -0.449271
vn -0.528304 0.632106 -0.566866
vn -0.995035 0.096034 -0.026133
vn 0.507267 -0.246397 0.825814
vn -0.722066 -0.091996 0.685680
vn -0.746801 -0.244984 0.618281
vn 0.423909 -0.379160 0.822520
vn 0.507267 -0.246397 0.825814
vn 0.370467 0.510643 0.775885
vn -0.588173 0.408427 0.698026
vn -0.722066 -0.091996 0.685680
vn 0.507267 -0.246397 0.825814
vn 0.978111 0.207019 -0.021039
vn 0.288137 0.819589 -0.495229
vn 0.370467 0.510643 0.775885
vn 0.507267 -0.246397 0.825814
vn 0.423909 -0.379160 0.822520
vn 0.989851 0.106486 -0.094103
vn 0.978111 0.207019 -0.021039
vn 0.518686 -0.656026 -0.548266
vn 0.978252 -0.150835 -0.142377
vn 0.974920 -0.173379 -0.139536
vn 0.503796 -0.634914 -0.585724
vn 0.978252 -0.150835 -0.142377
vn 0.518686 -0.656026 -0.548266
vn 0.525373 -0.764099 -0.374348
vn 0.985309 -0.148423 -0.084478
vn 0.518686 -0.656026 -0.548266
vn 0.503796 -0.634914 -0.585724
vn -0.180508 -0.719133 -0.671018
vn -0.176890 -0.761671 -0.623351
vn -0.164686 -0.747076 -0.644016
vn -0.180508 -0.719133 -0.671018
vn 0.503796 -0.634914 -0.585724
vn 0.480531 -0.667898 -0.568333
vn -0.149241 -0.856752 -0.493664
vn -0.164686 -0.747076 -0.644016
vn 0.480531 -0.667898 -0.568333
vn 0.467240 -0.763604 -0.445640
vn -0.149241 -0.856752 -0.493664
vn -0.145491 -0.970925 -0.190096
vn -0.738929 -0.672621 -0.039560
vn -0.764166 -0.570679 -0.300627
vn -0.149241 -0.856752 -0.493664
vn -0.764166 -0.570679 -0.300627
vn -0.788816 -0.470287 -0.395727
vn -0.164686 -0.747076 -0.644016
vn -0.164686 -0.747076 -0.644016
vn -0.788816 -0.470287 -0.395727
vn -0.799816 -0.441661 -0.406484
vn -0.180508 -0.719133 -0.671018
vn -0.180508 -0.719133 -0.671018
vn -0.799816 -0.441661 -0.406484
vn -0.809259 -0.454132 -0.372643
vn -0.176890 -0.761671 -0.623351
vn -0.738929 -0.672621 -0.039560
vn -0.737316 -0.671509 0.073763
vn -0.951675 0.219544 0.214745
vn -0.950328 0.238779 0.199653
vn -0.738929 -0.672621 -0.039560
vn -0.145491 -0.970925 -0.190096
vn -0.145452 -0.987714 -0.057133
vn -0.737316 -0.671509 0.073763
vn -0.764166 -0.570679 -0.300627
vn -0.738929 -0.672621 -0.039560
vn -0.950328 0.238779 0.199653
vn -0.918532 0.304482 0.252170
vn -0.788816 -0.470287 -0.395727
vn -0.764166 -0.570679 -0.300627
vn -0.918532 0.304482 0.252170
vn -0.919266 0.241483 0.310864
vn -0.799816 -0.441661 -0.406484
vn -0.788816 -0.470287 -0.395727
vn -0.919266 0.241483 0.310864
vn -0.939383 0.195562 0.281628
vn -0.918532 0.304482 0.252170
vn -0.447498 0.738739 0.503995
vn -0.434485 0.579418 0.689563
vn -0.919266 0.241483 0.310864
vn 0.179926 0.656926 0.732172
vn -0.434485 0.579418 0.689563
vn -0.447498 0.738739 0.503995
vn 0.170499 0.822349 0.542838
vn 0.919999 0.145298 0.363993
vn 0.995237 0.092679 0.030229
vn 0.305502 -0.458749 0.834397
vn 0.379052 -0.435907 0.816275
vn 0.919999 0.145298 0.363993
vn 0.539757 0.840603 0.045267
vn 0.320086 0.553028 -0.769224
vn 0.995237 0.092679 0.030229
vn 0.919999 0.145298 0.363993
vn 0.930399 -0.062646 0.361155
vn 0.695719 0.498718 0.516968
vn 0.539757 0.840603 0.045267
vn 0.919999 0.145298 0.363993
vn 0.379052 -0.435907 0.816275
vn 0.360891 -0.468299 0.806507
vn 0.930399 -0.062646 0.361155
vn 0.043350 -0.199180 0.979004
vn 0.846326 -0.377447 0.375854
vn 0.893232 -0.279316 0.352307
vn 0.073427 -0.109862 0.991231
vn -0.986028 0.004763 -0.166510
vn -0.970764 -0.058310 -0.232845
vn -0.858089 -0.266827 0.438733
vn -0.843401 -0.214964 0.492408
vn -0.843401 -0.214964 0.492408
vn -0.858089 -0.266827 0.438733
vn -0.406216 -0.332783 0.851025
vn -0.416814 -0.273260 0.866946
vn -0.416814 -0.273260 0.866946
vn -0.406216 -0.332783 0.851025
vn 0.138250 -0.276132 0.951125
vn 0.132794 -0.230779 0.963902
vn -0.842532 -0.447052 0.300474
vn -0.866637 -0.493529 -0.073283
vn -0.944988 0.318970 0.072494
vn -0.931018 0.355127 0.084204
vn -0.842532 -0.447052 0.300474
vn -0.268379 -0.845213 0.462156
vn -0.217369 -0.959989 -0.176556
vn -0.866637 -0.493529 -0.073283
vn -0.842532 -0.447052 0.300474
vn -0.794069 -0.274082 0.542524
vn -0.216160 -0.780197 0.586999
vn -0.268379 -0.845213 0.462156
vn -0.872221 0.424443 0.243061
vn -0.794069 -0.274082 0.542524
vn -0.842532 -0.447052 0.300474
vn -0.931018 0.355127 0.084204
vn -0.794069 -0.274082 0.542524
vn -0.614250 -0.032904 0.788425
vn -0.333353 -0.673018 0.660244
vn -0.216160 -0.780197 0.586999
vn -0.957519 0.267072 0.108769
vn -0.944988 0.318970 0.072494
vn -0.866637 -0.493529 -0.073283
vn -0.827343 -0.504545 -0.246856
vn -0.455457 0.812041 0.364896
vn -0.957519 0.267072 0.108769
vn -0.960586 0.198385 0.194724
vn -0.477999 0.653847 0.586516
vn -0.960586 0.198385 0.194724
vn -0.957519 0.267072 0.108769
vn -0.827343 -0.504545 -0.246856
vn -0.809259 -0.454132 -0.372643
vn -0.957519 0.267072 0.108769
vn -0.455457 0.812041 0.364896
vn -0.424471 0.885476 0.189097
vn -0.944988 0.318970 0.072494
vn -0.944988 0.318970 0.072494
vn -0.424471 0.885476 0.189097
vn -0.360866 0.932012 -0.033598
vn -0.931018 0.355127 0.084204
vn -0.455457 0.812041 0.364896
vn -0.477999 0.653847 0.586516
vn 0.196731 0.745064 0.637320
vn 0.191614 0.806265 0.559661
vn 0.195198 0.892607 0.406387
vn -0.226342 -0.895434 0.383364
vn -0.357847 -0.767279 0.532193
vn -0.074495 -0.616698 0.783667
vn 0.132194 -0.734185 0.665956
vn -0.226342 -0.895434 0.383364
vn 0.132194 -0.734185 0.665956
vn 0.295831 -0.780785 0.550327
vn -0.200013 -0.945422 0.257239
vn -0.014080 0.649182 0.760503
vn -0.044240 0.576580 0.815842
vn 0.406426 0.244746 0.880294
vn 0.411777 0.303565 0.859237
vn -0.014080 0.649182 0.760503
vn -0.393173 0.780364 0.486259
vn -0.451569 0.704693 0.547259
vn -0.044240 0.576580 0.815842
vn -0.014080 0.649182 0.760503
vn 0.000435 0.703547 0.710648
vn -0.346141 0.836677 0.424450
vn -0.393173 0.780364 0.486259
vn 0.000435 0.703547 0.710648
vn -0.014080 0.649182 0.760503
vn 0.411777 0.303565 0.859237
vn 0.400535 0.339309 0.851141
vn 0.000435 0.703547 0.710648
vn -0.003016 0.742761 0.669550
vn -0.309277 0.875399 0.371516
vn -0.346141 0.836677 0.424450
vn -0.003016 0.742761 0.669550
vn 0.000435 0.703547 0.710648
vn 0.400535 0.339309 0.851141
vn 0.361707 0.359491 0.860194
vn -0.051367 0.770268 0.635648
vn -0.003016 0.742761 0.669550
vn 0.361707 0.359491 0.860194
vn 0.246100 0.367137 0.897021
vn -0.003016 0.742761 0.669550
vn -0.051367 0.770268 0.635648
vn -0.304667 0.892715 0.332020
vn -0.309277 0.875399 0.371516
vn -0.314848 0.742087 0.591759
vn -0.051367 0.770268 0.635648
vn 0.246100 0.367137 0.897021
vn -0.144162 0.305066 0.941357
vn -0.051367 0.770268 0.635648
vn -0.314848 0.742087 0.591759
vn -0.447196 0.851506 0.273774
vn -0.304667 0.892715 0.332020
vn -0.116296 0.408446 0.905343
vn -0.147222 0.339412 0.929045
vn 0.385389 0.048540 0.921477
vn 0.390330 0.105710 0.914586
vn 0.382985 0.017637 0.923586
vn 0.385389 0.048540 0.921477
vn -0.147222 0.339412 0.929045
vn -0.168897 0.295726 0.940224
vn -0.116296 0.408446 0.905343
vn 0.390330 0.105710 0.914586
vn 0.397812 0.175990 0.900429
vn -0.079272 0.492441 0.866728
vn -0.079272 0.492441 0.866728
vn 0.397812 0.175990 0.900429
vn 0.406426 0.244746 0.880294
vn -0.044240 0.576580 0.815842
vn 0.352757 0.092084 0.931173
vn 0.343428 0.106822 0.933084
vn 0.762726 -0.230000 0.604441
vn 0.767384 -0.234009 0.596960
vn 0.343428 0.106822 0.933084
vn 0.352757 0.092084 0.931173
vn -0.213799 0.360322 0.907997
vn -0.216692 0.386192 0.896605
vn 0.352757 0.092084 0.931173
vn 0.359053 0.058478 0.931484
vn -0.212938 0.318903 0.923557
vn -0.213799 0.360322 0.907997
vn 0.352757 0.092084 0.931173
vn 0.767384 -0.234009 0.596960
vn 0.764492 -0.251792 0.593425
vn 0.359053 0.058478 0.931484
vn 0.359053 0.058478 0.931484
vn 0.367549 0.027366 0.929601
vn -0.206087 0.281230 0.937250
vn -0.212938 0.318903 0.923557
vn 0.359053 0.058478 0.931484
vn 0.764492 -0.251792 0.593425
vn 0.759276 -0.269040 0.592552
vn 0.367549 0.027366 0.929601
vn 0.367549 0.027366 0.929601
vn 0.759276 -0.269040 0.592552
vn 0.751292 -0.282044 0.596667
vn 0.376943 0.013806 0.926133
vn 0.367549 0.027366 0.929601
vn 0.376943 0.013806 0.926133
vn -0.188475 0.275974 0.942505
vn -0.206087 0.281230 0.937250
vn 0.376943 0.013806 0.926133
vn 0.751292 -0.282044 0.596667
vn 0.739805 -0.289836 0.607193
vn 0.382985 0.017637 0.923586
vn 0.376943 0.013806 0.926133
vn 0.382985 0.017637 0.923586
vn -0.168897 0.295726 0.940224
vn -0.188475 0.275974 0.942505
vn 0.382985 0.017637 0.923586
vn 0.739805 -0.289836 0.607193
vn 0.726135 -0.282958 0.626628
vn 0.385389 0.048540 0.921477
vn 0.385389 0.048540 0.921477
vn 0.726135 -0.282958 0.626628
vn 0.714989 -0.252986 0.651758
vn 0.390330 0.105710 0.914586
vn 0.390330 0.105710 0.914586
vn 0.714989 -0.252986 0.651758
vn 0.708521 -0.211036 0.673396
vn 0.397812 0.175990 0.900429
vn 0.397812 0.175990 0.900429
vn 0.708521 -0.211036 0.673396
vn 0.704669 -0.169727 0.688937
vn 0.406426 0.244746 0.880294
vn 0.406426 0.244746 0.880294
vn 0.704669 -0.169727 0.688937
vn 0.696669 -0.144413 0.702707
vn 0.411777 0.303565 0.859237
vn 0.411777 0.303565 0.859237
vn 0.696669 -0.144413 0.702707
vn 0.674131 -0.144462 0.724347
vn 0.400535 0.339309 0.851141
vn 0.400535 0.339309 0.851141
vn 0.674131 -0.144462 0.724347
vn 0.620488 -0.184655 0.762166
vn 0.361707 0.359491 0.860194
vn 0.361707 0.359491 0.860194
vn 0.620488 -0.184655 0.762166
vn 0.446362 -0.298462 0.843612
vn 0.246100 0.367137 0.897021
vn 0.764492 -0.251792 0.593425
vn 0.767384 -0.234009 0.596960
vn 0.877796 -0.436732 0.196822
vn 0.875758 -0.442701 0.192523
vn 0.764492 -0.251792 0.593425
vn 0.875758 -0.442701 0.192523
vn 0.869249 -0.458243 0.185526
vn 0.759276 -0.269040 0.592552
vn 0.759276 -0.269040 0.592552
vn 0.869249 -0.458243 0.185526
vn 0.859379 -0.478726 0.179691
vn 0.751292 -0.282044 0.596667
vn 0.751292 -0.282044 0.596667
vn 0.859379 -0.478726 0.179691
vn 0.842483 -0.507267 0.181389
vn 0.739805 -0.289836 0.607193
vn 0.739805 -0.289836 0.607193
vn 0.842483 -0.507267 0.181389
vn 0.818317 -0.539524 0.198170
vn 0.726135 -0.282958 0.626628
vn 0.726135 -0.282958 0.626628
vn 0.818317 -0.539524 0.198170
vn 0.796849 -0.558886 0.229516
vn 0.714989 -0.252986 0.651758
vn 0.714989 -0.252986 0.651758
vn 0.796849 -0.558886 0.229516
vn 0.782400 -0.561514 0.269355
vn 0.708521 -0.211036 0.673396
vn 0.708521 -0.211036 0.673396
vn 0.782400 -0.561514 0.269355
vn 0.768922 -0.556647 0.314490
vn 0.704669 -0.169727 0.688937
vn 0.704669 -0.169727 0.688937
vn 0.768922 -0.556647 0.314490
vn 0.749379 -0.554603 0.361727
vn 0.696669 -0.144413 0.702707
vn 0.696669 -0.144413 0.702707
vn 0.749379 -0.554603 0.361727
vn 0.722774 -0.562134 0.401998
vn 0.674131 -0.144462 0.724347
vn 0.674131 -0.144462 0.724347
vn 0.722774 -0.562134 0.401998
vn 0.658755 -0.610113 0.440231
vn 0.620488 -0.184655 0.762166
vn 0.620488 -0.184655 0.762166
vn 0.658755 -0.610113 0.440231
vn 0.456851 -0.745912 0.484667
vn 0.446362 -0.298462 0.843612
vn 0.782400 -0.561514 0.269355
vn 0.690694 -0.722344 -0.034071
vn 0.662946 -0.748596 0.010358
vn 0.768922 -0.556647 0.314490
vn 0.782400 -0.561514 0.269355
vn 0.796849 -0.558886 0.229516
vn 0.732029 -0.677532 -0.071300
vn 0.690694 -0.722344 -0.034071
vn 0.768922 -0.556647 0.314490
vn 0.662946 -0.748596 0.010358
vn 0.639405 -0.766534 0.059897
vn 0.749379 -0.554603 0.361727
vn 0.749379 -0.554603 0.361727
vn 0.639405 -0.766534 0.059897
vn 0.615559 -0.781317 0.103109
vn 0.722774 -0.562134 0.401998
vn 0.722774 -0.562134 0.401998
vn 0.615559 -0.781317 0.103109
vn 0.560578 -0.813923 0.152583
vn 0.658755 -0.610113 0.440231
vn 0.658755 -0.610113 0.440231
vn 0.560578 -0.813923 0.152583
vn 0.419466 -0.887284 0.191769
vn 0.456851 -0.745912 0.484667
vn 0.613810 0.636355 -0.467214
vn 0.152358 0.401642 0.903034
vn 0.743492 -0.430135 0.512058
vn 0.979572 0.181017 -0.087592
vn 0.613810 0.636355 -0.467214
vn 0.084663 0.796384 -0.598836
vn -0.632887 0.655021 -0.412797
vn 0.152358 0.401642 0.903034
vn -0.632887 0.655021 -0.412797
vn -0.993874 0.068381 0.086826
vn -0.732380 -0.426113 0.531081
vn 0.152358 0.401642 0.903034
vn -0.909465 -0.215305 0.355693
vn -0.825178 0.562786 0.048515
vn -0.911120 0.403648 0.083237
vn -0.863317 -0.202772 0.462134
vn -0.732380 -0.426113 0.531081
vn -0.692438 -0.506728 0.513573
vn -0.071532 -0.816361 0.573094
vn -0.110585 -0.680694 0.724173
vn -0.732380 -0.426113 0.531081
vn -0.993874 0.068381 0.086826
vn -0.962469 0.180518 0.202647
vn -0.692438 -0.506728 0.513573
vn -0.071532 -0.816361 0.573094
vn 0.680234 -0.654915 0.329192
vn 0.743492 -0.430135 0.512058
vn -0.110585 -0.680694 0.724173
vn -0.610262 0.769116 -0.189844
vn -0.962469 0.180518 0.202647
vn -0.993874 0.068381 0.086826
vn -0.632887 0.655021 -0.412797
vn -0.962469 0.180518 0.202647
vn -0.978054 -0.035036 0.205385
vn -0.666870 -0.612535 0.424365
vn -0.692438 -0.506728 0.513573
vn 0.328439 0.436638 -0.837541
vn 0.776774 0.555366 -0.296968
vn -0.256049 0.940368 0.223935
vn -0.421079 0.905206 0.057391
vn 0.328439 0.436638 -0.837541
vn 0.556492 -0.608610 -0.565606
vn 0.068225 -0.881937 -0.466404
vn 0.776774 0.555366 -0.296968
vn 0.328439 0.436638 -0.837541
vn -0.152143 0.370408 -0.916324
vn 0.451350 -0.538153 -0.711810
vn 0.556492 -0.608610 -0.565606
vn 0.328439 0.436638 -0.837541
vn -0.421079 0.905206 0.057391
vn -0.548507 0.817667 -0.174818
vn -0.152143 0.370408 -0.916324
vn 0.666819 -0.745045 -0.016115
vn 0.680937 -0.731944 -0.024149
vn 0.581770 -0.593569 0.556076
vn 0.564073 -0.596085 0.571405
vn 0.666819 -0.745045 -0.016115
vn 0.418253 -0.467561 -0.778750
vn 0.417127 -0.424964 -0.803375
vn 0.680937 -0.731944 -0.024149
vn 0.666819 -0.745045 -0.016115
vn 0.641465 -0.766596 -0.029215
vn 0.397680 -0.516981 -0.758011
vn 0.418253 -0.467561 -0.778750
vn 0.666819 -0.745045 -0.016115
vn 0.564073 -0.596085 0.571405
vn 0.546207 -0.608350 0.575819
vn 0.641465 -0.766596 -0.029215
vn 0.641465 -0.766596 -0.029215
vn 0.546207 -0.608350 0.575819
vn 0.534412 -0.606153 0.589052
vn 0.628877 -0.774716 -0.065790
vn 0.641465 -0.766596 -0.029215
vn 0.628877 -0.774716 -0.065790
vn 0.393129 -0.538124 -0.745569
vn 0.397680 -0.516981 -0.758011
vn 0.581770 -0.593569 0.556076
vn 0.680937 -0.731944 -0.024149
vn 0.671839 -0.739968 -0.032878
vn 0.571756 -0.610235 0.548368
vn 0.581770 -0.593569 0.556076
vn 0.208196 -0.127841 0.969696
vn 0.158926 -0.100178 0.982195
vn 0.564073 -0.596085 0.571405
vn 0.564073 -0.596085 0.571405
vn 0.158926 -0.100178 0.982195
vn 0.119788 -0.087765 0.988913
vn 0.546207 -0.608350 0.575819
vn 0.546207 -0.608350 0.575819
vn 0.119788 -0.087765 0.988913
vn 0.059616 -0.035379 0.997594
vn 0.534412 -0.606153 0.589052
vn -0.404078 -0.200890 0.892392
vn -0.425691 -0.208643 0.880486
vn 0.265739 -0.575729 0.773252
vn 0.213436 -0.599577 0.771331
vn 0.213436 -0.599577 0.771331
vn 0.265739 -0.575729 0.773252
vn 0.846162 -0.528149 0.071195
vn 0.811269 -0.583825 0.031481
vn 0.811269 -0.583825 0.031481
vn 0.846162 -0.528149 0.071195
vn 0.683807 0.009326 -0.729604
vn 0.700212 -0.050215 -0.712167
vn 0.700212 -0.050215 -0.712167
vn 0.683807 0.009326 -0.729604
vn 0.050865 0.437363 -0.897846
vn 0.107418 0.450002 -0.886544
vn -0.425691 -0.208643 0.880486
vn -0.854334 0.370378 0.364599
vn -0.865447 0.255189 0.431139
vn -0.430854 -0.215359 0.876348
vn -0.425691 -0.208643 0.880486
vn -0.430854 -0.215359 0.876348
vn 0.322684 -0.530169 0.784089
vn 0.265739 -0.575729 0.773252
vn 0.265739 -0.575729 0.773252
vn 0.322684 -0.530169 0.784089
vn 0.918165 -0.396158 0.005617
vn 0.846162 -0.528149 0.071195
vn 0.846162 -0.528149 0.071195
vn 0.918165 -0.396158 0.005617
vn 0.567987 0.017642 -0.822848
vn 0.683807 0.009326 -0.729604
vn -0.311823 0.918437 0.243392
vn -0.326772 0.899978 0.288546
vn 0.092498 0.994633 -0.046363
vn 0.024190 0.994299 -0.103852
vn -0.311823 0.918437 0.243392
vn -0.631168 0.319596 0.706742
vn -0.747295 0.243855 0.618131
vn -0.326772 0.899978 0.288546
vn -0.311823 0.918437 0.243392
vn -0.119614 0.927199 0.354957
vn -0.120494 0.636105 0.762136
vn -0.631168 0.319596 0.706742
vn 0.644417 -0.739406 0.194952
vn 0.416548 -0.626797 0.658494
vn 0.220674 -0.704488 0.674537
vn 0.560772 -0.819192 0.120244
vn 0.644417 -0.739406 0.194952
vn 0.875830 -0.476642 0.075729
vn 0.638534 -0.453329 0.621906
vn 0.416548 -0.626797 0.658494
vn 0.644417 -0.739406 0.194952
vn 0.637703 -0.409107 -0.652661
vn 0.678451 -0.177302 -0.712929
vn 0.875830 -0.476642 0.075729
vn 0.644417 -0.739406 0.194952
vn 0.560772 -0.819192 0.120244
vn 0.584766 -0.366949 -0.723461
vn 0.637703 -0.409107 -0.652661
vn 0.560772 -0.819192 0.120244
vn 0.220674 -0.704488 0.674537
vn 0.238194 -0.694531 0.678889
vn 0.639707 -0.757251 0.131702
vn 0.560772 -0.819192 0.120244
vn 0.639707 -0.757251 0.131702
vn 0.693583 -0.181999 -0.697007
vn 0.584766 -0.366949 -0.723461
vn 0.706883 -0.138525 -0.693633
vn 0.256077 0.599056 -0.758654
vn 0.156201 0.574755 -0.803280
vn 0.693583 -0.181999 -0.697007
vn 0.706883 -0.138525 -0.693633
vn 0.677218 -0.151820 -0.719949
vn 0.291602 0.594090 -0.749683
vn 0.256077 0.599056 -0.758654
vn 0.706883 -0.138525 -0.693633
vn 0.591405 -0.800828 0.094422
vn 0.534363 -0.845024 0.019750
vn 0.677218 -0.151820 -0.719949
vn 0.706883 -0.138525 -0.693633
vn 0.693583 -0.181999 -0.697007
vn 0.639707 -0.757251 0.131702
vn 0.591405 -0.800828 0.094422
vn 0.677218 -0.151820 -0.719949
vn 0.634224 -0.191663 -0.749016
vn 0.287550 0.596616 -0.749243
vn 0.291602 0.594090 -0.749683
vn 0.677218 -0.151820 -0.719949
vn 0.534363 -0.845024 0.019750
vn 0.472293 -0.880368 -0.043491
vn 0.634224 -0.191663 -0.749016
vn 0.634224 -0.191663 -0.749016
vn 0.631630 -0.196438 -0.749971
vn 0.303554 0.626016 -0.718302
vn 0.287550 0.596616 -0.749243
vn 0.634224 -0.191663 -0.749016
vn 0.472293 -0.880368 -0.043491
vn 0.456226 -0.885029 -0.092638
vn 0.631630 -0.196438 -0.749971
vn 0.631630 -0.196438 -0.749971
vn 0.630105 -0.230680 -0.741454
vn 0.310567 0.635446 -0.706935
vn 0.303554 0.626016 -0.718302
vn 0.631630 -0.196438 -0.749971
vn 0.456226 -0.885029 -0.092638
vn 0.440029 -0.890753 -0.113728
vn 0.630105 -0.230680 -0.741454
vn 0.303554 0.626016 -0.718302
vn -0.189117 0.959933 -0.206792
vn -0.216211 0.942086 -0.256372
vn 0.287550 0.596616 -0.749243
vn 0.303554 0.626016 -0.718302
vn 0.310567 0.635446 -0.706935
vn -0.126232 0.980254 -0.152209
vn -0.189117 0.959933 -0.206792
vn 0.630105 -0.230680 -0.741454
vn 0.601116 -0.265542 -0.753756
vn 0.242693 0.591067 -0.769246
vn 0.310567 0.635446 -0.706935
vn 0.630105 -0.230680 -0.741454
vn 0.440029 -0.890753 -0.113728
vn 0.433650 -0.895254 -0.102310
vn 0.601116 -0.265542 -0.753756
vn 0.310567 0.635446 -0.706935
vn 0.242693 0.591067 -0.769246
vn -0.151876 0.957789 -0.244080
vn -0.126232 0.980254 -0.152209
vn 0.601116 -0.265542 -0.753756
vn 0.433650 -0.895254 -0.102310
vn 0.493939 -0.859731 -0.129949
vn 0.512577 -0.264766 -0.816801
vn 0.601116 -0.265542 -0.753756
vn 0.512577 -0.264766 -0.816801
vn 0.064740 0.556101 -0.828589
vn 0.242693 0.591067 -0.769246
vn 0.242693 0.591067 -0.769246
vn 0.064740 0.556101 -0.828589
vn -0.283700 0.906638 -0.312284
vn -0.151876 0.957789 -0.244080
vn 0.512577 -0.264766 -0.816801
vn 0.493939 -0.859731 -0.129949
vn 0.460311 -0.866705 -0.192191
vn 0.227673 -0.407274 -0.884473
vn 0.512577 -0.264766 -0.816801
vn 0.227673 -0.407274 -0.884473
vn -0.298453 0.260556 -0.918170
vn 0.064740 0.556101 -0.828589
vn 0.064740 0.556101 -0.828589
vn -0.298453 0.260556 -0.918170
vn -0.567797 0.681224 -0.462104
vn -0.283700 0.906638 -0.312284
vn 0.227673 -0.407274 -0.884473
vn 0.460311 -0.866705 -0.192191
vn 0.502719 -0.862407 -0.059394
vn 0.060355 -0.668853 -0.740940
vn 0.227673 -0.407274 -0.884473
vn 0.060355 -0.668853 -0.740940
vn -0.521042 0.047680 -0.852199
vn -0.298453 0.260556 -0.918170
vn -0.298453 0.260556 -0.918170
vn -0.521042 0.047680 -0.852199
vn -0.657384 0.635420 -0.405078
vn -0.567797 0.681224 -0.462104
vn -0.567797 0.681224 -0.462104
vn -0.657384 0.635420 -0.405078
vn -0.224768 0.872208 0.434434
vn -0.276046 0.872201 0.403812
vn -0.567797 0.681224 -0.462104
vn -0.276046 0.872201 0.403812
vn -0.312934 0.792621 0.523282
vn -0.283700 0.906638 -0.312284
vn 0.060355 -0.668853 -0.740940
vn 0.502719 -0.862407 -0.059394
vn 0.565581 -0.824471 0.019115
vn 0.089257 -0.716464 -0.691890
vn 0.060355 -0.668853 -0.740940
vn 0.089257 -0.716464 -0.691890
vn -0.510174 -0.027371 -0.859635
vn -0.521042 0.047680 -0.852199
vn -0.521042 0.047680 -0.852199
vn -0.510174 -0.027371 -0.859635
vn -0.701129 0.556145 -0.446231
vn -0.657384 0.635420 -0.405078
vn -0.008929 0.987035 0.160260
vn -0.164560 0.959837 0.227229
vn -0.296833 0.954499 -0.028677
vn -0.235897 0.971778 0.000014
vn -0.008929 0.987035 0.160260
vn 0.275904 0.904555 0.325049
vn 0.126087 0.836200 0.533733
vn -0.164560 0.959837 0.227229
vn -0.008929 0.987035 0.160260
vn 0.057597 0.986809 0.151297
vn 0.300032 0.918875 0.256224
vn 0.275904 0.904555 0.325049
vn -0.008929 0.987035 0.160260
vn -0.235897 0.971778 0.000014
vn -0.186602 0.982187 0.022103
vn 0.057597 0.986809 0.151297
vn -0.854334 0.370378 0.364599
vn -0.532253 0.667098 -0.521236
vn -0.582388 0.606866 -0.540867
vn -0.865447 0.255189 0.431139
vn -0.430854 -0.215359 0.876348
vn -0.305868 -0.143205 0.941242
vn 0.638534 -0.453329 0.621906
vn 0.322684 -0.530169 0.784089
vn -0.430854 -0.215359 0.876348
vn -0.865447 0.255189 0.431139
vn -0.827267 0.189243 0.528977
vn -0.305868 -0.143205 0.941242
vn 0.322684 -0.530169 0.784089
vn 0.638534 -0.453329 0.621906
vn 0.875830 -0.476642 0.075729
vn 0.918165 -0.396158 0.005617
vn -0.482733 0.656122 0.580063
vn -0.513380 0.666797 0.540206
vn -0.548507 0.817667 -0.174818
vn -0.421079 0.905206 0.057391
vn -0.482733 0.656122 0.580063
vn -0.016144 0.044156 0.998894
vn 0.059616 -0.035379 0.997594
vn -0.513380 0.666797 0.540206
vn -0.482733 0.656122 0.580063
vn -0.323182 0.747317 0.580578
vn -0.015755 0.097746 0.995087
vn -0.016144 0.044156 0.998894
vn -0.482733 0.656122 0.580063
vn -0.421079 0.905206 0.057391
vn -0.256049 0.940368 0.223935
vn -0.323182 0.747317 0.580578
vn 0.748038 -0.462963 -0.475504
vn 0.933805 -0.346850 0.087772
vn 0.980398 -0.187963 0.059071
vn 0.750459 -0.389503 -0.533945
vn 0.912808 -0.382569 0.142909
vn 0.586258 0.035804 0.809332
vn 0.578834 0.052388 0.813761
vn 0.933805 -0.346850 0.087772
vn 0.933805 -0.346850 0.087772
vn 0.578834 0.052388 0.813761
vn 0.602597 0.219978 0.767128
vn 0.980398 -0.187963 0.059071
vn 0.578834 0.052388 0.813761
vn 0.586258 0.035804 0.809332
vn -0.115239 0.420089 0.900136
vn -0.112119 0.387282 0.915118
vn -0.610177 -0.121914 -0.782829
vn -0.791628 0.284889 -0.540521
vn -0.791093 0.034186 -0.610740
vn -0.662203 -0.144385 -0.735283
vn -0.610177 -0.121914 -0.782829
vn -0.662203 -0.144385 -0.735283
vn -0.519373 -0.226625 -0.823950
vn -0.541064 -0.387920 -0.746169
vn 0.273591 0.526927 -0.804671
vn 0.320086 0.553028 -0.769224
vn -0.857463 0.258056 -0.445156
vn -0.887748 0.250002 -0.386527
vn 0.273591 0.526927 -0.804671
vn 0.994991 0.093979 -0.034066
vn 0.995237 0.092679 0.030229
vn 0.320086 0.553028 -0.769224
vn 0.273591 0.526927 -0.804671
vn 0.219721 0.519916 -0.825476
vn 0.996033 0.075056 -0.047810
vn 0.994991 0.093979 -0.034066
vn 0.273591 0.526927 -0.804671
vn -0.887748 0.250002 -0.386527
vn -0.905129 0.278531 -0.321189
vn 0.219721 0.519916 -0.825476
vn 0.305502 -0.458749 0.834397
vn 0.301128 -0.444946 0.843413
vn -0.806211 -0.300695 0.509516
vn -0.829805 -0.314431 0.461038
vn 0.305502 -0.458749 0.834397
vn 0.995237 0.092679 0.030229
vn 0.994991 0.093979 -0.034066
vn 0.301128 -0.444946 0.843413
vn 0.305502 -0.458749 0.834397
vn -0.829805 -0.314431 0.461038
vn -0.866239 -0.289546 0.407177
vn 0.379052 -0.435907 0.816275
vn 0.989851 0.106486 -0.094103
vn 0.182352 0.583294 -0.791528
vn 0.288137 0.819589 -0.495229
vn 0.978111 0.207019 -0.021039
vn 0.989851 0.106486 -0.094103
vn 0.996033 0.075056 -0.047810
vn 0.219721 0.519916 -0.825476
vn 0.182352 0.583294 -0.791528
vn 0.989851 0.106486 -0.094103
vn 0.423909 -0.379160 0.822520
vn 0.358044 -0.430666 0.828451
vn 0.996033 0.075056 -0.047810
vn 0.423909 -0.379160 0.822520
vn -0.746801 -0.244984 0.618281
vn -0.785891 -0.284936 0.548805
vn 0.358044 -0.430666 0.828451
vn -0.359636 -0.571454 -0.737633
vn -0.324107 -0.529515 -0.783944
vn -0.027795 -0.679007 -0.733606
vn -0.091534 -0.735310 -0.671522
vn -0.359636 -0.571454 -0.737633
vn -0.611855 -0.311881 -0.726886
vn -0.604332 -0.303484 -0.736669
vn -0.324107 -0.529515 -0.783944
vn -0.359636 -0.571454 -0.737633
vn -0.393129 -0.606826 -0.690805
vn -0.641266 -0.305746 -0.703774
vn -0.611855 -0.311881 -0.726886
vn -0.359636 -0.571454 -0.737633
vn -0.091534 -0.735310 -0.671522
vn -0.148875 -0.786437 -0.599460
vn -0.393129 -0.606826 -0.690805
vn -0.148875 -0.786437 -0.599460
vn 0.091585 -0.884972 -0.456549
vn 0.060423 -0.896999 -0.437883
vn -0.185352 -0.792907 -0.580467
vn -0.148875 -0.786437 -0.599460
vn -0.185352 -0.792907 -0.580467
vn -0.446872 -0.592393 -0.670355
vn -0.393129 -0.606826 -0.690805
vn -0.185352 -0.792907 -0.580467
vn -0.364438 -0.866820 -0.340306
vn -0.609804 -0.656510 -0.443997
vn -0.446872 -0.592393 -0.670355
vn -0.185352 -0.792907 -0.580467
vn 0.060423 -0.896999 -0.437883
vn -0.103298 -0.960357 -0.258929
vn -0.364438 -0.866820 -0.340306
vn 0.091585 -0.884972 -0.456549
vn 0.302152 -0.909552 -0.285339
vn 0.278272 -0.921469 -0.271033
vn 0.060423 -0.896999 -0.437883
vn 0.060423 -0.896999 -0.437883
vn 0.278272 -0.921469 -0.271033
vn 0.143986 -0.975455 -0.166598
vn -0.103298 -0.960357 -0.258929
vn 0.302152 -0.909552 -0.285339
vn 0.475419 -0.874200 -0.098750
vn 0.470081 -0.878495 -0.085267
vn 0.278272 -0.921469 -0.271033
vn 0.278272 -0.921469 -0.271033
vn 0.470081 -0.878495 -0.085267
vn 0.398550 -0.915888 -0.048028
vn 0.143986 -0.975455 -0.166598
vn 0.470081 -0.878495 -0.085267
vn 0.475419 -0.874200 -0.098750
vn 0.655784 -0.735619 0.169741
vn 0.666351 -0.723902 0.178727
vn 0.470081 -0.878495 -0.085267
vn 0.666351 -0.723902 0.178727
vn 0.660113 -0.743483 0.107160
vn 0.398550 -0.915888 -0.048028
vn 0.666351 -0.723902 0.178727
vn 0.783201 -0.397701 0.477943
vn 0.880971 -0.366080 0.299794
vn 0.660113 -0.743483 0.107160
vn 0.880971 -0.366080 0.299794
vn 0.783201 -0.397701 0.477943
vn 0.741273 -0.023050 0.670807
vn 0.888609 0.135323 0.438249
vn -0.722066 -0.091996 0.685680
vn -0.869302 0.420074 -0.260484
vn -0.905129 0.278531 -0.321189
vn -0.746801 -0.244984 0.618281
vn -0.722066 -0.091996 0.685680
vn -0.588173 0.408427 0.698026
vn -0.632177 0.752761 -0.183585
vn -0.869302 0.420074 -0.260484
vn 0.724015 0.260559 -0.638679
vn 0.284147 0.683766 -0.672105
vn -0.314442 0.141477 -0.938675
vn -0.253338 -0.178816 -0.950707
vn 0.286870 0.868902 0.403379
vn 0.233065 0.885070 0.402905
vn 0.193990 0.976406 0.094868
vn 0.271261 0.958115 0.091829
vn 0.286870 0.868902 0.403379
vn 0.250804 0.642461 0.724114
vn 0.210456 0.681737 0.700673
vn 0.233065 0.885070 0.402905
vn 0.286870 0.868902 0.403379
vn 0.343722 0.840826 0.418172
vn 0.292542 0.602932 0.742221
vn 0.250804 0.642461 0.724114
vn 0.286870 0.868902 0.403379
vn 0.271261 0.958115 0.091829
vn 0.339685 0.934074 0.110087
vn 0.343722 0.840826 0.418172
vn 0.271261 0.958115 0.091829
vn 0.219018 0.943543 -0.248509
vn 0.298362 0.927113 -0.226806
vn 0.339685 0.934074 0.110087
vn 0.271261 0.958115 0.091829
vn 0.193990 0.976406 0.094868
vn 0.113127 0.963563 -0.242382
vn 0.219018 0.943543 -0.248509
vn 0.339685 0.934074 0.110087
vn 0.411727 0.900318 0.141096
vn 0.406386 0.795566 0.449361
vn 0.343722 0.840826 0.418172
vn 0.339685 0.934074 0.110087
vn 0.298362 0.927113 -0.226806
vn 0.367211 0.909416 -0.195240
vn 0.411727 0.900318 0.141096
vn -0.353586 0.835166 0.421278
vn -0.335071 0.898000 0.285173
vn 0.154113 0.934252 0.321594
vn -0.158994 0.867926 0.470558
vn -0.353586 0.835166 0.421278
vn -0.557701 0.746905 0.362081
vn -0.509020 0.826351 0.240921
vn -0.335071 0.898000 0.285173
vn -0.353586 0.835166 0.421278
vn -0.390903 0.671273 0.629752
vn -0.570987 0.669139 0.475633
vn -0.557701 0.746905 0.362081
vn -0.353586 0.835166 0.421278
vn -0.158994 0.867926 0.470558
vn -0.196324 0.650909 0.733331
vn -0.390903 0.671273 0.629752
vn -0.390903 0.671273 0.629752
vn -0.476595 0.447941 0.756443
vn -0.605810 0.574417 0.550489
vn -0.570987 0.669139 0.475633
vn -0.476595 0.447941 0.756443
vn -0.559268 0.278731 0.780723
vn -0.674160 0.482882 0.558868
vn -0.605810 0.574417 0.550489
vn -0.158994 0.867926 0.470558
vn 0.154113 0.934252 0.321594
vn 0.160371 0.846544 0.507587
vn -0.006351 0.851652 0.524069
vn -0.766207 -0.141109 0.626910
vn -0.882711 -0.278072 -0.378810
vn -0.842829 -0.052154 -0.535648
vn -0.832363 0.547594 0.085512
vn 0.963442 -0.202509 -0.175411
vn 0.995150 -0.071209 -0.067865
vn 0.987838 -0.115648 -0.103929
vn 0.994386 0.021455 -0.103620
vn 0.963442 -0.202509 -0.175411
vn 0.817454 -0.549325 -0.173237
vn 0.905321 -0.422486 0.043596
vn 0.995150 -0.071209 -0.067865
vn 0.963442 -0.202509 -0.175411
vn 0.879518 -0.320125 -0.352090
vn 0.745339 -0.640938 -0.183492
vn 0.817454 -0.549325 -0.173237
vn 0.963442 -0.202509 -0.175411
vn 0.994386 0.021455 -0.103620
vn 0.900687 0.163868 -0.402381
vn 0.879518 -0.320125 -0.352090
vn 0.994386 0.021455 -0.103620
vn 0.956534 0.285485 0.059508
vn 0.748273 0.540340 -0.384866
vn 0.900687 0.163868 -0.402381
vn 0.994386 0.021455 -0.103620
vn 0.987838 -0.115648 -0.103929
vn 0.984005 0.063330 0.166507
vn 0.956534 0.285485 0.059508
vn 0.900687 0.163868 -0.402381
vn 0.748273 0.540340 -0.384866
vn 0.431511 0.562678 -0.705119
vn 0.655819 0.038696 -0.753926
vn 0.655819 0.038696 -0.753926
vn 0.431511 0.562678 -0.705119
vn -0.114596 0.633487 -0.765220
vn 0.197852 -0.297911 -0.933865
vn 0.972728 -0.208052 -0.102545
vn 0.966804 -0.253737 0.030115
vn 0.456103 -0.872549 -0.175008
vn 0.467240 -0.763604 -0.445640
vn 0.972728 -0.208052 -0.102545
vn 0.467240 -0.763604 -0.445640
vn 0.480531 -0.667898 -0.568333
vn 0.971473 -0.193689 -0.136838
vn 0.971473 -0.193689 -0.136838
vn 0.480531 -0.667898 -0.568333
vn 0.503796 -0.634914 -0.585724
vn 0.974920 -0.173379 -0.139536
vn 0.456103 -0.872549 -0.175008
vn 0.458178 -0.887648 -0.046409
vn -0.145452 -0.987714 -0.057133
vn -0.145491 -0.970925 -0.190096
vn 0.458178 -0.887648 -0.046409
vn 0.456103 -0.872549 -0.175008
vn 0.966804 -0.253737 0.030115
vn 0.974515 -0.195719 0.109610
vn -0.149241 -0.856752 -0.493664
vn 0.467240 -0.763604 -0.445640
vn 0.456103 -0.872549 -0.175008
vn -0.145491 -0.970925 -0.190096
vn 0.356738 -0.639600 -0.680919
vn -0.041823 -0.534954 -0.843846
vn -0.028823 -0.407584 -0.912713
vn 0.327844 -0.619391 -0.713354
vn 0.356738 -0.639600 -0.680919
vn 0.313766 -0.715351 -0.624358
vn -0.103387 -0.717918 -0.688408
vn -0.041823 -0.534954 -0.843846
vn 0.327844 -0.619391 -0.713354
vn -0.028823 -0.407584 -0.912713
vn -0.060975 -0.286654 -0.956092
vn 0.260970 -0.601415 -0.755113
vn 0.260970 -0.601415 -0.755113
vn -0.060975 -0.286654 -0.956092
vn -0.118633 -0.205709 -0.971396
vn 0.200509 -0.585818 -0.785248
vn 0.200509 -0.585818 -0.785248
vn -0.118633 -0.205709 -0.971396
vn -0.183728 -0.189660 -0.964507
vn 0.165662 -0.584642 -0.794197
vn 0.165662 -0.584642 -0.794197
vn -0.183728 -0.189660 -0.964507
vn -0.241243 -0.234643 -0.941671
vn 0.157280 -0.608823 -0.777559
vn 0.157280 -0.608823 -0.777559
vn -0.241243 -0.234643 -0.941671
vn -0.278448 -0.322288 -0.904764
vn 0.173280 -0.640513 -0.748142
vn 0.173280 -0.640513 -0.748142
vn -0.278448 -0.322288 -0.904764
vn -0.295640 -0.394332 -0.870114
vn 0.200913 -0.657207 -0.726438
vn 0.200913 -0.657207 -0.726438
vn -0.295640 -0.394332 -0.870114
vn -0.305357 -0.420850 -0.854191
vn 0.229663 -0.654306 -0.720513
vn 0.229663 -0.654306 -0.720513
vn -0.305357 -0.420850 -0.854191
vn -0.308646 -0.419948 -0.853453
vn 0.263632 -0.642537 -0.719475
vn 0.263632 -0.642537 -0.719475
vn -0.308646 -0.419948 -0.853453
vn -0.290696 -0.405284 -0.866742
vn 0.306160 -0.614659 -0.726953
vn 0.306160 -0.614659 -0.726953
vn -0.290696 -0.405284 -0.866742
vn -0.251955 -0.378060 -0.890836
vn 0.345035 -0.578474 -0.739134
vn 0.345035 -0.578474 -0.739134
vn -0.251955 -0.378060 -0.890836
vn -0.207934 -0.361119 -0.909041
vn 0.367864 -0.556357 -0.745079
vn 0.367864 -0.556357 -0.745079
vn -0.207934 -0.361119 -0.909041
vn -0.172829 -0.363051 -0.915600
vn 0.373340 -0.555205 -0.743212
vn 0.373340 -0.555205 -0.743212
vn -0.172829 -0.363051 -0.915600
vn -0.148749 -0.381406 -0.912362
vn 0.365712 -0.573014 -0.733423
vn 0.365712 -0.573014 -0.733423
vn -0.148749 -0.381406 -0.912362
vn -0.136123 -0.409109 -0.902275
vn 0.342167 -0.609753 -0.714928
vn 0.342167 -0.609753 -0.714928
vn -0.136123 -0.409109 -0.902275
vn -0.142917 -0.439621 -0.886740
vn 0.299401 -0.661801 -0.687298
vn 0.299401 -0.661801 -0.687298
vn -0.142917 -0.439621 -0.886740
vn -0.167314 -0.472716 -0.865185
vn 0.245493 -0.710660 -0.659314
vn 0.299401 -0.661801 -0.687298
vn 0.245493 -0.710660 -0.659314
vn 0.543752 -0.779403 -0.311231
vn 0.604274 -0.717511 -0.346454
vn 0.245493 -0.710660 -0.659314
vn -0.167314 -0.472716 -0.865185
vn -0.206988 -0.499865 -0.841006
vn 0.185309 -0.753926 -0.630282
vn 0.245493 -0.710660 -0.659314
vn 0.185309 -0.753926 -0.630282
vn 0.493783 -0.823600 -0.279037
vn 0.543752 -0.779403 -0.311231
vn 0.185309 -0.753926 -0.630282
vn -0.206988 -0.499865 -0.841006
vn -0.255447 -0.525580 -0.811488
vn 0.121016 -0.793701 -0.596149
vn 0.185309 -0.753926 -0.630282
vn 0.121016 -0.793701 -0.596149
vn 0.448269 -0.859760 -0.244680
vn 0.493783 -0.823600 -0.279037
vn 0.121016 -0.793701 -0.596149
vn 0.065876 -0.826032 -0.559761
vn 0.414810 -0.887145 -0.202253
vn 0.448269 -0.859760 -0.244680
vn 0.121016 -0.793701 -0.596149
vn -0.255447 -0.525580 -0.811488
vn -0.304293 -0.544673 -0.781497
vn 0.065876 -0.826032 -0.559761
vn 0.065876 -0.826032 -0.559761
vn 0.030885 -0.844934 -0.533978
vn 0.381481 -0.911099 -0.156109
vn 0.414810 -0.887145 -0.202253
vn 0.065876 -0.826032 -0.559761
vn -0.304293 -0.544673 -0.781497
vn -0.342562 -0.555357 -0.757779
vn 0.030885 -0.844934 -0.533978
vn -0.041823 -0.534954 -0.843846
vn -0.103387 -0.717918 -0.688408
vn -0.548744 -0.645456 -0.531288
vn -0.563792 -0.373908 -0.736431
vn -0.028823 -0.407584 -0.912713
vn -0.041823 -0.534954 -0.843846
vn -0.563792 -0.373908 -0.736431
vn -0.533782 -0.126015 -0.836180
vn -0.060975 -0.286654 -0.956092
vn -0.028823 -0.407584 -0.912713
vn -0.533782 -0.126015 -0.836180
vn -0.482574 0.092166 -0.870992
vn -0.118633 -0.205709 -0.971396
vn -0.060975 -0.286654 -0.956092
vn -0.482574 0.092166 -0.870992
vn -0.460323 0.229521 -0.857568
vn -0.183728 -0.189660 -0.964507
vn -0.118633 -0.205709 -0.971396
vn -0.460323 0.229521 -0.857568
vn -0.489067 0.258793 -0.832970
vn -0.241243 -0.234643 -0.941671
vn -0.183728 -0.189660 -0.964507
vn -0.489067 0.258793 -0.832970
vn -0.555950 0.216067 -0.802642
vn -0.278448 -0.322288 -0.904764
vn -0.241243 -0.234643 -0.941671
vn -0.555950 0.216067 -0.802642
vn -0.635349 0.126910 -0.761725
vn -0.295640 -0.394332 -0.870114
vn -0.278448 -0.322288 -0.904764
vn -0.635349 0.126910 -0.761725
vn -0.700479 0.030599 -0.713017
vn -0.305357 -0.420850 -0.854191
vn -0.295640 -0.394332 -0.870114
vn -0.700479 0.030599 -0.713017
vn -0.738333 -0.027575 -0.673872
vn -0.308646 -0.419948 -0.853453
vn -0.305357 -0.420850 -0.854191
vn -0.738333 -0.027575 -0.673872
vn -0.757145 -0.055153 -0.650914
vn -0.290696 -0.405284 -0.866742
vn -0.308646 -0.419948 -0.853453
vn -0.757145 -0.055153 -0.650914
vn -0.759933 -0.067553 -0.646481
vn -0.251955 -0.378060 -0.890836
vn -0.290696 -0.405284 -0.866742
vn -0.759933 -0.067553 -0.646481
vn -0.744607 -0.063042 -0.664519
vn -0.207934 -0.361119 -0.909041
vn -0.251955 -0.378060 -0.890836
vn -0.744607 -0.063042 -0.664519
vn -0.717225 -0.057231 -0.694487
vn -0.172829 -0.363051 -0.915600
vn -0.207934 -0.361119 -0.909041
vn -0.717225 -0.057231 -0.694487
vn -0.684898 -0.065479 -0.725691
vn -0.148749 -0.381406 -0.912362
vn -0.172829 -0.363051 -0.915600
vn -0.684898 -0.065479 -0.725691
vn -0.652264 -0.082130 -0.753529
vn -0.136123 -0.409109 -0.902275
vn -0.148749 -0.381406 -0.912362
vn -0.652264 -0.082130 -0.753529
vn -0.623124 -0.097549 -0.776016
vn -0.142917 -0.439621 -0.886740
vn -0.136123 -0.409109 -0.902275
vn -0.623124 -0.097549 -0.776016
vn -0.606432 -0.106264 -0.788003
vn -0.167314 -0.472716 -0.865185
vn -0.142917 -0.439621 -0.886740
vn -0.606432 -0.106264 -0.788003
vn -0.602075 -0.115679 -0.790015
vn -0.206988 -0.499865 -0.841006
vn -0.167314 -0.472716 -0.865185
vn -0.602075 -0.115679 -0.790015
vn -0.609044 -0.118415 -0.784247
vn -0.255447 -0.525580 -0.811488
vn -0.206988 -0.499865 -0.841006
vn -0.609044 -0.118415 -0.784247
vn -0.619878 -0.117766 -0.775811
vn -0.304293 -0.544673 -0.781497
vn -0.255447 -0.525580 -0.811488
vn -0.619878 -0.117766 -0.775811
vn -0.629889 -0.124104 -0.766706
vn -0.482574 0.092166 -0.870992
vn -0.533782 -0.126015 -0.836180
vn -0.901668 0.139976 -0.409148
vn -0.806991 0.383041 -0.449494
vn -0.482574 0.092166 -0.870992
vn -0.806991 0.383041 -0.449494
vn -0.706078 0.535754 -0.463056
vn -0.460323 0.229521 -0.857568
vn -0.460323 0.229521 -0.857568
vn -0.706078 0.535754 -0.463056
vn -0.670731 0.575398 -0.468014
vn -0.489067 0.258793 -0.832970
vn -0.489067 0.258793 -0.832970
vn -0.670731 0.575398 -0.468014
vn -0.704651 0.548299 -0.450373
vn -0.555950 0.216067 -0.802642
vn -0.555950 0.216067 -0.802642
vn -0.704651 0.548299 -0.450373
vn -0.772879 0.478720 -0.416516
vn -0.635349 0.126910 -0.761725
vn -0.635349 0.126910 -0.761725
vn -0.772879 0.478720 -0.416516
vn -0.841816 0.395101 -0.367752
vn -0.700479 0.030599 -0.713017
vn -0.700479 0.030599 -0.713017
vn -0.841816 0.395101 -0.367752
vn -0.890912 0.325110 -0.317143
vn -0.738333 -0.027575 -0.673872
vn -0.738333 -0.027575 -0.673872
vn -0.890912 0.325110 -0.317143
vn -0.921022 0.273876 -0.276967
vn -0.757145 -0.055153 -0.650914
vn -0.757145 -0.055153 -0.650914
vn -0.921022 0.273876 -0.276967
vn -0.936914 0.241612 -0.252619
vn -0.759933 -0.067553 -0.646481
vn -0.759933 -0.067553 -0.646481
vn -0.936914 0.241612 -0.252619
vn -0.941685 0.227277 -0.248140
vn -0.744607 -0.063042 -0.664519
vn -0.744607 -0.063042 -0.664519
vn -0.941685 0.227277 -0.248140
vn -0.939844 0.214780 -0.265637
vn -0.717225 -0.057231 -0.694487
vn -0.717225 -0.057231 -0.694487
vn -0.939844 0.214780 -0.265637
vn -0.933157 0.197023 -0.300665
vn -0.684898 -0.065479 -0.725691
vn -0.684898 -0.065479 -0.725691
vn -0.933157 0.197023 -0.300665
vn -0.919968 0.187184 -0.344416
vn -0.652264 -0.082130 -0.753529
vn -0.652264 -0.082130 -0.753529
vn -0.919968 0.187184 -0.344416
vn -0.900349 0.189059 -0.391954
vn -0.623124 -0.097549 -0.776016
vn -0.623124 -0.097549 -0.776016
vn -0.900349 0.189059 -0.391954
vn -0.881500 0.198565 -0.428404
vn -0.606432 -0.106264 -0.788003
vn -0.606432 -0.106264 -0.788003
vn -0.881500 0.198565 -0.428404
vn -0.865297 0.217082 -0.451815
vn -0.602075 -0.115679 -0.790015
vn -0.706078 0.535754 -0.463056
vn -0.806991 0.383041 -0.449494
vn -0.885702 0.452643 -0.103180
vn -0.779964 0.617503 -0.101720
vn -0.706078 0.535754 -0.463056
vn -0.779964 0.617503 -0.101720
vn -0.723064 0.679740 -0.123009
vn -0.670731 0.575398 -0.468014
vn -0.670731 0.575398 -0.468014
vn -0.723064 0.679740 -0.123009
vn -0.727845 0.671639 -0.138354
vn -0.704651 0.548299 -0.450373
vn -0.704651 0.548299 -0.450373
vn -0.727845 0.671639 -0.138354
vn -0.772141 0.622271 -0.128755
vn -0.772879 0.478720 -0.416516
vn -0.772879 0.478720 -0.416516
vn -0.772141 0.622271 -0.128755
vn -0.828658 0.549778 -0.105210
vn -0.841816 0.395101 -0.367752
vn -0.841816 0.395101 -0.367752
vn -0.828658 0.549778 -0.105210
vn -0.875718 0.476553 -0.077553
vn -0.890912 0.325110 -0.317143
vn -0.890912 0.325110 -0.317143
vn -0.875718 0.476553 -0.077553
vn -0.909126 0.413943 -0.046269
vn -0.921022 0.273876 -0.276967
vn -0.921022 0.273876 -0.276967
vn -0.909126 0.413943 -0.046269
vn -0.928291 0.371450 -0.017359
vn -0.936914 0.241612 -0.252619
vn -0.936914 0.241612 -0.252619
vn -0.928291 0.371450 -0.017359
vn -0.938496 0.345289 0.001131
vn -0.941685 0.227277 -0.248140
vn -0.941685 0.227277 -0.248140
vn -0.938496 0.345289 0.001131
vn -0.947505 0.319712 0.004368
vn -0.939844 0.214780 -0.265637
vn -0.939844 0.214780 -0.265637
vn -0.947505 0.319712 0.004368
vn -0.954569 0.297886 -0.007845
vn -0.933157 0.197023 -0.300665
vn -0.933157 0.197023 -0.300665
vn -0.954569 0.297886 -0.007845
vn -0.954432 0.296797 -0.031158
vn -0.919968 0.187184 -0.344416
vn -0.919968 0.187184 -0.344416
vn -0.954432 0.296797 -0.031158
vn -0.947390 0.313790 -0.063155
vn -0.900349 0.189059 -0.391954
vn -0.900349 0.189059 -0.391954
vn -0.947390 0.313790 -0.063155
vn -0.936107 0.338363 -0.095985
vn -0.881500 0.198565 -0.428404
vn -0.723064 0.679740 -0.123009
vn -0.779964 0.617503 -0.101720
vn -0.763122 0.601364 0.236656
vn -0.703972 0.675903 0.218124
vn -0.723064 0.679740 -0.123009
vn -0.703972 0.675903 0.218124
vn -0.694825 0.691375 0.198037
vn -0.727845 0.671639 -0.138354
vn -0.727845 0.671639 -0.138354
vn -0.694825 0.691375 0.198037
vn -0.720856 0.668215 0.183997
vn -0.772141 0.622271 -0.128755
vn -0.772141 0.622271 -0.128755
vn -0.720856 0.668215 0.183997
vn -0.764670 0.619651 0.176955
vn -0.828658 0.549778 -0.105210
vn -0.828658 0.549778 -0.105210
vn -0.764670 0.619651 0.176955
vn -0.807863 0.561124 0.180272
vn -0.875718 0.476553 -0.077553
vn -0.875718 0.476553 -0.077553
vn -0.807863 0.561124 0.180272
vn -0.840476 0.504764 0.197009
vn -0.909126 0.413943 -0.046269
vn -0.909126 0.413943 -0.046269
vn -0.840476 0.504764 0.197009
vn -0.859574 0.460453 0.221620
vn -0.928291 0.371450 -0.017359
vn -0.928291 0.371450 -0.017359
vn -0.859574 0.460453 0.221620
vn -0.871666 0.425580 0.243064
vn -0.938496 0.345289 0.001131
vn -0.938496 0.345289 0.001131
vn -0.871666 0.425580 0.243064
vn -0.885557 0.387672 0.255929
vn -0.947505 0.319712 0.004368
vn -0.947505 0.319712 0.004368
vn -0.885557 0.387672 0.255929
vn -0.897014 0.358371 0.258721
vn -0.954569 0.297886 -0.007845
vn -0.954569 0.297886 -0.007845
vn -0.897014 0.358371 0.258721
vn -0.897920 0.359717 0.253660
vn -0.954432 0.296797 -0.031158
vn -0.954432 0.296797 -0.031158
vn -0.897920 0.359717 0.253660
vn -0.889852 0.384576 0.245488
vn -0.947390 0.313790 -0.063155
vn -0.694825 0.691375 0.198037
vn -0.525510 0.542390 0.655479
vn -0.536979 0.563519 0.627774
vn -0.720856 0.668215 0.183997
vn -0.694825 0.691375 0.198037
vn -0.703972 0.675903 0.218124
vn -0.539776 0.507697 0.671480
vn -0.525510 0.542390 0.655479
vn -0.720856 0.668215 0.183997
vn -0.536979 0.563519 0.627774
vn -0.566840 0.571927 0.592952
vn -0.764670 0.619651 0.176955
vn -0.764670 0.619651 0.176955
vn -0.566840 0.571927 0.592952
vn -0.601912 0.559811 0.569486
vn -0.807863 0.561124 0.180272
vn -0.807863 0.561124 0.180272
vn -0.601912 0.559811 0.569486
vn -0.632413 0.529521 0.565386
vn -0.840476 0.504764 0.197009
vn -0.840476 0.504764 0.197009
vn -0.632413 0.529521 0.565386
vn -0.651905 0.495456 0.574059
vn -0.859574 0.460453 0.221620
vn -0.859574 0.460453 0.221620
vn -0.651905 0.495456 0.574059
vn -0.663988 0.460560 0.589071
vn -0.871666 0.425580 0.243064
vn -0.871666 0.425580 0.243064
vn -0.663988 0.460560 0.589071
vn -0.676661 0.416916 0.606887
vn -0.885557 0.387672 0.255929
vn -0.885557 0.387672 0.255929
vn -0.676661 0.416916 0.606887
vn -0.683153 0.380936 0.623049
vn -0.897014 0.358371 0.258721
vn -0.897014 0.358371 0.258721
vn -0.683153 0.380936 0.623049
vn -0.673767 0.382275 0.632380
vn -0.897920 0.359717 0.253660
vn -0.536979 0.563519 0.627774
vn -0.199841 0.271854 0.941360
vn -0.199743 0.343684 0.917597
vn -0.566840 0.571927 0.592952
vn -0.536979 0.563519 0.627774
vn -0.525510 0.542390 0.655479
vn -0.209115 0.209949 0.955088
vn -0.199841 0.271854 0.941360
vn -0.566840 0.571927 0.592952
vn -0.199743 0.343684 0.917597
vn -0.207533 0.391012 0.896683
vn -0.601912 0.559811 0.569486
vn -0.601912 0.559811 0.569486
vn -0.207533 0.391012 0.896683
vn -0.216606 0.399239 0.890893
vn -0.632413 0.529521 0.565386
vn -0.632413 0.529521 0.565386
vn -0.216606 0.399239 0.890893
vn -0.216692 0.386192 0.896605
vn -0.651905 0.495456 0.574059
vn -0.651905 0.495456 0.574059
vn -0.216692 0.386192 0.896605
vn -0.213799 0.360322 0.907997
vn -0.663988 0.460560 0.589071
vn -0.663988 0.460560 0.589071
vn -0.213799 0.360322 0.907997
vn -0.212938 0.318903 0.923557
vn -0.676661 0.416916 0.606887
vn -0.676661 0.416916 0.606887
vn -0.212938 0.318903 0.923557
vn -0.206087 0.281230 0.937250
vn -0.683153 0.380936 0.623049
vn -0.216606 0.399239 0.890893
vn -0.207533 0.391012 0.896683
vn 0.316015 0.047664 0.947556
vn 0.330510 0.094941 0.939015
vn 0.343428 0.106822 0.933084
vn -0.216692 0.386192 0.896605
vn -0.216606 0.399239 0.890893
vn 0.330510 0.094941 0.939015
vn 0.330510 0.094941 0.939015
vn 0.744278 -0.252813 0.618172
vn 0.762726 -0.230000 0.604441
vn 0.343428 0.106822 0.933084
vn 0.330510 0.094941 0.939015
vn 0.316015 0.047664 0.947556
vn 0.708716 -0.307378 0.635012
vn 0.744278 -0.252813 0.618172
vn -0.342562 -0.555357 -0.757779
vn -0.304293 -0.544673 -0.781497
vn -0.629889 -0.124104 -0.766706
vn -0.640822 -0.130736 -0.756476
vn -0.342562 -0.555357 -0.757779
vn -0.359804 -0.579909 -0.730922
vn 0.014174 -0.873111 -0.487316
vn 0.030885 -0.844934 -0.533978
vn -0.359804 -0.579909 -0.730922
vn -0.342562 -0.555357 -0.757779
vn -0.640822 -0.130736 -0.756476
vn -0.653619 -0.156863 -0.740389
vn -0.359804 -0.579909 -0.730922
vn -0.381447 -0.642069 -0.665015
vn -0.045822 -0.921562 -0.385519
vn 0.014174 -0.873111 -0.487316
vn -0.381447 -0.642069 -0.665015
vn -0.359804 -0.579909 -0.730922
vn -0.653619 -0.156863 -0.740389
vn -0.665112 -0.250354 -0.703526
vn -0.653619 -0.156863 -0.740389
vn -0.640822 -0.130736 -0.756476
vn -0.795966 0.337183 -0.502738
vn -0.790698 0.340282 -0.508925
vn -0.653619 -0.156863 -0.740389
vn -0.790698 0.340282 -0.508925
vn -0.813972 0.296517 -0.499528
vn -0.665112 -0.250354 -0.703526
vn -0.813972 0.296517 -0.499528
vn -0.864186 0.208983 -0.457722
vn -0.700104 -0.406752 -0.586863
vn -0.665112 -0.250354 -0.703526
vn -0.813972 0.296517 -0.499528
vn -0.720038 0.659352 -0.216335
vn -0.772763 0.595911 -0.218465
vn -0.864186 0.208983 -0.457722
vn -0.813972 0.296517 -0.499528
vn -0.790698 0.340282 -0.508925
vn -0.731983 0.640449 -0.232437
vn -0.720038 0.659352 -0.216335
vn -0.720038 0.659352 -0.216335
vn -0.731983 0.640449 -0.232437
vn -0.550700 0.831631 0.071551
vn -0.503898 0.859606 0.084640
vn -0.720038 0.659352 -0.216335
vn -0.503898 0.859606 0.084640
vn -0.550015 0.830647 0.086653
vn -0.772763 0.595911 -0.218465
vn -0.759425 -0.052399 0.648482
vn -0.726222 -0.111876 0.678296
vn -0.972032 0.064881 -0.225710
vn -0.978709 0.096925 -0.180925
vn -0.759425 -0.052399 0.648482
vn 0.434046 -0.369520 0.821620
vn 0.519938 -0.278268 0.807608
vn -0.726222 -0.111876 0.678296
vn -0.860324 -0.478308 0.176252
vn -0.854748 -0.490673 -0.169253
vn -0.321474 -0.942922 0.086900
vn -0.389808 -0.813615 0.431371
vn -0.860324 -0.478308 0.176252
vn -0.992149 -0.059240 -0.110138
vn -0.929212 -0.133422 -0.344620
vn -0.854748 -0.490673 -0.169253
vn -0.860324 -0.478308 0.176252
vn -0.818205 -0.124630 0.561256
vn -0.991567 0.001653 0.129583
vn -0.992149 -0.059240 -0.110138
vn -0.860324 -0.478308 0.176252
vn -0.389808 -0.813615 0.431371
vn -0.413096 -0.310511 0.856116
vn -0.818205 -0.124630 0.561256
vn -0.321474 -0.942922 0.086900
vn -0.854748 -0.490673 -0.169253
vn -0.548744 -0.645456 -0.531288
vn -0.221565 -0.949061 -0.224034
vn 0.135430 -0.505131 0.852351
vn -0.413096 -0.310511 0.856116
vn -0.389808 -0.813615 0.431371
vn 0.167057 -0.906677 0.387336
vn -0.854748 -0.490673 -0.169253
vn -0.929212 -0.133422 -0.344620
vn -0.563792 -0.373908 -0.736431
vn -0.548744 -0.645456 -0.531288
vn -0.563792 -0.373908 -0.736431
vn -0.929212 -0.133422 -0.344620
vn -0.901668 0.139976 -0.409148
vn -0.533782 -0.126015 -0.836180
vn -0.929212 -0.133422 -0.344620
vn -0.992149 -0.059240 -0.110138
vn -0.969396 0.215040 -0.118442
vn -0.901668 0.139976 -0.409148
vn -0.901668 0.139976 -0.409148
vn -0.969396 0.215040 -0.118442
vn -0.885702 0.452643 -0.103180
vn -0.806991 0.383041 -0.449494
vn -0.992149 -0.059240 -0.110138
vn -0.991567 0.001653 0.129583
vn -0.950270 0.239801 0.198705
vn -0.969396 0.215040 -0.118442
vn -0.969396 0.215040 -0.118442
vn -0.950270 0.239801 0.198705
vn -0.864389 0.446394 0.231440
vn -0.885702 0.452643 -0.103180
vn -0.885702 0.452643 -0.103180
vn -0.864389 0.446394 0.231440
vn -0.763122 0.601364 0.236656
vn -0.779964 0.617503 -0.101720
vn -0.864389 0.446394 0.231440
vn -0.670418 0.328052 0.665523
vn -0.587735 0.438348 0.680014
vn -0.763122 0.601364 0.236656
vn -0.763122 0.601364 0.236656
vn -0.587735 0.438348 0.680014
vn -0.539776 0.507697 0.671480
vn -0.703972 0.675903 0.218124
vn -0.539776 0.507697 0.671480
vn -0.220664 0.162863 0.961656
vn -0.209115 0.209949 0.955088
vn -0.525510 0.542390 0.655479
vn -0.855579 0.464996 0.227514
vn -0.760578 0.459350 0.458823
vn -0.992937 0.030618 -0.114625
vn -0.921905 0.269931 -0.277900
vn 0.835256 0.215379 -0.505925
vn 0.814958 0.579182 -0.019798
vn 0.780783 0.622370 -0.055073
vn 0.769213 0.292776 -0.567973
vn 0.835256 0.215379 -0.505925
vn 0.872887 0.175581 -0.455236
vn 0.840471 0.541433 0.021423
vn 0.814958 0.579182 -0.019798
vn 0.769213 0.292776 -0.567973
vn 0.780783 0.622370 -0.055073
vn 0.733417 0.675642 -0.074884
vn 0.683737 0.398724 -0.611165
vn 0.683737 0.398724 -0.611165
vn 0.733417 0.675642 -0.074884
vn 0.679336 0.730239 -0.072486
vn 0.601634 0.506342 -0.617782
vn 0.980041 0.153737 0.126033
vn 0.980631 0.172827 0.092164
vn 0.745901 0.124522 0.654313
vn 0.749127 0.134859 0.648554
vn 0.980041 0.153737 0.126033
vn 0.886059 0.095573 -0.453613
vn 0.867648 0.137745 -0.477718
vn 0.980631 0.172827 0.092164
vn 0.980041 0.153737 0.126033
vn 0.971463 0.198281 0.130174
vn 0.893688 0.097672 -0.437928
vn 0.886059 0.095573 -0.453613
vn 0.980041 0.153737 0.126033
vn 0.749127 0.134859 0.648554
vn 0.751755 0.204200 0.627030
vn 0.971463 0.198281 0.130174
vn 0.971463 0.198281 0.130174
vn 0.947615 0.296277 0.119352
vn 0.896557 0.113053 -0.428257
vn 0.893688 0.097672 -0.437928
vn 0.971463 0.198281 0.130174
vn 0.751755 0.204200 0.627030
vn 0.735319 0.341262 0.585531
vn 0.947615 0.296277 0.119352
vn 0.947615 0.296277 0.119352
vn 0.735319 0.341262 0.585531
vn 0.695388 0.490505 0.525205
vn 0.909218 0.405287 0.095216
vn 0.947615 0.296277 0.119352
vn 0.909218 0.405287 0.095216
vn 0.895700 0.133646 -0.424100
vn 0.896557 0.113053 -0.428257
vn 0.909218 0.405287 0.095216
vn 0.695388 0.490505 0.525205
vn 0.647072 0.597097 0.474102
vn 0.870571 0.488121 0.062007
vn 0.909218 0.405287 0.095216
vn 0.870571 0.488121 0.062007
vn 0.890299 0.153141 -0.428853
vn 0.895700 0.133646 -0.424100
vn 0.870571 0.488121 0.062007
vn 0.647072 0.597097 0.474102
vn 0.613138 0.651990 0.446061
vn 0.840471 0.541433 0.021423
vn 0.870571 0.488121 0.062007
vn 0.840471 0.541433 0.021423
vn 0.872887 0.175581 -0.455236
vn 0.890299 0.153141 -0.428853
vn 0.840471 0.541433 0.021423
vn 0.613138 0.651990 0.446061
vn 0.593036 0.671631 0.444095
vn 0.814958 0.579182 -0.019798
vn 0.814958 0.579182 -0.019798
vn 0.593036 0.671631 0.444095
vn 0.577662 0.675937 0.457620
vn 0.780783 0.622370 -0.055073
vn 0.780783 0.622370 -0.055073
vn 0.577662 0.675937 0.457620
vn 0.565536 0.677976 0.469592
vn 0.733417 0.675642 -0.074884
vn 0.733417 0.675642 -0.074884
vn 0.565536 0.677976 0.469592
vn 0.552423 0.681967 0.479323
vn 0.679336 0.730239 -0.072486
vn 0.679336 0.730239 -0.072486
vn 0.552423 0.681967 0.479323
vn 0.530373 0.690304 0.492123
vn 0.624128 0.779683 -0.050588
vn 0.624128 0.779683 -0.050588
vn 0.530373 0.690304 0.492123
vn 0.497247 0.705841 0.504513
vn 0.568874 0.822355 -0.010730
vn 0.568874 0.822355 -0.010730
vn 0.497247 0.705841 0.504513
vn 0.457209 0.732759 0.504008
vn 0.511708 0.858883 0.021798
vn 0.633543 0.496012 0.593798
vn 0.906627 0.418988 0.049766
vn 0.826460 0.562887 0.011020
vn 0.535213 0.684485 0.495002
vn 0.633543 0.496012 0.593798
vn 0.697016 0.343003 0.629696
vn 0.944530 0.325663 0.042517
vn 0.906627 0.418988 0.049766
vn 0.697016 0.343003 0.629696
vn 0.725649 0.245787 0.642669
vn 0.955517 0.292694 0.036298
vn 0.944530 0.325663 0.042517
vn 0.725649 0.245787 0.642669
vn 0.735872 0.183818 0.651693
vn 0.970791 0.233535 0.055019
vn 0.955517 0.292694 0.036298
vn 0.735872 0.183818 0.651693
vn 0.741204 0.143362 0.655793
vn 0.980209 0.185554 0.068986
vn 0.970791 0.233535 0.055019
vn 0.741204 0.143362 0.655793
vn 0.745901 0.124522 0.654313
vn 0.980631 0.172827 0.092164
vn 0.980209 0.185554 0.068986
vn -0.196731 0.503291 0.841424
vn -0.082454 0.313207 0.946099
vn 0.298242 0.074509 0.951578
vn 0.132241 0.077449 0.988187
vn -0.196731 0.503291 0.841424
vn -0.329488 0.592787 0.734875
vn -0.367423 0.455148 0.811074
vn -0.082454 0.313207 0.946099
vn 0.913333 -0.405783 0.034112
vn 0.706111 -0.703107 -0.083952
vn 0.590189 -0.496435 0.636576
vn 0.742101 -0.254190 0.620220
vn 0.913333 -0.405783 0.034112
vn 0.795768 -0.352426 -0.492492
vn 0.565097 -0.555427 -0.610053
vn 0.706111 -0.703107 -0.083952
vn 0.325667 -0.702428 0.632879
vn -0.492241 -0.542692 0.680577
vn -0.529458 -0.726623 0.437828
vn 0.191697 -0.809991 0.554227
vn 0.191697 -0.809991 0.554227
vn -0.529458 -0.726623 0.437828
vn -0.579188 -0.732393 0.357968
vn 0.136823 -0.833703 0.534994
vn 0.136823 -0.833703 0.534994
vn -0.579188 -0.732393 0.357968
vn -0.648127 -0.643147 0.407791
vn 0.009750 -0.818024 0.575102
vn 0.009750 -0.818024 0.575102
vn -0.648127 -0.643147 0.407791
vn -0.727526 -0.504495 0.464962
vn -0.058711 -0.749260 0.659668
vn -0.058711 -0.749260 0.659668
vn -0.727526 -0.504495 0.464962
vn -0.641051 0.073734 0.763949
vn -0.028731 -0.320654 0.946761
vn -0.028731 -0.320654 0.946761
vn -0.641051 0.073734 0.763949
vn -0.624839 0.334890 0.705283
vn -0.127475 -0.230897 0.964592
vn -0.127475 -0.230897 0.964592
vn -0.624839 0.334890 0.705283
vn -0.520541 0.466052 0.715425
vn -0.164538 -0.174309 0.970847
vn -0.164538 -0.174309 0.970847
vn -0.520541 0.466052 0.715425
vn -0.577482 0.426104 0.696384
vn -0.193968 -0.151751 0.969200
vn -0.193968 -0.151751 0.969200
vn -0.577482 0.426104 0.696384
vn -0.540048 0.410772 0.734585
vn -0.144820 -0.218805 0.964962
vn -0.727526 -0.504495 0.464962
vn -0.995035 0.096034 -0.026133
vn -0.859435 0.505298 0.077752
vn -0.641051 0.073734 0.763949
vn -0.641051 0.073734 0.763949
vn -0.859435 0.505298 0.077752
vn -0.683220 0.728583 0.048756
vn -0.624839 0.334890 0.705283
vn -0.624839 0.334890 0.705283
vn -0.683220 0.728583 0.048756
vn -0.547980 0.818412 0.172975
vn -0.520541 0.466052 0.715425
vn -0.995035 0.096034 -0.026133
vn -0.528304 0.632106 -0.566866
vn -0.479708 0.621404 -0.619465
vn -0.859435 0.505298 0.077752
vn 0.534161 0.645573 0.545810
vn 0.471799 0.560292 0.680793
vn 0.160371 0.846544 0.507587
vn 0.154113 0.934252 0.321594
vn -0.602075 -0.115679 -0.790015
vn -0.865297 0.217082 -0.451815
vn -0.848700 0.252768 -0.464561
vn -0.609044 -0.118415 -0.784247
vn -0.609044 -0.118415 -0.784247
vn -0.848700 0.252768 -0.464561
vn -0.829046 0.294000 -0.475653
vn -0.619878 -0.117766 -0.775811
vn -0.619878 -0.117766 -0.775811
vn -0.829046 0.294000 -0.475653
vn -0.810471 0.321460 -0.489693
vn -0.629889 -0.124104 -0.766706
vn -0.629889 -0.124104 -0.766706
vn -0.810471 0.321460 -0.489693
vn -0.795966 0.337183 -0.502738
vn -0.640822 -0.130736 -0.756476
vn -0.881500 0.198565 -0.428404
vn -0.936107 0.338363 -0.095985
vn -0.916624 0.379567 -0.125416
vn -0.865297 0.217082 -0.451815
vn -0.865297 0.217082 -0.451815
vn -0.916624 0.379567 -0.125416
vn -0.883084 0.444497 -0.150287
vn -0.848700 0.252768 -0.464561
vn -0.848700 0.252768 -0.464561
vn -0.883084 0.444497 -0.150287
vn -0.841185 0.510778 -0.177520
vn -0.829046 0.294000 -0.475653
vn -0.829046 0.294000 -0.475653
vn -0.841185 0.510778 -0.177520
vn -0.801122 0.561875 -0.206155
vn -0.810471 0.321460 -0.489693
vn -0.810471 0.321460 -0.489693
vn -0.801122 0.561875 -0.206155
vn -0.765233 0.602282 -0.227321
vn -0.795966 0.337183 -0.502738
vn -0.795966 0.337183 -0.502738
vn -0.765233 0.602282 -0.227321
vn -0.731983 0.640449 -0.232437
vn -0.790698 0.340282 -0.508925
vn -0.947390 0.313790 -0.063155
vn -0.889852 0.384576 0.245488
vn -0.875456 0.421728 0.236055
vn -0.936107 0.338363 -0.095985
vn -0.936107 0.338363 -0.095985
vn -0.875456 0.421728 0.236055
vn -0.846924 0.483162 0.221977
vn -0.916624 0.379567 -0.125416
vn -0.916624 0.379567 -0.125416
vn -0.846924 0.483162 0.221977
vn -0.798525 0.569285 0.195633
vn -0.883084 0.444497 -0.150287
vn -0.883084 0.444497 -0.150287
vn -0.798525 0.569285 0.195633
vn -0.738793 0.655589 0.156169
vn -0.841185 0.510778 -0.177520
vn -0.841185 0.510778 -0.177520
vn -0.738793 0.655589 0.156169
vn -0.677633 0.726604 0.113401
vn -0.801122 0.561875 -0.206155
vn -0.801122 0.561875 -0.206155
vn -0.677633 0.726604 0.113401
vn -0.615522 0.783888 0.081557
vn -0.765233 0.602282 -0.227321
vn -0.765233 0.602282 -0.227321
vn -0.615522 0.783888 0.081557
vn -0.550700 0.831631 0.071551
vn -0.731983 0.640449 -0.232437
vn -0.897920 0.359717 0.253660
vn -0.673767 0.382275 0.632380
vn -0.653971 0.409810 0.635907
vn -0.889852 0.384576 0.245488
vn -0.889852 0.384576 0.245488
vn -0.653971 0.409810 0.635907
vn -0.623966 0.454165 0.635925
vn -0.875456 0.421728 0.236055
vn -0.875456 0.421728 0.236055
vn -0.623966 0.454165 0.635925
vn -0.576947 0.524008 0.626537
vn -0.846924 0.483162 0.221977
vn -0.846924 0.483162 0.221977
vn -0.576947 0.524008 0.626537
vn -0.514950 0.614431 0.597747
vn -0.798525 0.569285 0.195633
vn -0.798525 0.569285 0.195633
vn -0.514950 0.614431 0.597747
vn -0.451569 0.704693 0.547259
vn -0.738793 0.655589 0.156169
vn -0.738793 0.655589 0.156169
vn -0.451569 0.704693 0.547259
vn -0.393173 0.780364 0.486259
vn -0.677633 0.726604 0.113401
vn -0.677633 0.726604 0.113401
vn -0.393173 0.780364 0.486259
vn -0.346141 0.836677 0.424450
vn -0.615522 0.783888 0.081557
vn -0.615522 0.783888 0.081557
vn -0.346141 0.836677 0.424450
vn -0.309277 0.875399 0.371516
vn -0.550700 0.831631 0.071551
vn -0.550700 0.831631 0.071551
vn -0.309277 0.875399 0.371516
vn -0.304667 0.892715 0.332020
vn -0.503898 0.859606 0.084640
vn -0.503898 0.859606 0.084640
vn -0.304667 0.892715 0.332020
vn -0.447196 0.851506 0.273774
vn -0.550015 0.830647 0.086653
vn -0.683153 0.380936 0.623049
vn -0.206087 0.281230 0.937250
vn -0.188475 0.275974 0.942505
vn -0.673767 0.382275 0.632380
vn -0.673767 0.382275 0.632380
vn -0.188475 0.275974 0.942505
vn -0.168897 0.295726 0.940224
vn -0.653971 0.409810 0.635907
vn -0.653971 0.409810 0.635907
vn -0.168897 0.295726 0.940224
vn -0.147222 0.339412 0.929045
vn -0.623966 0.454165 0.635925
vn -0.623966 0.454165 0.635925
vn -0.147222 0.339412 0.929045
vn -0.116296 0.408446 0.905343
vn -0.576947 0.524008 0.626537
vn -0.576947 0.524008 0.626537
vn -0.116296 0.408446 0.905343
vn -0.079272 0.492441 0.866728
vn -0.514950 0.614431 0.597747
vn -0.514950 0.614431 0.597747
vn -0.079272 0.492441 0.866728
vn -0.044240 0.576580 0.815842
vn -0.451569 0.704693 0.547259
vn 0.380403 -0.906744 0.181959
vn 0.260418 -0.917486 0.300667
vn -0.118538 -0.990357 0.071711
vn -0.032144 -0.996416 -0.078248
vn 0.380403 -0.906744 0.181959
vn 0.812283 -0.324052 0.484960
vn 0.719533 -0.432987 0.542950
vn 0.260418 -0.917486 0.300667
vn 0.260418 -0.917486 0.300667
vn 0.170748 -0.707935 0.685327
vn -0.329136 -0.840793 0.429811
vn -0.118538 -0.990357 0.071711
vn 0.260418 -0.917486 0.300667
vn 0.719533 -0.432987 0.542950
vn 0.613879 -0.338771 0.713012
vn 0.170748 -0.707935 0.685327
vn -0.420163 -0.755535 0.502623
vn -0.329136 -0.840793 0.429811
vn 0.170748 -0.707935 0.685327
vn 0.127053 -0.631788 0.764658
vn 0.170748 -0.707935 0.685327
vn 0.613879 -0.338771 0.713012
vn 0.568285 -0.308779 0.762698
vn 0.127053 -0.631788 0.764658
vn 0.127053 -0.631788 0.764658
vn 0.137391 -0.715538 0.684930
vn -0.418287 -0.767162 0.486311
vn -0.420163 -0.755535 0.502623
vn 0.127053 -0.631788 0.764658
vn 0.568285 -0.308779 0.762698
vn 0.571688 -0.447587 0.687633
vn 0.137391 -0.715538 0.684930
vn 0.137391 -0.715538 0.684930
vn 0.571688 -0.447587 0.687633
vn 0.579397 -0.594797 0.557239
vn 0.175857 -0.792503 0.583964
vn 0.137391 -0.715538 0.684930
vn 0.175857 -0.792503 0.583964
vn -0.332210 -0.819391 0.467156
vn -0.418287 -0.767162 0.486311
vn -0.332210 -0.819391 0.467156
vn 0.175857 -0.792503 0.583964
vn 0.179888 -0.669196 0.720983
vn -0.339070 -0.735342 0.586774
vn 0.179888 -0.669196 0.720983
vn 0.162029 -0.219908 0.961971
vn -0.390515 -0.394848 0.831621
vn -0.339070 -0.735342 0.586774
vn 0.162029 -0.219908 0.961971
vn 0.124192 -0.057706 0.990579
vn -0.439252 -0.260771 0.859684
vn -0.390515 -0.394848 0.831621
vn -0.665748 -0.669524 0.329419
vn -0.720607 -0.565971 0.400502
vn 0.445658 0.534239 0.718316
vn 0.367161 0.519127 0.771816
vn -0.665748 -0.669524 0.329419
vn -0.544497 -0.547925 -0.635060
vn -0.381750 -0.400633 -0.832923
vn -0.720607 -0.565971 0.400502
vn -0.544497 -0.547925 -0.635060
vn 0.522450 0.669708 -0.527766
vn 0.723889 0.581755 -0.370872
vn -0.381750 -0.400633 -0.832923
vn -0.378861 0.824424 0.420463
vn -0.007960 0.348664 0.937214
vn 0.584786 -0.158394 0.795573
vn -0.387347 0.065879 0.919577
vn -0.540260 0.312780 0.781209
vn -0.378861 0.824424 0.420463
vn 0.726351 0.672722 -0.140923
vn -0.427449 0.576707 0.696202
vn -0.007960 0.348664 0.937214
vn -0.378861 0.824424 0.420463
vn -0.827000 0.469255 -0.309630
vn 0.205805 0.709582 -0.673898
vn 0.726351 0.672722 -0.140923
vn -0.387347 0.065879 0.919577
vn 0.584786 -0.158394 0.795573
vn 0.798134 -0.394422 0.455426
vn 0.278103 -0.528160 0.802313
vn 0.432749 0.362554 0.825399
vn -0.427449 0.576707 0.696202
vn 0.726351 0.672722 -0.140923
vn 0.969491 0.044418 -0.241069
vn 0.438212 -0.313702 -0.842355
vn 0.131578 -0.116894 -0.984390
vn 0.366826 -0.158999 -0.916601
vn 0.547102 -0.220155 -0.807596
vn 0.438212 -0.313702 -0.842355
vn 0.547102 -0.220155 -0.807596
vn 0.657935 -0.298472 -0.691402
vn 0.601556 -0.436338 -0.669134
vn -0.089564 -0.880601 -0.465317
vn 0.200091 -0.892438 -0.404373
vn 0.219812 -0.858684 -0.462974
vn -0.072061 -0.855071 -0.513478
vn -0.089564 -0.880601 -0.465317
vn -0.099646 -0.909060 -0.404575
vn 0.168551 -0.931383 -0.322671
vn 0.200091 -0.892438 -0.404373
vn -0.089564 -0.880601 -0.465317
vn -0.385775 -0.782371 -0.488952
vn -0.368687 -0.809968 -0.456093
vn -0.099646 -0.909060 -0.404575
vn -0.089564 -0.880601 -0.465317
vn -0.072061 -0.855071 -0.513478
vn -0.357889 -0.774797 -0.521158
vn -0.385775 -0.782371 -0.488952
vn 0.108428 -0.971576 -0.210438
vn 0.301524 -0.947023 -0.110595
vn 0.386338 -0.894443 -0.225200
vn 0.168551 -0.931383 -0.322671
vn 0.108428 -0.971576 -0.210438
vn 0.043759 -0.991552 -0.122105
vn 0.227028 -0.973346 -0.032481
vn 0.301524 -0.947023 -0.110595
vn 0.108428 -0.971576 -0.210438
vn 0.168551 -0.931383 -0.322671
vn -0.099646 -0.909060 -0.404575
vn -0.134349 -0.942119 -0.307185
vn 0.089541 0.232484 -0.968470
vn -0.118499 0.902777 -0.413463
vn -0.232697 0.837227 -0.494876
vn 0.135599 0.212003 -0.967816
vn 0.089541 0.232484 -0.968470
vn 0.702218 -0.161548 -0.693392
vn 0.842264 0.539034 -0.005771
vn -0.118499 0.902777 -0.413463
vn 0.288137 0.819589 -0.495229
vn 0.182352 0.583294 -0.791528
vn -0.869302 0.420074 -0.260484
vn -0.632177 0.752761 -0.183585
vn 0.288137 0.819589 -0.495229
vn -0.632177 0.752761 -0.183585
vn -0.588173 0.408427 0.698026
vn 0.370467 0.510643 0.775885
vn -0.381830 0.521251 0.763219
vn -0.479211 0.523825 0.704248
vn 0.126271 -0.310483 0.942155
vn 0.228908 -0.303772 0.924837
vn -0.381830 0.521251 0.763219
vn -0.528634 0.844398 -0.086824
vn -0.591884 0.797532 -0.116687
vn -0.479211 0.523825 0.704248
vn -0.381830 0.521251 0.763219
vn -0.105568 0.786502 0.608498
vn -0.365412 0.929651 -0.047157
vn -0.528634 0.844398 -0.086824
vn -0.381830 0.521251 0.763219
vn 0.228908 -0.303772 0.924837
vn 0.531994 -0.160052 0.831484
vn -0.105568 0.786502 0.608498
vn 0.893393 -0.153098 -0.422386
vn 0.751426 -0.061879 -0.656910
vn 0.612132 -0.446299 -0.652772
vn 0.757312 -0.556868 -0.341139
vn 0.561118 -0.510882 0.651265
vn 0.674129 -0.711020 0.200002
vn 0.759003 -0.618633 0.202994
vn 0.645484 -0.401602 0.649666
vn 0.645484 -0.401602 0.649666
vn 0.759003 -0.618633 0.202994
vn 0.821599 -0.533575 0.200680
vn 0.708716 -0.307378 0.635012
vn 0.708716 -0.307378 0.635012
vn 0.821599 -0.533575 0.200680
vn 0.857644 -0.474692 0.197774
vn 0.744278 -0.252813 0.618172
vn 0.744278 -0.252813 0.618172
vn 0.857644 -0.474692 0.197774
vn 0.874531 -0.443331 0.196605
vn 0.762726 -0.230000 0.604441
vn 0.762726 -0.230000 0.604441
vn 0.874531 -0.443331 0.196605
vn 0.877796 -0.436732 0.196822
vn 0.767384 -0.234009 0.596960
vn 0.875758 -0.442701 0.192523
vn 0.877796 -0.436732 0.196822
vn 0.839752 -0.536918 -0.080838
vn 0.845696 -0.527700 -0.079566
vn 0.875758 -0.442701 0.192523
vn 0.845696 -0.527700 -0.079566
vn 0.841357 -0.533638 -0.085728
vn 0.869249 -0.458243 0.185526
vn 0.869249 -0.458243 0.185526
vn 0.841357 -0.533638 -0.085728
vn 0.829038 -0.550949 -0.095662
vn 0.859379 -0.478726 0.179691
vn 0.859379 -0.478726 0.179691
vn 0.829038 -0.550949 -0.095662
vn 0.805224 -0.584291 -0.101087
vn 0.842483 -0.507267 0.181389
vn 0.842483 -0.507267 0.181389
vn 0.805224 -0.584291 -0.101087
vn 0.767354 -0.634348 -0.093646
vn 0.818317 -0.539524 0.198170
vn 0.818317 -0.539524 0.198170
vn 0.767354 -0.634348 -0.093646
vn 0.732029 -0.677532 -0.071300
vn 0.796849 -0.558886 0.229516
vn 0.547102 -0.220155 -0.807596
vn 0.726351 0.672722 -0.140923
vn 0.205805 0.709582 -0.673898
vn 0.657935 -0.298472 -0.691402
vn 0.579397 -0.594797 0.557239
vn 0.571688 -0.447587 0.687633
vn 0.894042 0.069289 0.442593
vn 0.936830 -0.084086 0.339527
vn 0.936830 -0.084086 0.339527
vn 0.894042 0.069289 0.442593
vn 0.771419 0.633302 -0.061974
vn 0.793472 0.599229 -0.106429
vn 0.771419 0.633302 -0.061974
vn 0.345974 0.826455 -0.444156
vn 0.332614 0.860175 -0.386610
vn 0.793472 0.599229 -0.106429
vn 0.809424 0.566988 -0.152832
vn 0.793472 0.599229 -0.106429
vn 0.332614 0.860175 -0.386610
vn 0.392553 0.785734 -0.478043
vn 0.809424 0.566988 -0.152832
vn 0.392553 0.785734 -0.478043
vn 0.498720 0.517595 -0.695251
vn 0.837744 0.495558 -0.229361
vn 0.345974 0.826455 -0.444156
vn -0.194889 0.736453 -0.647808
vn -0.148421 0.843597 -0.516058
vn 0.332614 0.860175 -0.386610
vn 0.392553 0.785734 -0.478043
vn 0.332614 0.860175 -0.386610
vn -0.148421 0.843597 -0.516058
vn -0.123502 0.753041 -0.646279
vn 0.392553 0.785734 -0.478043
vn -0.123502 0.753041 -0.646279
vn -0.081765 0.340372 -0.936729
vn 0.498720 0.517595 -0.695251
vn -0.194889 0.736453 -0.647808
vn -0.626020 0.466161 -0.625134
vn -0.559424 0.644113 -0.521693
vn -0.148421 0.843597 -0.516058
vn -0.123502 0.753041 -0.646279
vn -0.148421 0.843597 -0.516058
vn -0.559424 0.644113 -0.521693
vn -0.580435 0.510430 -0.634474
vn -0.123502 0.753041 -0.646279
vn -0.580435 0.510430 -0.634474
vn -0.574004 0.062296 -0.816479
vn -0.081765 0.340372 -0.936729
vn -0.081765 0.340372 -0.936729
vn -0.574004 0.062296 -0.816479
vn -0.566581 -0.051198 -0.822414
vn -0.116362 0.149568 -0.981880
vn -0.626020 0.466161 -0.625134
vn -0.640396 0.296182 -0.708639
vn -0.885917 -0.158374 -0.435969
vn -0.917160 0.044604 -0.396016
vn -0.626020 0.466161 -0.625134
vn -0.194889 0.736453 -0.647808
vn -0.171262 0.654101 -0.736764
vn -0.640396 0.296182 -0.708639
vn -0.626020 0.466161 -0.625134
vn -0.917160 0.044604 -0.396016
vn -0.917453 0.192358 -0.348251
vn -0.559424 0.644113 -0.521693
vn -0.580435 0.510430 -0.634474
vn -0.559424 0.644113 -0.521693
vn -0.917453 0.192358 -0.348251
vn -0.926377 0.043236 -0.374108
vn -0.580435 0.510430 -0.634474
vn -0.926377 0.043236 -0.374108
vn -0.887454 -0.215804 -0.407252
vn -0.574004 0.062296 -0.816479
vn -0.574004 0.062296 -0.816479
vn -0.887454 -0.215804 -0.407252
vn -0.875505 -0.232939 -0.423356
vn -0.566581 -0.051198 -0.822414
vn -0.885100 -0.243229 -0.396785
vn -0.885917 -0.158374 -0.435969
vn -0.640396 0.296182 -0.708639
vn -0.691964 0.291060 -0.660659
vn -0.926377 0.043236 -0.374108
vn -0.815317 -0.543497 0.199672
vn -0.848721 -0.424504 0.315387
vn -0.887454 -0.215804 -0.407252
vn -0.887454 -0.215804 -0.407252
vn -0.848721 -0.424504 0.315387
vn -0.891360 -0.349189 0.289042
vn -0.875505 -0.232939 -0.423356
vn -0.875505 -0.232939 -0.423356
vn -0.891360 -0.349189 0.289042
vn -0.885607 -0.290714 0.362196
vn -0.938474 -0.112057 -0.326666
vn -0.815317 -0.543497 0.199672
vn -0.339070 -0.735342 0.586774
vn -0.390515 -0.394848 0.831621
vn -0.848721 -0.424504 0.315387
vn -0.848721 -0.424504 0.315387
vn -0.390515 -0.394848 0.831621
vn -0.439252 -0.260771 0.859684
vn -0.891360 -0.349189 0.289042
vn 0.247479 -0.776382 0.579642
vn 0.309194 -0.818056 0.484957
vn -0.053408 -0.944126 0.325228
vn -0.083009 -0.900381 0.427111
vn 0.204758 -0.710850 0.672879
vn 0.247479 -0.776382 0.579642
vn -0.083009 -0.900381 0.427111
vn -0.124605 -0.803551 0.582047
vn 0.247479 -0.776382 0.579642
vn 0.204758 -0.710850 0.672879
vn 0.566931 -0.459400 0.683769
vn 0.572754 -0.486761 0.659558
vn 0.247479 -0.776382 0.579642
vn 0.572754 -0.486761 0.659558
vn 0.631398 -0.512664 0.581818
vn 0.309194 -0.818056 0.484957
vn 0.572754 -0.486761 0.659558
vn 0.566931 -0.459400 0.683769
vn 0.848610 -0.077029 0.523380
vn 0.828150 -0.038789 0.559163
vn 0.572754 -0.486761 0.659558
vn 0.828150 -0.038789 0.559163
vn 0.845379 -0.061748 0.530587
vn 0.631398 -0.512664 0.581818
vn 0.828150 -0.038789 0.559163
vn 0.848610 -0.077029 0.523380
vn 0.933333 0.319105 0.164505
vn 0.877661 0.405828 0.254980
vn 0.828150 -0.038789 0.559163
vn 0.877661 0.405828 0.254980
vn 0.850758 0.430422 0.301577
vn 0.845379 -0.061748 0.530587
vn 0.152358 0.401642 0.903034
vn -0.732380 -0.426113 0.531081
vn -0.110585 -0.680694 0.724173
vn 0.743492 -0.430135 0.512058
vn -0.687800 -0.496991 0.529084
vn -0.671738 -0.587889 0.450726
vn -0.856485 -0.356243 0.373529
vn -0.871785 -0.246578 0.423308
vn -0.456520 -0.742776 0.489768
vn -0.441308 -0.808650 0.389015
vn -0.659741 -0.658035 0.362948
vn -0.671738 -0.587889 0.450726
vn -0.671738 -0.587889 0.450726
vn -0.659741 -0.658035 0.362948
vn -0.844975 -0.432719 0.314279
vn -0.856485 -0.356243 0.373529
vn -0.856485 -0.356243 0.373529
vn -0.844975 -0.432719 0.314279
vn -0.977934 -0.049161 0.203046
vn -0.975131 0.020947 0.220635
vn -0.179101 -0.896250 0.405782
vn -0.159570 -0.939563 0.302918
vn -0.429736 -0.853914 0.293527
vn -0.441308 -0.808650 0.389015
vn -0.441308 -0.808650 0.389015
vn -0.429736 -0.853914 0.293527
vn -0.657925 -0.699213 0.279707
vn -0.659741 -0.658035 0.362948
vn -0.659741 -0.658035 0.362948
vn -0.657925 -0.699213 0.279707
vn -0.847492 -0.466758 0.252773
vn -0.844975 -0.432719 0.314279
vn -0.844975 -0.432719 0.314279
vn -0.847492 -0.466758 0.252773
vn -0.980249 -0.086530 0.177834
vn -0.977934 -0.049161 0.203046
vn -0.977934 -0.049161 0.203046
vn -0.980249 -0.086530 0.177834
vn -0.916906 0.397329 0.037597
vn -0.908883 0.415874 0.031307
vn 0.098968 -0.947478 0.304124
vn 0.102416 -0.971753 0.212620
vn -0.149528 -0.966307 0.209506
vn -0.159570 -0.939563 0.302918
vn -0.159570 -0.939563 0.302918
vn -0.149528 -0.966307 0.209506
vn -0.421624 -0.884594 0.199317
vn -0.429736 -0.853914 0.293527
vn -0.429736 -0.853914 0.293527
vn -0.421624 -0.884594 0.199317
vn -0.661919 -0.726139 0.185972
vn -0.657925 -0.699213 0.279707
vn -0.657925 -0.699213 0.279707
vn -0.661919 -0.726139 0.185972
vn -0.859146 -0.484120 0.165822
vn -0.847492 -0.466758 0.252773
vn -0.847492 -0.466758 0.252773
vn -0.859146 -0.484120 0.165822
vn -0.987123 -0.109747 0.116374
vn -0.980249 -0.086530 0.177834
vn -0.980249 -0.086530 0.177834
vn -0.987123 -0.109747 0.116374
vn -0.930084 0.366885 0.018422
vn -0.916906 0.397329 0.037597
vn 0.345047 -0.915213 0.208151
vn 0.341451 -0.928136 0.148238
vn 0.104414 -0.986591 0.125445
vn 0.102416 -0.971753 0.212620
vn 0.102416 -0.971753 0.212620
vn 0.104414 -0.986591 0.125445
vn -0.135586 -0.985941 0.097656
vn -0.149528 -0.966307 0.209506
vn -0.149528 -0.966307 0.209506
vn -0.135586 -0.985941 0.097656
vn -0.400721 -0.914084 0.062231
vn -0.421624 -0.884594 0.199317
vn -0.421624 -0.884594 0.199317
vn -0.400721 -0.914084 0.062231
vn -0.652249 -0.757509 0.027411
vn -0.661919 -0.726139 0.185972
vn -0.661919 -0.726139 0.185972
vn -0.652249 -0.757509 0.027411
vn -0.862277 -0.506437 0.000046
vn -0.859146 -0.484120 0.165822
vn -0.859146 -0.484120 0.165822
vn -0.862277 -0.506437 0.000046
vn -0.991522 -0.127055 -0.027238
vn -0.987123 -0.109747 0.116374
vn -0.930084 0.366885 0.018422
vn -0.680533 0.729286 -0.070828
vn -0.693114 0.717367 -0.070552
vn -0.916906 0.397329 0.037597
vn -0.693114 0.717367 -0.070552
vn -0.680533 0.729286 -0.070828
vn -0.433039 0.896043 -0.097896
vn -0.485446 0.863305 -0.138014
vn -0.680533 0.729286 -0.070828
vn -0.697084 0.709846 -0.100958
vn -0.422877 0.903198 -0.073543
vn -0.433039 0.896043 -0.097896
vn -0.751950 0.659133 0.010724
vn -0.702049 0.711839 0.020309
vn -0.721731 0.635185 0.275035
vn -0.812186 0.518427 0.267560
vn -0.751950 0.659133 0.010724
vn -0.652536 0.731667 -0.197131
vn -0.640386 0.738258 -0.211851
vn -0.702049 0.711839 0.020309
vn -0.697064 0.659541 0.281261
vn -0.734860 0.630781 0.249189
vn -0.570987 0.669139 0.475633
vn -0.605810 0.574417 0.550489
vn -0.697064 0.659541 0.281261
vn -0.732108 0.681086 0.011866
vn -0.846127 0.531796 -0.035538
vn -0.734860 0.630781 0.249189
vn -0.697064 0.659541 0.281261
vn -0.721731 0.635185 0.275035
vn -0.702049 0.711839 0.020309
vn -0.732108 0.681086 0.011866
vn -0.697064 0.659541 0.281261
vn -0.605810 0.574417 0.550489
vn -0.674160 0.482882 0.558868
vn -0.721731 0.635185 0.275035
vn -0.721731 0.635185 0.275035
vn -0.674160 0.482882 0.558868
vn -0.785586 0.282359 0.550570
vn -0.812186 0.518427 0.267560
vn -0.509020 0.826351 0.240921
vn -0.447196 0.851506 0.273774
vn -0.450658 0.858296 0.245430
vn -0.335071 0.898000 0.285173
vn -0.509020 0.826351 0.240921
vn -0.666742 0.740506 0.084297
vn -0.550015 0.830647 0.086653
vn -0.447196 0.851506 0.273774
vn -0.509020 0.826351 0.240921
vn -0.557701 0.746905 0.362081
vn -0.745727 0.640634 0.182971
vn -0.666742 0.740506 0.084297
vn -0.666742 0.740506 0.084297
vn -0.857569 0.482278 -0.178841
vn -0.772763 0.595911 -0.218465
vn -0.550015 0.830647 0.086653
vn -0.666742 0.740506 0.084297
vn -0.745727 0.640634 0.182971
vn -0.879899 0.469266 -0.074612
vn -0.857569 0.482278 -0.178841
vn -0.063427 -0.226889 0.971853
vn -0.074339 -0.196391 0.977704
vn -0.479160 0.457541 0.749040
vn -0.411861 0.477747 0.775970
vn -0.063427 -0.226889 0.971853
vn 0.382436 -0.769503 0.511476
vn 0.425075 -0.719538 0.549159
vn -0.074339 -0.196391 0.977704
vn -0.063427 -0.226889 0.971853
vn 0.132241 0.077449 0.988187
vn 0.590189 -0.496435 0.636576
vn 0.382436 -0.769503 0.511476
vn -0.063427 -0.226889 0.971853
vn -0.411861 0.477747 0.775970
vn -0.196731 0.503291 0.841424
vn 0.132241 0.077449 0.988187
vn -0.479160 0.457541 0.749040
vn -0.561250 0.803988 0.196476
vn -0.456320 0.855039 0.246334
vn -0.411861 0.477747 0.775970
vn -0.479160 0.457541 0.749040
vn -0.540048 0.410772 0.734585
vn -0.624673 0.759468 0.181638
vn -0.561250 0.803988 0.196476
vn -0.479160 0.457541 0.749040
vn -0.074339 -0.196391 0.977704
vn -0.144820 -0.218805 0.964962
vn -0.540048 0.410772 0.734585
vn -0.998554 0.049510 -0.020967
vn -0.316185 0.683193 -0.658235
vn -0.397188 0.737529 -0.546162
vn -0.996022 -0.001144 0.089105
vn -0.998554 0.049510 -0.020967
vn -0.996022 -0.001144 0.089105
vn -0.478309 -0.649257 0.591342
vn -0.583945 -0.558607 0.589038
vn -0.316185 0.683193 -0.658235
vn 0.590978 0.569200 -0.571626
vn 0.447195 0.681334 -0.579483
vn -0.397188 0.737529 -0.546162
vn 0.447195 0.681334 -0.579483
vn 0.270667 0.868166 -0.415965
vn -0.564844 0.715075 -0.411848
vn -0.397188 0.737529 -0.546162
vn 0.447195 0.681334 -0.579483
vn 0.994978 0.036510 -0.093199
vn 0.988101 0.153361 -0.011720
vn 0.270667 0.868166 -0.415965
vn 0.590978 0.569200 -0.571626
vn 0.995247 -0.073929 0.063379
vn 0.994978 0.036510 -0.093199
vn 0.447195 0.681334 -0.579483
vn 0.995247 -0.073929 0.063379
vn 0.290294 -0.665040 0.688078
vn 0.436196 -0.690725 0.576743
vn 0.994978 0.036510 -0.093199
vn 0.290294 -0.665040 0.688078
vn -0.583945 -0.558607 0.589038
vn -0.478309 -0.649257 0.591342
vn 0.436196 -0.690725 0.576743
vn 0.776271 -0.049381 0.628463
vn 0.471799 0.560292 0.680793
vn 0.738862 0.231364 0.632893
vn 0.829839 0.032657 0.557047
vn 0.182903 -0.978525 0.095049
vn -0.268877 -0.882112 0.386761
vn -0.189551 -0.831676 0.521906
vn 0.140010 -0.947982 0.285881
vn 0.119368 -0.969002 0.216300
vn 0.113127 0.963563 -0.242382
vn 0.193990 0.976406 0.094868
vn 0.090029 0.986871 0.134094
vn -0.024881 0.981468 -0.190005
vn 0.333947 0.540890 0.771957
vn 0.406386 0.795566 0.449361
vn 0.481813 0.720989 0.498027
vn 0.380520 0.446588 0.809792
vn 0.333947 0.540890 0.771957
vn 0.292542 0.602932 0.742221
vn 0.343722 0.840826 0.418172
vn 0.406386 0.795566 0.449361
vn 0.333947 0.540890 0.771957
vn 0.166818 0.130006 0.977379
vn 0.153078 0.190240 0.969730
vn 0.292542 0.602932 0.742221
vn 0.333947 0.540890 0.771957
vn 0.380520 0.446588 0.809792
vn 0.181463 0.059846 0.981575
vn 0.166818 0.130006 0.977379
vn 0.406386 0.795566 0.449361
vn 0.411727 0.900318 0.141096
vn 0.497064 0.848302 0.182513
vn 0.481813 0.720989 0.498027
vn 0.481813 0.720989 0.498027
vn 0.584967 0.585929 0.560804
vn 0.438276 0.284973 0.852470
vn 0.380520 0.446588 0.809792
vn 0.481813 0.720989 0.498027
vn 0.497064 0.848302 0.182513
vn 0.612360 0.757913 0.224910
vn 0.584967 0.585929 0.560804
vn 0.411727 0.900318 0.141096
vn 0.367211 0.909416 -0.195240
vn 0.445185 0.879921 -0.165980
vn 0.497064 0.848302 0.182513
vn 0.497064 0.848302 0.182513
vn 0.445185 0.879921 -0.165980
vn 0.522942 0.835217 -0.170133
vn 0.612360 0.757913 0.224910
vn 0.749344 -0.519062 0.411168
vn 0.798134 -0.394422 0.455426
vn 0.584786 -0.158394 0.795573
vn 0.641232 -0.307196 0.703173
vn 0.749344 -0.519062 0.411168
vn 0.788320 -0.588972 0.177942
vn 0.864008 -0.475250 0.166217
vn 0.798134 -0.394422 0.455426
vn 0.788320 -0.588972 0.177942
vn 0.795820 -0.601041 -0.073621
vn 0.868876 -0.478983 -0.125018
vn 0.864008 -0.475250 0.166217
vn 0.868876 -0.478983 -0.125018
vn 0.795820 -0.601041 -0.073621
vn 0.737327 -0.546266 -0.397419
vn 0.791175 -0.404295 -0.458898
vn 0.759023 -0.407338 0.507898
vn 0.731024 -0.589981 0.342822
vn 0.749344 -0.519062 0.411168
vn 0.641232 -0.307196 0.703173
vn 0.759023 -0.407338 0.507898
vn 0.764600 -0.495888 0.411682
vn 0.823703 -0.490590 0.284316
vn 0.731024 -0.589981 0.342822
vn -0.126641 0.568189 0.813095
vn -0.682196 0.653968 0.327008
vn -0.716770 0.557635 0.418669
vn -0.115239 0.420089 0.900136
vn -0.126641 0.568189 0.813095
vn -0.115239 0.420089 0.900136
vn 0.586258 0.035804 0.809332
vn 0.633301 0.088664 0.768810
vn -0.682196 0.653968 0.327008
vn -0.816861 0.498579 -0.290097
vn -0.883389 0.419398 -0.209114
vn -0.716770 0.557635 0.418669
vn -0.816861 0.498579 -0.290097
vn -0.441021 0.044720 -0.896382
vn -0.539386 0.005058 -0.842044
vn -0.883389 0.419398 -0.209114
vn -0.441021 0.044720 -0.896382
vn 0.312659 -0.353806 -0.881513
vn 0.255154 -0.430623 -0.865714
vn -0.539386 0.005058 -0.842044
vn 0.312659 -0.353806 -0.881513
vn 0.812040 -0.493245 -0.311931
vn 0.781329 -0.510907 -0.358469
vn 0.255154 -0.430623 -0.865714
vn 0.379290 -0.323558 -0.866862
vn 0.393854 -0.304855 -0.867146
vn 0.629611 -0.774224 -0.064544
vn 0.645522 -0.761614 -0.056971
vn 0.379290 -0.323558 -0.866862
vn 0.369224 -0.343100 -0.863688
vn -0.375888 0.540941 -0.752390
vn -0.370289 0.566597 -0.736107
vn 0.379290 -0.323558 -0.866862
vn 0.645522 -0.761614 -0.056971
vn 0.647155 -0.760664 -0.050800
vn 0.369224 -0.343100 -0.863688
vn 0.645522 -0.761614 -0.056971
vn 0.629611 -0.774224 -0.064544
vn 0.521276 -0.719472 0.458945
vn 0.526983 -0.695017 0.489122
vn 0.645522 -0.761614 -0.056971
vn 0.526983 -0.695017 0.489122
vn 0.528325 -0.675629 0.514197
vn 0.647155 -0.760664 -0.050800
vn 0.647155 -0.760664 -0.050800
vn 0.649329 -0.759150 -0.045433
vn 0.368690 -0.354525 -0.859290
vn 0.369224 -0.343100 -0.863688
vn 0.647155 -0.760664 -0.050800
vn 0.528325 -0.675629 0.514197
vn 0.536702 -0.665111 0.519209
vn 0.649329 -0.759150 -0.045433
vn 0.526983 -0.695017 0.489122
vn 0.521276 -0.719472 0.458945
vn 0.140013 -0.305034 0.941993
vn 0.110631 -0.258549 0.959642
vn 0.526983 -0.695017 0.489122
vn 0.110631 -0.258549 0.959642
vn 0.299156 -0.399053 0.866754
vn 0.528325 -0.675629 0.514197
vn 0.528325 -0.675629 0.514197
vn 0.299156 -0.399053 0.866754
vn 0.331348 -0.445855 0.831518
vn 0.536702 -0.665111 0.519209
vn 0.536702 -0.665111 0.519209
vn 0.547662 -0.655175 0.520396
vn 0.654252 -0.755350 -0.037441
vn 0.649329 -0.759150 -0.045433
vn 0.536702 -0.665111 0.519209
vn 0.331348 -0.445855 0.831518
vn 0.173334 -0.242422 0.954561
vn 0.547662 -0.655175 0.520396
vn 0.110631 -0.258549 0.959642
vn 0.140013 -0.305034 0.941993
vn -0.495058 0.516477 0.698691
vn -0.511285 0.543780 0.665500
vn -0.207436 0.165596 0.964131
vn 0.110631 -0.258549 0.959642
vn -0.207436 0.165596 0.964131
vn -0.511285 0.543780 0.665500
vn -0.563839 0.650209 0.509229
vn 0.299156 -0.399053 0.866754
vn 0.299156 -0.399053 0.866754
vn -0.563839 0.650209 0.509229
vn -0.539610 0.607720 0.582665
vn -0.579612 0.664008 0.472380
vn 0.331348 -0.445855 0.831518
vn 0.331348 -0.445855 0.831518
vn -0.579612 0.664008 0.472380
vn -0.509017 0.592302 0.624564
vn 0.173334 -0.242422 0.954561
vn -0.610519 -0.386054 0.691541
vn -0.726222 -0.111876 0.678296
vn 0.519938 -0.278268 0.807608
vn 0.491669 -0.290933 0.820743
vn 0.613361 -0.214939 0.759993
vn -0.660394 0.601693 -0.449271
vn 0.051375 0.813164 -0.579763
vn 0.129221 0.693160 -0.709105
vn -0.528304 0.632106 -0.566866
vn -0.528304 0.632106 -0.566866
vn 0.129221 0.693160 -0.709105
vn 0.143743 0.382256 -0.912808
vn -0.237645 0.551841 -0.799372
vn -0.479708 0.621404 -0.619465
vn 0.751251 -0.057862 -0.657475
vn 0.613986 -0.304919 -0.728042
vn 0.083746 0.299298 -0.950477
vn 0.143743 0.382256 -0.912808
vn 0.772592 -0.631526 -0.065390
vn 0.492346 -0.865833 -0.089039
vn 0.539531 -0.710908 -0.451127
vn 0.454646 -0.520943 -0.722437
vn 0.613986 -0.304919 -0.728042
vn 0.492346 -0.865833 -0.089039
vn 0.681029 -0.720216 -0.132243
vn 0.569479 -0.342218 -0.747382
vn 0.454646 -0.520943 -0.722437
vn 0.539531 -0.710908 -0.451127
vn 0.732029 -0.677532 -0.071300
vn 0.604274 -0.717511 -0.346454
vn 0.543752 -0.779403 -0.311231
vn 0.619157 -0.762390 -0.188165
vn 0.690694 -0.722344 -0.034071
vn 0.690694 -0.722344 -0.034071
vn 0.619157 -0.762390 -0.188165
vn 0.543752 -0.779403 -0.311231
vn 0.493783 -0.823600 -0.279037
vn 0.662946 -0.748596 0.010358
vn 0.662946 -0.748596 0.010358
vn 0.493783 -0.823600 -0.279037
vn 0.448269 -0.859760 -0.244680
vn 0.639405 -0.766534 0.059897
vn 0.639405 -0.766534 0.059897
vn 0.448269 -0.859760 -0.244680
vn 0.414810 -0.887145 -0.202253
vn 0.615559 -0.781317 0.103109
vn 0.615559 -0.781317 0.103109
vn 0.414810 -0.887145 -0.202253
vn 0.381481 -0.911099 -0.156109
vn 0.560578 -0.813923 0.152583
vn 0.560578 -0.813923 0.152583
vn 0.381481 -0.911099 -0.156109
vn 0.313968 -0.943809 -0.103195
vn 0.396584 -0.916605 0.050571
vn 0.419466 -0.887284 0.191769
vn 0.419466 -0.887284 0.191769
vn 0.396584 -0.916605 0.050571
vn 0.313968 -0.943809 -0.103195
vn 0.150786 -0.987496 -0.045994
vn 0.146040 -0.969089 0.198845
vn 0.381481 -0.911099 -0.156109
vn 0.030885 -0.844934 -0.533978
vn 0.014174 -0.873111 -0.487316
vn 0.254968 -0.938142 -0.234267
vn 0.313968 -0.943809 -0.103195
vn -0.755386 0.584689 -0.295857
vn -0.849253 0.367268 -0.379321
vn -0.803679 0.364043 -0.470716
vn -0.704899 0.591219 -0.391890
vn -0.755386 0.584689 -0.295857
vn -0.769286 0.584966 -0.256929
vn -0.865227 0.357117 -0.351922
vn -0.849253 0.367268 -0.379321
vn -0.803679 0.364043 -0.470716
vn -0.751992 0.337236 -0.566374
vn -0.668064 0.302717 -0.679745
vn -0.551242 0.589645 -0.590298
vn -0.704899 0.591219 -0.391890
vn -0.803679 0.364043 -0.470716
vn -0.839950 -0.137386 -0.524985
vn -0.725020 -0.266083 -0.635252
vn -0.668064 0.302717 -0.679745
vn -0.751992 0.337236 -0.566374
vn -0.803679 0.364043 -0.470716
vn -0.849253 0.367268 -0.379321
vn -0.878134 -0.062939 -0.474256
vn -0.839950 -0.137386 -0.524985
vn -0.725020 -0.266083 -0.635252
vn -0.608693 -0.609488 -0.507953
vn -0.592929 -0.651592 -0.473142
vn -0.540505 -0.351585 -0.764357
vn -0.540505 -0.351585 -0.764357
vn -0.592929 -0.651592 -0.473142
vn -0.464728 -0.734579 -0.494390
vn -0.396031 -0.741228 -0.541978
vn -0.341133 -0.373794 -0.862500
vn -0.435612 0.897003 -0.075020
vn -0.748094 0.647624 -0.144701
vn -0.770845 0.605209 -0.198795
vn -0.480217 0.874018 -0.074056
vn -0.435612 0.897003 -0.075020
vn -0.422877 0.903198 -0.073543
vn -0.697084 0.709846 -0.100958
vn -0.748094 0.647624 -0.144701
vn -0.435612 0.897003 -0.075020
vn -0.186602 0.982187 0.022103
vn -0.235897 0.971778 0.000014
vn -0.422877 0.903198 -0.073543
vn -0.435612 0.897003 -0.075020
vn -0.480217 0.874018 -0.074056
vn -0.183957 0.981410 0.054718
vn -0.186602 0.982187 0.022103
vn -0.480217 0.874018 -0.074056
vn -0.770845 0.605209 -0.198795
vn -0.784182 0.576607 -0.229309
vn -0.526732 0.846548 -0.076876
vn -0.480217 0.874018 -0.074056
vn -0.526732 0.846548 -0.076876
vn -0.216925 0.973973 0.065735
vn -0.183957 0.981410 0.054718
vn -0.526732 0.846548 -0.076876
vn -0.784182 0.576607 -0.229309
vn -0.769286 0.584966 -0.256929
vn -0.553818 0.824663 -0.114963
vn -0.770845 0.605209 -0.198795
vn -0.909568 0.304384 -0.282907
vn -0.882644 0.334305 -0.330423
vn -0.784182 0.576607 -0.229309
vn -0.784182 0.576607 -0.229309
vn -0.882644 0.334305 -0.330423
vn -0.865227 0.357117 -0.351922
vn -0.769286 0.584966 -0.256929
vn 0.925533 0.376995 -0.035538
vn 0.851832 0.508857 -0.124282
vn 0.894785 0.094123 -0.436465
vn 0.967314 0.053537 -0.247865
vn 0.925533 0.376995 -0.035538
vn 0.967314 0.053537 -0.247865
vn 0.995333 -0.010237 0.095959
vn 0.978552 0.142015 0.149224
vn 0.555678 0.701002 0.447010
vn 0.397863 0.826402 0.398453
vn 0.601135 0.791672 0.109047
vn 0.732655 0.663081 0.153426
vn 0.732655 0.663081 0.153426
vn 0.601135 0.791672 0.109047
vn 0.745897 0.634990 -0.201060
vn 0.851832 0.508857 -0.124282
vn 0.851832 0.508857 -0.124282
vn 0.745897 0.634990 -0.201060
vn 0.793257 0.135999 -0.593505
vn 0.894785 0.094123 -0.436465
vn 0.397863 0.826402 0.398453
vn 0.175960 0.938955 0.295638
vn 0.379959 0.924239 0.037595
vn 0.601135 0.791672 0.109047
vn 0.601135 0.791672 0.109047
vn 0.379959 0.924239 0.037595
vn 0.526123 0.795175 -0.301482
vn 0.745897 0.634990 -0.201060
vn 0.745897 0.634990 -0.201060
vn 0.526123 0.795175 -0.301482
vn 0.596215 0.203143 -0.776698
vn 0.793257 0.135999 -0.593505
vn 0.175960 0.938955 0.295638
vn -0.131128 0.981797 0.137403
vn 0.021524 0.996067 -0.085946
vn 0.379959 0.924239 0.037595
vn 0.379959 0.924239 0.037595
vn 0.021524 0.996067 -0.085946
vn 0.179042 0.892356 -0.414300
vn 0.526123 0.795175 -0.301482
vn -0.131128 0.981797 0.137403
vn -0.321369 0.910006 0.261938
vn -0.486483 0.869078 0.089652
vn -0.412296 0.910741 -0.023725
vn -0.131128 0.981797 0.137403
vn 0.175960 0.938955 0.295638
vn -0.116282 0.886801 0.447283
vn -0.321369 0.910006 0.261938
vn -0.131128 0.981797 0.137403
vn -0.412296 0.910741 -0.023725
vn -0.332758 0.918721 -0.212660
vn 0.021524 0.996067 -0.085946
vn 0.021524 0.996067 -0.085946
vn -0.332758 0.918721 -0.212660
vn -0.220291 0.836250 -0.502153
vn 0.179042 0.892356 -0.414300
vn -0.412296 0.910741 -0.023725
vn -0.486483 0.869078 0.089652
vn -0.650831 0.752230 -0.102806
vn -0.695631 0.693647 -0.186953
vn -0.412296 0.910741 -0.023725
vn -0.695631 0.693647 -0.186953
vn -0.699486 0.645069 -0.307580
vn -0.332758 0.918721 -0.212660
vn -0.695631 0.693647 -0.186953
vn -0.650831 0.752230 -0.102806
vn -0.798706 0.491521 -0.347097
vn -0.888995 0.318778 -0.328738
vn -0.888995 0.318778 -0.328738
vn -0.798706 0.491521 -0.347097
vn -0.822191 0.126314 -0.555020
vn -0.909606 -0.067463 -0.409959
vn 0.942342 0.308427 0.129863
vn 0.933333 0.319105 0.164505
vn 0.848610 -0.077029 0.523380
vn 0.815625 0.032582 0.577663
vn 0.883567 -0.192221 -0.427038
vn 0.924097 -0.016934 -0.381782
vn 0.903796 -0.298882 0.306305
vn 0.859873 -0.410726 0.303186
vn 0.883567 -0.192221 -0.427038
vn 0.182985 0.250380 -0.950698
vn 0.117605 0.399147 -0.909313
vn 0.924097 -0.016934 -0.381782
vn 0.226807 0.136392 -0.964342
vn -0.697669 0.629602 -0.341847
vn -0.685269 0.650758 -0.326986
vn 0.322370 0.013509 -0.946517
vn 0.322370 0.013509 -0.946517
vn -0.685269 0.650758 -0.326986
vn -0.796150 0.506980 -0.330328
vn 0.182985 0.250380 -0.950698
vn 0.182985 0.250380 -0.950698
vn -0.796150 0.506980 -0.330328
vn -0.838694 0.452027 -0.303751
vn 0.117605 0.399147 -0.909313
vn -0.570889 -0.812685 -0.116745
vn -0.793262 -0.587533 -0.159813
vn -0.875963 -0.435770 0.206866
vn -0.583727 -0.770765 0.255312
vn -0.570889 -0.812685 -0.116745
vn -0.592929 -0.651592 -0.473142
vn -0.701391 -0.620308 -0.351096
vn -0.793262 -0.587533 -0.159813
vn -0.570889 -0.812685 -0.116745
vn -0.403614 -0.906072 -0.126999
vn -0.396031 -0.741228 -0.541978
vn -0.464728 -0.734579 -0.494390
vn -0.592929 -0.651592 -0.473142
vn -0.570889 -0.812685 -0.116745
vn -0.583727 -0.770765 0.255312
vn -0.394692 -0.881501 0.259179
vn -0.403614 -0.906072 -0.126999
vn -0.583727 -0.770765 0.255312
vn -0.875963 -0.435770 0.206866
vn -0.772320 -0.066432 0.631750
vn -0.525674 -0.487567 0.697097
vn -0.583727 -0.770765 0.255312
vn -0.525674 -0.487567 0.697097
vn -0.335066 -0.660950 0.671473
vn -0.394692 -0.881501 0.259179
vn -0.845282 0.533556 -0.028574
vn -0.904842 0.420749 0.065049
vn -0.948287 0.165021 -0.271145
vn -0.906423 0.273050 -0.322243
vn -0.845282 0.533556 -0.028574
vn -0.735851 0.658961 0.155864
vn -0.778389 0.562664 0.278425
vn -0.904842 0.420749 0.065049
vn -0.845282 0.533556 -0.028574
vn -0.780745 0.619952 -0.078083
vn -0.679682 0.725121 0.110599
vn -0.735851 0.658961 0.155864
vn -0.845282 0.533556 -0.028574
vn -0.906423 0.273050 -0.322243
vn -0.858559 0.369323 -0.355635
vn -0.780745 0.619952 -0.078083
vn -0.780745 0.619952 -0.078083
vn -0.858559 0.369323 -0.355635
vn -0.809680 0.455078 -0.370569
vn -0.690087 0.716329 -0.103208
vn -0.780745 0.619952 -0.078083
vn -0.690087 0.716329 -0.103208
vn -0.556997 0.824957 0.095924
vn -0.679682 0.725121 0.110599
vn 0.123826 0.575047 -0.808695
vn 0.080590 0.533072 -0.842223
vn -0.084963 0.142922 -0.986080
vn -0.066912 0.215980 -0.974102
vn -0.066912 0.215980 -0.974102
vn -0.084963 0.142922 -0.986080
vn -0.232631 -0.265638 -0.935585
vn -0.259859 -0.176914 -0.949302
vn -0.232631 -0.265638 -0.935585
vn -0.234861 -0.351268 -0.906339
vn -0.311967 -0.728150 -0.610307
vn -0.354255 -0.657122 -0.665352
vn -0.232631 -0.265638 -0.935585
vn -0.084963 0.142922 -0.986080
vn -0.123826 0.094206 -0.987822
vn -0.234861 -0.351268 -0.906339
vn -0.232631 -0.265638 -0.935585
vn -0.354255 -0.657122 -0.665352
vn -0.440079 -0.563707 -0.698974
vn -0.259859 -0.176914 -0.949302
vn -0.259859 -0.176914 -0.949302
vn -0.440079 -0.563707 -0.698974
vn -0.539017 -0.461344 -0.704715
vn -0.310384 -0.081526 -0.947109
vn -0.310384 -0.081526 -0.947109
vn -0.539017 -0.461344 -0.704715
vn -0.636444 -0.324720 -0.699641
vn -0.378356 0.024520 -0.925335
vn -0.354255 -0.657122 -0.665352
vn -0.311967 -0.728150 -0.610307
vn -0.348514 -0.920556 -0.176394
vn -0.418170 -0.887927 -0.191624
vn -0.120494 0.636105 0.762136
vn -0.119614 0.927199 0.354957
vn -0.006351 0.851652 0.524069
vn 0.160371 0.846544 0.507587
vn -0.747295 0.243855 0.618131
vn -0.631168 0.319596 0.706742
vn -0.595096 -0.258220 0.761041
vn -0.710746 -0.331838 0.620260
vn 0.985309 -0.148423 -0.084478
vn 0.525373 -0.764099 -0.374348
vn 0.515409 -0.849223 -0.114779
vn 0.989841 -0.120915 0.074797
vn 0.985309 -0.148423 -0.084478
vn 0.989841 -0.120915 0.074797
vn 0.698477 0.694111 0.174185
vn 0.718054 0.636082 0.282486
vn 0.989841 -0.120915 0.074797
vn 0.515409 -0.849223 -0.114779
vn 0.327890 -0.761723 0.558808
vn 0.827307 -0.091673 0.554220
vn 0.989841 -0.120915 0.074797
vn 0.827307 -0.091673 0.554220
vn 0.667950 0.718324 0.194560
vn 0.698477 0.694111 0.174185
vn 0.827307 -0.091673 0.554220
vn 0.327890 -0.761723 0.558808
vn 0.184295 -0.716986 0.672285
vn 0.608521 -0.142463 0.780645
vn 0.827307 -0.091673 0.554220
vn 0.608521 -0.142463 0.780645
vn 0.534161 0.645573 0.545810
vn 0.667950 0.718324 0.194560
vn 0.608521 -0.142463 0.780645
vn 0.184295 -0.716986 0.672285
vn 0.183631 -0.707460 0.682481
vn 0.579509 -0.060770 0.812697
vn -0.216160 -0.780197 0.586999
vn 0.184295 -0.716986 0.672285
vn 0.327890 -0.761723 0.558808
vn -0.268379 -0.845213 0.462156
vn 0.327890 -0.761723 0.558808
vn 0.515409 -0.849223 -0.114779
vn -0.217369 -0.959989 -0.176556
vn -0.268379 -0.845213 0.462156
vn -0.595096 -0.258220 0.761041
vn -0.189551 -0.831676 0.521906
vn -0.268877 -0.882112 0.386761
vn -0.710746 -0.331838 0.620260
vn 0.261529 -0.152633 -0.953051
vn 0.005365 -0.098582 -0.995115
vn 0.269884 -0.434234 -0.859420
vn 0.423288 -0.158534 -0.892017
vn 0.376485 -0.289789 -0.879932
vn 0.538782 -0.209650 -0.815942
vn 0.285886 -0.079026 -0.955000
vn 0.261529 -0.152633 -0.953051
vn 0.376485 -0.289789 -0.879932
vn 0.565097 -0.555427 -0.610053
vn 0.795768 -0.352426 -0.492492
vn 0.538782 -0.209650 -0.815942
vn 0.261529 -0.152633 -0.953051
vn 0.285886 -0.079026 -0.955000
vn -0.018303 0.062460 -0.997880
vn 0.005365 -0.098582 -0.995115
vn 0.005365 -0.098582 -0.995115
vn -0.018303 0.062460 -0.997880
vn -0.369015 0.222659 -0.902358
vn -0.368717 -0.023157 -0.929253
vn -0.862277 -0.506437 0.000046
vn -0.652249 -0.757509 0.027411
vn -0.605677 -0.779152 -0.161486
vn -0.827986 -0.518807 -0.212788
vn -0.652249 -0.757509 0.027411
vn -0.400721 -0.914084 0.062231
vn -0.352070 -0.931739 -0.088940
vn -0.605677 -0.779152 -0.161486
vn -0.400721 -0.914084 0.062231
vn -0.135586 -0.985941 0.097656
vn -0.100053 -0.994895 -0.013139
vn -0.352070 -0.931739 -0.088940
vn -0.352070 -0.931739 -0.088940
vn -0.100053 -0.994895 -0.013139
vn -0.051475 -0.996297 -0.068864
vn -0.291650 -0.941004 -0.171613
vn -0.135586 -0.985941 0.097656
vn 0.104414 -0.986591 0.125445
vn 0.122402 -0.991150 0.051383
vn -0.100053 -0.994895 -0.013139
vn -0.100053 -0.994895 -0.013139
vn 0.122402 -0.991150 0.051383
vn 0.153957 -0.987964 0.014987
vn -0.051475 -0.996297 -0.068864
vn -0.051475 -0.996297 -0.068864
vn 0.153957 -0.987964 0.014987
vn 0.183901 -0.982945 -0.000634
vn -0.007010 -0.996321 -0.085417
vn -0.007010 -0.996321 -0.085417
vn 0.183901 -0.982945 -0.000634
vn 0.227028 -0.973346 -0.032481
vn 0.043759 -0.991552 -0.122105
vn 0.104414 -0.986591 0.125445
vn 0.341451 -0.928136 0.148238
vn 0.343845 -0.932726 0.108595
vn 0.122402 -0.991150 0.051383
vn 0.122402 -0.991150 0.051383
vn 0.343845 -0.932726 0.108595
vn 0.357475 -0.929605 0.089700
vn 0.153957 -0.987964 0.014987
vn 0.153957 -0.987964 0.014987
vn 0.357475 -0.929605 0.089700
vn 0.377191 -0.922842 0.078039
vn 0.183901 -0.982945 -0.000634
vn 0.341451 -0.928136 0.148238
vn 0.600504 -0.781512 0.169217
vn 0.588317 -0.791614 0.165014
vn 0.343845 -0.932726 0.108595
vn 0.343845 -0.932726 0.108595
vn 0.588317 -0.791614 0.165014
vn 0.576788 -0.799763 0.166417
vn 0.357475 -0.929605 0.089700
vn 0.600504 -0.781512 0.169217
vn 0.781328 -0.587937 0.209419
vn 0.805980 -0.540004 0.242472
vn 0.588317 -0.791614 0.165014
vn 0.805980 -0.540004 0.242472
vn 0.807485 -0.527037 0.264951
vn 0.576788 -0.799763 0.166417
vn 0.588317 -0.791614 0.165014
vn 0.805980 -0.540004 0.242472
vn 0.928593 -0.122892 0.350162
vn 0.929210 -0.082644 0.360193
vn 0.807485 -0.527037 0.264951
vn 0.805980 -0.540004 0.242472
vn 0.781328 -0.587937 0.209419
vn 0.887703 -0.264837 0.376623
vn 0.928593 -0.122892 0.350162
vn 0.929210 -0.082644 0.360193
vn 0.800483 0.457738 0.386915
vn 0.803854 0.454136 0.384160
vn 0.927828 -0.083645 0.363509
vn 0.929210 -0.082644 0.360193
vn 0.928593 -0.122892 0.350162
vn 0.798372 0.452265 0.397565
vn 0.800483 0.457738 0.386915
vn 0.929210 -0.082644 0.360193
vn 0.927828 -0.083645 0.363509
vn 0.807277 -0.524223 0.271099
vn 0.807485 -0.527037 0.264951
vn 0.807485 -0.527037 0.264951
vn 0.807277 -0.524223 0.271099
vn 0.585384 -0.793881 0.164557
vn 0.576788 -0.799763 0.166417
vn 0.576788 -0.799763 0.166417
vn 0.585384 -0.793881 0.164557
vn 0.377191 -0.922842 0.078039
vn 0.357475 -0.929605 0.089700
vn 0.927828 -0.083645 0.363509
vn 0.930439 -0.085982 0.356216
vn 0.815657 -0.516897 0.259848
vn 0.807277 -0.524223 0.271099
vn 0.927828 -0.083645 0.363509
vn 0.803854 0.454136 0.384160
vn 0.806212 0.450839 0.383101
vn 0.930439 -0.085982 0.356216
vn 0.807277 -0.524223 0.271099
vn 0.815657 -0.516897 0.259848
vn 0.609333 -0.778320 0.151431
vn 0.585384 -0.793881 0.164557
vn 0.585384 -0.793881 0.164557
vn 0.609333 -0.778320 0.151431
vn 0.410114 -0.910284 0.056479
vn 0.377191 -0.922842 0.078039
vn 0.377191 -0.922842 0.078039
vn 0.410114 -0.910284 0.056479
vn 0.227028 -0.973346 -0.032481
vn 0.183901 -0.982945 -0.000634
vn 0.227028 -0.973346 -0.032481
vn 0.410114 -0.910284 0.056479
vn 0.474648 -0.880155 -0.005991
vn 0.301524 -0.947023 -0.110595
vn 0.474648 -0.880155 -0.005991
vn 0.655578 -0.747965 0.103763
vn 0.725526 -0.688156 0.007236
vn 0.561086 -0.819612 -0.115834
vn 0.474648 -0.880155 -0.005991
vn 0.410114 -0.910284 0.056479
vn 0.609333 -0.778320 0.151431
vn 0.655578 -0.747965 0.103763
vn 0.474648 -0.880155 -0.005991
vn 0.561086 -0.819612 -0.115834
vn 0.386338 -0.894443 -0.225200
vn 0.301524 -0.947023 -0.110595
vn 0.561086 -0.819612 -0.115834
vn 0.626873 -0.751528 -0.205516
vn 0.441397 -0.840235 -0.314919
vn 0.386338 -0.894443 -0.225200
vn 0.561086 -0.819612 -0.115834
vn 0.725526 -0.688156 0.007236
vn 0.780395 -0.620529 -0.076992
vn 0.626873 -0.751528 -0.205516
vn 0.655578 -0.747965 0.103763
vn 0.609333 -0.778320 0.151431
vn 0.815657 -0.516897 0.259848
vn 0.838449 -0.497626 0.222199
vn 0.655578 -0.747965 0.103763
vn 0.838449 -0.497626 0.222199
vn 0.878322 -0.455158 0.146228
vn 0.725526 -0.688156 0.007236
vn 0.725526 -0.688156 0.007236
vn 0.878322 -0.455158 0.146228
vn 0.907425 -0.412830 0.078435
vn 0.780395 -0.620529 -0.076992
vn -0.700104 -0.406752 -0.586863
vn -0.639148 -0.544928 -0.542719
vn -0.444088 -0.781032 -0.439061
vn -0.448565 -0.738897 -0.502813
vn -0.639148 -0.544928 -0.542719
vn -0.700104 -0.406752 -0.586863
vn -0.864186 0.208983 -0.457722
vn -0.902219 0.110625 -0.416848
vn -0.901136 0.333741 -0.276714
vn -0.895800 0.264790 -0.356972
vn -0.791093 0.034186 -0.610740
vn -0.791628 0.284889 -0.540521
vn -0.901136 0.333741 -0.276714
vn -0.857569 0.482278 -0.178841
vn -0.879899 0.469266 -0.074612
vn -0.895800 0.264790 -0.356972
vn -0.902219 0.110625 -0.416848
vn -0.864186 0.208983 -0.457722
vn -0.772763 0.595911 -0.218465
vn -0.857569 0.482278 -0.178841
vn -0.159098 -0.601458 0.782903
vn 0.155626 -0.509968 0.845998
vn 0.204758 -0.710850 0.672879
vn -0.124605 -0.803551 0.582047
vn 0.204758 -0.710850 0.672879
vn 0.155626 -0.509968 0.845998
vn 0.529793 -0.282537 0.799683
vn 0.566931 -0.459400 0.683769
vn 0.490845 0.406771 -0.770460
vn 0.755934 0.010614 -0.654562
vn 0.850330 0.234205 -0.471261
vn 0.574607 0.618204 -0.536331
vn 0.490845 0.406771 -0.770460
vn 0.574607 0.618204 -0.536331
vn 0.366937 0.785886 -0.497736
vn 0.245581 0.647094 -0.721775
vn 0.644813 -0.123873 -0.754236
vn 0.816731 -0.482209 -0.316899
vn 0.855784 -0.465425 -0.225863
vn 0.755934 0.010614 -0.654562
vn 0.755934 0.010614 -0.654562
vn 0.855784 -0.465425 -0.225863
vn 0.938313 -0.281627 -0.200635
vn 0.850330 0.234205 -0.471261
vn 0.795768 -0.352426 -0.492492
vn 0.913333 -0.405783 0.034112
vn 0.906120 -0.411714 0.097154
vn 0.839651 -0.333647 -0.428562
vn 0.839651 -0.333647 -0.428562
vn 0.906120 -0.411714 0.097154
vn 0.789169 -0.598358 0.138491
vn 0.816731 -0.482209 -0.316899
vn 0.816731 -0.482209 -0.316899
vn 0.789169 -0.598358 0.138491
vn 0.807078 -0.573682 0.139694
vn 0.855784 -0.465425 -0.225863
vn 0.855784 -0.465425 -0.225863
vn 0.807078 -0.573682 0.139694
vn 0.854263 -0.519171 0.026396
vn 0.938313 -0.281627 -0.200635
vn 0.803854 0.454136 0.384160
vn 0.800483 0.457738 0.386915
vn 0.520252 0.792095 0.319255
vn 0.523183 0.790126 0.319344
vn 0.803854 0.454136 0.384160
vn 0.523183 0.790126 0.319344
vn 0.511722 0.795255 0.325132
vn 0.806212 0.450839 0.383101
vn 0.523183 0.790126 0.319344
vn 0.247610 0.939629 0.236192
vn 0.215390 0.947141 0.237761
vn 0.511722 0.795255 0.325132
vn 0.523183 0.790126 0.319344
vn 0.520252 0.792095 0.319255
vn 0.282317 0.928555 0.241002
vn 0.247610 0.939629 0.236192
vn 0.534306 0.268622 -0.801473
vn 0.178781 0.203369 -0.962641
vn 0.074095 0.608988 -0.789711
vn 0.480925 0.636999 -0.602448
vn 0.074095 0.608988 -0.789711
vn 0.178781 0.203369 -0.962641
vn -0.399633 0.132553 -0.907041
vn -0.521993 0.367911 -0.769523
vn -0.905129 0.278531 -0.321189
vn -0.887748 0.250002 -0.386527
vn -0.785891 -0.284936 0.548805
vn -0.746801 -0.244984 0.618281
vn -0.905129 0.278531 -0.321189
vn -0.869302 0.420074 -0.260484
vn 0.182352 0.583294 -0.791528
vn 0.219721 0.519916 -0.825476
vn -0.235897 0.971778 0.000014
vn -0.296833 0.954499 -0.028677
vn -0.433039 0.896043 -0.097896
vn -0.422877 0.903198 -0.073543
vn 0.705335 -0.256658 -0.660780
vn 0.676590 -0.370530 -0.636344
vn 0.839154 -0.434326 -0.327386
vn 0.913553 -0.208921 -0.348960
vn 0.705335 -0.256658 -0.660780
vn 0.422191 -0.242266 -0.873534
vn 0.432824 -0.233709 -0.870657
vn 0.676590 -0.370530 -0.636344
vn 0.913553 -0.208921 -0.348960
vn 0.839154 -0.434326 -0.327386
vn 0.907892 -0.418118 -0.030145
vn 0.987838 -0.115648 -0.103929
vn 0.987838 -0.115648 -0.103929
vn 0.907892 -0.418118 -0.030145
vn 0.902990 -0.367263 0.222996
vn 0.984005 0.063330 0.166507
vn -0.148880 0.162401 -0.975429
vn -0.375656 0.330759 -0.865726
vn -0.278656 0.585361 -0.761382
vn -0.053975 0.437394 -0.897649
vn -0.148880 0.162401 -0.975429
vn -0.262055 -0.142584 -0.954462
vn -0.471417 -0.079220 -0.878345
vn -0.375656 0.330759 -0.865726
vn -0.148880 0.162401 -0.975429
vn 0.145437 -0.044036 -0.988387
vn 0.065858 -0.194424 -0.978704
vn -0.262055 -0.142584 -0.954462
vn -0.148880 0.162401 -0.975429
vn -0.053975 0.437394 -0.897649
vn 0.221565 0.226336 -0.948515
vn 0.145437 -0.044036 -0.988387
vn 0.145437 -0.044036 -0.988387
vn 0.221565 0.226336 -0.948515
vn 0.499241 -0.016643 -0.866303
vn 0.432824 -0.233709 -0.870657
vn 0.145437 -0.044036 -0.988387
vn 0.432824 -0.233709 -0.870657
vn 0.422191 -0.242266 -0.873534
vn 0.065858 -0.194424 -0.978704
vn 0.432824 -0.233709 -0.870657
vn 0.499241 -0.016643 -0.866303
vn 0.725142 -0.258739 -0.638140
vn 0.676590 -0.370530 -0.636344
vn 0.676590 -0.370530 -0.636344
vn 0.725142 -0.258739 -0.638140
vn 0.828837 -0.450106 -0.332316
vn 0.839154 -0.434326 -0.327386
vn 0.839154 -0.434326 -0.327386
vn 0.828837 -0.450106 -0.332316
vn 0.817946 -0.574454 -0.031082
vn 0.907892 -0.418118 -0.030145
vn 0.907892 -0.418118 -0.030145
vn 0.817946 -0.574454 -0.031082
vn 0.748971 -0.633234 0.195081
vn 0.902990 -0.367263 0.222996
vn 0.499241 -0.016643 -0.866303
vn 0.581307 0.226193 -0.781613
vn 0.797280 -0.074574 -0.598985
vn 0.725142 -0.258739 -0.638140
vn 0.499241 -0.016643 -0.866303
vn 0.221565 0.226336 -0.948515
vn 0.302224 0.468690 -0.830054
vn 0.581307 0.226193 -0.781613
vn 0.725142 -0.258739 -0.638140
vn 0.797280 -0.074574 -0.598985
vn 0.870806 -0.358809 -0.336085
vn 0.828837 -0.450106 -0.332316
vn 0.828837 -0.450106 -0.332316
vn 0.870806 -0.358809 -0.336085
vn 0.806272 -0.588122 -0.063537
vn 0.817946 -0.574454 -0.031082
vn 0.817946 -0.574454 -0.031082
vn 0.806272 -0.588122 -0.063537
vn 0.677286 -0.718410 0.158653
vn 0.748971 -0.633234 0.195081
vn 0.797280 -0.074574 -0.598985
vn 0.581307 0.226193 -0.781613
vn 0.631562 0.439665 -0.638611
vn 0.851265 0.149360 -0.503030
vn 0.797280 -0.074574 -0.598985
vn 0.851265 0.149360 -0.503030
vn 0.938869 -0.179037 -0.294060
vn 0.870806 -0.358809 -0.336085
vn 0.870806 -0.358809 -0.336085
vn 0.938869 -0.179037 -0.294060
vn 0.877737 -0.476489 -0.050350
vn 0.806272 -0.588122 -0.063537
vn -0.684555 0.700387 -0.202097
vn -0.706540 0.681261 -0.191535
vn -0.524157 0.776417 -0.349909
vn -0.527975 0.766389 -0.365911
vn -0.684555 0.700387 -0.202097
vn -0.527975 0.766389 -0.365911
vn -0.527245 0.762821 -0.374321
vn -0.652536 0.731667 -0.197131
vn -0.527975 0.766389 -0.365911
vn -0.524157 0.776417 -0.349909
vn -0.324205 0.822643 -0.467065
vn -0.352611 0.793929 -0.495320
vn -0.527975 0.766389 -0.365911
vn -0.352611 0.793929 -0.495320
vn -0.382135 0.759541 -0.526374
vn -0.527245 0.762821 -0.374321
vn -0.352611 0.793929 -0.495320
vn -0.145896 0.789295 -0.596429
vn -0.201020 0.719871 -0.664362
vn -0.382135 0.759541 -0.526374
vn -0.706540 0.681261 -0.191535
vn -0.719338 0.675008 -0.164064
vn -0.516796 0.797898 -0.310292
vn -0.524157 0.776417 -0.349909
vn -0.524157 0.776417 -0.349909
vn -0.516796 0.797898 -0.310292
vn -0.293007 0.859631 -0.418547
vn -0.324205 0.822643 -0.467065
vn -0.516796 0.797898 -0.310292
vn -0.507332 0.824693 -0.249993
vn -0.266032 0.899236 -0.347276
vn -0.293007 0.859631 -0.418547
vn -0.570987 0.669139 0.475633
vn -0.734860 0.630781 0.249189
vn -0.745727 0.640634 0.182971
vn -0.557701 0.746905 0.362081
vn -0.702049 0.711839 0.020309
vn -0.640386 0.738258 -0.211851
vn -0.715276 0.644318 -0.270620
vn -0.732108 0.681086 0.011866
vn -0.652536 0.731667 -0.197131
vn -0.527245 0.762821 -0.374321
vn -0.548725 0.723883 -0.418204
vn -0.640386 0.738258 -0.211851
vn -0.595638 0.726131 0.343438
vn -0.933906 0.255244 -0.250338
vn -0.975973 0.051371 -0.211752
vn -0.683415 0.595239 0.422653
vn -0.683415 0.595239 0.422653
vn -0.975973 0.051371 -0.211752
vn -0.998689 -0.015965 -0.048644
vn -0.700068 0.486668 0.522550
vn -0.700068 0.486668 0.522550
vn -0.998689 -0.015965 -0.048644
vn -0.992937 0.030618 -0.114625
vn -0.760578 0.459350 0.458823
vn -0.977114 0.186317 -0.102632
vn -0.655446 -0.234587 -0.717886
vn -0.604630 -0.463725 -0.647597
vn -0.963658 0.110673 -0.243135
vn -0.963658 0.110673 -0.243135
vn -0.604630 -0.463725 -0.647597
vn -0.614250 -0.413692 -0.671979
vn -0.933906 0.255244 -0.250338
vn -0.933906 0.255244 -0.250338
vn -0.614250 -0.413692 -0.671979
vn -0.588921 -0.453267 -0.669119
vn -0.975973 0.051371 -0.211752
vn -0.975973 0.051371 -0.211752
vn -0.588921 -0.453267 -0.669119
vn -0.636889 -0.530752 -0.559173
vn -0.998689 -0.015965 -0.048644
vn -0.604630 -0.463725 -0.647597
vn -0.006198 -0.701187 -0.712950
vn -0.050339 -0.728699 -0.682981
vn -0.614250 -0.413692 -0.671979
vn -0.614250 -0.413692 -0.671979
vn -0.050339 -0.728699 -0.682981
vn -0.039606 -0.652333 -0.756897
vn -0.588921 -0.453267 -0.669119
vn -0.588921 -0.453267 -0.669119
vn -0.039606 -0.652333 -0.756897
vn -0.103278 -0.696635 -0.709953
vn -0.636889 -0.530752 -0.559173
vn -0.039606 -0.652333 -0.756897
vn -0.050339 -0.728699 -0.682981
vn 0.589712 -0.693776 -0.413419
vn 0.580098 -0.594729 -0.556582
vn -0.039606 -0.652333 -0.756897
vn 0.580098 -0.594729 -0.556582
vn 0.623623 -0.542181 -0.563147
vn -0.103278 -0.696635 -0.709953
vn -0.707557 0.457692 0.538406
vn -0.721605 0.502534 0.476179
vn -0.914989 0.375597 -0.147387
vn -0.964732 0.239580 -0.109058
vn -0.964732 0.239580 -0.109058
vn -0.622943 -0.141357 -0.769390
vn -0.655446 -0.234587 -0.717886
vn -0.977114 0.186317 -0.102632
vn -0.964732 0.239580 -0.109058
vn -0.977114 0.186317 -0.102632
vn -0.720350 0.481499 0.499253
vn -0.707557 0.457692 0.538406
vn -0.622943 -0.141357 -0.769390
vn 0.089803 -0.388016 -0.917267
vn 0.051568 -0.473753 -0.879147
vn -0.655446 -0.234587 -0.717886
vn 0.172216 0.712668 -0.680034
vn 0.244752 0.687470 -0.683726
vn -0.084646 0.471528 -0.877780
vn -0.083760 0.594268 -0.799894
vn 0.612360 0.757913 0.224910
vn 0.784958 0.568395 0.246513
vn 0.725864 0.291734 0.622906
vn 0.584967 0.585929 0.560804
vn 0.612360 0.757913 0.224910
vn 0.522942 0.835217 -0.170133
vn 0.624258 0.743285 -0.240477
vn 0.784958 0.568395 0.246513
vn 0.784958 0.568395 0.246513
vn 0.624258 0.743285 -0.240477
vn 0.715773 0.543449 -0.438558
vn 0.980182 0.144702 0.135299
vn -0.341133 -0.373794 -0.862500
vn -0.396031 -0.741228 -0.541978
vn -0.311967 -0.728150 -0.610307
vn -0.234861 -0.351268 -0.906339
vn -0.311967 -0.728150 -0.610307
vn -0.396031 -0.741228 -0.541978
vn -0.403614 -0.906072 -0.126999
vn -0.348514 -0.920556 -0.176394
vn -0.029804 0.981952 0.186769
vn 0.011059 0.982668 0.185042
vn 0.113340 0.893307 0.434920
vn 0.151280 0.926590 0.344303
vn 0.011059 0.982668 0.185042
vn 0.090029 0.986871 0.134094
vn 0.153306 0.887457 0.434645
vn 0.113340 0.893307 0.434920
vn 0.011059 0.982668 0.185042
vn -0.158498 0.983373 -0.088636
vn -0.024881 0.981468 -0.190005
vn 0.090029 0.986871 0.134094
vn 0.748273 0.540340 -0.384866
vn 0.543493 0.772087 -0.329389
vn 0.268004 0.839338 -0.472954
vn 0.431511 0.562678 -0.705119
vn 0.431511 0.562678 -0.705119
vn 0.268004 0.839338 -0.472954
vn 0.161024 0.967468 -0.195133
vn -0.114596 0.633487 -0.765220
vn 0.426152 -0.663295 -0.615170
vn 0.113906 -0.882161 -0.456966
vn 0.561682 -0.797069 0.221796
vn 0.663698 -0.735686 -0.135174
vn 0.426152 -0.663295 -0.615170
vn 0.197852 -0.297911 -0.933865
vn -0.390021 -0.464917 -0.794818
vn 0.113906 -0.882161 -0.456966
vn 0.590421 0.605482 0.533662
vn 0.718705 0.307085 0.623828
vn 0.450511 0.875001 -0.177237
vn 0.201962 0.976351 -0.077135
vn 0.718705 0.307085 0.623828
vn 0.707815 0.258809 0.657280
vn 0.618590 0.768150 -0.165205
vn 0.450511 0.875001 -0.177237
vn 0.707815 0.258809 0.657280
vn 0.642444 0.221367 0.733664
vn 0.763756 0.638466 -0.095067
vn 0.618590 0.768150 -0.165205
vn -0.700104 -0.406752 -0.586863
vn -0.448565 -0.738897 -0.502813
vn -0.381447 -0.642069 -0.665015
vn -0.665112 -0.250354 -0.703526
vn -0.204588 -0.926268 -0.316498
vn -0.045822 -0.921562 -0.385519
vn -0.381447 -0.642069 -0.665015
vn -0.448565 -0.738897 -0.502813
vn -0.204588 -0.926268 -0.316498
vn 0.054472 -0.998515 0.000845
vn 0.150786 -0.987496 -0.045994
vn -0.045822 -0.921562 -0.385519
vn -0.204588 -0.926268 -0.316498
vn -0.448565 -0.738897 -0.502813
vn -0.444088 -0.781032 -0.439061
vn -0.391790 -0.825233 -0.406806
vn -0.316681 0.872173 0.372864
vn -0.196731 0.503291 0.841424
vn -0.411861 0.477747 0.775970
vn -0.456320 0.855039 0.246334
vn -0.316681 0.872173 0.372864
vn -0.089593 0.778841 0.620790
vn -0.329488 0.592787 0.734875
vn -0.196731 0.503291 0.841424
vn -0.316681 0.872173 0.372864
vn -0.118499 0.902777 -0.413463
vn 0.842264 0.539034 -0.005771
vn -0.089593 0.778841 0.620790
vn -0.316681 0.872173 0.372864
vn -0.456320 0.855039 0.246334
vn -0.232697 0.837227 -0.494876
vn -0.118499 0.902777 -0.413463
vn -0.855579 0.464996 0.227514
vn -0.921905 0.269931 -0.277900
vn -0.824087 0.495516 -0.274488
vn -0.821105 0.550977 0.149031
vn -0.855579 0.464996 0.227514
vn -0.821105 0.550977 0.149031
vn -0.649810 0.548503 0.526205
vn -0.590553 0.577149 0.564045
vn -0.843463 -0.238335 -0.481421
vn -0.884561 -0.182708 -0.429150
vn -0.842334 -0.534222 -0.071278
vn -0.732264 -0.664028 -0.151181
vn -0.843463 -0.238335 -0.481421
vn -0.732264 -0.664028 -0.151181
vn -0.658253 -0.732862 -0.172095
vn -0.799535 -0.315648 -0.510990
vn -0.842334 -0.534222 -0.071278
vn -0.935067 -0.353320 0.028531
vn -0.651357 -0.567679 0.503462
vn -0.574119 -0.751823 0.324267
vn 0.846326 -0.377447 0.375854
vn 0.700058 -0.139879 -0.700252
vn 0.669416 -0.046963 -0.741402
vn 0.893232 -0.279316 0.352307
vn -0.657384 0.635420 -0.405078
vn -0.701129 0.556145 -0.446231
vn -0.462927 0.814420 0.349885
vn -0.224768 0.872208 0.434434
vn -0.406463 0.728856 0.550960
vn -0.556501 0.570229 0.604272
vn -0.032704 0.087004 0.995671
vn -0.037992 0.210530 0.976849
vn -0.406463 0.728856 0.550960
vn -0.997586 0.063252 -0.028669
vn -0.829535 0.479199 -0.286776
vn -0.556501 0.570229 0.604272
vn -0.406463 0.728856 0.550960
vn -0.323182 0.747317 0.580578
vn -0.256049 0.940368 0.223935
vn -0.997586 0.063252 -0.028669
vn -0.406463 0.728856 0.550960
vn -0.037992 0.210530 0.976849
vn -0.015755 0.097746 0.995087
vn -0.323182 0.747317 0.580578
vn -0.037992 0.210530 0.976849
vn -0.032704 0.087004 0.995671
vn 0.486932 -0.497058 0.718213
vn 0.449339 -0.553508 0.701231
vn -0.037992 0.210530 0.976849
vn 0.449339 -0.553508 0.701231
vn 0.478025 -0.623920 0.618236
vn -0.015755 0.097746 0.995087
vn 0.486932 -0.497058 0.718213
vn 0.548163 -0.409133 0.729471
vn 0.753280 -0.650968 -0.093860
vn 0.671989 -0.740185 -0.023589
vn 0.486932 -0.497058 0.718213
vn -0.032704 0.087004 0.995671
vn -0.030147 0.112112 0.993238
vn 0.548163 -0.409133 0.729471
vn -0.271698 -0.365382 -0.890324
vn -0.829535 0.479199 -0.286776
vn -0.997586 0.063252 -0.028669
vn 0.068225 -0.881937 -0.466404
vn -0.271698 -0.365382 -0.890324
vn -0.253480 0.114944 -0.960487
vn -0.696532 0.647254 -0.309686
vn -0.829535 0.479199 -0.286776
vn -0.271698 -0.365382 -0.890324
vn 0.068225 -0.881937 -0.466404
vn 0.556492 -0.608610 -0.565606
vn 0.432876 -0.723212 -0.538129
vn -0.532253 0.667098 -0.521236
vn 0.107418 0.450002 -0.886544
vn 0.050865 0.437363 -0.897846
vn -0.582388 0.606866 -0.540867
vn -0.532253 0.667098 -0.521236
vn -0.550676 0.688725 -0.471608
vn 0.029306 0.449919 -0.892588
vn 0.107418 0.450002 -0.886544
vn -0.385739 0.738276 -0.553312
vn -0.479708 0.621404 -0.619465
vn -0.237645 0.551841 -0.799372
vn 0.143743 0.382256 -0.912808
vn 0.083746 0.299298 -0.950477
vn -0.385739 0.738276 -0.553312
vn -0.683220 0.728583 0.048756
vn -0.859435 0.505298 0.077752
vn -0.479708 0.621404 -0.619465
vn -0.385739 0.738276 -0.553312
vn -0.318574 0.830299 -0.457289
vn -0.547980 0.818412 0.172975
vn -0.683220 0.728583 0.048756
vn -0.385739 0.738276 -0.553312
vn 0.083746 0.299298 -0.950477
vn 0.183208 0.286796 -0.940310
vn -0.318574 0.830299 -0.457289
vn -0.318574 0.830299 -0.457289
vn -0.412439 0.761628 -0.499817
vn -0.640980 0.751065 0.158262
vn -0.547980 0.818412 0.172975
vn -0.318574 0.830299 -0.457289
vn 0.183208 0.286796 -0.940310
vn 0.136226 0.273302 -0.952233
vn -0.412439 0.761628 -0.499817
vn 0.083746 0.299298 -0.950477
vn 0.613986 -0.304919 -0.728042
vn 0.454646 -0.520943 -0.722437
vn 0.183208 0.286796 -0.940310
vn 0.183208 0.286796 -0.940310
vn 0.454646 -0.520943 -0.722437
vn 0.569479 -0.342218 -0.747382
vn 0.136226 0.273302 -0.952233
vn 0.136226 0.273302 -0.952233
vn 0.167109 0.232506 -0.958131
vn -0.380399 0.757800 -0.530129
vn -0.412439 0.761628 -0.499817
vn 0.136226 0.273302 -0.952233
vn 0.569479 -0.342218 -0.747382
vn 0.562131 -0.369625 -0.739855
vn 0.167109 0.232506 -0.958131
vn 0.590189 -0.496435 0.636576
vn 0.706111 -0.703107 -0.083952
vn 0.571927 -0.777086 -0.262749
vn 0.382436 -0.769503 0.511476
vn -0.832404 0.297667 -0.467438
vn -0.691964 0.291060 -0.660659
vn -0.190552 0.730085 -0.656251
vn -0.389848 0.882952 -0.261562
vn -0.832404 0.297667 -0.467438
vn -0.823021 -0.387213 -0.415574
vn -0.885100 -0.243229 -0.396785
vn -0.691964 0.291060 -0.660659
vn -0.885100 -0.243229 -0.396785
vn -0.823021 -0.387213 -0.415574
vn -0.525937 -0.827293 -0.197425
vn -0.737205 -0.675245 0.023918
vn -0.865447 0.255189 0.431139
vn -0.582388 0.606866 -0.540867
vn -0.684667 0.431421 -0.587458
vn -0.827267 0.189243 0.528977
vn -0.664773 0.589282 0.459155
vn -0.227913 0.927471 -0.296400
vn -0.216211 0.942086 -0.256372
vn -0.608405 0.622026 0.492877
vn -0.664773 0.589282 0.459155
vn -0.727379 0.560850 0.395432
vn -0.270509 0.896606 -0.350604
vn -0.227913 0.927471 -0.296400
vn -0.664773 0.589282 0.459155
vn -0.508314 -0.267803 0.818473
vn -0.513516 -0.294810 0.805846
vn -0.727379 0.560850 0.395432
vn -0.664773 0.589282 0.459155
vn -0.608405 0.622026 0.492877
vn -0.488753 -0.206177 0.847709
vn -0.508314 -0.267803 0.818473
vn -0.508314 -0.267803 0.818473
vn 0.008344 -0.828913 0.559315
vn 0.048944 -0.806269 0.589521
vn -0.513516 -0.294810 0.805846
vn -0.508314 -0.267803 0.818473
vn -0.488753 -0.206177 0.847709
vn 0.007054 -0.836898 0.547313
vn 0.008344 -0.828913 0.559315
vn -0.608405 0.622026 0.492877
vn -0.216211 0.942086 -0.256372
vn -0.189117 0.959933 -0.206792
vn -0.587983 0.622627 0.516345
vn -0.608405 0.622026 0.492877
vn -0.587983 0.622627 0.516345
vn -0.504284 -0.178741 0.844837
vn -0.488753 -0.206177 0.847709
vn -0.488753 -0.206177 0.847709
vn -0.504284 -0.178741 0.844837
vn -0.022862 -0.839423 0.542998
vn 0.007054 -0.836898 0.547313
vn -0.587983 0.622627 0.516345
vn -0.189117 0.959933 -0.206792
vn -0.126232 0.980254 -0.152209
vn -0.458731 0.681251 0.570493
vn -0.587983 0.622627 0.516345
vn -0.458731 0.681251 0.570493
vn -0.432790 -0.150821 0.888789
vn -0.504284 -0.178741 0.844837
vn -0.504284 -0.178741 0.844837
vn -0.432790 -0.150821 0.888789
vn -0.002778 -0.838093 0.545521
vn -0.022862 -0.839423 0.542998
vn -0.458731 0.681251 0.570493
vn -0.126232 0.980254 -0.152209
vn -0.151876 0.957789 -0.244080
vn -0.309315 0.763165 0.567365
vn -0.458731 0.681251 0.570493
vn -0.309315 0.763165 0.567365
vn -0.191683 0.053911 0.979975
vn -0.432790 -0.150821 0.888789
vn -0.432790 -0.150821 0.888789
vn -0.191683 0.053911 0.979975
vn 0.194993 -0.794770 0.574733
vn -0.002778 -0.838093 0.545521
vn -0.309315 0.763165 0.567365
vn -0.151876 0.957789 -0.244080
vn -0.283700 0.906638 -0.312284
vn -0.312934 0.792621 0.523282
vn -0.309315 0.763165 0.567365
vn -0.312934 0.792621 0.523282
vn -0.038268 0.236583 0.970857
vn -0.191683 0.053911 0.979975
vn -0.191683 0.053911 0.979975
vn -0.038268 0.236583 0.970857
vn 0.387559 -0.691003 0.610175
vn 0.194993 -0.794770 0.574733
vn -0.312934 0.792621 0.523282
vn -0.276046 0.872201 0.403812
vn 0.294317 0.397818 0.868976
vn -0.038268 0.236583 0.970857
vn -0.038268 0.236583 0.970857
vn 0.294317 0.397818 0.868976
vn 0.577213 -0.505577 0.641262
vn 0.387559 -0.691003 0.610175
vn -0.276046 0.872201 0.403812
vn -0.224768 0.872208 0.434434
vn 0.359627 0.380324 0.852070
vn 0.294317 0.397818 0.868976
vn 0.294317 0.397818 0.868976
vn 0.359627 0.380324 0.852070
vn 0.695493 -0.359983 0.621854
vn 0.577213 -0.505577 0.641262
vn -0.224768 0.872208 0.434434
vn -0.462927 0.814420 0.349885
vn 0.230640 0.400168 0.886944
vn 0.359627 0.380324 0.852070
vn 0.359627 0.380324 0.852070
vn 0.230640 0.400168 0.886944
vn 0.692103 -0.282425 0.664251
vn 0.695493 -0.359983 0.621854
vn 0.230640 0.400168 0.886944
vn 0.252163 0.357979 0.899036
vn 0.663766 -0.286050 0.691079
vn 0.692103 -0.282425 0.664251
vn 0.230640 0.400168 0.886944
vn -0.462927 0.814420 0.349885
vn -0.455345 0.812733 0.363491
vn 0.252163 0.357979 0.899036
vn 0.875000 0.404441 0.266086
vn 0.508812 0.565609 0.648997
vn -0.012941 0.999371 0.033029
vn 0.161024 0.967468 -0.195133
vn 0.875000 0.404441 0.266086
vn 0.663698 -0.735686 -0.135174
vn 0.561682 -0.797069 0.221796
vn 0.508812 0.565609 0.648997
vn 0.875000 0.404441 0.266086
vn 0.908746 0.279289 -0.310126
vn 0.726994 -0.679980 -0.095430
vn 0.706720 -0.707336 -0.014943
vn 0.663698 -0.735686 -0.135174
vn 0.875000 0.404441 0.266086
vn 0.161024 0.967468 -0.195133
vn 0.389055 0.892363 -0.228745
vn 0.908746 0.279289 -0.310126
vn -0.324460 0.054365 0.944336
vn -0.090565 -0.216630 0.972044
vn -0.751297 0.474057 0.459155
vn -0.777615 0.507953 0.370537
vn -0.090565 -0.216630 0.972044
vn -0.102599 -0.212166 0.971833
vn -0.841671 0.290256 0.455348
vn -0.751297 0.474057 0.459155
vn -0.102599 -0.212166 0.971833
vn -0.113770 -0.294016 0.949005
vn -0.894553 0.173366 0.411969
vn -0.841671 0.290256 0.455348
vn -0.102599 -0.212166 0.971833
vn 0.859873 -0.410726 0.303186
vn 0.903796 -0.298882 0.306305
vn -0.113770 -0.294016 0.949005
vn 0.937854 0.043437 0.344301
vn 0.868956 0.294929 0.397407
vn 0.135329 -0.463184 0.875869
vn 0.169343 -0.456557 0.873429
vn 0.937854 0.043437 0.344301
vn 0.887643 0.353477 -0.295203
vn 0.690955 0.654257 -0.307457
vn 0.868956 0.294929 0.397407
vn 0.117605 0.399147 -0.909313
vn 0.135114 0.459512 -0.877834
vn 0.887643 0.353477 -0.295203
vn 0.924097 -0.016934 -0.381782
vn 0.887643 0.353477 -0.295203
vn 0.937854 0.043437 0.344301
vn 0.903796 -0.298882 0.306305
vn 0.924097 -0.016934 -0.381782
vn -0.838694 0.452027 -0.303751
vn -0.796150 0.506980 -0.330328
vn -0.841671 0.290256 0.455348
vn -0.894553 0.173366 0.411969
vn 0.418829 0.615825 0.667339
vn 0.287055 0.510958 0.810260
vn 0.729984 0.112565 0.674131
vn 0.813603 0.131613 0.566328
vn 0.418829 0.615825 0.667339
vn -0.266474 0.874575 0.405104
vn -0.353875 0.734139 0.579493
vn 0.287055 0.510958 0.810260
vn -0.353875 0.734139 0.579493
vn -0.790155 0.606097 0.091112
vn -0.795696 0.592638 0.125091
vn -0.352021 0.711277 0.608413
vn -0.353875 0.734139 0.579493
vn -0.266474 0.874575 0.405104
vn -0.742535 0.667317 -0.057707
vn -0.790155 0.606097 0.091112
vn 0.287055 0.510958 0.810260
vn -0.353875 0.734139 0.579493
vn -0.352021 0.711277 0.608413
vn 0.265126 0.504574 0.821653
vn -0.352021 0.711277 0.608413
vn -0.795696 0.592638 0.125091
vn -0.677515 0.732820 0.062837
vn -0.185386 0.878508 0.440290
vn -0.352021 0.711277 0.608413
vn -0.185386 0.878508 0.440290
vn 0.376399 0.690083 0.618150
vn 0.265126 0.504574 0.821653
vn 0.376399 0.690083 0.618150
vn -0.185386 0.878508 0.440290
vn 0.012073 0.988941 0.147816
vn 0.467049 0.803251 0.369666
vn -0.185386 0.878508 0.440290
vn -0.677515 0.732820 0.062837
vn -0.478333 0.867129 -0.138872
vn 0.012073 0.988941 0.147816
vn -0.900089 0.173964 -0.399469
vn -0.795696 0.592638 0.125091
vn -0.790155 0.606097 0.091112
vn -0.886205 0.215382 -0.410185
vn -0.795696 0.592638 0.125091
vn -0.900089 0.173964 -0.399469
vn -0.896411 0.188881 -0.400964
vn -0.677515 0.732820 0.062837
vn -0.478333 0.867129 -0.138872
vn -0.677515 0.732820 0.062837
vn -0.896411 0.188881 -0.400964
vn -0.859231 0.265555 -0.437268
vn -0.900089 0.173964 -0.399469
vn -0.886205 0.215382 -0.410185
vn -0.671504 -0.226860 -0.705419
vn -0.682462 -0.269226 -0.679532
vn -0.900089 0.173964 -0.399469
vn -0.682462 -0.269226 -0.679532
vn -0.720467 -0.346363 -0.600799
vn -0.896411 0.188881 -0.400964
vn -0.859231 0.265555 -0.437268
vn -0.896411 0.188881 -0.400964
vn -0.720467 -0.346363 -0.600799
vn -0.779712 -0.396119 -0.484912
vn -0.324540 -0.591488 -0.738117
vn -0.682462 -0.269226 -0.679532
vn -0.671504 -0.226860 -0.705419
vn -0.305723 -0.552573 -0.775369
vn -0.682462 -0.269226 -0.679532
vn -0.324540 -0.591488 -0.738117
vn -0.380784 -0.718207 -0.582393
vn -0.720467 -0.346363 -0.600799
vn -0.779712 -0.396119 -0.484912
vn -0.720467 -0.346363 -0.600799
vn -0.380784 -0.718207 -0.582393
vn -0.455866 -0.824543 -0.335135
vn -0.455866 -0.824543 -0.335135
vn -0.380784 -0.718207 -0.582393
vn 0.104230 -0.921395 -0.374390
vn -0.032144 -0.996416 -0.078248
vn -0.380784 -0.718207 -0.582393
vn -0.324540 -0.591488 -0.738117
vn 0.183831 -0.791387 -0.583020
vn 0.104230 -0.921395 -0.374390
vn 0.380403 -0.906744 0.181959
vn -0.032144 -0.996416 -0.078248
vn 0.104230 -0.921395 -0.374390
vn 0.579633 -0.812846 -0.057500
vn -0.478333 0.867129 -0.138872
vn -0.389848 0.882952 -0.261562
vn 0.113115 0.993578 -0.002609
vn 0.012073 0.988941 0.147816
vn -0.478333 0.867129 -0.138872
vn -0.859231 0.265555 -0.437268
vn -0.832404 0.297667 -0.467438
vn -0.389848 0.882952 -0.261562
vn -0.859231 0.265555 -0.437268
vn -0.779712 -0.396119 -0.484912
vn -0.823021 -0.387213 -0.415574
vn -0.832404 0.297667 -0.467438
vn -0.779712 -0.396119 -0.484912
vn -0.455866 -0.824543 -0.335135
vn -0.525937 -0.827293 -0.197425
vn -0.823021 -0.387213 -0.415574
vn -0.455866 -0.824543 -0.335135
vn -0.032144 -0.996416 -0.078248
vn -0.118538 -0.990357 0.071711
vn -0.525937 -0.827293 -0.197425
vn -0.525937 -0.827293 -0.197425
vn -0.118538 -0.990357 0.071711
vn -0.329136 -0.840793 0.429811
vn -0.737205 -0.675245 0.023918
vn -0.084646 0.471528 -0.877780
vn -0.436750 0.159367 -0.885354
vn -0.453785 0.281004 -0.845645
vn -0.083760 0.594268 -0.799894
vn -0.611838 0.780750 -0.126822
vn -0.370289 0.566597 -0.736107
vn -0.375888 0.540941 -0.752390
vn -0.618923 0.772848 -0.140144
vn -0.611838 0.780750 -0.126822
vn -0.495058 0.516477 0.698691
vn -0.479211 0.523825 0.704248
vn -0.591884 0.797532 -0.116687
vn -0.611838 0.780750 -0.126822
vn -0.618923 0.772848 -0.140144
vn -0.511285 0.543780 0.665500
vn -0.495058 0.516477 0.698691
vn 0.594118 -0.774727 0.216385
vn 0.597230 -0.773399 0.212533
vn 0.249832 -0.295872 0.921978
vn 0.187988 -0.473889 0.860285
vn 0.608882 -0.792654 -0.031013
vn 0.385827 -0.262098 -0.884558
vn 0.597337 -0.179492 -0.781646
vn 0.667768 -0.662715 -0.338962
vn 0.676893 -0.734450 -0.048984
vn 0.608882 -0.792654 -0.031013
vn 0.629611 -0.774224 -0.064544
vn 0.393854 -0.304855 -0.867146
vn 0.385827 -0.262098 -0.884558
vn 0.608882 -0.792654 -0.031013
vn 0.594118 -0.774727 0.216385
vn 0.187988 -0.473889 0.860285
vn 0.521276 -0.719472 0.458945
vn 0.629611 -0.774224 -0.064544
vn 0.187988 -0.473889 0.860285
vn 0.126271 -0.310483 0.942155
vn 0.140013 -0.305034 0.941993
vn 0.521276 -0.719472 0.458945
vn 0.187988 -0.473889 0.860285
vn 0.249832 -0.295872 0.921978
vn 0.395880 -0.603691 0.691980
vn 0.228908 -0.303772 0.924837
vn 0.126271 -0.310483 0.942155
vn 0.531994 -0.160052 0.831484
vn 0.940433 -0.044025 -0.337116
vn 0.230900 0.917588 -0.323602
vn -0.105568 0.786502 0.608498
vn 0.531994 -0.160052 0.831484
vn 0.603319 -0.541032 0.585909
vn 0.758398 -0.596007 0.263833
vn 0.836552 -0.545256 -0.053635
vn 0.940433 -0.044025 -0.337116
vn 0.531994 -0.160052 0.831484
vn 0.228908 -0.303772 0.924837
vn 0.395880 -0.603691 0.691980
vn 0.249832 -0.295872 0.921978
vn 0.603319 -0.541032 0.585909
vn 0.825169 0.290063 -0.484727
vn 0.908746 0.279289 -0.310126
vn 0.389055 0.892363 -0.228745
vn 0.549245 0.815150 -0.184012
vn 0.825169 0.290063 -0.484727
vn 0.549245 0.815150 -0.184012
vn 0.700895 0.708359 -0.083508
vn 0.809143 0.276407 -0.518543
vn 0.809143 0.276407 -0.518543
vn 0.700895 0.708359 -0.083508
vn 0.826460 0.562887 0.011020
vn 0.830777 0.239591 -0.502400
vn 0.830777 0.239591 -0.502400
vn 0.826460 0.562887 0.011020
vn 0.906627 0.418988 0.049766
vn 0.847749 0.201684 -0.490555
vn 0.847749 0.201684 -0.490555
vn 0.906627 0.418988 0.049766
vn 0.944530 0.325663 0.042517
vn 0.843962 0.189875 -0.501672
vn 0.843962 0.189875 -0.501672
vn 0.944530 0.325663 0.042517
vn 0.955517 0.292694 0.036298
vn 0.830622 0.221014 -0.511097
vn 0.830622 0.221014 -0.511097
vn 0.955517 0.292694 0.036298
vn 0.970791 0.233535 0.055019
vn 0.848422 0.175453 -0.499396
vn 0.848422 0.175453 -0.499396
vn 0.970791 0.233535 0.055019
vn 0.980209 0.185554 0.068986
vn 0.851004 0.140759 -0.505943
vn 0.851004 0.140759 -0.505943
vn 0.980209 0.185554 0.068986
vn 0.980631 0.172827 0.092164
vn 0.867648 0.137745 -0.477718
vn 0.549245 0.815150 -0.184012
vn 0.389055 0.892363 -0.228745
vn 0.092498 0.994633 -0.046363
vn 0.224839 0.968876 0.103571
vn 0.549245 0.815150 -0.184012
vn 0.224839 0.968876 0.103571
vn 0.394145 0.863279 0.315274
vn 0.700895 0.708359 -0.083508
vn 0.700895 0.708359 -0.083508
vn 0.394145 0.863279 0.315274
vn 0.535213 0.684485 0.495002
vn 0.826460 0.562887 0.011020
vn -0.369541 -0.886868 0.277317
vn -0.343134 -0.900399 0.267470
vn -0.272277 -0.711388 0.647914
vn -0.277517 -0.722235 0.633531
vn -0.369541 -0.886868 0.277317
vn -0.418170 -0.887927 -0.191624
vn -0.348514 -0.920556 -0.176394
vn -0.343134 -0.900399 0.267470
vn -0.369541 -0.886868 0.277317
vn -0.277517 -0.722235 0.633531
vn -0.322066 -0.710284 0.625915
vn -0.459286 -0.847123 0.267282
vn -0.459286 -0.847123 0.267282
vn -0.322066 -0.710284 0.625915
vn -0.386272 -0.684880 0.617846
vn -0.551101 -0.795186 0.252915
vn -0.322066 -0.710284 0.625915
vn -0.150828 -0.449818 0.880292
vn -0.179170 -0.458497 0.870448
vn -0.386272 -0.684880 0.617846
vn -0.322066 -0.710284 0.625915
vn -0.277517 -0.722235 0.633531
vn -0.138603 -0.435679 0.889367
vn -0.150828 -0.449818 0.880292
vn -0.150828 -0.449818 0.880292
vn -0.138603 -0.435679 0.889367
vn -0.001558 -0.123506 0.992343
vn 0.003211 -0.155944 0.987761
vn -0.150828 -0.449818 0.880292
vn 0.003211 -0.155944 0.987761
vn 0.003354 -0.187331 0.982291
vn -0.179170 -0.458497 0.870448
vn -0.637161 -0.732626 0.239341
vn -0.690602 -0.696264 0.195668
vn -0.815398 -0.490807 -0.306977
vn -0.739183 -0.624624 -0.251901
vn -0.637161 -0.732626 0.239341
vn -0.441269 -0.658499 0.609640
vn -0.441456 -0.667602 0.599520
vn -0.690602 -0.696264 0.195668
vn -0.637161 -0.732626 0.239341
vn -0.551101 -0.795186 0.252915
vn -0.386272 -0.684880 0.617846
vn -0.441269 -0.658499 0.609640
vn -0.637161 -0.732626 0.239341
vn -0.739183 -0.624624 -0.251901
vn -0.630785 -0.741559 -0.228474
vn -0.551101 -0.795186 0.252915
vn 0.526123 0.795175 -0.301482
vn 0.179042 0.892356 -0.414300
vn 0.319412 0.266502 -0.909369
vn 0.596215 0.203143 -0.776698
vn -0.332758 0.918721 -0.212660
vn -0.699486 0.645069 -0.307580
vn -0.665190 0.551878 -0.502944
vn -0.220291 0.836250 -0.502153
vn -0.695631 0.693647 -0.186953
vn -0.888995 0.318778 -0.328738
vn -0.930932 0.208795 -0.299618
vn -0.699486 0.645069 -0.307580
vn -0.699486 0.645069 -0.307580
vn -0.930932 0.208795 -0.299618
vn -0.929659 0.141723 -0.340071
vn -0.665190 0.551878 -0.502944
vn -0.888995 0.318778 -0.328738
vn -0.909606 -0.067463 -0.409959
vn -0.958394 -0.142980 -0.247058
vn -0.930932 0.208795 -0.299618
vn -0.909606 -0.067463 -0.409959
vn -0.822191 0.126314 -0.555020
vn -0.698992 -0.255606 -0.667889
vn -0.729085 -0.288848 -0.620486
vn -0.856122 -0.347095 -0.382858
vn -0.909606 -0.067463 -0.409959
vn -0.856122 -0.347095 -0.382858
vn -0.903496 -0.387497 -0.183144
vn -0.948517 -0.247845 -0.197200
vn -0.958394 -0.142980 -0.247058
vn -0.856122 -0.347095 -0.382858
vn -0.729085 -0.288848 -0.620486
vn -0.787943 -0.487533 -0.376109
vn -0.318142 0.787634 0.527653
vn -0.214621 0.849433 0.482079
vn 0.065900 0.727847 0.682566
vn -0.009595 0.687916 0.725727
vn -0.318142 0.787634 0.527653
vn -0.547060 0.782348 0.297754
vn -0.414251 0.866636 0.278097
vn -0.214621 0.849433 0.482079
vn -0.318142 0.787634 0.527653
vn -0.326728 0.772326 0.544758
vn -0.359592 0.750575 0.554374
vn -0.596988 0.731872 0.328585
vn -0.565558 0.761079 0.317651
vn -0.547060 0.782348 0.297754
vn -0.318142 0.787634 0.527653
vn -0.009595 0.687916 0.725727
vn -0.046722 0.659155 0.750554
vn -0.359592 0.750575 0.554374
vn -0.326728 0.772326 0.544758
vn -0.547060 0.782348 0.297754
vn -0.679682 0.725121 0.110599
vn -0.556997 0.824957 0.095924
vn -0.414251 0.866636 0.278097
vn -0.547060 0.782348 0.297754
vn -0.565558 0.761079 0.317651
vn -0.596988 0.731872 0.328585
vn -0.735851 0.658961 0.155864
vn -0.679682 0.725121 0.110599
vn -0.735851 0.658961 0.155864
vn -0.596988 0.731872 0.328585
vn -0.631688 0.648067 0.425416
vn -0.778389 0.562664 0.278425
vn -0.556997 0.824957 0.095924
vn -0.486483 0.869078 0.089652
vn -0.321369 0.910006 0.261938
vn -0.414251 0.866636 0.278097
vn -0.556997 0.824957 0.095924
vn -0.690087 0.716329 -0.103208
vn -0.650831 0.752230 -0.102806
vn -0.486483 0.869078 0.089652
vn -0.385775 -0.782371 -0.488952
vn -0.357889 -0.774797 -0.521158
vn -0.578795 -0.672440 -0.461325
vn -0.608693 -0.609488 -0.507953
vn 0.266019 0.239557 -0.933727
vn 0.138392 0.277362 -0.950746
vn 0.502625 0.085103 -0.860305
vn 0.567763 0.137690 -0.811595
vn 0.266019 0.239557 -0.933727
vn -0.029763 0.314971 -0.948634
vn -0.135890 0.406112 -0.903663
vn 0.138392 0.277362 -0.950746
vn -0.029763 0.314971 -0.948634
vn -0.356165 0.347603 -0.867363
vn -0.328859 0.474218 -0.816682
vn -0.135890 0.406112 -0.903663
vn -0.414412 0.284415 -0.864506
vn -0.826347 0.192611 -0.529199
vn -0.738202 0.308487 -0.599911
vn -0.356165 0.347603 -0.867363
vn -0.414412 0.284415 -0.864506
vn -0.356165 0.347603 -0.867363
vn -0.029763 0.314971 -0.948634
vn 0.005585 0.299111 -0.954202
vn -0.356165 0.347603 -0.867363
vn -0.738202 0.308487 -0.599911
vn -0.619590 0.491464 -0.612022
vn -0.328859 0.474218 -0.816682
vn -0.826347 0.192611 -0.529199
vn -0.990298 0.073383 -0.118003
vn -0.955295 0.202838 -0.215101
vn -0.738202 0.308487 -0.599911
vn -0.738202 0.308487 -0.599911
vn -0.955295 0.202838 -0.215101
vn -0.832797 0.439769 -0.336233
vn -0.619590 0.491464 -0.612022
vn -0.985120 -0.121067 -0.121994
vn -0.990298 0.073383 -0.118003
vn -0.826347 0.192611 -0.529199
vn -0.929659 0.141723 -0.340071
vn -0.985120 -0.121067 -0.121994
vn -0.962422 -0.269446 0.033797
vn -0.986456 -0.006330 0.163904
vn -0.990298 0.073383 -0.118003
vn -0.990298 0.073383 -0.118003
vn -0.986456 -0.006330 0.163904
vn -0.992098 0.094307 0.082756
vn -0.955295 0.202838 -0.215101
vn -0.955295 0.202838 -0.215101
vn -0.992098 0.094307 0.082756
vn -0.940351 0.329857 -0.083274
vn -0.832797 0.439769 -0.336233
vn -0.962422 -0.269446 0.033797
vn -0.903496 -0.387497 -0.183144
vn -0.773581 -0.630294 -0.065593
vn -0.883601 -0.407403 0.230807
vn -0.962422 -0.269446 0.033797
vn -0.985120 -0.121067 -0.121994
vn -0.958394 -0.142980 -0.247058
vn -0.948517 -0.247845 -0.197200
vn -0.903496 -0.387497 -0.183144
vn -0.962422 -0.269446 0.033797
vn -0.883601 -0.407403 0.230807
vn -0.907878 -0.071160 0.413151
vn -0.986456 -0.006330 0.163904
vn -0.986456 -0.006330 0.163904
vn -0.907878 -0.071160 0.413151
vn -0.926894 -0.022731 0.374634
vn -0.992098 0.094307 0.082756
vn -0.992098 0.094307 0.082756
vn -0.926894 -0.022731 0.374634
vn -0.963019 0.089675 0.254074
vn -0.940351 0.329857 -0.083274
vn -0.609804 -0.656510 -0.443997
vn -0.773581 -0.630294 -0.065593
vn -0.903496 -0.387497 -0.183144
vn -0.856122 -0.347095 -0.382858
vn -0.787943 -0.487533 -0.376109
vn -0.609804 -0.656510 -0.443997
vn -0.364438 -0.866820 -0.340306
vn -0.577795 -0.814872 0.046224
vn -0.773581 -0.630294 -0.065593
vn -0.773581 -0.630294 -0.065593
vn -0.577795 -0.814872 0.046224
vn -0.734517 -0.521267 0.434472
vn -0.883601 -0.407403 0.230807
vn -0.883601 -0.407403 0.230807
vn -0.734517 -0.521267 0.434472
vn -0.762133 -0.126792 0.634883
vn -0.907878 -0.071160 0.413151
vn -0.940351 0.329857 -0.083274
vn -0.963019 0.089675 0.254074
vn -0.911120 0.403648 0.083237
vn -0.590707 0.788796 -0.169902
vn -0.963019 0.089675 0.254074
vn -0.802563 -0.173447 0.570797
vn -0.863317 -0.202772 0.462134
vn -0.911120 0.403648 0.083237
vn 0.313968 -0.943809 -0.103195
vn 0.254968 -0.938142 -0.234267
vn 0.014174 -0.873111 -0.487316
vn -0.045822 -0.921562 -0.385519
vn 0.150786 -0.987496 -0.045994
vn 0.718054 0.636082 0.282486
vn 0.698477 0.694111 0.174185
vn 0.203472 0.957166 0.205990
vn 0.195198 0.892607 0.406387
vn 0.667950 0.718324 0.194560
vn 0.518131 0.854375 0.039782
vn 0.258917 0.965680 -0.020576
vn 0.203472 0.957166 0.205990
vn 0.698477 0.694111 0.174185
vn 0.667950 0.718324 0.194560
vn 0.534161 0.645573 0.545810
vn 0.154113 0.934252 0.321594
vn 0.258917 0.965680 -0.020576
vn 0.518131 0.854375 0.039782
vn 0.269884 -0.434234 -0.859420
vn 0.623623 -0.542181 -0.563147
vn 0.702218 -0.161548 -0.693392
vn 0.423288 -0.158534 -0.892017
vn 0.166818 0.130006 0.977379
vn 0.181463 0.059846 0.981575
vn 0.003869 -0.211686 0.977330
vn 0.003354 -0.187331 0.982291
vn 0.166818 0.130006 0.977379
vn 0.003354 -0.187331 0.982291
vn 0.003211 -0.155944 0.987761
vn 0.153078 0.190240 0.969730
vn 0.380520 0.446588 0.809792
vn 0.438276 0.284973 0.852470
vn 0.212346 -0.040325 0.976362
vn 0.181463 0.059846 0.981575
vn 0.445185 0.879921 -0.165980
vn 0.342965 0.808448 -0.478317
vn 0.402828 0.798669 -0.447054
vn 0.522942 0.835217 -0.170133
vn 0.522942 0.835217 -0.170133
vn 0.402828 0.798669 -0.447054
vn 0.460071 0.748934 -0.476898
vn 0.624258 0.743285 -0.240477
vn 0.555678 0.701002 0.447010
vn 0.355633 0.593021 0.722393
vn 0.129147 0.773011 0.621108
vn 0.397863 0.826402 0.398453
vn 0.555678 0.701002 0.447010
vn 0.730383 0.495302 0.470337
vn 0.573503 0.332589 0.748651
vn 0.355633 0.593021 0.722393
vn -0.773714 0.281202 -0.567707
vn -0.959679 0.160765 0.230590
vn -0.777615 0.507953 0.370537
vn -0.697669 0.629602 -0.341847
vn -0.697669 0.629602 -0.341847
vn -0.777615 0.507953 0.370537
vn -0.751297 0.474057 0.459155
vn -0.685269 0.650758 -0.326986
vn -0.685269 0.650758 -0.326986
vn -0.751297 0.474057 0.459155
vn -0.841671 0.290256 0.455348
vn -0.796150 0.506980 -0.330328
vn -0.113770 -0.294016 0.949005
vn 0.903796 -0.298882 0.306305
vn 0.937854 0.043437 0.344301
vn 0.169343 -0.456557 0.873429
vn -0.892455 -0.219024 0.394401
vn -0.894553 0.173366 0.411969
vn -0.113770 -0.294016 0.949005
vn 0.169343 -0.456557 0.873429
vn -0.547012 -0.330038 0.769319
vn -0.553951 -0.193532 0.809743
vn -0.259532 -0.243227 0.934604
vn -0.186686 -0.436737 0.880005
vn -0.547012 -0.330038 0.769319
vn -0.802563 -0.173447 0.570797
vn -0.773208 -0.121982 0.622310
vn -0.553951 -0.193532 0.809743
vn -0.259532 -0.243227 0.934604
vn 0.147416 -0.267273 0.952278
vn 0.295186 -0.467764 0.833104
vn -0.186686 -0.436737 0.880005
vn 0.147416 -0.267273 0.952278
vn 0.062217 -0.183917 0.980971
vn 0.488200 -0.154191 0.859003
vn 0.567673 -0.241301 0.787097
vn 0.147416 -0.267273 0.952278
vn -0.259532 -0.243227 0.934604
vn -0.305722 -0.185865 0.933803
vn 0.062217 -0.183917 0.980971
vn -0.907878 -0.071160 0.413151
vn -0.762133 -0.126792 0.634883
vn -0.773208 -0.121982 0.622310
vn -0.926894 -0.022731 0.374634
vn -0.926894 -0.022731 0.374634
vn -0.773208 -0.121982 0.622310
vn -0.802563 -0.173447 0.570797
vn -0.963019 0.089675 0.254074
vn -0.364438 -0.866820 -0.340306
vn -0.103298 -0.960357 -0.258929
vn -0.337624 -0.929542 0.148193
vn -0.577795 -0.814872 0.046224
vn -0.577795 -0.814872 0.046224
vn -0.337624 -0.929542 0.148193
vn -0.529642 -0.600729 0.598835
vn -0.734517 -0.521267 0.434472
vn -0.734517 -0.521267 0.434472
vn -0.529642 -0.600729 0.598835
vn -0.562902 -0.166288 0.809623
vn -0.762133 -0.126792 0.634883
vn -0.762133 -0.126792 0.634883
vn -0.562902 -0.166288 0.809623
vn -0.553951 -0.193532 0.809743
vn -0.773208 -0.121982 0.622310
vn -0.337624 -0.929542 0.148193
vn -0.063745 -0.974380 0.215687
vn -0.274940 -0.648595 0.709741
vn -0.529642 -0.600729 0.598835
vn -0.337624 -0.929542 0.148193
vn -0.103298 -0.960357 -0.258929
vn 0.143986 -0.975455 -0.166598
vn -0.063745 -0.974380 0.215687
vn -0.529642 -0.600729 0.598835
vn -0.274940 -0.648595 0.709741
vn -0.305722 -0.185865 0.933803
vn -0.562902 -0.166288 0.809623
vn -0.562902 -0.166288 0.809623
vn -0.305722 -0.185865 0.933803
vn -0.259532 -0.243227 0.934604
vn -0.553951 -0.193532 0.809743
vn -0.274940 -0.648595 0.709741
vn 0.076541 -0.645830 0.759635
vn 0.062217 -0.183917 0.980971
vn -0.305722 -0.185865 0.933803
vn 0.003211 -0.155944 0.987761
vn -0.001558 -0.123506 0.992343
vn 0.134090 0.238837 0.961757
vn 0.153078 0.190240 0.969730
vn 0.402828 0.798669 -0.447054
vn 0.225511 0.654965 -0.721226
vn 0.244752 0.687470 -0.683726
vn 0.460071 0.748934 -0.476898
vn -0.253338 -0.178816 -0.950707
vn -0.314442 0.141477 -0.938675
vn -0.743781 -0.075856 -0.664105
vn -0.842829 -0.052154 -0.535648
vn -0.116987 0.993048 0.012987
vn 0.042817 0.982464 -0.181470
vn -0.660945 0.707644 -0.249784
vn -0.643666 0.705183 -0.297339
vn -0.116987 0.993048 0.012987
vn -0.194848 0.951266 0.239014
vn 0.495397 0.671701 0.550817
vn 0.563824 0.728745 0.388630
vn -0.116987 0.993048 0.012987
vn -0.643666 0.705183 -0.297339
vn -0.697643 0.692408 -0.184027
vn -0.194848 0.951266 0.239014
vn -0.660945 0.707644 -0.249784
vn 0.042817 0.982464 -0.181470
vn 0.180531 0.983554 -0.005505
vn -0.832363 0.547594 0.085512
vn -0.660945 0.707644 -0.249784
vn -0.906864 0.177755 -0.382101
vn -0.864538 0.299530 -0.403553
vn -0.643666 0.705183 -0.297339
vn -0.660945 0.707644 -0.249784
vn -0.832363 0.547594 0.085512
vn -0.842829 -0.052154 -0.535648
vn -0.906864 0.177755 -0.382101
vn -0.643666 0.705183 -0.297339
vn -0.864538 0.299530 -0.403553
vn -0.860109 0.262414 -0.437437
vn -0.697643 0.692408 -0.184027
vn -0.906864 0.177755 -0.382101
vn -0.880374 -0.183943 -0.437157
vn -0.908985 -0.143864 -0.391216
vn -0.864538 0.299530 -0.403553
vn -0.906864 0.177755 -0.382101
vn -0.842829 -0.052154 -0.535648
vn -0.743781 -0.075856 -0.664105
vn -0.880374 -0.183943 -0.437157
vn -0.266474 0.874575 0.405104
vn -0.194848 0.951266 0.239014
vn -0.697643 0.692408 -0.184027
vn -0.742535 0.667317 -0.057707
vn -0.266474 0.874575 0.405104
vn 0.418829 0.615825 0.667339
vn 0.495397 0.671701 0.550817
vn -0.194848 0.951266 0.239014
vn -0.697643 0.692408 -0.184027
vn -0.860109 0.262414 -0.437437
vn -0.873766 0.235971 -0.425265
vn -0.742535 0.667317 -0.057707
vn -0.860109 0.262414 -0.437437
vn -0.864538 0.299530 -0.403553
vn -0.908985 -0.143864 -0.391216
vn -0.820473 -0.213486 -0.530329
vn -0.860109 0.262414 -0.437437
vn -0.820473 -0.213486 -0.530329
vn -0.745962 -0.248082 -0.618058
vn -0.873766 0.235971 -0.425265
vn -0.908985 -0.143864 -0.391216
vn -0.722054 -0.627798 -0.290703
vn -0.575333 -0.657665 -0.486281
vn -0.820473 -0.213486 -0.530329
vn -0.908985 -0.143864 -0.391216
vn -0.880374 -0.183943 -0.437157
vn -0.753644 -0.635176 -0.169031
vn -0.722054 -0.627798 -0.290703
vn -0.820473 -0.213486 -0.530329
vn -0.575333 -0.657665 -0.486281
vn -0.440213 -0.634320 -0.635492
vn -0.745962 -0.248082 -0.618058
vn -0.575333 -0.657665 -0.486281
vn -0.722054 -0.627798 -0.290703
vn -0.091805 -0.995698 -0.012569
vn -0.002109 -0.959915 -0.280284
vn -0.575333 -0.657665 -0.486281
vn -0.002109 -0.959915 -0.280284
vn 0.087136 -0.875504 -0.475290
vn -0.440213 -0.634320 -0.635492
vn 0.087136 -0.875504 -0.475290
vn -0.002109 -0.959915 -0.280284
vn 0.605551 -0.794165 0.051095
vn 0.681356 -0.726904 -0.085820
vn -0.261055 -0.270786 -0.926566
vn 0.957946 0.125225 -0.258181
vn 0.960889 -0.115541 -0.251681
vn -0.380409 0.075304 -0.921747
vn -0.261055 -0.270786 -0.926566
vn -0.380409 0.075304 -0.921747
vn -0.928700 0.250199 -0.273709
vn -0.992950 -0.019412 -0.116935
vn -0.380409 0.075304 -0.921747
vn 0.960889 -0.115541 -0.251681
vn 0.807766 0.290108 -0.513178
vn -0.246388 0.576651 -0.778952
vn -0.380409 0.075304 -0.921747
vn -0.246388 0.576651 -0.778952
vn -0.970537 0.176497 -0.164030
vn -0.928700 0.250199 -0.273709
vn 0.930399 -0.062646 0.361155
vn 0.934209 -0.251324 0.253160
vn 0.807766 0.290108 -0.513178
vn 0.960889 -0.115541 -0.251681
vn 0.930399 -0.062646 0.361155
vn 0.360891 -0.468299 0.806507
vn 0.235431 -0.593097 0.769940
vn 0.934209 -0.251324 0.253160
vn 0.360891 -0.468299 0.806507
vn 0.379052 -0.435907 0.816275
vn -0.866239 -0.289546 0.407177
vn -0.863114 -0.232794 0.448152
vn 0.435074 -0.772510 0.462535
vn 0.988101 0.153361 -0.011720
vn 0.994978 0.036510 -0.093199
vn 0.436196 -0.690725 0.576743
vn -0.996022 -0.001144 0.089105
vn -0.397188 0.737529 -0.546162
vn -0.564844 0.715075 -0.411848
vn -0.973583 -0.205562 0.099403
vn 0.590978 0.569200 -0.571626
vn -0.316185 0.683193 -0.658235
vn -0.246388 0.576651 -0.778952
vn 0.807766 0.290108 -0.513178
vn 0.521153 -0.802991 0.289146
vn 0.680234 -0.654915 0.329192
vn -0.071532 -0.816361 0.573094
vn -0.106994 -0.886729 0.449737
vn 0.521153 -0.802991 0.289146
vn 0.988390 -0.138556 -0.062357
vn 0.980698 0.010508 -0.195247
vn 0.680234 -0.654915 0.329192
vn 0.966004 -0.258148 -0.014013
vn 0.988390 -0.138556 -0.062357
vn 0.521153 -0.802991 0.289146
vn 0.449389 -0.878499 0.162140
vn 0.966004 -0.258148 -0.014013
vn 0.704344 0.697544 -0.131650
vn 0.653918 0.667217 -0.356669
vn 0.988390 -0.138556 -0.062357
vn 0.988390 -0.138556 -0.062357
vn 0.653918 0.667217 -0.356669
vn 0.645012 0.600362 -0.472784
vn 0.980698 0.010508 -0.195247
vn 0.050865 0.437363 -0.897846
vn -0.047282 0.276919 -0.959729
vn -0.684667 0.431421 -0.587458
vn -0.582388 0.606866 -0.540867
vn 0.050865 0.437363 -0.897846
vn 0.683807 0.009326 -0.729604
vn 0.567987 0.017642 -0.822848
vn -0.047282 0.276919 -0.959729
vn 0.567987 0.017642 -0.822848
vn 0.678451 -0.177302 -0.712929
vn -0.048905 0.346709 -0.936697
vn -0.047282 0.276919 -0.959729
vn 0.567987 0.017642 -0.822848
vn 0.918165 -0.396158 0.005617
vn 0.875830 -0.476642 0.075729
vn 0.678451 -0.177302 -0.712929
vn 0.680234 -0.654915 0.329192
vn 0.980698 0.010508 -0.195247
vn 0.979572 0.181017 -0.087592
vn 0.743492 -0.430135 0.512058
vn 0.980698 0.010508 -0.195247
vn 0.645012 0.600362 -0.472784
vn 0.613810 0.636355 -0.467214
vn 0.979572 0.181017 -0.087592
vn -0.156333 0.986356 -0.051595
vn -0.331967 0.937239 -0.106684
vn -0.825178 0.562786 0.048515
vn -0.779796 0.618848 0.094576
vn -0.156333 0.986356 -0.051595
vn 0.556890 0.827370 -0.073026
vn 0.370766 0.928073 -0.034848
vn -0.331967 0.937239 -0.106684
vn -0.156333 0.986356 -0.051595
vn 0.030085 0.989632 0.140438
vn 0.603231 0.795593 0.056068
vn 0.556890 0.827370 -0.073026
vn -0.156333 0.986356 -0.051595
vn -0.779796 0.618848 0.094576
vn -0.681782 0.699975 0.212623
vn 0.030085 0.989632 0.140438
vn -0.047282 0.276919 -0.959729
vn -0.048905 0.346709 -0.936697
vn -0.720679 0.534171 -0.441907
vn -0.684667 0.431421 -0.587458
vn -0.684667 0.431421 -0.587458
vn -0.720679 0.534171 -0.441907
vn -0.683685 0.312024 0.659709
vn -0.827267 0.189243 0.528977
vn -0.827267 0.189243 0.528977
vn -0.683685 0.312024 0.659709
vn -0.164089 -0.019702 0.986249
vn -0.305868 -0.143205 0.941242
vn 0.678451 -0.177302 -0.712929
vn 0.637703 -0.409107 -0.652661
vn 0.012838 0.418232 -0.908250
vn -0.048905 0.346709 -0.936697
vn -0.048905 0.346709 -0.936697
vn 0.012838 0.418232 -0.908250
vn -0.463439 0.761178 -0.453686
vn -0.720679 0.534171 -0.441907
vn -0.720679 0.534171 -0.441907
vn -0.463439 0.761178 -0.453686
vn -0.681284 0.638945 0.357213
vn -0.683685 0.312024 0.659709
vn -0.683685 0.312024 0.659709
vn -0.681284 0.638945 0.357213
vn -0.389158 -0.010676 0.921109
vn -0.164089 -0.019702 0.986249
vn 0.637703 -0.409107 -0.652661
vn 0.584766 -0.366949 -0.723461
vn -0.010720 0.544762 -0.838522
vn 0.012838 0.418232 -0.908250
vn 0.012838 0.418232 -0.908250
vn -0.010720 0.544762 -0.838522
vn -0.437888 0.809342 -0.391433
vn -0.463439 0.761178 -0.453686
vn -0.463439 0.761178 -0.453686
vn -0.437888 0.809342 -0.391433
vn -0.693689 0.648819 0.312778
vn -0.681284 0.638945 0.357213
vn 0.584766 -0.366949 -0.723461
vn 0.693583 -0.181999 -0.697007
vn 0.156201 0.574755 -0.803280
vn -0.010720 0.544762 -0.838522
vn -0.010720 0.544762 -0.838522
vn 0.156201 0.574755 -0.803280
vn -0.371728 0.838716 -0.397962
vn -0.437888 0.809342 -0.391433
vn -0.437888 0.809342 -0.391433
vn -0.371728 0.838716 -0.397962
vn -0.772497 0.532318 0.346245
vn -0.693689 0.648819 0.312778
vn 0.156201 0.574755 -0.803280
vn 0.256077 0.599056 -0.758654
vn -0.270509 0.896606 -0.350604
vn -0.371728 0.838716 -0.397962
vn -0.371728 0.838716 -0.397962
vn -0.270509 0.896606 -0.350604
vn -0.727379 0.560850 0.395432
vn -0.772497 0.532318 0.346245
vn 0.256077 0.599056 -0.758654
vn 0.291602 0.594090 -0.749683
vn -0.227913 0.927471 -0.296400
vn -0.270509 0.896606 -0.350604
vn 0.291602 0.594090 -0.749683
vn 0.287550 0.596616 -0.749243
vn -0.216211 0.942086 -0.256372
vn -0.227913 0.927471 -0.296400
vn 0.539757 0.840603 0.045267
vn -0.874583 0.356822 -0.328303
vn -0.857463 0.258056 -0.445156
vn 0.320086 0.553028 -0.769224
vn -0.874583 0.356822 -0.328303
vn -0.829805 -0.314431 0.461038
vn -0.806211 -0.300695 0.509516
vn -0.857463 0.258056 -0.445156
vn -0.361844 0.216651 -0.906715
vn -0.392404 0.463246 -0.794621
vn -0.443319 0.600198 -0.665756
vn -0.638432 0.451299 -0.623485
vn -0.361844 0.216651 -0.906715
vn 0.131578 -0.116894 -0.984390
vn -0.194034 0.185575 -0.963282
vn -0.392404 0.463246 -0.794621
vn -0.443319 0.600198 -0.665756
vn -0.364715 0.580032 -0.728386
vn -0.481224 0.692441 -0.537540
vn -0.479900 0.753542 -0.449301
vn -0.443319 0.600198 -0.665756
vn -0.392404 0.463246 -0.794621
vn -0.297834 0.467994 -0.832032
vn -0.364715 0.580032 -0.728386
vn -0.443319 0.600198 -0.665756
vn -0.479900 0.753542 -0.449301
vn -0.716489 0.640075 -0.277393
vn -0.638432 0.451299 -0.623485
vn -0.481224 0.692441 -0.537540
vn -0.364715 0.580032 -0.728386
vn -0.328859 0.474218 -0.816682
vn -0.619590 0.491464 -0.612022
vn -0.481224 0.692441 -0.537540
vn -0.559434 0.755615 -0.340704
vn -0.458061 0.856240 -0.238815
vn -0.479900 0.753542 -0.449301
vn -0.479900 0.753542 -0.449301
vn -0.458061 0.856240 -0.238815
vn -0.644967 0.762597 0.049627
vn -0.716489 0.640075 -0.277393
vn -0.458061 0.856240 -0.238815
vn -0.238943 0.969444 0.055533
vn -0.400763 0.767112 0.500927
vn -0.644967 0.762597 0.049627
vn -0.458061 0.856240 -0.238815
vn -0.559434 0.755615 -0.340704
vn -0.590707 0.788796 -0.169902
vn -0.238943 0.969444 0.055533
vn -0.882199 0.464638 -0.076394
vn -0.740610 0.277175 -0.612104
vn -0.638432 0.451299 -0.623485
vn -0.716489 0.640075 -0.277393
vn -0.882199 0.464638 -0.076394
vn -0.716489 0.640075 -0.277393
vn -0.644967 0.762597 0.049627
vn -0.754715 0.554900 0.349989
vn -0.754715 0.554900 0.349989
vn -0.644967 0.762597 0.049627
vn -0.400763 0.767112 0.500927
vn -0.427449 0.576707 0.696202
vn 0.901222 -0.316299 0.296233
vn 0.858022 -0.402672 0.318833
vn 0.847618 0.099533 0.521188
vn 0.813603 0.131613 0.566328
vn 0.901222 -0.316299 0.296233
vn 0.681356 -0.726904 -0.085820
vn 0.605551 -0.794165 0.051095
vn 0.858022 -0.402672 0.318833
vn 0.613361 -0.214939 0.759993
vn 0.491669 -0.290933 0.820743
vn 0.519938 -0.278268 0.807608
vn 0.944092 -0.256424 0.207211
vn 0.985685 -0.037712 0.164328
vn 0.525373 -0.764099 -0.374348
vn 0.518686 -0.656026 -0.548266
vn -0.176890 -0.761671 -0.623351
vn -0.188430 -0.882717 -0.430471
vn 0.525373 -0.764099 -0.374348
vn -0.188430 -0.882717 -0.430471
vn -0.217369 -0.959989 -0.176556
vn 0.515409 -0.849223 -0.114779
vn -0.188430 -0.882717 -0.430471
vn -0.176890 -0.761671 -0.623351
vn -0.809259 -0.454132 -0.372643
vn -0.827343 -0.504545 -0.246856
vn -0.188430 -0.882717 -0.430471
vn -0.827343 -0.504545 -0.246856
vn -0.866637 -0.493529 -0.073283
vn -0.217369 -0.959989 -0.176556
vn -0.960586 0.198385 0.194724
vn -0.809259 -0.454132 -0.372643
vn -0.799816 -0.441661 -0.406484
vn -0.939383 0.195562 0.281628
vn -0.437561 0.563185 0.700973
vn -0.477999 0.653847 0.586516
vn -0.960586 0.198385 0.194724
vn -0.939383 0.195562 0.281628
vn 0.154113 0.934252 0.321594
vn -0.335071 0.898000 0.285173
vn -0.450658 0.858296 0.245430
vn -0.362286 0.925560 0.109944
vn 0.131578 -0.116894 -0.984390
vn -0.361844 0.216651 -0.906715
vn -0.138785 -0.001263 -0.990322
vn 0.366826 -0.158999 -0.916601
vn -0.138785 -0.001263 -0.990322
vn -0.361844 0.216651 -0.906715
vn -0.638432 0.451299 -0.623485
vn -0.740610 0.277175 -0.612104
vn 0.601556 -0.436338 -0.669134
vn 0.506678 -0.591411 -0.627304
vn 0.233798 -0.314871 -0.919888
vn 0.438212 -0.313702 -0.842355
vn 0.601556 -0.436338 -0.669134
vn 0.737327 -0.546266 -0.397419
vn 0.643498 -0.703835 -0.300877
vn 0.506678 -0.591411 -0.627304
vn 0.643498 -0.703835 -0.300877
vn 0.757312 -0.556868 -0.341139
vn 0.612132 -0.446299 -0.652772
vn 0.506678 -0.591411 -0.627304
vn 0.643498 -0.703835 -0.300877
vn 0.698692 -0.715198 -0.017951
vn 0.818735 -0.569487 -0.073195
vn 0.757312 -0.556868 -0.341139
vn 0.643498 -0.703835 -0.300877
vn 0.737327 -0.546266 -0.397419
vn 0.795820 -0.601041 -0.073621
vn 0.698692 -0.715198 -0.017951
vn 0.751426 -0.061879 -0.656910
vn 0.502625 0.085103 -0.860305
vn 0.317406 -0.168949 -0.933118
vn 0.612132 -0.446299 -0.652772
vn 0.612132 -0.446299 -0.652772
vn 0.317406 -0.168949 -0.933118
vn 0.233798 -0.314871 -0.919888
vn 0.506678 -0.591411 -0.627304
vn 0.502625 0.085103 -0.860305
vn 0.138392 0.277362 -0.950746
vn -0.092887 0.242576 -0.965675
vn 0.317406 -0.168949 -0.933118
vn 0.317406 -0.168949 -0.933118
vn -0.092887 0.242576 -0.965675
vn -0.194034 0.185575 -0.963282
vn 0.233798 -0.314871 -0.919888
vn 0.233798 -0.314871 -0.919888
vn -0.194034 0.185575 -0.963282
vn 0.131578 -0.116894 -0.984390
vn 0.438212 -0.313702 -0.842355
vn 0.138392 0.277362 -0.950746
vn -0.135890 0.406112 -0.903663
vn -0.297834 0.467994 -0.832032
vn -0.092887 0.242576 -0.965675
vn -0.092887 0.242576 -0.965675
vn -0.297834 0.467994 -0.832032
vn -0.392404 0.463246 -0.794621
vn -0.194034 0.185575 -0.963282
vn -0.135890 0.406112 -0.903663
vn -0.328859 0.474218 -0.816682
vn -0.364715 0.580032 -0.728386
vn -0.297834 0.467994 -0.832032
vn -0.728293 0.665733 -0.162446
vn -0.777637 0.627995 -0.030029
vn -0.956558 -0.259728 0.132436
vn -0.978054 -0.035036 0.205385
vn -0.509017 0.592302 0.624564
vn -0.579612 0.664008 0.472380
vn -0.627259 0.764832 -0.146899
vn -0.628866 0.760323 -0.162595
vn -0.509017 0.592302 0.624564
vn -0.628866 0.760323 -0.162595
vn -0.621562 0.762316 -0.180373
vn -0.493484 0.618871 0.611124
vn -0.627259 0.764832 -0.146899
vn -0.384453 0.513972 -0.766830
vn -0.386536 0.490734 -0.780878
vn -0.628866 0.760323 -0.162595
vn -0.627259 0.764832 -0.146899
vn -0.624986 0.768135 -0.139145
vn -0.379475 0.528030 -0.759726
vn -0.384453 0.513972 -0.766830
vn -0.627259 0.764832 -0.146899
vn -0.579612 0.664008 0.472380
vn -0.539610 0.607720 0.582665
vn -0.563839 0.650209 0.509229
vn -0.624986 0.768135 -0.139145
vn -0.628866 0.760323 -0.162595
vn -0.386536 0.490734 -0.780878
vn -0.374304 0.475283 -0.796243
vn -0.621562 0.762316 -0.180373
vn -0.379475 0.528030 -0.759726
vn 0.368690 -0.354525 -0.859290
vn 0.369981 -0.369486 -0.852405
vn -0.384453 0.513972 -0.766830
vn -0.379475 0.528030 -0.759726
vn -0.375888 0.540941 -0.752390
vn 0.369224 -0.343100 -0.863688
vn 0.368690 -0.354525 -0.859290
vn -0.379475 0.528030 -0.759726
vn -0.624986 0.768135 -0.139145
vn -0.618923 0.772848 -0.140144
vn -0.375888 0.540941 -0.752390
vn -0.384453 0.513972 -0.766830
vn 0.369981 -0.369486 -0.852405
vn 0.372981 -0.394249 -0.839912
vn -0.386536 0.490734 -0.780878
vn -0.386536 0.490734 -0.780878
vn 0.372981 -0.394249 -0.839912
vn 0.390947 -0.409570 -0.824265
vn -0.374304 0.475283 -0.796243
vn -0.374304 0.475283 -0.796243
vn 0.390947 -0.409570 -0.824265
vn 0.417127 -0.424964 -0.803375
vn -0.359260 0.469048 -0.806800
vn -0.374304 0.475283 -0.796243
vn -0.359260 0.469048 -0.806800
vn -0.611771 0.767731 -0.190593
vn -0.621562 0.762316 -0.180373
vn 0.393129 -0.538124 -0.745569
vn 0.451350 -0.538153 -0.711810
vn -0.152143 0.370408 -0.916324
vn -0.332373 0.379680 -0.863349
vn 0.393129 -0.538124 -0.745569
vn 0.628877 -0.774716 -0.065790
vn 0.625531 -0.767093 -0.142406
vn 0.451350 -0.538153 -0.711810
vn 0.393129 -0.538124 -0.745569
vn -0.332373 0.379680 -0.863349
vn -0.364715 0.402767 -0.839501
vn 0.397680 -0.516981 -0.758011
vn 0.534412 -0.606153 0.589052
vn 0.059616 -0.035379 0.997594
vn -0.016144 0.044156 0.998894
vn 0.528961 -0.600544 0.599622
vn 0.534412 -0.606153 0.589052
vn 0.528961 -0.600544 0.599622
vn 0.625531 -0.767093 -0.142406
vn 0.628877 -0.774716 -0.065790
vn 0.528961 -0.600544 0.599622
vn -0.016144 0.044156 0.998894
vn -0.015755 0.097746 0.995087
vn 0.478025 -0.623920 0.618236
vn 0.528961 -0.600544 0.599622
vn 0.478025 -0.623920 0.618236
vn 0.600069 -0.787547 -0.140315
vn 0.625531 -0.767093 -0.142406
vn 0.625531 -0.767093 -0.142406
vn 0.600069 -0.787547 -0.140315
vn 0.556492 -0.608610 -0.565606
vn 0.451350 -0.538153 -0.711810
vn -0.681284 0.638945 0.357213
vn -0.693689 0.648819 0.312778
vn -0.386038 -0.100271 0.917017
vn -0.389158 -0.010676 0.921109
vn -0.693689 0.648819 0.312778
vn -0.772497 0.532318 0.346245
vn -0.475909 -0.268324 0.837564
vn -0.386038 -0.100271 0.917017
vn -0.772497 0.532318 0.346245
vn -0.727379 0.560850 0.395432
vn -0.513516 -0.294810 0.805846
vn -0.475909 -0.268324 0.837564
vn -0.058602 0.136953 0.988843
vn -0.616022 0.520303 0.591441
vn -0.641526 0.533161 0.551528
vn -0.131104 0.135662 0.982043
vn -0.058602 0.136953 0.988843
vn -0.030147 0.112112 0.993238
vn -0.568668 0.584428 0.578843
vn -0.616022 0.520303 0.591441
vn -0.058602 0.136953 0.988843
vn 0.582289 -0.328150 0.743812
vn 0.548163 -0.409133 0.729471
vn -0.030147 0.112112 0.993238
vn -0.058602 0.136953 0.988843
vn -0.131104 0.135662 0.982043
vn 0.452481 -0.404232 0.794895
vn 0.582289 -0.328150 0.743812
vn 0.582289 -0.328150 0.743812
vn 0.802346 -0.587911 -0.102962
vn 0.753280 -0.650968 -0.093860
vn 0.548163 -0.409133 0.729471
vn 0.582289 -0.328150 0.743812
vn 0.452481 -0.404232 0.794895
vn 0.719016 -0.694532 -0.025346
vn 0.802346 -0.587911 -0.102962
vn 0.802346 -0.587911 -0.102962
vn 0.719016 -0.694532 -0.025346
vn 0.442408 -0.405977 -0.799661
vn 0.380508 -0.333531 -0.862537
vn 0.380508 -0.333531 -0.862537
vn 0.442408 -0.405977 -0.799661
vn -0.061659 0.167552 -0.983933
vn -0.176312 0.104440 -0.978778
vn -0.641526 0.533161 0.551528
vn -0.562512 0.627718 0.538098
vn -0.177230 0.073947 0.981387
vn -0.131104 0.135662 0.982043
vn -0.641526 0.533161 0.551528
vn -0.741370 0.580159 -0.337321
vn -0.599096 0.739976 -0.305808
vn -0.562512 0.627718 0.538098
vn -0.641526 0.533161 0.551528
vn -0.616022 0.520303 0.591441
vn -0.754338 0.590043 -0.287789
vn -0.741370 0.580159 -0.337321
vn -0.131104 0.135662 0.982043
vn -0.177230 0.073947 0.981387
vn 0.313965 -0.549299 0.774401
vn 0.452481 -0.404232 0.794895
vn 0.452481 -0.404232 0.794895
vn 0.313965 -0.549299 0.774401
vn 0.611741 -0.791054 -0.002477
vn 0.719016 -0.694532 -0.025346
vn 0.719016 -0.694532 -0.025346
vn 0.611741 -0.791054 -0.002477
vn 0.446071 -0.403183 -0.799039
vn 0.442408 -0.405977 -0.799661
vn 0.442408 -0.405977 -0.799661
vn 0.446071 -0.403183 -0.799039
vn -0.034003 0.266524 -0.963228
vn -0.061659 0.167552 -0.983933
vn 0.313965 -0.549299 0.774401
vn -0.177230 0.073947 0.981387
vn -0.156788 0.085908 0.983889
vn 0.272955 -0.586536 0.762542
vn 0.313965 -0.549299 0.774401
vn 0.272955 -0.586536 0.762542
vn 0.531932 -0.846341 0.027478
vn 0.611741 -0.791054 -0.002477
vn 0.611741 -0.791054 -0.002477
vn 0.531932 -0.846341 0.027478
vn 0.374826 -0.479449 -0.793495
vn 0.446071 -0.403183 -0.799039
vn 0.446071 -0.403183 -0.799039
vn 0.374826 -0.479449 -0.793495
vn -0.094083 0.209602 -0.973250
vn -0.034003 0.266524 -0.963228
vn -0.389158 -0.010676 0.921109
vn -0.386038 -0.100271 0.917017
vn 0.238194 -0.694531 0.678889
vn 0.220674 -0.704488 0.674537
vn -0.389158 -0.010676 0.921109
vn 0.220674 -0.704488 0.674537
vn 0.416548 -0.626797 0.658494
vn -0.164089 -0.019702 0.986249
vn -0.386038 -0.100271 0.917017
vn -0.475909 -0.268324 0.837564
vn 0.118058 -0.753565 0.646686
vn 0.238194 -0.694531 0.678889
vn -0.475909 -0.268324 0.837564
vn -0.513516 -0.294810 0.805846
vn 0.048944 -0.806269 0.589521
vn 0.118058 -0.753565 0.646686
vn 0.008344 -0.828913 0.559315
vn 0.007054 -0.836898 0.547313
vn 0.456226 -0.885029 -0.092638
vn 0.472293 -0.880368 -0.043491
vn 0.008344 -0.828913 0.559315
vn 0.472293 -0.880368 -0.043491
vn 0.534363 -0.845024 0.019750
vn 0.048944 -0.806269 0.589521
vn 0.007054 -0.836898 0.547313
vn -0.022862 -0.839423 0.542998
vn 0.440029 -0.890753 -0.113728
vn 0.456226 -0.885029 -0.092638
vn -0.022862 -0.839423 0.542998
vn -0.002778 -0.838093 0.545521
vn 0.433650 -0.895254 -0.102310
vn 0.440029 -0.890753 -0.113728
vn -0.002778 -0.838093 0.545521
vn 0.194993 -0.794770 0.574733
vn 0.493939 -0.859731 -0.129949
vn 0.433650 -0.895254 -0.102310
vn 0.194993 -0.794770 0.574733
vn 0.387559 -0.691003 0.610175
vn 0.460311 -0.866705 -0.192191
vn 0.493939 -0.859731 -0.129949
vn 0.387559 -0.691003 0.610175
vn 0.577213 -0.505577 0.641262
vn 0.502719 -0.862407 -0.059394
vn 0.460311 -0.866705 -0.192191
vn 0.577213 -0.505577 0.641262
vn 0.695493 -0.359983 0.621854
vn 0.565581 -0.824471 0.019115
vn 0.502719 -0.862407 -0.059394
vn 0.695493 -0.359983 0.621854
vn 0.692103 -0.282425 0.664251
vn 0.658464 -0.750211 0.060073
vn 0.565581 -0.824471 0.019115
vn 0.692103 -0.282425 0.664251
vn 0.663766 -0.286050 0.691079
vn 0.665037 -0.745983 0.035157
vn 0.658464 -0.750211 0.060073
vn -0.305868 -0.143205 0.941242
vn -0.164089 -0.019702 0.986249
vn 0.416548 -0.626797 0.658494
vn 0.638534 -0.453329 0.621906
vn 0.238194 -0.694531 0.678889
vn 0.118058 -0.753565 0.646686
vn 0.591405 -0.800828 0.094422
vn 0.639707 -0.757251 0.131702
vn 0.118058 -0.753565 0.646686
vn 0.048944 -0.806269 0.589521
vn 0.534363 -0.845024 0.019750
vn 0.591405 -0.800828 0.094422
vn 0.986243 0.130603 0.101331
vn 0.623623 -0.542181 -0.563147
vn 0.580098 -0.594729 -0.556582
vn 0.995002 -0.097629 0.020991
vn 0.580098 -0.594729 -0.556582
vn 0.589712 -0.693776 -0.413419
vn 0.978751 -0.157822 0.130912
vn 0.995002 -0.097629 0.020991
vn 0.589712 -0.693776 -0.413419
vn -0.050339 -0.728699 -0.682981
vn -0.006198 -0.701187 -0.712950
vn 0.625640 -0.643866 -0.440467
vn 0.625640 -0.643866 -0.440467
vn -0.006198 -0.701187 -0.712950
vn 0.051568 -0.473753 -0.879147
vn 0.747484 -0.426339 -0.509414
vn 0.996033 0.075056 -0.047810
vn 0.358044 -0.430666 0.828451
vn 0.301128 -0.444946 0.843413
vn 0.994991 0.093979 -0.034066
vn -0.892455 -0.219024 0.394401
vn 0.169343 -0.456557 0.873429
vn 0.135329 -0.463184 0.875869
vn -0.704697 -0.633776 0.318950
vn 0.737536 0.330679 -0.588806
vn 0.391180 0.917763 0.068476
vn 0.483453 0.446657 0.752842
vn 0.872130 0.449285 0.193734
vn 0.737536 0.330679 -0.588806
vn -0.395017 -0.169866 -0.902833
vn -0.882711 -0.278072 -0.378810
vn 0.391180 0.917763 0.068476
vn -0.262055 -0.142584 -0.954462
vn -0.395960 -0.181248 -0.900203
vn -0.519373 -0.226625 -0.823950
vn -0.471417 -0.079220 -0.878345
vn -0.262055 -0.142584 -0.954462
vn 0.065858 -0.194424 -0.978704
vn -0.107790 -0.015808 -0.994048
vn -0.395960 -0.181248 -0.900203
vn 0.065858 -0.194424 -0.978704
vn 0.422191 -0.242266 -0.873534
vn 0.348159 0.191836 -0.917597
vn -0.107790 -0.015808 -0.994048
vn 0.422191 -0.242266 -0.873534
vn 0.705335 -0.256658 -0.660780
vn 0.716781 0.278264 -0.639370
vn 0.348159 0.191836 -0.917597
vn 0.705335 -0.256658 -0.660780
vn 0.913553 -0.208921 -0.348960
vn 0.952253 0.169740 -0.253776
vn 0.716781 0.278264 -0.639370
vn 0.913553 -0.208921 -0.348960
vn 0.987838 -0.115648 -0.103929
vn 0.995150 -0.071209 -0.067865
vn 0.952253 0.169740 -0.253776
vn -0.639140 0.029801 -0.768513
vn -0.775364 0.180560 -0.605152
vn -0.644506 0.566230 -0.513806
vn -0.534275 0.462344 -0.707664
vn -0.639140 0.029801 -0.768513
vn -0.534275 0.462344 -0.707664
vn -0.375656 0.330759 -0.865726
vn -0.471417 -0.079220 -0.878345
vn -0.534275 0.462344 -0.707664
vn -0.644506 0.566230 -0.513806
vn -0.548725 0.723883 -0.418204
vn -0.433487 0.674397 -0.597727
vn -0.534275 0.462344 -0.707664
vn -0.433487 0.674397 -0.597727
vn -0.278656 0.585361 -0.761382
vn -0.375656 0.330759 -0.865726
vn 0.153078 0.190240 0.969730
vn 0.134090 0.238837 0.961757
vn 0.250804 0.642461 0.724114
vn 0.292542 0.602932 0.742221
vn 0.035528 -0.257705 0.965570
vn 0.003869 -0.211686 0.977330
vn 0.181463 0.059846 0.981575
vn 0.212346 -0.040325 0.976362
vn 0.035528 -0.257705 0.965570
vn -0.200370 -0.497208 0.844178
vn -0.211633 -0.464692 0.859810
vn 0.003869 -0.211686 0.977330
vn 0.003354 -0.187331 0.982291
vn 0.003869 -0.211686 0.977330
vn -0.211633 -0.464692 0.859810
vn -0.179170 -0.458497 0.870448
vn 0.506706 0.596317 0.622620
vn 0.554475 0.572120 0.604348
vn 0.995002 -0.097629 0.020991
vn 0.978751 -0.157822 0.130912
vn -0.060843 0.444215 0.893852
vn -0.707557 0.457692 0.538406
vn -0.720350 0.481499 0.499253
vn -0.099805 0.538361 0.836784
vn -0.604349 0.630326 0.487290
vn -0.649810 0.548503 0.526205
vn -0.821105 0.550977 0.149031
vn -0.711301 0.695323 0.102846
vn -0.604349 0.630326 0.487290
vn -0.347609 0.436839 0.829663
vn -0.367423 0.455148 0.811074
vn -0.649810 0.548503 0.526205
vn -0.604349 0.630326 0.487290
vn -0.385620 0.834652 0.393259
vn -0.164030 0.600470 0.782643
vn -0.347609 0.436839 0.829663
vn -0.604349 0.630326 0.487290
vn -0.711301 0.695323 0.102846
vn -0.462263 0.884587 0.061793
vn -0.385620 0.834652 0.393259
vn -0.385620 0.834652 0.393259
vn -0.164560 0.959837 0.227229
vn 0.126087 0.836200 0.533733
vn -0.164030 0.600470 0.782643
vn -0.385620 0.834652 0.393259
vn -0.462263 0.884587 0.061793
vn -0.296833 0.954499 -0.028677
vn -0.164560 0.959837 0.227229
vn 0.511722 0.795255 0.325132
vn 0.215390 0.947141 0.237761
vn 0.188597 0.947040 0.259896
vn 0.477853 0.804993 0.351628
vn 0.511722 0.795255 0.325132
vn 0.477853 0.804993 0.351628
vn 0.789550 0.467588 0.397456
vn 0.806212 0.450839 0.383101
vn 0.887703 -0.264837 0.376623
vn 0.773443 0.387346 0.501746
vn 0.798372 0.452265 0.397565
vn 0.928593 -0.122892 0.350162
vn 0.887703 -0.264837 0.376623
vn 0.781079 -0.436600 0.446425
vn 0.616546 0.178870 0.766731
vn 0.773443 0.387346 0.501746
vn 0.887703 -0.264837 0.376623
vn 0.781328 -0.587937 0.209419
vn 0.807078 -0.573682 0.139694
vn 0.781079 -0.436600 0.446425
vn 0.773443 0.387346 0.501746
vn 0.460043 0.789437 0.406387
vn 0.504023 0.799639 0.326401
vn 0.798372 0.452265 0.397565
vn 0.773443 0.387346 0.501746
vn 0.616546 0.178870 0.766731
vn 0.294059 0.673620 0.678060
vn 0.460043 0.789437 0.406387
vn 0.798372 0.452265 0.397565
vn 0.504023 0.799639 0.326401
vn 0.520252 0.792095 0.319255
vn 0.800483 0.457738 0.386915
vn 0.460043 0.789437 0.406387
vn 0.294059 0.673620 0.678060
vn 0.126087 0.836200 0.533733
vn 0.275904 0.904555 0.325049
vn 0.460043 0.789437 0.406387
vn 0.275904 0.904555 0.325049
vn 0.300032 0.918875 0.256224
vn 0.504023 0.799639 0.326401
vn 0.298242 0.074509 0.951578
vn 0.349890 -0.031237 0.936270
vn 0.732507 -0.309832 0.606166
vn 0.742101 -0.254190 0.620220
vn 0.298242 0.074509 0.951578
vn -0.082454 0.313207 0.946099
vn -0.050154 0.240604 0.969327
vn 0.349890 -0.031237 0.936270
vn -0.082454 0.313207 0.946099
vn -0.367423 0.455148 0.811074
vn -0.347609 0.436839 0.829663
vn -0.050154 0.240604 0.969327
vn -0.050154 0.240604 0.969327
vn -0.347609 0.436839 0.829663
vn -0.164030 0.600470 0.782643
vn 0.040876 0.376076 0.925687
vn -0.050154 0.240604 0.969327
vn 0.040876 0.376076 0.925687
vn 0.408943 -0.050637 0.911154
vn 0.349890 -0.031237 0.936270
vn 0.040876 0.376076 0.925687
vn 0.294059 0.673620 0.678060
vn 0.616546 0.178870 0.766731
vn 0.408943 -0.050637 0.911154
vn 0.040876 0.376076 0.925687
vn -0.164030 0.600470 0.782643
vn 0.126087 0.836200 0.533733
vn 0.294059 0.673620 0.678060
vn 0.757560 0.135962 -0.638450
vn 0.985685 -0.037712 0.164328
vn 0.944092 -0.256424 0.207211
vn 0.742531 -0.113749 -0.660082
vn 0.519938 -0.278268 0.807608
vn 0.434046 -0.369520 0.821620
vn 0.890467 -0.408691 0.200100
vn 0.944092 -0.256424 0.207211
vn 0.742101 -0.254190 0.620220
vn 0.590189 -0.496435 0.636576
vn 0.132241 0.077449 0.988187
vn 0.298242 0.074509 0.951578
vn 0.913333 -0.405783 0.034112
vn 0.742101 -0.254190 0.620220
vn 0.732507 -0.309832 0.606166
vn 0.906120 -0.411714 0.097154
vn 0.906120 -0.411714 0.097154
vn 0.732507 -0.309832 0.606166
vn 0.684913 -0.495496 0.534208
vn 0.789169 -0.598358 0.138491
vn 0.789169 -0.598358 0.138491
vn 0.684913 -0.495496 0.534208
vn 0.781079 -0.436600 0.446425
vn 0.807078 -0.573682 0.139694
vn 0.349890 -0.031237 0.936270
vn 0.408943 -0.050637 0.911154
vn 0.684913 -0.495496 0.534208
vn 0.732507 -0.309832 0.606166
vn 0.408943 -0.050637 0.911154
vn 0.616546 0.178870 0.766731
vn 0.781079 -0.436600 0.446425
vn 0.684913 -0.495496 0.534208
vn 0.723889 0.581755 -0.370872
vn 0.522450 0.669708 -0.527766
vn 0.367161 0.519127 0.771816
vn 0.445658 0.534239 0.718316
vn 0.791175 -0.404295 -0.458898
vn 0.644308 -0.014040 -0.764637
vn 0.816445 -0.451347 -0.360144
vn 0.868876 -0.478983 -0.125018
vn 0.791175 -0.404295 -0.458898
vn 0.657935 -0.298472 -0.691402
vn 0.205805 0.709582 -0.673898
vn 0.644308 -0.014040 -0.764637
vn 0.205805 0.709582 -0.673898
vn -0.827000 0.469255 -0.309630
vn -0.241865 0.298189 -0.923355
vn 0.644308 -0.014040 -0.764637
vn 0.644308 -0.014040 -0.764637
vn -0.241865 0.298189 -0.923355
vn 0.700058 -0.139879 -0.700252
vn 0.816445 -0.451347 -0.360144
vn 0.731024 -0.589981 0.342822
vn 0.715689 -0.674830 0.179983
vn 0.788320 -0.588972 0.177942
vn 0.749344 -0.519062 0.411168
vn 0.731024 -0.589981 0.342822
vn 0.823703 -0.490590 0.284316
vn 0.834637 -0.535479 0.129007
vn 0.715689 -0.674830 0.179983
vn 0.788320 -0.588972 0.177942
vn 0.715689 -0.674830 0.179983
vn 0.698692 -0.715198 -0.017951
vn 0.795820 -0.601041 -0.073621
vn 0.947251 -0.031572 0.318935
vn 0.937543 -0.072975 0.340130
vn 0.789550 0.467588 0.397456
vn 0.712790 0.533875 0.454871
vn 0.947251 -0.031572 0.318935
vn 0.878322 -0.455158 0.146228
vn 0.838449 -0.497626 0.222199
vn 0.937543 -0.072975 0.340130
vn 0.947251 -0.031572 0.318935
vn 0.953094 -0.015837 0.302259
vn 0.907425 -0.412830 0.078435
vn 0.878322 -0.455158 0.146228
vn 0.947251 -0.031572 0.318935
vn 0.712790 0.533875 0.454871
vn 0.643958 0.552452 0.529259
vn 0.953094 -0.015837 0.302259
vn -0.532303 -0.375960 -0.758490
vn -0.301168 0.699508 -0.648063
vn -0.146975 0.564559 -0.812202
vn -0.588305 -0.381045 -0.713233
vn -0.588305 -0.381045 -0.713233
vn -0.146975 0.564559 -0.812202
vn 0.024265 0.529172 -0.848167
vn -0.575786 -0.268076 -0.772403
vn -0.301168 0.699508 -0.648063
vn -0.478493 0.644699 -0.596161
vn -0.012941 0.999371 0.033029
vn 0.201962 0.976351 -0.077135
vn -0.301168 0.699508 -0.648063
vn -0.532303 -0.375960 -0.758490
vn -0.390021 -0.464917 -0.794818
vn -0.478493 0.644699 -0.596161
vn -0.301168 0.699508 -0.648063
vn 0.201962 0.976351 -0.077135
vn 0.450511 0.875001 -0.177237
vn -0.146975 0.564559 -0.812202
vn -0.146975 0.564559 -0.812202
vn 0.450511 0.875001 -0.177237
vn 0.618590 0.768150 -0.165205
vn 0.024265 0.529172 -0.848167
vn 0.024265 0.529172 -0.848167
vn 0.618590 0.768150 -0.165205
vn 0.763756 0.638466 -0.095067
vn 0.271114 0.466926 -0.841711
vn -0.012941 0.999371 0.033029
vn -0.478493 0.644699 -0.596161
vn -0.114596 0.633487 -0.765220
vn 0.161024 0.967468 -0.195133
vn -0.012941 0.999371 0.033029
vn 0.508812 0.565609 0.648997
vn 0.590421 0.605482 0.533662
vn 0.201962 0.976351 -0.077135
vn -0.632547 -0.128539 -0.763781
vn -0.541064 -0.387920 -0.746169
vn -0.519373 -0.226625 -0.823950
vn -0.395960 -0.181248 -0.900203
vn -0.632547 -0.128539 -0.763781
vn -0.699008 -0.482989 -0.527360
vn -0.628661 -0.534978 -0.564432
vn -0.541064 -0.387920 -0.746169
vn -0.699008 -0.482989 -0.527360
vn -0.570074 -0.773248 -0.277675
vn -0.430421 -0.779446 -0.455193
vn -0.628661 -0.534978 -0.564432
vn -0.471417 -0.079220 -0.878345
vn -0.519373 -0.226625 -0.823950
vn -0.662203 -0.144385 -0.735283
vn -0.639140 0.029801 -0.768513
vn -0.386272 -0.684880 0.617846
vn -0.179170 -0.458497 0.870448
vn -0.211633 -0.464692 0.859810
vn -0.441269 -0.658499 0.609640
vn -0.211633 -0.464692 0.859810
vn -0.200370 -0.497208 0.844178
vn -0.441456 -0.667602 0.599520
vn -0.441269 -0.658499 0.609640
vn 0.750459 -0.389503 -0.533945
vn 0.747484 -0.426339 -0.509414
vn 0.051568 -0.473753 -0.879147
vn 0.089803 -0.388016 -0.917267
vn -0.006198 -0.701187 -0.712950
vn -0.604630 -0.463725 -0.647597
vn -0.655446 -0.234587 -0.717886
vn 0.051568 -0.473753 -0.879147
vn 0.850330 0.234205 -0.471261
vn 0.938313 -0.281627 -0.200635
vn 0.985455 -0.099122 -0.138032
vn 0.872225 0.366194 -0.324230
vn 0.938313 -0.281627 -0.200635
vn 0.854263 -0.519171 0.026396
vn 0.915191 -0.402242 0.025033
vn 0.985455 -0.099122 -0.138032
vn 0.985455 -0.099122 -0.138032
vn 0.915191 -0.402242 0.025033
vn 0.937039 -0.340187 0.078934
vn 0.995462 -0.029770 -0.090388
vn 0.995462 -0.029770 -0.090388
vn 0.937039 -0.340187 0.078934
vn 0.946567 -0.303996 0.107690
vn 0.996521 0.004017 -0.083244
vn -0.928700 0.250199 -0.273709
vn -0.970537 0.176497 -0.164030
vn -0.743318 -0.384636 0.547297
vn -0.863114 -0.232794 0.448152
vn 0.222708 0.088442 -0.970865
vn 0.209181 0.170556 -0.962888
vn -0.218657 -0.604929 -0.765670
vn -0.250119 -0.595039 -0.763786
vn 0.358044 -0.430666 0.828451
vn -0.785891 -0.284936 0.548805
vn -0.806211 -0.300695 0.509516
vn 0.301128 -0.444946 0.843413
vn 0.154113 0.934252 0.321594
vn -0.362286 0.925560 0.109944
vn -0.360866 0.932012 -0.033598
vn 0.258917 0.965680 -0.020576
vn -0.362286 0.925560 0.109944
vn -0.872221 0.424443 0.243061
vn -0.931018 0.355127 0.084204
vn -0.360866 0.932012 -0.033598
vn 0.450278 -0.686259 0.571226
vn 0.295186 -0.467764 0.833104
vn 0.667795 -0.414410 0.618316
vn 0.764600 -0.495888 0.411682
vn -0.381750 -0.400633 -0.832923
vn 0.723889 0.581755 -0.370872
vn 0.957946 0.125225 -0.258181
vn -0.261055 -0.270786 -0.926566
vn 0.723889 0.581755 -0.370872
vn 0.445658 0.534239 0.718316
vn 0.695719 0.498718 0.516968
vn 0.957946 0.125225 -0.258181
vn 0.770301 0.636048 -0.045600
vn 0.854918 0.172663 0.489185
vn 0.863621 0.167386 0.475543
vn 0.756648 0.653709 0.012201
vn 0.854918 0.172663 0.489185
vn 0.568285 -0.308779 0.762698
vn 0.613879 -0.338771 0.713012
vn 0.863621 0.167386 0.475543
vn 0.854918 0.172663 0.489185
vn 0.894042 0.069289 0.442593
vn 0.571688 -0.447587 0.687633
vn 0.568285 -0.308779 0.762698
vn 0.854918 0.172663 0.489185
vn 0.770301 0.636048 -0.045600
vn 0.771419 0.633302 -0.061974
vn 0.894042 0.069289 0.442593
vn 0.546179 0.798022 0.254656
vn 0.756648 0.653709 0.012201
vn 0.863621 0.167386 0.475543
vn 0.826843 0.259550 0.498963
vn 0.546179 0.798022 0.254656
vn 0.113115 0.993578 -0.002609
vn 0.380813 0.840609 -0.385173
vn 0.756648 0.653709 0.012201
vn 0.770301 0.636048 -0.045600
vn 0.756648 0.653709 0.012201
vn 0.380813 0.840609 -0.385173
vn 0.391480 0.785940 -0.478583
vn 0.770301 0.636048 -0.045600
vn 0.391480 0.785940 -0.478583
vn 0.345974 0.826455 -0.444156
vn 0.771419 0.633302 -0.061974
vn 0.012073 0.988941 0.147816
vn 0.113115 0.993578 -0.002609
vn 0.546179 0.798022 0.254656
vn 0.467049 0.803251 0.369666
vn 0.113115 0.993578 -0.002609
vn -0.389848 0.882952 -0.261562
vn -0.190552 0.730085 -0.656251
vn 0.380813 0.840609 -0.385173
vn 0.391480 0.785940 -0.478583
vn 0.380813 0.840609 -0.385173
vn -0.190552 0.730085 -0.656251
vn -0.171262 0.654101 -0.736764
vn 0.391480 0.785940 -0.478583
vn -0.171262 0.654101 -0.736764
vn -0.194889 0.736453 -0.647808
vn 0.345974 0.826455 -0.444156
vn -0.171262 0.654101 -0.736764
vn -0.190552 0.730085 -0.656251
vn -0.691964 0.291060 -0.660659
vn -0.640396 0.296182 -0.708639
vn 0.376399 0.690083 0.618150
vn 0.467049 0.803251 0.369666
vn 0.789267 0.336814 0.513434
vn 0.771586 0.286405 0.568003
vn 0.789267 0.336814 0.513434
vn 0.812283 -0.324052 0.484960
vn 0.904272 -0.244460 0.350044
vn 0.771586 0.286405 0.568003
vn 0.789267 0.336814 0.513434
vn 0.467049 0.803251 0.369666
vn 0.546179 0.798022 0.254656
vn 0.826843 0.259550 0.498963
vn 0.789267 0.336814 0.513434
vn 0.826843 0.259550 0.498963
vn 0.719533 -0.432987 0.542950
vn 0.812283 -0.324052 0.484960
vn 0.826843 0.259550 0.498963
vn 0.863621 0.167386 0.475543
vn 0.613879 -0.338771 0.713012
vn 0.719533 -0.432987 0.542950
vn -0.628021 0.355530 -0.692234
vn -0.517613 0.603482 -0.606537
vn -0.679430 0.693012 -0.241059
vn -0.824087 0.495516 -0.274488
vn -0.517613 0.603482 -0.606537
vn -0.294061 0.455641 -0.840190
vn -0.138267 0.637744 -0.757736
vn -0.339262 0.791877 -0.507772
vn -0.517613 0.603482 -0.606537
vn -0.339262 0.791877 -0.507772
vn -0.454232 0.869828 -0.192540
vn -0.679430 0.693012 -0.241059
vn -0.339262 0.791877 -0.507772
vn -0.135814 0.907004 -0.398621
vn -0.292467 0.943092 -0.158240
vn -0.454232 0.869828 -0.192540
vn -0.339262 0.791877 -0.507772
vn -0.138267 0.637744 -0.757736
vn 0.055481 0.798450 -0.599500
vn -0.135814 0.907004 -0.398621
vn -0.821105 0.550977 0.149031
vn -0.824087 0.495516 -0.274488
vn -0.679430 0.693012 -0.241059
vn -0.711301 0.695323 0.102846
vn -0.711301 0.695323 0.102846
vn -0.679430 0.693012 -0.241059
vn -0.454232 0.869828 -0.192540
vn -0.462263 0.884587 0.061793
vn -0.462263 0.884587 0.061793
vn -0.454232 0.869828 -0.192540
vn -0.292467 0.943092 -0.158240
vn -0.296833 0.954499 -0.028677
vn 0.195198 0.892607 0.406387
vn 0.203472 0.957166 0.205990
vn -0.424471 0.885476 0.189097
vn -0.455457 0.812041 0.364896
vn 0.203472 0.957166 0.205990
vn 0.258917 0.965680 -0.020576
vn -0.360866 0.932012 -0.033598
vn -0.424471 0.885476 0.189097
vn 0.984005 0.063330 0.166507
vn 0.902990 -0.367263 0.222996
vn 0.832230 -0.327260 0.447543
vn 0.908839 0.196861 0.367775
vn 0.902990 -0.367263 0.222996
vn 0.748971 -0.633234 0.195081
vn 0.653580 -0.647760 0.391460
vn 0.832230 -0.327260 0.447543
vn -0.777637 0.627995 -0.030029
vn -0.681782 0.699975 0.212623
vn -0.943589 -0.303162 0.133160
vn -0.956558 -0.259728 0.132436
vn -0.956558 -0.259728 0.132436
vn -0.943589 -0.303162 0.133160
vn -0.596775 -0.802321 0.011890
vn -0.601938 -0.766240 0.224826
vn -0.956558 -0.259728 0.132436
vn -0.601938 -0.766240 0.224826
vn -0.666870 -0.612535 0.424365
vn -0.978054 -0.035036 0.205385
vn -0.601938 -0.766240 0.224826
vn -0.596775 -0.802321 0.011890
vn -0.147358 -0.986613 -0.069859
vn -0.092879 -0.966787 0.238112
vn -0.601938 -0.766240 0.224826
vn -0.092879 -0.966787 0.238112
vn -0.106994 -0.886729 0.449737
vn -0.666870 -0.612535 0.424365
vn -0.092879 -0.966787 0.238112
vn -0.147358 -0.986613 -0.069859
vn 0.318779 -0.942035 -0.104639
vn 0.449389 -0.878499 0.162140
vn -0.092879 -0.966787 0.238112
vn 0.449389 -0.878499 0.162140
vn 0.521153 -0.802991 0.289146
vn -0.106994 -0.886729 0.449737
vn 0.449389 -0.878499 0.162140
vn 0.318779 -0.942035 -0.104639
vn 0.969067 -0.234300 -0.077538
vn 0.966004 -0.258148 -0.014013
vn 0.966004 -0.258148 -0.014013
vn 0.969067 -0.234300 -0.077538
vn 0.603231 0.795593 0.056068
vn 0.704344 0.697544 -0.131650
vn -0.666870 -0.612535 0.424365
vn -0.106994 -0.886729 0.449737
vn -0.071532 -0.816361 0.573094
vn -0.692438 -0.506728 0.513573
vn 0.671839 -0.739968 -0.032878
vn 0.660332 -0.750054 -0.037175
vn 0.557255 -0.640801 0.528055
vn 0.571756 -0.610235 0.548368
vn 0.671839 -0.739968 -0.032878
vn 0.390947 -0.409570 -0.824265
vn 0.372981 -0.394249 -0.839912
vn 0.660332 -0.750054 -0.037175
vn 0.671839 -0.739968 -0.032878
vn 0.680937 -0.731944 -0.024149
vn 0.417127 -0.424964 -0.803375
vn 0.390947 -0.409570 -0.824265
vn 0.557255 -0.640801 0.528055
vn 0.660332 -0.750054 -0.037175
vn 0.654252 -0.755350 -0.037441
vn 0.547662 -0.655175 0.520396
vn 0.676893 -0.734450 -0.048984
vn 0.836552 -0.545256 -0.053635
vn 0.758398 -0.596007 0.263833
vn 0.603319 -0.541032 0.585909
vn 0.249832 -0.295872 0.921978
vn 0.597230 -0.773399 0.212533
vn 0.676893 -0.734450 -0.048984
vn 0.667768 -0.662715 -0.338962
vn 0.597337 -0.179492 -0.781646
vn 0.940433 -0.044025 -0.337116
vn 0.836552 -0.545256 -0.053635
vn 0.370766 0.928073 -0.034848
vn 0.556890 0.827370 -0.073026
vn 0.976905 -0.209315 0.042929
vn 0.947188 -0.167468 0.273476
vn 0.494777 -0.079022 0.865420
vn 0.438276 0.284973 0.852470
vn 0.584967 0.585929 0.560804
vn 0.725864 0.291734 0.622906
vn 0.494777 -0.079022 0.865420
vn 0.314556 -0.264035 0.911779
vn 0.212346 -0.040325 0.976362
vn 0.438276 0.284973 0.852470
vn 0.494777 -0.079022 0.865420
vn 0.331919 -0.257519 0.907477
vn 0.617289 -0.000267 0.786737
vn 0.314556 -0.264035 0.911779
vn -0.441456 -0.667602 0.599520
vn -0.200370 -0.497208 0.844178
vn -0.074495 -0.616698 0.783667
vn -0.357847 -0.767279 0.532193
vn -0.441456 -0.667602 0.599520
vn -0.357847 -0.767279 0.532193
vn -0.702140 -0.707361 0.081485
vn -0.690602 -0.696264 0.195668
vn -0.630785 -0.741559 -0.228474
vn -0.739183 -0.624624 -0.251901
vn -0.636444 -0.324720 -0.699641
vn -0.539017 -0.461344 -0.704715
vn -0.314442 0.141477 -0.938675
vn -0.416597 0.334894 -0.845159
vn -0.702049 -0.033441 -0.711343
vn -0.743781 -0.075856 -0.664105
vn -0.728232 -0.061754 -0.682543
vn -0.702049 -0.033441 -0.711343
vn -0.416597 0.334894 -0.845159
vn -0.453785 0.281004 -0.845645
vn -0.728232 -0.061754 -0.682543
vn -0.453785 0.281004 -0.845645
vn -0.436750 0.159367 -0.885354
vn -0.707288 -0.171908 -0.685705
vn -0.702049 -0.033441 -0.711343
vn -0.793450 -0.334127 -0.508721
vn -0.880374 -0.183943 -0.437157
vn -0.743781 -0.075856 -0.664105
vn -0.292467 0.943092 -0.158240
vn -0.262923 0.948288 -0.177823
vn -0.433039 0.896043 -0.097896
vn -0.296833 0.954499 -0.028677
vn -0.742535 0.667317 -0.057707
vn -0.873766 0.235971 -0.425265
vn -0.886205 0.215382 -0.410185
vn -0.790155 0.606097 0.091112
vn -0.873766 0.235971 -0.425265
vn -0.745962 -0.248082 -0.618058
vn -0.671504 -0.226860 -0.705419
vn -0.886205 0.215382 -0.410185
vn -0.745962 -0.248082 -0.618058
vn -0.440213 -0.634320 -0.635492
vn -0.305723 -0.552573 -0.775369
vn -0.671504 -0.226860 -0.705419
vn -0.440213 -0.634320 -0.635492
vn 0.087136 -0.875504 -0.475290
vn 0.198600 -0.754930 -0.625011
vn -0.305723 -0.552573 -0.775369
vn -0.324540 -0.591488 -0.738117
vn -0.305723 -0.552573 -0.775369
vn 0.198600 -0.754930 -0.625011
vn 0.183831 -0.791387 -0.583020
vn 0.087136 -0.875504 -0.475290
vn 0.681356 -0.726904 -0.085820
vn 0.721457 -0.668385 -0.181002
vn 0.198600 -0.754930 -0.625011
vn 0.183831 -0.791387 -0.583020
vn 0.198600 -0.754930 -0.625011
vn 0.721457 -0.668385 -0.181002
vn 0.691797 -0.701172 -0.172552
vn 0.183831 -0.791387 -0.583020
vn 0.691797 -0.701172 -0.172552
vn 0.579633 -0.812846 -0.057500
vn 0.104230 -0.921395 -0.374390
vn 0.681356 -0.726904 -0.085820
vn 0.901222 -0.316299 0.296233
vn 0.895693 -0.288500 0.338380
vn 0.721457 -0.668385 -0.181002
vn 0.691797 -0.701172 -0.172552
vn 0.721457 -0.668385 -0.181002
vn 0.895693 -0.288500 0.338380
vn 0.891158 -0.291877 0.347339
vn 0.691797 -0.701172 -0.172552
vn 0.891158 -0.291877 0.347339
vn 0.904272 -0.244460 0.350044
vn 0.579633 -0.812846 -0.057500
vn 0.368690 -0.354525 -0.859290
vn 0.649329 -0.759150 -0.045433
vn 0.654252 -0.755350 -0.037441
vn 0.369981 -0.369486 -0.852405
vn 0.369981 -0.369486 -0.852405
vn 0.654252 -0.755350 -0.037441
vn 0.660332 -0.750054 -0.037175
vn 0.372981 -0.394249 -0.839912
vn 0.481567 -0.871222 0.095209
vn 0.345196 -0.880048 0.326122
vn 0.679420 -0.614188 0.401448
vn 0.707932 -0.704839 0.045101
vn 0.707932 -0.704839 0.045101
vn 0.679420 -0.614188 0.401448
vn 0.900247 -0.223436 0.373673
vn 0.905321 -0.422486 0.043596
vn 0.905321 -0.422486 0.043596
vn 0.900247 -0.223436 0.373673
vn 0.935369 0.278318 0.218231
vn 0.995150 -0.071209 -0.067865
vn 0.495397 0.671701 0.550817
vn 0.418829 0.615825 0.667339
vn 0.813603 0.131613 0.566328
vn 0.847618 0.099533 0.521188
vn 0.380403 -0.906744 0.181959
vn 0.579633 -0.812846 -0.057500
vn 0.904272 -0.244460 0.350044
vn 0.812283 -0.324052 0.484960
vn -0.358659 0.450431 0.817604
vn -0.404798 0.602544 0.687808
vn -0.130020 0.674180 0.727033
vn -0.066430 0.685726 0.724822
vn -0.358659 0.450431 0.817604
vn -0.565421 0.239396 0.789296
vn -0.622520 0.469364 0.626232
vn -0.404798 0.602544 0.687808
vn -0.404798 0.602544 0.687808
vn -0.622520 0.469364 0.626232
vn -0.619823 0.558198 0.551574
vn -0.416320 0.632709 0.652960
vn -0.404798 0.602544 0.687808
vn -0.416320 0.632709 0.652960
vn -0.145536 0.650852 0.745125
vn -0.130020 0.674180 0.727033
vn -0.565421 0.239396 0.789296
vn -0.772320 -0.066432 0.631750
vn -0.824358 0.284141 0.489589
vn -0.622520 0.469364 0.626232
vn 0.397863 0.826402 0.398453
vn 0.129147 0.773011 0.621108
vn -0.116282 0.886801 0.447283
vn 0.175960 0.938955 0.295638
vn -0.186602 0.982187 0.022103
vn -0.183957 0.981410 0.054718
vn 0.050838 0.986108 0.158136
vn 0.057597 0.986809 0.151297
vn -0.825178 0.562786 0.048515
vn -0.331967 0.937239 -0.106684
vn -0.590707 0.788796 -0.169902
vn -0.911120 0.403648 0.083237
vn -0.920846 0.353541 0.164473
vn -0.423479 -0.554559 0.716331
vn -0.352861 -0.280585 0.892615
vn -0.971229 0.081564 0.223743
vn -0.920846 0.353541 0.164473
vn -0.971229 0.081564 0.223743
vn -0.687758 0.399358 -0.606220
vn -0.277855 0.831406 -0.481207
vn -0.971229 0.081564 0.223743
vn -0.959679 0.160765 0.230590
vn -0.773714 0.281202 -0.567707
vn -0.687758 0.399358 -0.606220
vn -0.895800 0.264790 -0.356972
vn -0.859838 0.354614 -0.367325
vn -0.775364 0.180560 -0.605152
vn -0.791093 0.034186 -0.610740
vn -0.895800 0.264790 -0.356972
vn -0.879899 0.469266 -0.074612
vn -0.846127 0.531796 -0.035538
vn -0.859838 0.354614 -0.367325
vn -0.775364 0.180560 -0.605152
vn -0.639140 0.029801 -0.768513
vn -0.662203 -0.144385 -0.735283
vn -0.791093 0.034186 -0.610740
vn -0.859838 0.354614 -0.367325
vn -0.846127 0.531796 -0.035538
vn -0.732108 0.681086 0.011866
vn -0.715276 0.644318 -0.270620
vn -0.859838 0.354614 -0.367325
vn -0.715276 0.644318 -0.270620
vn -0.644506 0.566230 -0.513806
vn -0.775364 0.180560 -0.605152
vn -0.644506 0.566230 -0.513806
vn -0.715276 0.644318 -0.270620
vn -0.640386 0.738258 -0.211851
vn -0.548725 0.723883 -0.418204
vn -0.548725 0.723883 -0.418204
vn -0.527245 0.762821 -0.374321
vn -0.382135 0.759541 -0.526374
vn -0.433487 0.674397 -0.597727
vn -0.433487 0.674397 -0.597727
vn -0.382135 0.759541 -0.526374
vn -0.201020 0.719871 -0.664362
vn -0.278656 0.585361 -0.761382
vn -0.745727 0.640634 0.182971
vn -0.734860 0.630781 0.249189
vn -0.846127 0.531796 -0.035538
vn -0.879899 0.469266 -0.074612
vn -0.007149 -0.640626 -0.767820
vn -0.005430 -0.624396 -0.781089
vn -0.303615 -0.509648 -0.805032
vn -0.287140 -0.547719 -0.785846
vn -0.007149 -0.640626 -0.767820
vn 0.241649 -0.683329 -0.688962
vn 0.242994 -0.681484 -0.690314
vn -0.005430 -0.624396 -0.781089
vn -0.007149 -0.640626 -0.767820
vn -0.041822 -0.748729 -0.661556
vn 0.218206 -0.774467 -0.593791
vn 0.241649 -0.683329 -0.688962
vn -0.007149 -0.640626 -0.767820
vn -0.287140 -0.547719 -0.785846
vn -0.294911 -0.669681 -0.681583
vn -0.041822 -0.748729 -0.661556
vn 0.241649 -0.683329 -0.688962
vn 0.443895 -0.683048 -0.580002
vn 0.437346 -0.697665 -0.567443
vn 0.242994 -0.681484 -0.690314
vn 0.241649 -0.683329 -0.688962
vn 0.218206 -0.774467 -0.593791
vn 0.437412 -0.744482 -0.504398
vn 0.443895 -0.683048 -0.580002
vn 0.443895 -0.683048 -0.580002
vn 0.667725 -0.635082 -0.388348
vn 0.652420 -0.667989 -0.357964
vn 0.437346 -0.697665 -0.567443
vn 0.443895 -0.683048 -0.580002
vn 0.437412 -0.744482 -0.504398
vn 0.663801 -0.659381 -0.352966
vn 0.667725 -0.635082 -0.388348
vn 0.667725 -0.635082 -0.388348
vn 0.853461 -0.513409 -0.089531
vn 0.835658 -0.548406 -0.030444
vn 0.652420 -0.667989 -0.357964
vn 0.667725 -0.635082 -0.388348
vn 0.663801 -0.659381 -0.352966
vn 0.847636 -0.516593 -0.121017
vn 0.853461 -0.513409 -0.089531
vn 0.853461 -0.513409 -0.089531
vn 0.910186 -0.332235 0.247349
vn 0.882200 -0.346897 0.318411
vn 0.835658 -0.548406 -0.030444
vn 0.853461 -0.513409 -0.089531
vn 0.847636 -0.516593 -0.121017
vn 0.930176 -0.327687 0.165509
vn 0.910186 -0.332235 0.247349
vn 0.910186 -0.332235 0.247349
vn 0.806125 -0.071109 0.587457
vn 0.772179 -0.062577 0.632316
vn 0.882200 -0.346897 0.318411
vn 0.910186 -0.332235 0.247349
vn 0.930176 -0.327687 0.165509
vn 0.863152 -0.072816 0.499666
vn 0.806125 -0.071109 0.587457
vn 0.882200 -0.346897 0.318411
vn 0.772179 -0.062577 0.632316
vn 0.738136 -0.075835 0.670376
vn 0.832813 -0.378242 0.404172
vn 0.882200 -0.346897 0.318411
vn 0.832813 -0.378242 0.404172
vn 0.780965 -0.620968 0.067025
vn 0.835658 -0.548406 -0.030444
vn 0.806125 -0.071109 0.587457
vn 0.575167 0.196409 0.794107
vn 0.556407 0.208271 0.804384
vn 0.772179 -0.062577 0.632316
vn 0.806125 -0.071109 0.587457
vn 0.863152 -0.072816 0.499666
vn 0.589946 0.248517 0.768247
vn 0.575167 0.196409 0.794107
vn 0.772179 -0.062577 0.632316
vn 0.556407 0.208271 0.804384
vn 0.553405 0.196805 0.809327
vn 0.738136 -0.075835 0.670376
vn 0.575167 0.196409 0.794107
vn 0.254532 0.451644 0.855120
vn 0.265516 0.452559 0.851288
vn 0.556407 0.208271 0.804384
vn 0.575167 0.196409 0.794107
vn 0.589946 0.248517 0.768247
vn 0.210296 0.505400 0.836867
vn 0.254532 0.451644 0.855120
vn 0.556407 0.208271 0.804384
vn 0.265516 0.452559 0.851288
vn 0.302118 0.440156 0.845570
vn 0.553405 0.196805 0.809327
vn 0.553405 0.196805 0.809327
vn 0.302118 0.440156 0.845570
vn 0.323473 0.465221 0.823975
vn 0.561950 0.194630 0.803948
vn 0.553405 0.196805 0.809327
vn 0.561950 0.194630 0.803948
vn 0.722756 -0.117672 0.681012
vn 0.738136 -0.075835 0.670376
vn 0.779434 -0.227329 0.583785
vn 0.722401 -0.308715 0.618733
vn 0.988309 -0.039671 -0.147210
vn 0.962190 -0.117949 -0.245518
vn 0.962190 -0.117949 -0.245518
vn 0.988309 -0.039671 -0.147210
vn 0.492725 0.293718 -0.819117
vn 0.324120 0.161579 -0.932115
vn 0.324120 0.161579 -0.932115
vn 0.492725 0.293718 -0.819117
vn -0.687758 0.399358 -0.606220
vn -0.773714 0.281202 -0.567707
vn 0.980182 0.144702 0.135299
vn 0.715773 0.543449 -0.438558
vn 0.599546 0.325239 -0.731276
vn 0.910274 -0.344795 -0.229166
vn 0.471690 -0.770562 0.428651
vn 0.910274 -0.344795 -0.229166
vn 0.894317 -0.328490 -0.303795
vn 0.419415 -0.850190 0.318227
vn 0.471690 -0.770562 0.428651
vn 0.419415 -0.850190 0.318227
vn -0.443949 -0.615998 0.650735
vn -0.345096 -0.536003 0.770461
vn 0.419415 -0.850190 0.318227
vn 0.894317 -0.328490 -0.303795
vn 0.959360 -0.155901 -0.235208
vn 0.664628 -0.618301 0.419492
vn 0.469051 -0.824635 0.316179
vn 0.141490 -0.743302 0.653821
vn 0.469051 -0.824635 0.316179
vn 0.664628 -0.618301 0.419492
vn 0.090029 0.986871 0.134094
vn 0.193990 0.976406 0.094868
vn 0.233065 0.885070 0.402905
vn 0.212178 0.893456 0.395874
vn 0.153306 0.887457 0.434645
vn 0.210456 0.681737 0.700673
vn 0.196601 0.699681 0.686873
vn 0.162151 0.732712 0.660939
vn 0.153306 0.887457 0.434645
vn 0.212178 0.893456 0.395874
vn 0.233065 0.885070 0.402905
vn 0.210456 0.681737 0.700673
vn 0.175640 0.520096 0.835853
vn 0.099947 0.295838 0.949995
vn 0.037962 0.404334 0.913823
vn 0.162151 0.732712 0.660939
vn 0.196601 0.699681 0.686873
vn 0.210456 0.681737 0.700673
vn 0.250804 0.642461 0.724114
vn 0.134090 0.238837 0.961757
vn 0.099947 0.295838 0.949995
vn 0.175640 0.520096 0.835853
vn 0.833145 -0.093586 0.545079
vn 0.857081 -0.175541 0.484352
vn 0.567673 -0.241301 0.787097
vn 0.488200 -0.154191 0.859003
vn 0.833145 -0.093586 0.545079
vn 0.995333 -0.010237 0.095959
vn 0.994676 -0.037954 0.095810
vn 0.988086 -0.106315 0.111278
vn 0.857081 -0.175541 0.484352
vn 0.995333 -0.010237 0.095959
vn 0.967314 0.053537 -0.247865
vn 0.970823 -0.044062 -0.235712
vn 0.988086 -0.106315 0.111278
vn 0.994676 -0.037954 0.095810
vn 0.967314 0.053537 -0.247865
vn 0.894785 0.094123 -0.436465
vn 0.888904 0.002766 -0.458085
vn 0.970823 -0.044062 -0.235712
vn 0.888904 0.002766 -0.458085
vn 0.893393 -0.153098 -0.422386
vn 0.964037 -0.216879 -0.153609
vn 0.970823 -0.044062 -0.235712
vn 0.888904 0.002766 -0.458085
vn 0.774128 0.054760 -0.630656
vn 0.751426 -0.061879 -0.656910
vn 0.893393 -0.153098 -0.422386
vn 0.751426 -0.061879 -0.656910
vn 0.774128 0.054760 -0.630656
vn 0.567763 0.137690 -0.811595
vn 0.502625 0.085103 -0.860305
vn 0.529793 -0.282537 0.799683
vn 0.815625 0.032582 0.577663
vn 0.848610 -0.077029 0.523380
vn 0.566931 -0.459400 0.683769
vn -0.159098 -0.601458 0.782903
vn -0.124605 -0.803551 0.582047
vn -0.574119 -0.751823 0.324267
vn -0.651357 -0.567679 0.503462
vn 0.690955 0.654257 -0.307457
vn -0.194889 0.478220 -0.856343
vn -0.165293 0.517765 -0.839403
vn 0.699581 0.669473 -0.249783
vn 0.690955 0.654257 -0.307457
vn 0.699581 0.669473 -0.249783
vn 0.827548 0.347330 0.441050
vn 0.868956 0.294929 0.397407
vn -0.394692 -0.881501 0.259179
vn -0.343134 -0.900399 0.267470
vn -0.348514 -0.920556 -0.176394
vn -0.403614 -0.906072 -0.126999
vn -0.394692 -0.881501 0.259179
vn -0.335066 -0.660950 0.671473
vn -0.272277 -0.711388 0.647914
vn -0.343134 -0.900399 0.267470
vn -0.690087 0.716329 -0.103208
vn -0.809680 0.455078 -0.370569
vn -0.798706 0.491521 -0.347097
vn -0.650831 0.752230 -0.102806
vn -0.906423 0.273050 -0.322243
vn -0.948287 0.165021 -0.271145
vn -0.819641 -0.113158 -0.561591
vn -0.806831 -0.044236 -0.589124
vn -0.906423 0.273050 -0.322243
vn -0.806831 -0.044236 -0.589124
vn -0.806672 0.051766 -0.588727
vn -0.858559 0.369323 -0.355635
vn -0.858559 0.369323 -0.355635
vn -0.806672 0.051766 -0.588727
vn -0.806943 0.115448 -0.579237
vn -0.809680 0.455078 -0.370569
vn -0.806831 -0.044236 -0.589124
vn -0.819641 -0.113158 -0.561591
vn -0.599355 -0.330879 -0.728898
vn -0.604332 -0.303484 -0.736669
vn -0.806831 -0.044236 -0.589124
vn -0.604332 -0.303484 -0.736669
vn -0.611855 -0.311881 -0.726886
vn -0.806672 0.051766 -0.588727
vn -0.875963 -0.435770 0.206866
vn -0.989162 -0.040143 0.141231
vn -0.824358 0.284141 0.489589
vn -0.772320 -0.066432 0.631750
vn -0.875963 -0.435770 0.206866
vn -0.793262 -0.587533 -0.159813
vn -0.927051 -0.315312 -0.202867
vn -0.989162 -0.040143 0.141231
vn -0.793262 -0.587533 -0.159813
vn -0.701391 -0.620308 -0.351096
vn -0.804354 -0.461859 -0.373765
vn -0.927051 -0.315312 -0.202867
vn 0.143986 -0.975455 -0.166598
vn 0.398550 -0.915888 -0.048028
vn 0.263131 -0.927058 0.267070
vn -0.063745 -0.974380 0.215687
vn -0.063745 -0.974380 0.215687
vn 0.263131 -0.927058 0.267070
vn 0.076541 -0.645830 0.759635
vn -0.274940 -0.648595 0.709741
vn 0.398550 -0.915888 -0.048028
vn 0.660113 -0.743483 0.107160
vn 0.615422 -0.729259 0.299060
vn 0.263131 -0.927058 0.267070
vn 0.263131 -0.927058 0.267070
vn 0.615422 -0.729259 0.299060
vn 0.497231 -0.523388 0.691972
vn 0.076541 -0.645830 0.759635
vn 0.076541 -0.645830 0.759635
vn 0.497231 -0.523388 0.691972
vn 0.488200 -0.154191 0.859003
vn 0.062217 -0.183917 0.980971
vn 0.660113 -0.743483 0.107160
vn 0.880971 -0.366080 0.299794
vn 0.892868 -0.338395 0.297111
vn 0.615422 -0.729259 0.299060
vn 0.615422 -0.729259 0.299060
vn 0.892868 -0.338395 0.297111
vn 0.845288 -0.247675 0.473439
vn 0.497231 -0.523388 0.691972
vn 0.497231 -0.523388 0.691972
vn 0.845288 -0.247675 0.473439
vn 0.833145 -0.093586 0.545079
vn 0.488200 -0.154191 0.859003
vn 0.880971 -0.366080 0.299794
vn 0.888609 0.135323 0.438249
vn 0.954938 0.166600 0.245639
vn 0.892868 -0.338395 0.297111
vn 0.892868 -0.338395 0.297111
vn 0.954938 0.166600 0.245639
vn 0.978552 0.142015 0.149224
vn 0.845288 -0.247675 0.473439
vn 0.845288 -0.247675 0.473439
vn 0.978552 0.142015 0.149224
vn 0.995333 -0.010237 0.095959
vn 0.833145 -0.093586 0.545079
vn -0.059047 -0.917110 -0.394237
vn 0.068225 -0.881937 -0.466404
vn -0.997586 0.063252 -0.028669
vn -0.748976 -0.651478 -0.120877
vn -0.059047 -0.917110 -0.394237
vn 0.774051 0.550176 -0.313292
vn 0.776774 0.555366 -0.296968
vn 0.068225 -0.881937 -0.466404
vn 0.774051 0.550176 -0.313292
vn -0.277944 0.947162 0.160098
vn -0.256049 0.940368 0.223935
vn 0.776774 0.555366 -0.296968
vn 0.659433 0.470012 0.586717
vn 0.643958 0.552452 0.529259
vn 0.267040 0.787165 0.555932
vn 0.246782 0.693744 0.676622
vn 0.659433 0.470012 0.586717
vn 0.953939 -0.062272 0.293465
vn 0.953094 -0.015837 0.302259
vn 0.643958 0.552452 0.529259
vn 0.659433 0.470012 0.586717
vn 0.681996 0.358826 0.637280
vn 0.942405 -0.111600 0.315307
vn 0.953939 -0.062272 0.293465
vn 0.659433 0.470012 0.586717
vn 0.246782 0.693744 0.676622
vn 0.222405 0.629823 0.744217
vn 0.681996 0.358826 0.637280
vn 0.681996 0.358826 0.637280
vn 0.653322 0.290185 0.699259
vn 0.916950 -0.106737 0.384460
vn 0.942405 -0.111600 0.315307
vn 0.681996 0.358826 0.637280
vn 0.222405 0.629823 0.744217
vn 0.214755 0.565151 0.796546
vn 0.653322 0.290185 0.699259
vn 0.222405 0.629823 0.744217
vn 0.246782 0.693744 0.676622
vn -0.066430 0.685726 0.724822
vn -0.130020 0.674180 0.727033
vn 0.222405 0.629823 0.744217
vn -0.130020 0.674180 0.727033
vn -0.145536 0.650852 0.745125
vn 0.214755 0.565151 0.796546
vn 0.214755 0.565151 0.796546
vn -0.145536 0.650852 0.745125
vn -0.138996 0.632195 0.762240
vn 0.210296 0.505400 0.836867
vn 0.214755 0.565151 0.796546
vn 0.210296 0.505400 0.836867
vn 0.589946 0.248517 0.768247
vn 0.653322 0.290185 0.699259
vn 0.210296 0.505400 0.836867
vn -0.138996 0.632195 0.762240
vn -0.104391 0.624442 0.774064
vn 0.254532 0.451644 0.855120
vn -0.972032 0.064881 -0.225710
vn -0.305200 0.086511 -0.948350
vn -0.395818 -0.008475 -0.918290
vn -0.978709 0.096925 -0.180925
vn -0.305200 0.086511 -0.948350
vn 0.742531 -0.113749 -0.660082
vn 0.685772 -0.290832 -0.667184
vn -0.395818 -0.008475 -0.918290
vn 0.890467 -0.408691 0.200100
vn 0.685772 -0.290832 -0.667184
vn 0.742531 -0.113749 -0.660082
vn 0.944092 -0.256424 0.207211
vn 0.197852 -0.297911 -0.933865
vn -0.114596 0.633487 -0.765220
vn -0.478493 0.644699 -0.596161
vn -0.390021 -0.464917 -0.794818
vn -0.390021 -0.464917 -0.794818
vn -0.532303 -0.375960 -0.758490
vn -0.152846 -0.937379 -0.312984
vn 0.113906 -0.882161 -0.456966
vn -0.152846 -0.937379 -0.312984
vn 0.448605 -0.793561 0.411113
vn 0.561682 -0.797069 0.221796
vn 0.113906 -0.882161 -0.456966
vn 0.947188 -0.167468 0.273476
vn 0.976905 -0.209315 0.042929
vn 0.393530 -0.902696 0.173996
vn 0.462888 -0.812545 0.354266
vn -0.596775 -0.802321 0.011890
vn -0.596556 -0.747340 0.292581
vn -0.151146 -0.954875 0.255673
vn -0.147358 -0.986613 -0.069859
vn -0.596775 -0.802321 0.011890
vn -0.943589 -0.303162 0.133160
vn -0.920624 -0.272901 0.279243
vn -0.596556 -0.747340 0.292581
vn -0.147358 -0.986613 -0.069859
vn -0.151146 -0.954875 0.255673
vn 0.393530 -0.902696 0.173996
vn 0.318779 -0.942035 -0.104639
vn 0.393530 -0.902696 0.173996
vn -0.151146 -0.954875 0.255673
vn -0.148251 -0.876053 0.458860
vn 0.462888 -0.812545 0.354266
vn 0.393530 -0.902696 0.173996
vn 0.976905 -0.209315 0.042929
vn 0.969067 -0.234300 -0.077538
vn 0.318779 -0.942035 -0.104639
vn -0.829535 0.479199 -0.286776
vn -0.696532 0.647254 -0.309686
vn -0.568668 0.584428 0.578843
vn -0.556501 0.570229 0.604272
vn -0.556501 0.570229 0.604272
vn -0.568668 0.584428 0.578843
vn -0.030147 0.112112 0.993238
vn -0.032704 0.087004 0.995671
vn -0.696532 0.647254 -0.309686
vn -0.754338 0.590043 -0.287789
vn -0.616022 0.520303 0.591441
vn -0.568668 0.584428 0.578843
vn -0.696532 0.647254 -0.309686
vn -0.253480 0.114944 -0.960487
vn -0.254714 0.144222 -0.956201
vn -0.754338 0.590043 -0.287789
vn -0.254714 0.144222 -0.956201
vn -0.176312 0.104440 -0.978778
vn -0.741370 0.580159 -0.337321
vn -0.754338 0.590043 -0.287789
vn 0.020727 0.370896 -0.928443
vn 0.029306 0.449919 -0.892588
vn -0.550676 0.688725 -0.471608
vn -0.605984 0.646001 -0.464183
vn 0.020727 0.370896 -0.928443
vn -0.605984 0.646001 -0.464183
vn -0.584073 0.659320 -0.473450
vn 0.056904 0.436805 -0.897755
vn -0.753644 -0.635176 -0.169031
vn -0.200013 -0.945422 0.257239
vn -0.091805 -0.995698 -0.012569
vn -0.722054 -0.627798 -0.290703
vn -0.091805 -0.995698 -0.012569
vn 0.514218 -0.812674 0.274119
vn 0.605551 -0.794165 0.051095
vn -0.002109 -0.959915 -0.280284
vn -0.091805 -0.995698 -0.012569
vn -0.200013 -0.945422 0.257239
vn 0.295831 -0.780785 0.550327
vn 0.514218 -0.812674 0.274119
vn -0.624426 0.749543 -0.219723
vn -0.364715 0.402767 -0.839501
vn -0.332373 0.379680 -0.863349
vn -0.612435 0.758465 -0.222831
vn -0.624426 0.749543 -0.219723
vn -0.615739 0.760640 -0.205648
vn -0.357471 0.439747 -0.823916
vn -0.364715 0.402767 -0.839501
vn -0.495058 0.516477 0.698691
vn 0.140013 -0.305034 0.941993
vn 0.126271 -0.310483 0.942155
vn -0.479211 0.523825 0.704248
vn -0.511285 0.543780 0.665500
vn -0.618923 0.772848 -0.140144
vn -0.624986 0.768135 -0.139145
vn -0.563839 0.650209 0.509229
vn 0.092498 0.994633 -0.046363
vn 0.389055 0.892363 -0.228745
vn 0.190796 0.934427 -0.300737
vn 0.024190 0.994299 -0.103852
vn 0.282317 0.928555 0.241002
vn 0.300032 0.918875 0.256224
vn 0.057597 0.986809 0.151297
vn 0.050838 0.986108 0.158136
vn 0.282317 0.928555 0.241002
vn 0.520252 0.792095 0.319255
vn 0.504023 0.799639 0.326401
vn 0.300032 0.918875 0.256224
vn 0.561682 -0.797069 0.221796
vn 0.448605 -0.793561 0.411113
vn 0.590421 0.605482 0.533662
vn 0.508812 0.565609 0.648997
vn -0.272277 -0.711388 0.647914
vn -0.148049 -0.410298 0.899854
vn -0.138603 -0.435679 0.889367
vn -0.277517 -0.722235 0.633531
vn -0.148049 -0.410298 0.899854
vn -0.026516 -0.086736 0.995878
vn -0.001558 -0.123506 0.992343
vn -0.138603 -0.435679 0.889367
vn -0.053666 0.541195 0.839183
vn 0.101567 0.766684 0.633940
vn 0.162151 0.732712 0.660939
vn 0.037962 0.404334 0.913823
vn -0.053666 0.541195 0.839183
vn -0.066430 0.685726 0.724822
vn 0.068580 0.768708 0.635913
vn 0.101567 0.766684 0.633940
vn 0.417127 -0.424964 -0.803375
vn 0.418253 -0.467561 -0.778750
vn -0.357471 0.439747 -0.823916
vn -0.359260 0.469048 -0.806800
vn 0.418253 -0.467561 -0.778750
vn 0.397680 -0.516981 -0.758011
vn -0.364715 0.402767 -0.839501
vn -0.357471 0.439747 -0.823916
vn 0.563824 0.728745 0.388630
vn 0.495397 0.671701 0.550817
vn 0.847618 0.099533 0.521188
vn 0.850689 0.082865 0.519097
vn 0.717838 0.127098 0.684511
vn 0.891158 -0.291877 0.347339
vn 0.895693 -0.288500 0.338380
vn 0.729984 0.112565 0.674131
vn 0.891158 -0.291877 0.347339
vn 0.717838 0.127098 0.684511
vn 0.771586 0.286405 0.568003
vn 0.904272 -0.244460 0.350044
vn -0.214621 0.849433 0.482079
vn -0.116282 0.886801 0.447283
vn 0.129147 0.773011 0.621108
vn 0.065900 0.727847 0.682566
vn -0.214621 0.849433 0.482079
vn -0.414251 0.866636 0.278097
vn -0.321369 0.910006 0.261938
vn -0.116282 0.886801 0.447283
vn 0.333863 0.518663 0.787099
vn 0.355633 0.593021 0.722393
vn 0.573503 0.332589 0.748651
vn 0.562046 0.239051 0.791808
vn 0.333863 0.518663 0.787099
vn 0.065900 0.727847 0.682566
vn 0.129147 0.773011 0.621108
vn 0.355633 0.593021 0.722393
vn -0.352861 -0.280585 0.892615
vn -0.423479 -0.554559 0.716331
vn 0.141490 -0.743302 0.653821
vn 0.664628 -0.618301 0.419492
vn 0.722401 -0.308715 0.618733
vn -0.520541 0.466052 0.715425
vn -0.547980 0.818412 0.172975
vn -0.640980 0.751065 0.158262
vn -0.577482 0.426104 0.696384
vn 0.823703 -0.490590 0.284316
vn 0.764600 -0.495888 0.411682
vn 0.667795 -0.414410 0.618316
vn 0.869077 -0.331902 0.366806
vn 0.823703 -0.490590 0.284316
vn 0.869077 -0.331902 0.366806
vn 0.952964 -0.272562 0.132551
vn 0.834637 -0.535479 0.129007
vn 0.834637 -0.535479 0.129007
vn 0.818735 -0.569487 -0.073195
vn 0.698692 -0.715198 -0.017951
vn 0.715689 -0.674830 0.179983
vn 0.737327 -0.546266 -0.397419
vn 0.601556 -0.436338 -0.669134
vn 0.657935 -0.298472 -0.691402
vn 0.791175 -0.404295 -0.458898
vn 0.812040 -0.493245 -0.311931
vn 0.929252 -0.325105 0.175493
vn 0.912808 -0.382569 0.142909
vn 0.781329 -0.510907 -0.358469
vn -0.611771 0.767731 -0.190593
vn -0.359260 0.469048 -0.806800
vn -0.357471 0.439747 -0.823916
vn -0.615739 0.760640 -0.205648
vn 0.988086 -0.106315 0.111278
vn 0.970823 -0.044062 -0.235712
vn 0.964037 -0.216879 -0.153609
vn 0.952964 -0.272562 0.132551
vn 0.988086 -0.106315 0.111278
vn 0.952964 -0.272562 0.132551
vn 0.869077 -0.331902 0.366806
vn 0.857081 -0.175541 0.484352
vn 0.857081 -0.175541 0.484352
vn 0.869077 -0.331902 0.366806
vn 0.667795 -0.414410 0.618316
vn 0.567673 -0.241301 0.787097
vn -0.739183 -0.624624 -0.251901
vn -0.815398 -0.490807 -0.306977
vn -0.707288 -0.171908 -0.685705
vn -0.636444 -0.324720 -0.699641
vn 0.815657 -0.516897 0.259848
vn 0.930439 -0.085982 0.356216
vn 0.937543 -0.072975 0.340130
vn 0.838449 -0.497626 0.222199
vn 0.930439 -0.085982 0.356216
vn 0.806212 0.450839 0.383101
vn 0.789550 0.467588 0.397456
vn 0.937543 -0.072975 0.340130
vn -0.287140 -0.547719 -0.785846
vn -0.586816 -0.388605 -0.710375
vn -0.586568 -0.513636 -0.626191
vn -0.294911 -0.669681 -0.681583
vn -0.287140 -0.547719 -0.785846
vn -0.303615 -0.509648 -0.805032
vn -0.599355 -0.330879 -0.728898
vn -0.586816 -0.388605 -0.710375
vn -0.303615 -0.509648 -0.805032
vn -0.005430 -0.624396 -0.781089
vn -0.027795 -0.679007 -0.733606
vn -0.324107 -0.529515 -0.783944
vn -0.303615 -0.509648 -0.805032
vn -0.324107 -0.529515 -0.783944
vn -0.604332 -0.303484 -0.736669
vn -0.599355 -0.330879 -0.728898
vn -0.005430 -0.624396 -0.781089
vn 0.242994 -0.681484 -0.690314
vn 0.221069 -0.751989 -0.621000
vn -0.027795 -0.679007 -0.733606
vn -0.027795 -0.679007 -0.733606
vn 0.221069 -0.751989 -0.621000
vn 0.162858 -0.823179 -0.543924
vn -0.091534 -0.735310 -0.671522
vn 0.242994 -0.681484 -0.690314
vn 0.437346 -0.697665 -0.567443
vn 0.409181 -0.776974 -0.478417
vn 0.221069 -0.751989 -0.621000
vn 0.221069 -0.751989 -0.621000
vn 0.409181 -0.776974 -0.478417
vn 0.366556 -0.849985 -0.378367
vn 0.162858 -0.823179 -0.543924
vn 0.437346 -0.697665 -0.567443
vn 0.652420 -0.667989 -0.357964
vn 0.600461 -0.754258 -0.265595
vn 0.409181 -0.776974 -0.478417
vn 0.409181 -0.776974 -0.478417
vn 0.600461 -0.754258 -0.265595
vn 0.537360 -0.824470 -0.177463
vn 0.366556 -0.849985 -0.378367
vn 0.652420 -0.667989 -0.357964
vn 0.835658 -0.548406 -0.030444
vn 0.780965 -0.620968 0.067025
vn 0.600461 -0.754258 -0.265595
vn 0.600461 -0.754258 -0.265595
vn 0.780965 -0.620968 0.067025
vn 0.710936 -0.692576 0.122099
vn 0.537360 -0.824470 -0.177463
vn 0.780965 -0.620968 0.067025
vn 0.832813 -0.378242 0.404172
vn 0.783867 -0.431897 0.446113
vn 0.710936 -0.692576 0.122099
vn 0.832813 -0.378242 0.404172
vn 0.738136 -0.075835 0.670376
vn 0.722756 -0.117672 0.681012
vn 0.783867 -0.431897 0.446113
vn -0.277944 0.947162 0.160098
vn -0.748976 -0.651478 -0.120877
vn -0.997586 0.063252 -0.028669
vn -0.256049 0.940368 0.223935
vn 0.188597 0.947040 0.259896
vn 0.151280 0.926590 0.344303
vn 0.367795 0.819481 0.439521
vn 0.477853 0.804993 0.351628
vn 0.151280 0.926590 0.344303
vn 0.113340 0.893307 0.434920
vn 0.267040 0.787165 0.555932
vn 0.367795 0.819481 0.439521
vn -0.423479 -0.554559 0.716331
vn -0.920846 0.353541 0.164473
vn -0.778874 0.620692 0.089988
vn -0.443949 -0.615998 0.650735
vn -0.409424 0.664481 0.625170
vn -0.408298 0.690798 0.596733
vn -0.087531 0.634318 0.768101
vn -0.104391 0.624442 0.774064
vn -0.409424 0.664481 0.625170
vn -0.628345 0.614090 0.477573
vn -0.631688 0.648067 0.425416
vn -0.408298 0.690798 0.596733
vn -0.628345 0.614090 0.477573
vn -0.785467 0.521969 0.332551
vn -0.778389 0.562664 0.278425
vn -0.631688 0.648067 0.425416
vn -0.785467 0.521969 0.332551
vn -0.927409 0.361973 0.094282
vn -0.904842 0.420749 0.065049
vn -0.778389 0.562664 0.278425
vn 0.780395 -0.620529 -0.076992
vn 0.907425 -0.412830 0.078435
vn 0.913746 -0.403971 0.043306
vn 0.803661 -0.582476 -0.121866
vn 0.780395 -0.620529 -0.076992
vn 0.803661 -0.582476 -0.121866
vn 0.659454 -0.706272 -0.257488
vn 0.626873 -0.751528 -0.205516
vn 0.907425 -0.412830 0.078435
vn 0.953094 -0.015837 0.302259
vn 0.953939 -0.062272 0.293465
vn 0.913746 -0.403971 0.043306
vn 0.913746 -0.403971 0.043306
vn 0.953939 -0.062272 0.293465
vn 0.942405 -0.111600 0.315307
vn 0.914937 -0.400728 0.048042
vn 0.913746 -0.403971 0.043306
vn 0.914937 -0.400728 0.048042
vn 0.813080 -0.565615 -0.137771
vn 0.803661 -0.582476 -0.121866
vn 0.942405 -0.111600 0.315307
vn 0.916950 -0.106737 0.384460
vn 0.923039 -0.372655 0.095539
vn 0.914937 -0.400728 0.048042
vn 0.653322 0.290185 0.699259
vn 0.589946 0.248517 0.768247
vn 0.863152 -0.072816 0.499666
vn 0.916950 -0.106737 0.384460
vn -0.641266 -0.305746 -0.703774
vn -0.698992 -0.255606 -0.667889
vn -0.822191 0.126314 -0.555020
vn -0.806943 0.115448 -0.579237
vn -0.641266 -0.305746 -0.703774
vn -0.393129 -0.606826 -0.690805
vn -0.446872 -0.592393 -0.670355
vn -0.698992 -0.255606 -0.667889
vn -0.809680 0.455078 -0.370569
vn -0.806943 0.115448 -0.579237
vn -0.822191 0.126314 -0.555020
vn -0.798706 0.491521 -0.347097
vn -0.641266 -0.305746 -0.703774
vn -0.806943 0.115448 -0.579237
vn -0.806672 0.051766 -0.588727
vn -0.611855 -0.311881 -0.726886
vn 0.894785 0.094123 -0.436465
vn 0.793257 0.135999 -0.593505
vn 0.774128 0.054760 -0.630656
vn 0.888904 0.002766 -0.458085
vn 0.793257 0.135999 -0.593505
vn 0.596215 0.203143 -0.776698
vn 0.567763 0.137690 -0.811595
vn 0.774128 0.054760 -0.630656
vn 0.596215 0.203143 -0.776698
vn 0.319412 0.266502 -0.909369
vn 0.266019 0.239557 -0.933727
vn 0.567763 0.137690 -0.811595
vn 0.179042 0.892356 -0.414300
vn -0.220291 0.836250 -0.502153
vn 0.005585 0.299111 -0.954202
vn 0.319412 0.266502 -0.909369
vn 0.319412 0.266502 -0.909369
vn 0.005585 0.299111 -0.954202
vn -0.029763 0.314971 -0.948634
vn 0.266019 0.239557 -0.933727
vn -0.220291 0.836250 -0.502153
vn -0.665190 0.551878 -0.502944
vn -0.414412 0.284415 -0.864506
vn 0.005585 0.299111 -0.954202
vn -0.665190 0.551878 -0.502944
vn -0.929659 0.141723 -0.340071
vn -0.826347 0.192611 -0.529199
vn -0.414412 0.284415 -0.864506
vn -0.930932 0.208795 -0.299618
vn -0.958394 -0.142980 -0.247058
vn -0.985120 -0.121067 -0.121994
vn -0.929659 0.141723 -0.340071
vn -0.874036 -0.263502 -0.408201
vn -0.913709 -0.210119 -0.347831
vn -0.165293 0.517765 -0.839403
vn -0.194889 0.478220 -0.856343
vn -0.874036 -0.263502 -0.408201
vn -0.704697 -0.633776 0.318950
vn -0.691677 -0.566441 0.448027
vn -0.913709 -0.210119 -0.347831
vn 0.888609 0.135323 0.438249
vn 0.741273 -0.023050 0.670807
vn 0.573503 0.332589 0.748651
vn 0.730383 0.495302 0.470337
vn 0.323473 0.465221 0.823975
vn 0.302118 0.440156 0.845570
vn -0.046722 0.659155 0.750554
vn -0.009595 0.687916 0.725727
vn 0.323473 0.465221 0.823975
vn 0.333863 0.518663 0.787099
vn 0.562046 0.239051 0.791808
vn 0.561950 0.194630 0.803948
vn 0.323473 0.465221 0.823975
vn -0.009595 0.687916 0.725727
vn 0.065900 0.727847 0.682566
vn 0.333863 0.518663 0.787099
vn 0.562046 0.239051 0.791808
vn 0.573503 0.332589 0.748651
vn 0.741273 -0.023050 0.670807
vn 0.719806 -0.100237 0.686900
vn -0.091534 -0.735310 -0.671522
vn 0.162858 -0.823179 -0.543924
vn 0.091585 -0.884972 -0.456549
vn -0.148875 -0.786437 -0.599460
vn 0.162858 -0.823179 -0.543924
vn 0.366556 -0.849985 -0.378367
vn 0.302152 -0.909552 -0.285339
vn 0.091585 -0.884972 -0.456549
vn 0.366556 -0.849985 -0.378367
vn 0.537360 -0.824470 -0.177463
vn 0.475419 -0.874200 -0.098750
vn 0.302152 -0.909552 -0.285339
vn 0.537360 -0.824470 -0.177463
vn 0.710936 -0.692576 0.122099
vn 0.655784 -0.735619 0.169741
vn 0.475419 -0.874200 -0.098750
vn 0.710936 -0.692576 0.122099
vn 0.783867 -0.431897 0.446113
vn 0.761042 -0.432579 0.483417
vn 0.655784 -0.735619 0.169741
vn 0.655784 -0.735619 0.169741
vn 0.761042 -0.432579 0.483417
vn 0.783201 -0.397701 0.477943
vn 0.666351 -0.723902 0.178727
vn 0.783867 -0.431897 0.446113
vn 0.722756 -0.117672 0.681012
vn 0.719806 -0.100237 0.686900
vn 0.761042 -0.432579 0.483417
vn 0.761042 -0.432579 0.483417
vn 0.719806 -0.100237 0.686900
vn 0.741273 -0.023050 0.670807
vn 0.783201 -0.397701 0.477943
vn 0.722756 -0.117672 0.681012
vn 0.561950 0.194630 0.803948
vn 0.562046 0.239051 0.791808
vn 0.719806 -0.100237 0.686900
vn 0.099947 0.295838 0.949995
vn 0.134090 0.238837 0.961757
vn -0.001558 -0.123506 0.992343
vn -0.026516 -0.086736 0.995878
vn 0.929252 -0.325105 0.175493
vn 0.633301 0.088664 0.768810
vn 0.586258 0.035804 0.809332
vn 0.912808 -0.382569 0.142909
vn 0.957946 0.125225 -0.258181
vn 0.695719 0.498718 0.516968
vn 0.930399 -0.062646 0.361155
vn 0.960889 -0.115541 -0.251681
vn -0.176312 0.104440 -0.978778
vn -0.061659 0.167552 -0.983933
vn -0.599096 0.739976 -0.305808
vn -0.741370 0.580159 -0.337321
vn -0.061659 0.167552 -0.983933
vn -0.034003 0.266524 -0.963228
vn -0.479852 0.798137 -0.364308
vn -0.599096 0.739976 -0.305808
vn -0.599096 0.739976 -0.305808
vn -0.479852 0.798137 -0.364308
vn -0.488439 0.728403 0.480474
vn -0.562512 0.627718 0.538098
vn -0.562512 0.627718 0.538098
vn -0.488439 0.728403 0.480474
vn -0.156788 0.085908 0.983889
vn -0.177230 0.073947 0.981387
vn 0.556890 0.827370 -0.073026
vn 0.603231 0.795593 0.056068
vn 0.969067 -0.234300 -0.077538
vn 0.976905 -0.209315 0.042929
vn -0.857463 0.258056 -0.445156
vn -0.806211 -0.300695 0.509516
vn -0.785891 -0.284936 0.548805
vn -0.887748 0.250002 -0.386527
vn 0.901222 -0.316299 0.296233
vn 0.813603 0.131613 0.566328
vn 0.729984 0.112565 0.674131
vn 0.895693 -0.288500 0.338380
vn -0.919266 0.241483 0.310864
vn -0.434485 0.579418 0.689563
vn -0.437561 0.563185 0.700973
vn -0.939383 0.195562 0.281628
vn -0.278656 0.585361 -0.761382
vn -0.201020 0.719871 -0.664362
vn 0.036287 0.625316 -0.779528
vn -0.053975 0.437394 -0.897649
vn -0.053975 0.437394 -0.897649
vn 0.036287 0.625316 -0.779528
vn 0.302224 0.468690 -0.830054
vn 0.221565 0.226336 -0.948515
vn 0.302224 0.468690 -0.830054
vn 0.359950 0.633451 -0.684964
vn 0.631562 0.439665 -0.638611
vn 0.581307 0.226193 -0.781613
vn -0.329488 0.592787 0.734875
vn -0.590553 0.577149 0.564045
vn -0.649810 0.548503 0.526205
vn -0.367423 0.455148 0.811074
vn 0.477853 0.804993 0.351628
vn 0.367795 0.819481 0.439521
vn 0.712790 0.533875 0.454871
vn 0.789550 0.467588 0.397456
vn 0.367795 0.819481 0.439521
vn 0.267040 0.787165 0.555932
vn 0.643958 0.552452 0.529259
vn 0.712790 0.533875 0.454871
vn 0.681029 -0.720216 -0.132243
vn 0.657787 -0.734027 -0.168883
vn 0.562131 -0.369625 -0.739855
vn 0.569479 -0.342218 -0.747382
vn 0.657787 -0.734027 -0.168883
vn 0.655370 -0.724003 -0.215195
vn 0.541686 -0.341048 -0.768285
vn 0.562131 -0.369625 -0.739855
vn 0.425075 -0.719538 0.549159
vn 0.382436 -0.769503 0.511476
vn 0.571927 -0.777086 -0.262749
vn 0.655370 -0.724003 -0.215195
vn -0.380399 0.757800 -0.530129
vn -0.624673 0.759468 0.181638
vn -0.640980 0.751065 0.158262
vn -0.412439 0.761628 -0.499817
vn 0.191101 0.881616 -0.431547
vn 0.366937 0.785886 -0.497736
vn 0.413192 0.828312 -0.378381
vn 0.226113 0.907336 -0.354421
vn 0.191101 0.881616 -0.431547
vn 0.055481 0.798450 -0.599500
vn 0.245581 0.647094 -0.721775
vn 0.366937 0.785886 -0.497736
vn 0.370766 0.928073 -0.034848
vn -0.238943 0.969444 0.055533
vn -0.590707 0.788796 -0.169902
vn -0.331967 0.937239 -0.106684
vn -0.378356 0.024520 -0.925335
vn -0.636444 -0.324720 -0.699641
vn -0.707288 -0.171908 -0.685705
vn -0.436750 0.159367 -0.885354
vn 0.119788 -0.087765 0.988913
vn -0.526105 0.662088 0.533717
vn -0.513380 0.666797 0.540206
vn 0.059616 -0.035379 0.997594
vn -0.513380 0.666797 0.540206
vn -0.526105 0.662088 0.533717
vn -0.612435 0.758465 -0.222831
vn -0.548507 0.817667 -0.174818
vn 0.559202 -0.494861 0.665136
vn 0.761818 -0.478233 0.436951
vn 0.514218 -0.812674 0.274119
vn 0.295831 -0.780785 0.550327
vn 0.559202 -0.494861 0.665136
vn 0.829921 0.157876 0.535076
vn 0.850689 0.082865 0.519097
vn 0.761818 -0.478233 0.436951
vn 0.514218 -0.812674 0.274119
vn 0.761818 -0.478233 0.436951
vn 0.858022 -0.402672 0.318833
vn 0.605551 -0.794165 0.051095
vn 0.858022 -0.402672 0.318833
vn 0.761818 -0.478233 0.436951
vn 0.850689 0.082865 0.519097
vn 0.847618 0.099533 0.521188
vn 0.287055 0.510958 0.810260
vn 0.265126 0.504574 0.821653
vn 0.717838 0.127098 0.684511
vn 0.729984 0.112565 0.674131
vn 0.717838 0.127098 0.684511
vn 0.265126 0.504574 0.821653
vn 0.376399 0.690083 0.618150
vn 0.771586 0.286405 0.568003
vn 0.910274 -0.344795 -0.229166
vn 0.599546 0.325239 -0.731276
vn 0.572766 0.399946 -0.715530
vn 0.894317 -0.328490 -0.303795
vn 0.894317 -0.328490 -0.303795
vn 0.572766 0.399946 -0.715530
vn 0.535605 0.507703 -0.674808
vn 0.959360 -0.155901 -0.235208
vn 0.572766 0.399946 -0.715530
vn -0.123406 0.802737 -0.583424
vn -0.277855 0.831406 -0.481207
vn 0.535605 0.507703 -0.674808
vn 0.572766 0.399946 -0.715530
vn 0.599546 0.325239 -0.731276
vn 0.044815 0.706782 -0.706010
vn -0.123406 0.802737 -0.583424
vn 0.988309 -0.039671 -0.147210
vn 0.959360 -0.155901 -0.235208
vn 0.535605 0.507703 -0.674808
vn 0.492725 0.293718 -0.819117
vn 0.988309 -0.039671 -0.147210
vn 0.722401 -0.308715 0.618733
vn 0.664628 -0.618301 0.419492
vn 0.959360 -0.155901 -0.235208
vn 0.535605 0.507703 -0.674808
vn -0.277855 0.831406 -0.481207
vn -0.687758 0.399358 -0.606220
vn 0.492725 0.293718 -0.819117
vn -0.836167 -0.278968 -0.472230
vn -0.827567 -0.374353 -0.418321
vn -0.582928 -0.592195 -0.556327
vn -0.586568 -0.513636 -0.626191
vn -0.836167 -0.278968 -0.472230
vn -0.968832 -0.037310 -0.244893
vn -0.958391 -0.166363 -0.231969
vn -0.827567 -0.374353 -0.418321
vn -0.836167 -0.278968 -0.472230
vn -0.821995 -0.174330 -0.542156
vn -0.959733 0.087793 -0.266843
vn -0.968832 -0.037310 -0.244893
vn -0.836167 -0.278968 -0.472230
vn -0.586568 -0.513636 -0.626191
vn -0.586816 -0.388605 -0.710375
vn -0.821995 -0.174330 -0.542156
vn -0.821995 -0.174330 -0.542156
vn -0.586816 -0.388605 -0.710375
vn -0.599355 -0.330879 -0.728898
vn -0.819641 -0.113158 -0.561591
vn -0.821995 -0.174330 -0.542156
vn -0.819641 -0.113158 -0.561591
vn -0.948287 0.165021 -0.271145
vn -0.959733 0.087793 -0.266843
vn -0.604758 -0.653288 0.455502
vn -0.148251 -0.876053 0.458860
vn -0.151146 -0.954875 0.255673
vn -0.596556 -0.747340 0.292581
vn -0.604758 -0.653288 0.455502
vn -0.596556 -0.747340 0.292581
vn -0.920624 -0.272901 0.279243
vn -0.909465 -0.215305 0.355693
vn -0.825178 0.562786 0.048515
vn -0.909465 -0.215305 0.355693
vn -0.920624 -0.272901 0.279243
vn -0.779796 0.618848 0.094576
vn -0.779796 0.618848 0.094576
vn -0.920624 -0.272901 0.279243
vn -0.943589 -0.303162 0.133160
vn -0.681782 0.699975 0.212623
vn -0.408298 0.690798 0.596733
vn -0.631688 0.648067 0.425416
vn -0.596988 0.731872 0.328585
vn -0.359592 0.750575 0.554374
vn -0.408298 0.690798 0.596733
vn -0.359592 0.750575 0.554374
vn -0.046722 0.659155 0.750554
vn -0.087531 0.634318 0.768101
vn -0.577482 0.426104 0.696384
vn -0.640980 0.751065 0.158262
vn -0.624673 0.759468 0.181638
vn -0.540048 0.410772 0.734585
vn -0.883389 0.419398 -0.209114
vn -0.539386 0.005058 -0.842044
vn -0.603302 0.021661 -0.797218
vn -0.914989 0.375597 -0.147387
vn -0.883389 0.419398 -0.209114
vn -0.914989 0.375597 -0.147387
vn -0.721605 0.502534 0.476179
vn -0.716770 0.557635 0.418669
vn -0.914989 0.375597 -0.147387
vn -0.603302 0.021661 -0.797218
vn -0.622943 -0.141357 -0.769390
vn -0.964732 0.239580 -0.109058
vn -0.539386 0.005058 -0.842044
vn 0.255154 -0.430623 -0.865714
vn 0.141194 -0.352061 -0.925266
vn -0.603302 0.021661 -0.797218
vn -0.115239 0.420089 0.900136
vn -0.716770 0.557635 0.418669
vn -0.721605 0.502534 0.476179
vn -0.112119 0.387282 0.915118
vn 0.565097 -0.555427 -0.610053
vn 0.411640 -0.405303 -0.816261
vn 0.571927 -0.777086 -0.262749
vn 0.706111 -0.703107 -0.083952
vn 0.571927 -0.777086 -0.262749
vn 0.411640 -0.405303 -0.816261
vn 0.541686 -0.341048 -0.768285
vn 0.655370 -0.724003 -0.215195
vn 0.268004 0.839338 -0.472954
vn 0.190796 0.934427 -0.300737
vn 0.389055 0.892363 -0.228745
vn 0.161024 0.967468 -0.195133
vn -0.294911 -0.669681 -0.681583
vn -0.303172 -0.734819 -0.606735
vn -0.052326 -0.804448 -0.591714
vn -0.041822 -0.748729 -0.661556
vn -0.294911 -0.669681 -0.681583
vn -0.586568 -0.513636 -0.626191
vn -0.582928 -0.592195 -0.556327
vn -0.303172 -0.734819 -0.606735
vn -0.052326 -0.804448 -0.591714
vn -0.055496 -0.823572 -0.564491
vn 0.227765 -0.831291 -0.507029
vn 0.218218 -0.820229 -0.528778
vn -0.052326 -0.804448 -0.591714
vn -0.303172 -0.734819 -0.606735
vn -0.315233 -0.758521 -0.570327
vn -0.055496 -0.823572 -0.564491
vn -0.052326 -0.804448 -0.591714
vn 0.218218 -0.820229 -0.528778
vn 0.218206 -0.774467 -0.593791
vn -0.041822 -0.748729 -0.661556
vn 0.227765 -0.831291 -0.507029
vn 0.219812 -0.858684 -0.462974
vn 0.468659 -0.800738 -0.373065
vn 0.468367 -0.780775 -0.413549
vn 0.227765 -0.831291 -0.507029
vn -0.055496 -0.823572 -0.564491
vn -0.072061 -0.855071 -0.513478
vn 0.219812 -0.858684 -0.462974
vn 0.227765 -0.831291 -0.507029
vn 0.468367 -0.780775 -0.413549
vn 0.446555 -0.779654 -0.439009
vn 0.218218 -0.820229 -0.528778
vn 0.218218 -0.820229 -0.528778
vn 0.446555 -0.779654 -0.439009
vn 0.437412 -0.744482 -0.504398
vn 0.218206 -0.774467 -0.593791
vn 0.468659 -0.800738 -0.373065
vn 0.441397 -0.840235 -0.314919
vn 0.626873 -0.751528 -0.205516
vn 0.659454 -0.706272 -0.257488
vn 0.468659 -0.800738 -0.373065
vn 0.219812 -0.858684 -0.462974
vn 0.200091 -0.892438 -0.404373
vn 0.441397 -0.840235 -0.314919
vn 0.468659 -0.800738 -0.373065
vn 0.659454 -0.706272 -0.257488
vn 0.665710 -0.688182 -0.288507
vn 0.468367 -0.780775 -0.413549
vn 0.468367 -0.780775 -0.413549
vn 0.665710 -0.688182 -0.288507
vn 0.656647 -0.688388 -0.308118
vn 0.446555 -0.779654 -0.439009
vn 0.446555 -0.779654 -0.439009
vn 0.656647 -0.688388 -0.308118
vn 0.663801 -0.659381 -0.352966
vn 0.437412 -0.744482 -0.504398
vn 0.659454 -0.706272 -0.257488
vn 0.803661 -0.582476 -0.121866
vn 0.813080 -0.565615 -0.137771
vn 0.665710 -0.688182 -0.288507
vn 0.665710 -0.688182 -0.288507
vn 0.813080 -0.565615 -0.137771
vn 0.823269 -0.552485 -0.130343
vn 0.656647 -0.688388 -0.308118
vn 0.656647 -0.688388 -0.308118
vn 0.823269 -0.552485 -0.130343
vn 0.847636 -0.516593 -0.121017
vn 0.663801 -0.659381 -0.352966
vn 0.813080 -0.565615 -0.137771
vn 0.914937 -0.400728 0.048042
vn 0.923039 -0.372655 0.095539
vn 0.823269 -0.552485 -0.130343
vn 0.823269 -0.552485 -0.130343
vn 0.923039 -0.372655 0.095539
vn 0.930176 -0.327687 0.165509
vn 0.847636 -0.516593 -0.121017
vn 0.923039 -0.372655 0.095539
vn 0.916950 -0.106737 0.384460
vn 0.863152 -0.072816 0.499666
vn 0.930176 -0.327687 0.165509
vn 0.101567 0.766684 0.633940
vn 0.113340 0.893307 0.434920
vn 0.153306 0.887457 0.434645
vn 0.162151 0.732712 0.660939
vn 0.101567 0.766684 0.633940
vn 0.068580 0.768708 0.635913
vn 0.267040 0.787165 0.555932
vn 0.113340 0.893307 0.434920
vn 0.360891 -0.468299 0.806507
vn -0.863114 -0.232794 0.448152
vn -0.743318 -0.384636 0.547297
vn 0.235431 -0.593097 0.769940
vn -0.612435 0.758465 -0.222831
vn -0.332373 0.379680 -0.863349
vn -0.152143 0.370408 -0.916324
vn -0.548507 0.817667 -0.174818
vn -0.968832 -0.037310 -0.244893
vn -0.948629 0.291303 0.123476
vn -0.977886 0.168751 0.123536
vn -0.958391 -0.166363 -0.231969
vn -0.968832 -0.037310 -0.244893
vn -0.959733 0.087793 -0.266843
vn -0.927409 0.361973 0.094282
vn -0.948629 0.291303 0.123476
vn -0.959733 0.087793 -0.266843
vn -0.948287 0.165021 -0.271145
vn -0.904842 0.420749 0.065049
vn -0.927409 0.361973 0.094282
vn -0.989162 -0.040143 0.141231
vn -0.927051 -0.315312 -0.202867
vn -0.958391 -0.166363 -0.231969
vn -0.977886 0.168751 0.123536
vn -0.989162 -0.040143 0.141231
vn -0.977886 0.168751 0.123536
vn -0.798918 0.434362 0.416004
vn -0.824358 0.284141 0.489589
vn -0.927051 -0.315312 -0.202867
vn -0.804354 -0.461859 -0.373765
vn -0.827567 -0.374353 -0.418321
vn -0.958391 -0.166363 -0.231969
vn -0.104391 0.624442 0.774064
vn -0.087531 0.634318 0.768101
vn 0.265516 0.452559 0.851288
vn 0.254532 0.451644 0.855120
vn 0.265516 0.452559 0.851288
vn -0.087531 0.634318 0.768101
vn -0.046722 0.659155 0.750554
vn 0.302118 0.440156 0.845570
vn -0.123406 0.802737 -0.583424
vn -0.778874 0.620692 0.089988
vn -0.920846 0.353541 0.164473
vn -0.277855 0.831406 -0.481207
vn -0.804354 -0.461859 -0.373765
vn -0.701391 -0.620308 -0.351096
vn -0.578795 -0.672440 -0.461325
vn -0.582404 -0.633684 -0.509165
vn -0.804354 -0.461859 -0.373765
vn -0.582404 -0.633684 -0.509165
vn -0.582928 -0.592195 -0.556327
vn -0.827567 -0.374353 -0.418321
vn -0.701391 -0.620308 -0.351096
vn -0.592929 -0.651592 -0.473142
vn -0.608693 -0.609488 -0.507953
vn -0.578795 -0.672440 -0.461325
vn 0.567673 -0.241301 0.787097
vn 0.667795 -0.414410 0.618316
vn 0.295186 -0.467764 0.833104
vn 0.147416 -0.267273 0.952278
vn -0.622520 0.469364 0.626232
vn -0.824358 0.284141 0.489589
vn -0.798918 0.434362 0.416004
vn -0.619823 0.558198 0.551574
vn -0.315233 -0.758521 -0.570327
vn -0.357889 -0.774797 -0.521158
vn -0.072061 -0.855071 -0.513478
vn -0.055496 -0.823572 -0.564491
vn -0.315233 -0.758521 -0.570327
vn -0.582404 -0.633684 -0.509165
vn -0.578795 -0.672440 -0.461325
vn -0.357889 -0.774797 -0.521158
vn -0.315233 -0.758521 -0.570327
vn -0.303172 -0.734819 -0.606735
vn -0.582928 -0.592195 -0.556327
vn -0.582404 -0.633684 -0.509165
vn 0.246782 0.693744 0.676622
vn 0.267040 0.787165 0.555932
vn 0.068580 0.768708 0.635913
vn -0.066430 0.685726 0.724822
vn 0.168551 -0.931383 -0.322671
vn 0.386338 -0.894443 -0.225200
vn 0.441397 -0.840235 -0.314919
vn 0.200091 -0.892438 -0.404373
vn 0.167057 -0.906677 0.387336
vn 0.647173 -0.745093 0.161257
vn 0.571129 -0.614037 0.544767
vn 0.135430 -0.505131 0.852351
vn 0.483453 0.446657 0.752842
vn 0.391180 0.917763 0.068476
vn -0.882711 -0.278072 -0.378810
vn -0.766207 -0.141109 0.626910
vn -0.986960 0.143505 0.072916
vn 0.967203 0.025435 -0.252728
vn 0.530136 -0.122376 -0.839035
vn -0.631100 -0.055241 -0.773732
vn -0.986960 0.143505 0.072916
vn -0.673259 0.285674 0.681992
vn 0.527568 0.328255 0.783531
vn 0.967203 0.025435 -0.252728
vn -0.532374 0.480969 -0.696597
vn -0.783377 0.100683 -0.613337
vn -0.735669 0.117199 -0.667125
vn -0.512591 0.521169 -0.682374
vn -0.532374 0.480969 -0.696597
vn -0.521993 0.367911 -0.769523
vn -0.804152 0.065683 -0.590784
vn -0.783377 0.100683 -0.613337
vn -0.779820 0.025955 -0.625466
vn -0.804152 0.065683 -0.590784
vn -0.521993 0.367911 -0.769523
vn -0.399633 0.132553 -0.907041
vn -0.816861 0.498579 -0.290097
vn 0.362820 0.901734 -0.235027
vn 0.312659 -0.353806 -0.881513
vn -0.441021 0.044720 -0.896382
vn 0.362820 0.901734 -0.235027
vn 0.929252 -0.325105 0.175493
vn 0.812040 -0.493245 -0.311931
vn 0.312659 -0.353806 -0.881513
vn -0.126641 0.568189 0.813095
vn 0.362820 0.901734 -0.235027
vn -0.816861 0.498579 -0.290097
vn -0.682196 0.653968 0.327008
vn 0.633301 0.088664 0.768810
vn 0.929252 -0.325105 0.175493
vn 0.362820 0.901734 -0.235027
vn -0.126641 0.568189 0.813095
vn -0.665748 -0.669524 0.329419
vn 0.367161 0.519127 0.771816
vn 0.522450 0.669708 -0.527766
vn -0.544497 -0.547925 -0.635060
vn 0.774051 0.550176 -0.313292
vn -0.059047 -0.917110 -0.394237
vn -0.748976 -0.651478 -0.120877
vn -0.277944 0.947162 0.160098
vn -0.986028 0.004763 -0.166510
vn -0.329516 0.930956 0.157288
vn -0.219673 0.393262 -0.892798
vn -0.712979 0.214836 -0.667462
vn -0.416814 -0.273260 0.866946
vn -0.329516 0.930956 0.157288
vn -0.986028 0.004763 -0.166510
vn -0.843401 -0.214964 0.492408
vn 0.132794 -0.230779 0.963902
vn 0.236669 0.886304 0.398062
vn -0.329516 0.930956 0.157288
vn -0.416814 -0.273260 0.866946
vn -0.219673 0.393262 -0.892798
vn -0.329516 0.930956 0.157288
vn 0.236669 0.886304 0.398062
vn 0.390578 0.458085 -0.798503
vn 0.622959 -0.101765 0.775607
vn 0.952986 0.162999 0.255437
vn 0.236669 0.886304 0.398062
vn 0.132794 -0.230779 0.963902
vn 0.390578 0.458085 -0.798503
vn 0.236669 0.886304 0.398062
vn 0.952986 0.162999 0.255437
vn 0.835946 0.375240 -0.400487
vn -0.041169 0.838404 -0.543492
vn -0.512591 0.521169 -0.682374
vn -0.446935 0.445186 -0.775924
vn 0.011360 0.819239 -0.573339
vn 0.338386 0.884136 -0.322178
vn -0.041169 0.838404 -0.543492
vn 0.011360 0.819239 -0.573339
vn 0.394352 0.865173 -0.309776
vn -0.632547 -0.128539 -0.763781
vn -0.446935 0.445186 -0.775924
vn -0.512591 0.521169 -0.682374
vn -0.735669 0.117199 -0.667125
vn 0.643745 0.764726 -0.028047
vn 0.338386 0.884136 -0.322178
vn 0.394352 0.865173 -0.309776
vn 0.725746 0.687286 -0.030512
vn 0.850758 0.430422 0.301577
vn 0.643745 0.764726 -0.028047
vn 0.725746 0.687286 -0.030512
vn 0.935369 0.278318 0.218231
vn 0.845379 -0.061748 0.530587
vn 0.850758 0.430422 0.301577
vn 0.935369 0.278318 0.218231
vn 0.900247 -0.223436 0.373673
vn 0.631398 -0.512664 0.581818
vn 0.845379 -0.061748 0.530587
vn 0.900247 -0.223436 0.373673
vn 0.679420 -0.614188 0.401448
vn 0.309194 -0.818056 0.484957
vn 0.631398 -0.512664 0.581818
vn 0.679420 -0.614188 0.401448
vn 0.345196 -0.880048 0.326122
vn -0.053408 -0.944126 0.325228
vn 0.309194 -0.818056 0.484957
vn 0.345196 -0.880048 0.326122
vn 0.038765 -0.981785 0.185999
vn 0.038765 -0.981785 0.185999
vn -0.255075 -0.966162 -0.038311
vn -0.365777 -0.921696 0.129164
vn -0.053408 -0.944126 0.325228
vn -0.255075 -0.966162 -0.038311
vn -0.570074 -0.773248 -0.277675
vn -0.658253 -0.732862 -0.172095
vn -0.365777 -0.921696 0.129164
vn -0.570074 -0.773248 -0.277675
vn -0.699008 -0.482989 -0.527360
vn -0.799535 -0.315648 -0.510990
vn -0.658253 -0.732862 -0.172095
vn -0.735669 0.117199 -0.667125
vn -0.799535 -0.315648 -0.510990
vn -0.699008 -0.482989 -0.527360
vn -0.632547 -0.128539 -0.763781
vn -0.912703 -0.026561 0.407759
vn -0.919699 0.223307 0.322938
vn -0.801370 -0.518782 -0.297778
vn -0.778467 -0.601262 -0.180203
vn -0.429203 0.649347 0.627800
vn -0.431830 0.402434 0.807198
vn 0.197057 0.444515 0.873827
vn 0.190232 0.715078 0.672662
vn -0.919699 0.223307 0.322938
vn -0.916210 0.255535 0.308645
vn -0.767992 -0.464455 -0.440986
vn -0.801370 -0.518782 -0.297778
vn -0.437645 0.638052 0.633527
vn -0.429203 0.649347 0.627800
vn 0.190232 0.715078 0.672662
vn 0.174486 0.699592 0.692912
vn 0.190232 0.715078 0.672662
vn 0.197057 0.444515 0.873827
vn 0.702381 0.290702 0.649734
vn 0.680451 0.508355 0.527789
vn 0.456140 -0.722024 -0.520210
vn 0.450560 -0.782506 -0.429743
vn -0.174745 -0.868668 -0.463551
vn -0.173589 -0.790672 -0.587116
vn 0.450560 -0.782506 -0.429743
vn 0.456140 -0.722024 -0.520210
vn 0.987248 -0.159164 -0.002936
vn 0.955912 -0.272485 0.109474
vn 0.987248 -0.159164 -0.002936
vn 0.680451 0.508355 0.527789
vn 0.702381 0.290702 0.649734
vn 0.955912 -0.272485 0.109474
vn 0.680451 0.508355 0.527789
vn 0.987248 -0.159164 -0.002936
vn 0.977562 -0.177090 -0.114065
vn 0.682265 0.492572 0.540266
vn 0.987248 -0.159164 -0.002936
vn 0.456140 -0.722024 -0.520210
vn 0.453449 -0.634991 -0.625436
vn 0.977562 -0.177090 -0.114065
vn 0.977562 -0.177090 -0.114065
vn 0.453449 -0.634991 -0.625436
vn 0.480338 -0.514343 -0.710441
vn 0.973639 -0.176032 -0.145053
vn 0.682265 0.492572 0.540266
vn 0.977562 -0.177090 -0.114065
vn 0.973639 -0.176032 -0.145053
vn 0.670957 0.320388 0.668706
vn 0.174486 0.699592 0.692912
vn 0.190232 0.715078 0.672662
vn 0.680451 0.508355 0.527789
vn 0.682265 0.492572 0.540266
vn 0.150162 0.454326 0.878089
vn 0.174486 0.699592 0.692912
vn 0.682265 0.492572 0.540266
vn 0.670957 0.320388 0.668706
vn -0.431214 0.402891 0.807300
vn -0.437645 0.638052 0.633527
vn 0.174486 0.699592 0.692912
vn 0.150162 0.454326 0.878089
vn 0.157724 0.526966 0.835123
vn 0.150162 0.454326 0.878089
vn 0.670957 0.320388 0.668706
vn 0.688022 0.376994 0.620081
vn 0.670957 0.320388 0.668706
vn 0.973639 -0.176032 -0.145053
vn 0.974088 -0.203387 -0.098926
vn 0.688022 0.376994 0.620081
vn 0.150162 0.454326 0.878089
vn 0.157724 0.526966 0.835123
vn -0.440265 0.456427 0.773202
vn -0.431214 0.402891 0.807300
vn 0.688022 0.376994 0.620081
vn 0.974088 -0.203387 -0.098926
vn 0.960908 -0.276582 0.012542
vn 0.712950 0.522473 0.467680
vn 0.181988 0.749066 0.637009
vn 0.157724 0.526966 0.835123
vn 0.688022 0.376994 0.620081
vn 0.712950 0.522473 0.467680
vn -0.916210 0.255535 0.308645
vn -0.929509 0.141139 0.340723
vn -0.767256 -0.370534 -0.523472
vn -0.767992 -0.464455 -0.440986
vn -0.929509 0.141139 0.340723
vn -0.957882 0.094446 0.271186
vn -0.788070 -0.444182 -0.426202
vn -0.767256 -0.370534 -0.523472
vn -0.957882 0.094446 0.271186
vn -0.971024 0.067193 0.229341
vn -0.749957 -0.643808 -0.151906
vn -0.788070 -0.444182 -0.426202
vn -0.957882 0.094446 0.271186
vn -0.440265 0.456427 0.773202
vn -0.454765 0.652301 0.606376
vn -0.971024 0.067193 0.229341
vn -0.174745 -0.868668 -0.463551
vn -0.778467 -0.601262 -0.180203
vn -0.801370 -0.518782 -0.297778
vn -0.173589 -0.790672 -0.587116
vn -0.173589 -0.790672 -0.587116
vn -0.801370 -0.518782 -0.297778
vn -0.767992 -0.464455 -0.440986
vn -0.166985 -0.691052 -0.703252
vn -0.166985 -0.691052 -0.703252
vn -0.767992 -0.464455 -0.440986
vn -0.767256 -0.370534 -0.523472
vn -0.175210 -0.559804 -0.809889
vn -0.174745 -0.868668 -0.463551
vn 0.006364 -0.959530 0.281536
vn -0.912703 -0.026561 0.407759
vn -0.778467 -0.601262 -0.180203
vn 0.480338 -0.514343 -0.710441
vn 0.453449 -0.634991 -0.625436
vn -0.166985 -0.691052 -0.703252
vn -0.175210 -0.559804 -0.809889
vn 0.480338 -0.514343 -0.710441
vn 0.494370 -0.620823 -0.608422
vn 0.974088 -0.203387 -0.098926
vn 0.973639 -0.176032 -0.145053
vn 0.494370 -0.620823 -0.608422
vn 0.480338 -0.514343 -0.710441
vn -0.175210 -0.559804 -0.809889
vn -0.191087 -0.678572 -0.709243
vn 0.494370 -0.620823 -0.608422
vn 0.460733 -0.851619 -0.249942
vn 0.960908 -0.276582 0.012542
vn 0.974088 -0.203387 -0.098926
vn -0.187141 -0.931512 -0.311873
vn 0.460733 -0.851619 -0.249942
vn 0.494370 -0.620823 -0.608422
vn -0.191087 -0.678572 -0.709243
vn 0.456140 -0.722024 -0.520210
vn -0.173589 -0.790672 -0.587116
vn -0.166985 -0.691052 -0.703252
vn 0.453449 -0.634991 -0.625436
vn -0.175210 -0.559804 -0.809889
vn -0.767256 -0.370534 -0.523472
vn -0.788070 -0.444182 -0.426202
vn -0.191087 -0.678572 -0.709243
vn -0.191087 -0.678572 -0.709243
vn -0.788070 -0.444182 -0.426202
vn -0.749957 -0.643808 -0.151906
vn -0.187141 -0.931512 -0.311873
vn 0.178781 0.203369 -0.962641
vn 0.534306 0.268622 -0.801473
vn 0.485848 0.033478 -0.873402
vn 0.203382 -0.052486 -0.977692
vn 0.485848 0.033478 -0.873402
vn 0.421292 -0.071349 -0.904114
vn 0.212320 -0.280957 -0.935940
vn 0.203382 -0.052486 -0.977692
vn 0.191671 -0.044565 -0.980447
vn 0.203382 -0.052486 -0.977692
vn 0.212320 -0.280957 -0.935940
vn 0.389463 -0.563479 -0.728567
vn 0.803266 0.235189 -0.547221
vn 0.485848 0.033478 -0.873402
vn 0.534306 0.268622 -0.801473
vn 0.827390 0.371763 -0.420972
vn 0.803266 0.235189 -0.547221
vn 0.827390 0.371763 -0.420972
vn 0.942342 0.308427 0.129863
vn 0.915610 0.390484 0.095812
vn 0.815625 0.032582 0.577663
vn 0.663122 0.329257 0.672205
vn 0.915610 0.390484 0.095812
vn 0.942342 0.308427 0.129863
vn 0.529793 -0.282537 0.799683
vn 0.318797 0.135608 0.938072
vn 0.663122 0.329257 0.672205
vn 0.815625 0.032582 0.577663
vn 0.155626 -0.509968 0.845998
vn -0.023680 -0.118062 0.992724
vn 0.318797 0.135608 0.938072
vn 0.529793 -0.282537 0.799683
vn -0.023680 -0.118062 0.992724
vn 0.155626 -0.509968 0.845998
vn -0.159098 -0.601458 0.782903
vn -0.322558 -0.319945 0.890837
vn -0.651357 -0.567679 0.503462
vn -0.653923 -0.391010 0.647685
vn -0.322558 -0.319945 0.890837
vn -0.159098 -0.601458 0.782903
vn -0.935067 -0.353320 0.028531
vn -0.958168 -0.211235 0.193116
vn -0.653923 -0.391010 0.647685
vn -0.651357 -0.567679 0.503462
vn -0.958168 -0.211235 0.193116
vn -0.935067 -0.353320 0.028531
vn -0.927069 -0.101413 -0.360914
vn -0.960506 0.035826 -0.275943
vn -0.960506 0.035826 -0.275943
vn -0.927069 -0.101413 -0.360914
vn -0.779820 0.025955 -0.625466
vn -0.745522 0.090194 -0.660350
vn 0.178781 0.203369 -0.962641
vn 0.203382 -0.052486 -0.977692
vn -0.343264 0.029586 -0.938773
vn -0.399633 0.132553 -0.907041
vn -0.399633 0.132553 -0.907041
vn -0.343264 0.029586 -0.938773
vn -0.745522 0.090194 -0.660350
vn -0.779820 0.025955 -0.625466
vn 0.203382 -0.052486 -0.977692
vn 0.191671 -0.044565 -0.980447
vn -0.233308 0.282659 -0.930415
vn -0.343264 0.029586 -0.938773
vn -0.638841 0.500046 -0.584668
vn -0.745522 0.090194 -0.660350
vn -0.343264 0.029586 -0.938773
vn -0.233308 0.282659 -0.930415
vn -0.960506 0.035826 -0.275943
vn -0.745522 0.090194 -0.660350
vn -0.638841 0.500046 -0.584668
vn -0.900538 0.424711 -0.093014
vn -0.874346 0.035281 0.484019
vn -0.958168 -0.211235 0.193116
vn -0.960506 0.035826 -0.275943
vn -0.900538 0.424711 -0.093014
vn -0.958168 -0.211235 0.193116
vn -0.874346 0.035281 0.484019
vn -0.595818 -0.418687 0.685349
vn -0.653923 -0.391010 0.647685
vn -0.595818 -0.418687 0.685349
vn -0.531368 -0.280676 0.799293
vn -0.322558 -0.319945 0.890837
vn -0.653923 -0.391010 0.647685
vn 0.212320 -0.280957 -0.935940
vn -0.242411 -0.813225 -0.529058
vn 0.152739 -0.966340 -0.207019
vn 0.389463 -0.563479 -0.728567
vn -0.288425 -0.874771 0.389341
vn 0.152739 -0.966340 -0.207019
vn -0.242411 -0.813225 -0.529058
vn -0.652813 -0.711778 0.259246
vn -0.595818 -0.418687 0.685349
vn -0.288425 -0.874771 0.389341
vn -0.652813 -0.711778 0.259246
vn -0.531368 -0.280676 0.799293
vn -0.023680 -0.118062 0.992724
vn -0.322558 -0.319945 0.890837
vn -0.531368 -0.280676 0.799293
vn -0.223558 0.113271 0.968087
vn -0.023680 -0.118062 0.992724
vn -0.223558 0.113271 0.968087
vn 0.192620 0.384218 0.902925
vn 0.318797 0.135608 0.938072
vn 0.318797 0.135608 0.938072
vn 0.192620 0.384218 0.902925
vn 0.640794 0.495521 0.586381
vn 0.663122 0.329257 0.672205
vn 0.663122 0.329257 0.672205
vn 0.640794 0.495521 0.586381
vn 0.914023 0.396141 -0.087373
vn 0.915610 0.390484 0.095812
vn 0.729333 0.141025 -0.669466
vn 0.803266 0.235189 -0.547221
vn 0.915610 0.390484 0.095812
vn 0.914023 0.396141 -0.087373
vn 0.803266 0.235189 -0.547221
vn 0.729333 0.141025 -0.669466
vn 0.421292 -0.071349 -0.904114
vn 0.485848 0.033478 -0.873402
vn -0.031056 -0.356286 -0.933861
vn -0.543261 -0.584036 -0.603133
vn -0.242411 -0.813225 -0.529058
vn 0.212320 -0.280957 -0.935940
vn -0.652813 -0.711778 0.259246
vn -0.242411 -0.813225 -0.529058
vn -0.543261 -0.584036 -0.603133
vn -0.820601 -0.564431 0.089618
vn 0.367982 -0.096539 -0.924808
vn -0.031056 -0.356286 -0.933861
vn 0.212320 -0.280957 -0.935940
vn 0.421292 -0.071349 -0.904114
vn 0.367982 -0.096539 -0.924808
vn 0.421292 -0.071349 -0.904114
vn 0.729333 0.141025 -0.669466
vn 0.678997 0.110080 -0.725842
vn 0.914023 0.396141 -0.087373
vn 0.925324 0.297221 -0.235446
vn 0.678997 0.110080 -0.725842
vn 0.729333 0.141025 -0.669466
vn 0.925324 0.297221 -0.235446
vn 0.914023 0.396141 -0.087373
vn 0.640794 0.495521 0.586381
vn 0.781919 0.386955 0.488741
vn 0.781919 0.386955 0.488741
vn 0.640794 0.495521 0.586381
vn 0.192620 0.384218 0.902925
vn 0.293563 0.298304 0.908205
vn -0.223558 0.113271 0.968087
vn -0.243279 0.085353 0.966194
vn 0.293563 0.298304 0.908205
vn 0.192620 0.384218 0.902925
vn -0.243279 0.085353 0.966194
vn -0.223558 0.113271 0.968087
vn -0.531368 -0.280676 0.799293
vn -0.658075 -0.229758 0.717042
vn -0.820601 -0.564431 0.089618
vn -0.658075 -0.229758 0.717042
vn -0.531368 -0.280676 0.799293
vn -0.652813 -0.711778 0.259246
vn -0.543261 -0.584036 -0.603133
vn -0.031056 -0.356286 -0.933861
vn -0.193292 -0.225352 -0.954911
vn -0.659430 -0.446496 -0.604809
vn -0.820601 -0.564431 0.089618
vn -0.543261 -0.584036 -0.603133
vn -0.659430 -0.446496 -0.604809
vn -0.871094 -0.490450 0.025578
vn -0.031056 -0.356286 -0.933861
vn 0.367982 -0.096539 -0.924808
vn 0.263504 0.015055 -0.964541
vn -0.193292 -0.225352 -0.954911
vn 0.367982 -0.096539 -0.924808
vn 0.678997 0.110080 -0.725842
vn 0.656878 0.155560 -0.737775
vn 0.263504 0.015055 -0.964541
vn 0.678997 0.110080 -0.725842
vn 0.925324 0.297221 -0.235446
vn 0.943864 0.202393 -0.261072
vn 0.656878 0.155560 -0.737775
vn 0.925324 0.297221 -0.235446
vn 0.781919 0.386955 0.488741
vn 0.890327 0.167769 0.423286
vn 0.943864 0.202393 -0.261072
vn 0.781919 0.386955 0.488741
vn 0.293563 0.298304 0.908205
vn 0.451894 0.050288 0.890653
vn 0.890327 0.167769 0.423286
vn 0.293563 0.298304 0.908205
vn -0.243279 0.085353 0.966194
vn -0.151680 -0.119630 0.981164
vn 0.451894 0.050288 0.890653
vn -0.151680 -0.119630 0.981164
vn -0.243279 0.085353 0.966194
vn -0.658075 -0.229758 0.717042
vn -0.679628 -0.323112 0.658562
vn -0.658075 -0.229758 0.717042
vn -0.820601 -0.564431 0.089618
vn -0.871094 -0.490450 0.025578
vn -0.679628 -0.323112 0.658562
vn -0.659430 -0.446496 -0.604809
vn -0.193292 -0.225352 -0.954911
vn -0.351356 0.022880 -0.935962
vn -0.777282 -0.208851 -0.593477
vn -0.871094 -0.490450 0.025578
vn -0.659430 -0.446496 -0.604809
vn -0.777282 -0.208851 -0.593477
vn -0.930226 -0.366929 -0.006518
vn -0.193292 -0.225352 -0.954911
vn 0.263504 0.015055 -0.964541
vn 0.150892 0.207783 -0.966467
vn -0.351356 0.022880 -0.935962
vn 0.263504 0.015055 -0.964541
vn 0.656878 0.155560 -0.737775
vn 0.640281 0.252480 -0.725461
vn 0.150892 0.207783 -0.966467
vn 0.656878 0.155560 -0.737775
vn 0.943864 0.202393 -0.261072
vn 0.962254 0.135491 -0.236027
vn 0.640281 0.252480 -0.725461
vn 0.943864 0.202393 -0.261072
vn 0.890327 0.167769 0.423286
vn 0.929834 -0.054727 0.363887
vn 0.962254 0.135491 -0.236027
vn -0.045168 -0.381073 0.923441
vn -0.151680 -0.119630 0.981164
vn -0.679628 -0.323112 0.658562
vn -0.661011 -0.429111 0.615572
vn -0.679628 -0.323112 0.658562
vn -0.871094 -0.490450 0.025578
vn -0.930226 -0.366929 -0.006518
vn -0.661011 -0.429111 0.615572
vn 0.557568 -0.233690 0.796559
vn 0.451894 0.050288 0.890653
vn -0.151680 -0.119630 0.981164
vn -0.045168 -0.381073 0.923441
vn 0.929834 -0.054727 0.363887
vn 0.890327 0.167769 0.423286
vn 0.451894 0.050288 0.890653
vn 0.557568 -0.233690 0.796559
vn -0.777282 -0.208851 -0.593477
vn -0.351356 0.022880 -0.935962
vn -0.440326 0.306061 -0.844062
vn -0.841008 0.051796 -0.538537
vn -0.930226 -0.366929 -0.006518
vn -0.777282 -0.208851 -0.593477
vn -0.841008 0.051796 -0.538537
vn -0.968522 -0.248307 -0.017577
vn -0.351356 0.022880 -0.935962
vn 0.150892 0.207783 -0.966467
vn 0.067928 0.434722 -0.897999
vn -0.440326 0.306061 -0.844062
vn 0.150892 0.207783 -0.966467
vn 0.640281 0.252480 -0.725461
vn 0.637011 0.369347 -0.676609
vn 0.067928 0.434722 -0.897999
vn 0.640281 0.252480 -0.725461
vn 0.962254 0.135491 -0.236027
vn 0.974729 0.099511 -0.200003
vn 0.637011 0.369347 -0.676609
vn 0.962254 0.135491 -0.236027
vn 0.929834 -0.054727 0.363887
vn 0.928394 -0.206400 0.309005
vn 0.974729 0.099511 -0.200003
vn 0.035445 -0.588884 0.807440
vn -0.045168 -0.381073 0.923441
vn -0.661011 -0.429111 0.615572
vn -0.613197 -0.535355 0.580848
vn -0.661011 -0.429111 0.615572
vn -0.930226 -0.366929 -0.006518
vn -0.968522 -0.248307 -0.017577
vn -0.613197 -0.535355 0.580848
vn 0.557568 -0.233690 0.796559
vn -0.045168 -0.381073 0.923441
vn 0.035445 -0.588884 0.807440
vn 0.605799 -0.439592 0.663149
vn 0.929834 -0.054727 0.363887
vn 0.557568 -0.233690 0.796559
vn 0.605799 -0.439592 0.663149
vn 0.928394 -0.206400 0.309005
vn -0.841008 0.051796 -0.538537
vn -0.440326 0.306061 -0.844062
vn -0.489685 0.576157 -0.654410
vn -0.868773 0.269404 -0.415518
vn -0.968522 -0.248307 -0.017577
vn -0.841008 0.051796 -0.538537
vn -0.868773 0.269404 -0.415518
vn -0.983362 -0.181649 -0.001488
vn -0.440326 0.306061 -0.844062
vn 0.067928 0.434722 -0.897999
vn 0.028285 0.681153 -0.731595
vn -0.489685 0.576157 -0.654410
vn 0.067928 0.434722 -0.897999
vn 0.637011 0.369347 -0.676609
vn 0.677467 0.474084 -0.562390
vn 0.028285 0.681153 -0.731595
vn 0.637011 0.369347 -0.676609
vn 0.974729 0.099511 -0.200003
vn 0.986759 0.047017 -0.155228
vn 0.677467 0.474084 -0.562390
vn 0.974729 0.099511 -0.200003
vn 0.928394 -0.206400 0.309005
vn 0.911454 -0.329842 0.245877
vn 0.986759 0.047017 -0.155228
vn 0.072493 -0.749468 0.658060
vn 0.035445 -0.588884 0.807440
vn -0.613197 -0.535355 0.580848
vn -0.557517 -0.654892 0.510188
vn -0.613197 -0.535355 0.580848
vn -0.968522 -0.248307 -0.017577
vn -0.983362 -0.181649 -0.001488
vn -0.557517 -0.654892 0.510188
vn 0.605799 -0.439592 0.663149
vn 0.035445 -0.588884 0.807440
vn 0.072493 -0.749468 0.658060
vn 0.608604 -0.594781 0.525201
vn 0.928394 -0.206400 0.309005
vn 0.605799 -0.439592 0.663149
vn 0.608604 -0.594781 0.525201
vn 0.911454 -0.329842 0.245877
vn -0.868773 0.269404 -0.415518
vn -0.489685 0.576157 -0.654410
vn -0.523237 0.671462 -0.524749
vn -0.875239 0.342376 -0.341664
vn -0.983362 -0.181649 -0.001488
vn -0.868773 0.269404 -0.415518
vn -0.875239 0.342376 -0.341664
vn -0.986748 -0.160329 -0.024948
vn -0.489685 0.576157 -0.654410
vn 0.028285 0.681153 -0.731595
vn -0.055365 0.796522 -0.602069
vn -0.523237 0.671462 -0.524749
vn 0.028285 0.681153 -0.731595
vn 0.677467 0.474084 -0.562390
vn 0.619941 0.594921 -0.511607
vn -0.055365 0.796522 -0.602069
vn 0.677467 0.474084 -0.562390
vn 0.986759 0.047017 -0.155228
vn 0.981187 0.075554 -0.177663
vn 0.619941 0.594921 -0.511607
vn 0.986759 0.047017 -0.155228
vn 0.911454 -0.329842 0.245877
vn 0.906685 -0.381369 0.180222
vn 0.981187 0.075554 -0.177663
vn 0.058351 -0.843865 0.533373
vn 0.072493 -0.749468 0.658060
vn -0.557517 -0.654892 0.510188
vn -0.565537 -0.719654 0.402823
vn -0.557517 -0.654892 0.510188
vn -0.983362 -0.181649 -0.001488
vn -0.986748 -0.160329 -0.024948
vn -0.565537 -0.719654 0.402823
vn 0.608604 -0.594781 0.525201
vn 0.072493 -0.749468 0.658060
vn 0.058351 -0.843865 0.533373
vn 0.593122 -0.684430 0.423984
vn 0.911454 -0.329842 0.245877
vn 0.608604 -0.594781 0.525201
vn 0.593122 -0.684430 0.423984
vn 0.906685 -0.381369 0.180222
vn -0.875239 0.342376 -0.341664
vn -0.523237 0.671462 -0.524749
vn -0.581658 0.711153 -0.394887
vn -0.901597 0.345706 -0.260019
vn -0.986748 -0.160329 -0.024948
vn -0.875239 0.342376 -0.341664
vn -0.901597 0.345706 -0.260019
vn -0.982170 -0.184326 -0.036948
vn -0.523237 0.671462 -0.524749
vn -0.055365 0.796522 -0.602069
vn -0.104952 0.879298 -0.464565
vn -0.581658 0.711153 -0.394887
vn -0.055365 0.796522 -0.602069
vn 0.619941 0.594921 -0.511607
vn 0.579046 0.695443 -0.425517
vn -0.104952 0.879298 -0.464565
vn 0.619941 0.594921 -0.511607
vn 0.981187 0.075554 -0.177663
vn 0.973750 0.134204 -0.183848
vn 0.579046 0.695443 -0.425517
vn 0.981187 0.075554 -0.177663
vn 0.906685 -0.381369 0.180222
vn 0.916208 -0.389163 0.095474
vn 0.973750 0.134204 -0.183848
vn 0.008858 -0.926646 0.375831
vn 0.058351 -0.843865 0.533373
vn -0.565537 -0.719654 0.402823
vn -0.584847 -0.767161 0.263472
vn -0.565537 -0.719654 0.402823
vn -0.986748 -0.160329 -0.024948
vn -0.982170 -0.184326 -0.036948
vn -0.584847 -0.767161 0.263472
vn 0.593122 -0.684430 0.423984
vn 0.058351 -0.843865 0.533373
vn 0.008858 -0.926646 0.375831
vn 0.573343 -0.762094 0.300817
vn 0.906685 -0.381369 0.180222
vn 0.593122 -0.684430 0.423984
vn 0.573343 -0.762094 0.300817
vn 0.916208 -0.389163 0.095474
vn -0.901597 0.345706 -0.260019
vn -0.581658 0.711153 -0.394887
vn -0.683167 0.668203 -0.294596
vn -0.952596 0.228512 -0.200856
vn -0.982170 -0.184326 -0.036948
vn -0.901597 0.345706 -0.260019
vn -0.952596 0.228512 -0.200856
vn -0.950018 -0.307158 -0.055861
vn -0.581658 0.711153 -0.394887
vn -0.104952 0.879298 -0.464565
vn -0.212387 0.913273 -0.347598
vn -0.683167 0.668203 -0.294596
vn -0.104952 0.879298 -0.464565
vn 0.579046 0.695443 -0.425517
vn 0.482906 0.815404 -0.319246
vn -0.212387 0.913273 -0.347598
vn 0.579046 0.695443 -0.425517
vn 0.973750 0.134204 -0.183848
vn 0.961843 0.199804 -0.186912
vn 0.482906 0.815404 -0.319246
vn 0.973750 0.134204 -0.183848
vn 0.916208 -0.389163 0.095474
vn 0.927705 -0.373313 -0.000470
vn 0.961843 0.199804 -0.186912
vn -0.023114 -0.977601 0.209195
vn 0.008858 -0.926646 0.375831
vn -0.584847 -0.767161 0.263472
vn -0.567139 -0.813218 0.130499
vn -0.584847 -0.767161 0.263472
vn -0.982170 -0.184326 -0.036948
vn -0.950018 -0.307158 -0.055861
vn -0.567139 -0.813218 0.130499
vn 0.573343 -0.762094 0.300817
vn 0.008858 -0.926646 0.375831
vn -0.023114 -0.977601 0.209195
vn 0.575565 -0.801580 0.161846
vn 0.916208 -0.389163 0.095474
vn 0.573343 -0.762094 0.300817
vn 0.575565 -0.801580 0.161846
vn 0.927705 -0.373313 -0.000470
vn -0.952596 0.228512 -0.200856
vn -0.683167 0.668203 -0.294596
vn -0.769837 0.542555 -0.336133
vn -0.975130 0.055287 -0.214625
vn -0.950018 -0.307158 -0.055861
vn -0.952596 0.228512 -0.200856
vn -0.975130 0.055287 -0.214625
vn -0.861035 -0.504051 -0.067465
vn -0.683167 0.668203 -0.294596
vn -0.212387 0.913273 -0.347598
vn -0.301023 0.861011 -0.409932
vn -0.769837 0.542555 -0.336133
vn -0.212387 0.913273 -0.347598
vn 0.482906 0.815404 -0.319246
vn 0.396359 0.836571 -0.378219
vn -0.301023 0.861011 -0.409932
vn 0.482906 0.815404 -0.319246
vn 0.961843 0.199804 -0.186912
vn 0.914477 0.365348 -0.173934
vn 0.396359 0.836571 -0.378219
vn 0.961843 0.199804 -0.186912
vn 0.927705 -0.373313 -0.000470
vn 0.955125 -0.295303 -0.023093
vn 0.914477 0.365348 -0.173934
vn -0.567139 -0.813218 0.130499
vn -0.950018 -0.307158 -0.055861
vn -0.861035 -0.504051 -0.067465
vn -0.494694 -0.867717 0.048430
vn 0.927705 -0.373313 -0.000470
vn 0.575565 -0.801580 0.161846
vn 0.681026 -0.730019 0.057244
vn 0.955125 -0.295303 -0.023093
vn 0.026311 -0.995985 0.085564
vn -0.023114 -0.977601 0.209195
vn -0.567139 -0.813218 0.130499
vn -0.494694 -0.867717 0.048430
vn -0.023114 -0.977601 0.209195
vn 0.026311 -0.995985 0.085564
vn 0.681026 -0.730019 0.057244
vn 0.575565 -0.801580 0.161846
vn 0.026311 -0.995985 0.085564
vn 0.224775 -0.473717 -0.851510
vn 0.955125 -0.295303 -0.023093
vn 0.681026 -0.730019 0.057244
vn 0.224775 -0.473717 -0.851510
vn 0.396359 0.836571 -0.378219
vn 0.914477 0.365348 -0.173934
vn 0.955125 -0.295303 -0.023093
vn 0.224775 -0.473717 -0.851510
vn -0.769837 0.542555 -0.336133
vn -0.301023 0.861011 -0.409932
vn 0.396359 0.836571 -0.378219
vn -0.975130 0.055287 -0.214625
vn -0.769837 0.542555 -0.336133
vn 0.224775 -0.473717 -0.851510
vn -0.861035 -0.504051 -0.067465
vn -0.861035 -0.504051 -0.067465
vn 0.224775 -0.473717 -0.851510
vn 0.026311 -0.995985 0.085564
vn -0.494694 -0.867717 0.048430
vn -0.900538 0.424711 -0.093014
vn -0.724991 0.679504 0.112528
vn -0.788034 0.086629 0.609507
vn -0.874346 0.035281 0.484019
vn -0.512163 -0.467138 0.720743
vn -0.595818 -0.418687 0.685349
vn -0.874346 0.035281 0.484019
vn -0.788034 0.086629 0.609507
vn -0.595818 -0.418687 0.685349
vn -0.512163 -0.467138 0.720743
vn -0.066307 -0.856452 0.511951
vn -0.288425 -0.874771 0.389341
vn -0.066307 -0.856452 0.511951
vn 0.335305 -0.931837 0.138746
vn 0.152739 -0.966340 -0.207019
vn -0.288425 -0.874771 0.389341
vn 0.335305 -0.931837 0.138746
vn 0.639978 -0.657119 -0.398276
vn 0.389463 -0.563479 -0.728567
vn 0.152739 -0.966340 -0.207019
vn 0.172455 0.609910 -0.773479
vn -0.233308 0.282659 -0.930415
vn 0.191671 -0.044565 -0.980447
vn 0.609419 -0.045845 -0.791522
vn 0.609419 -0.045845 -0.791522
vn 0.191671 -0.044565 -0.980447
vn 0.389463 -0.563479 -0.728567
vn 0.639978 -0.657119 -0.398276
vn -0.724991 0.679504 0.112528
vn -0.900538 0.424711 -0.093014
vn -0.638841 0.500046 -0.584668
vn -0.383696 0.856062 -0.346317
vn -0.383696 0.856062 -0.346317
vn -0.638841 0.500046 -0.584668
vn -0.233308 0.282659 -0.930415
vn 0.172455 0.609910 -0.773479
vn -0.788034 0.086629 0.609507
vn -0.724991 0.679504 0.112528
vn -0.682427 0.701188 0.206467
vn -0.658772 0.098101 0.745920
vn -0.512163 -0.467138 0.720743
vn -0.788034 0.086629 0.609507
vn -0.658772 0.098101 0.745920
vn -0.385763 -0.372206 0.844185
vn -0.066307 -0.856452 0.511951
vn -0.512163 -0.467138 0.720743
vn -0.385763 -0.372206 0.844185
vn 0.115156 -0.791903 0.599690
vn 0.335305 -0.931837 0.138746
vn -0.066307 -0.856452 0.511951
vn 0.115156 -0.791903 0.599690
vn 0.462636 -0.879350 0.112750
vn 0.639978 -0.657119 -0.398276
vn 0.335305 -0.931837 0.138746
vn 0.462636 -0.879350 0.112750
vn 0.598619 -0.683662 -0.417445
vn 0.172455 0.609910 -0.773479
vn 0.609419 -0.045845 -0.791522
vn 0.478404 -0.124846 -0.869220
vn 0.083606 0.513326 -0.854111
vn 0.609419 -0.045845 -0.791522
vn 0.639978 -0.657119 -0.398276
vn 0.598619 -0.683662 -0.417445
vn 0.478404 -0.124846 -0.869220
vn -0.682427 0.701188 0.206467
vn -0.724991 0.679504 0.112528
vn -0.383696 0.856062 -0.346317
vn -0.451044 0.834972 -0.315247
vn -0.383696 0.856062 -0.346317
vn 0.172455 0.609910 -0.773479
vn 0.083606 0.513326 -0.854111
vn -0.451044 0.834972 -0.315247
vn -0.658772 0.098101 0.745920
vn -0.682427 0.701188 0.206467
vn -0.624689 0.708940 0.327365
vn -0.428019 0.229825 0.874060
vn -0.385763 -0.372206 0.844185
vn -0.658772 0.098101 0.745920
vn -0.428019 0.229825 0.874060
vn -0.171957 -0.205150 0.963506
vn 0.115156 -0.791903 0.599690
vn -0.385763 -0.372206 0.844185
vn -0.171957 -0.205150 0.963506
vn 0.229415 -0.733382 0.639937
vn 0.462636 -0.879350 0.112750
vn 0.115156 -0.791903 0.599690
vn 0.229415 -0.733382 0.639937
vn 0.473323 -0.876166 0.091088
vn 0.598619 -0.683662 -0.417445
vn 0.462636 -0.879350 0.112750
vn 0.473323 -0.876166 0.091088
vn 0.523399 -0.709014 -0.472601
vn 0.083606 0.513326 -0.854111
vn 0.478404 -0.124846 -0.869220
vn 0.333582 -0.204997 -0.920163
vn -0.053839 0.423736 -0.904184
vn 0.478404 -0.124846 -0.869220
vn 0.598619 -0.683662 -0.417445
vn 0.523399 -0.709014 -0.472601
vn 0.333582 -0.204997 -0.920163
vn -0.624689 0.708940 0.327365
vn -0.682427 0.701188 0.206467
vn -0.451044 0.834972 -0.315247
vn -0.519439 0.813136 -0.262666
vn -0.451044 0.834972 -0.315247
vn 0.083606 0.513326 -0.854111
vn -0.053839 0.423736 -0.904184
vn -0.519439 0.813136 -0.262666
vn -0.428019 0.229825 0.874060
vn -0.624689 0.708940 0.327365
vn -0.413843 0.867436 0.276202
vn -0.286234 0.453897 0.843829
vn -0.171957 -0.205150 0.963506
vn -0.428019 0.229825 0.874060
vn -0.286234 0.453897 0.843829
vn -0.054333 -0.276884 0.959366
vn 0.229415 -0.733382 0.639937
vn -0.171957 -0.205150 0.963506
vn -0.054333 -0.276884 0.959366
vn 0.230306 -0.824415 0.517009
vn 0.473323 -0.876166 0.091088
vn 0.229415 -0.733382 0.639937
vn 0.230306 -0.824415 0.517009
vn 0.364036 -0.929879 -0.052940
vn 0.523399 -0.709014 -0.472601
vn 0.473323 -0.876166 0.091088
vn 0.364036 -0.929879 -0.052940
vn 0.350717 -0.719208 -0.599781
vn -0.053839 0.423736 -0.904184
vn 0.333582 -0.204997 -0.920163
vn 0.162318 -0.205880 -0.965021
vn -0.107193 0.396185 -0.911892
vn 0.333582 -0.204997 -0.920163
vn 0.523399 -0.709014 -0.472601
vn 0.350717 -0.719208 -0.599781
vn 0.162318 -0.205880 -0.965021
vn -0.413843 0.867436 0.276202
vn -0.624689 0.708940 0.327365
vn -0.519439 0.813136 -0.262666
vn -0.409190 0.896042 -0.172256
vn -0.519439 0.813136 -0.262666
vn -0.053839 0.423736 -0.904184
vn -0.107193 0.396185 -0.911892
vn -0.409190 0.896042 -0.172256
vn -0.286234 0.453897 0.843829
vn -0.413843 0.867436 0.276202
vn -0.299959 0.927666 0.222397
vn -0.487616 0.409648 0.770986
vn -0.054333 -0.276884 0.959366
vn -0.286234 0.453897 0.843829
vn -0.487616 0.409648 0.770986
vn -0.363875 -0.507810 0.780848
vn 0.230306 -0.824415 0.517009
vn -0.054333 -0.276884 0.959366
vn -0.363875 -0.507810 0.780848
vn -0.044670 -0.941291 0.334627
vn 0.364036 -0.929879 -0.052940
vn 0.230306 -0.824415 0.517009
vn -0.044670 -0.941291 0.334627
vn 0.155925 -0.970332 -0.184780
vn 0.350717 -0.719208 -0.599781
vn 0.364036 -0.929879 -0.052940
vn 0.155925 -0.970332 -0.184780
vn 0.286929 -0.687878 -0.666705
vn -0.107193 0.396185 -0.911892
vn 0.162318 -0.205880 -0.965021
vn 0.303911 -0.137559 -0.942717
vn 0.185660 0.389464 -0.902135
vn 0.162318 -0.205880 -0.965021
vn 0.350717 -0.719208 -0.599781
vn 0.286929 -0.687878 -0.666705
vn 0.303911 -0.137559 -0.942717
vn -0.299959 0.927666 0.222397
vn -0.413843 0.867436 0.276202
vn -0.409190 0.896042 -0.172256
vn -0.162699 0.973906 -0.158229
vn -0.409190 0.896042 -0.172256
vn -0.107193 0.396185 -0.911892
vn 0.185660 0.389464 -0.902135
vn -0.162699 0.973906 -0.158229
vn -0.487616 0.409648 0.770986
vn -0.299959 0.927666 0.222397
vn -0.212523 0.943825 0.253038
vn -0.636728 0.423152 0.644608
vn -0.363875 -0.507810 0.780848
vn -0.487616 0.409648 0.770986
vn -0.636728 0.423152 0.644608
vn -0.616097 -0.555420 0.558510
vn -0.044670 -0.941291 0.334627
vn -0.363875 -0.507810 0.780848
vn -0.616097 -0.555420 0.558510
vn -0.303502 -0.942269 0.141475
vn 0.155925 -0.970332 -0.184780
vn -0.044670 -0.941291 0.334627
vn -0.303502 -0.942269 0.141475
vn -0.017908 -0.964426 -0.263744
vn 0.286929 -0.687878 -0.666705
vn 0.155925 -0.970332 -0.184780
vn -0.017908 -0.964426 -0.263744
vn 0.276077 -0.671698 -0.687461
vn 0.185660 0.389464 -0.902135
vn 0.303911 -0.137559 -0.942717
vn 0.516826 -0.136217 -0.845184
vn 0.568765 0.410054 -0.712995
vn 0.303911 -0.137559 -0.942717
vn 0.286929 -0.687878 -0.666705
vn 0.276077 -0.671698 -0.687461
vn 0.516826 -0.136217 -0.845184
vn -0.212523 0.943825 0.253038
vn -0.299959 0.927666 0.222397
vn -0.162699 0.973906 -0.158229
vn 0.136526 0.989145 -0.054335
vn -0.162699 0.973906 -0.158229
vn 0.185660 0.389464 -0.902135
vn 0.568765 0.410054 -0.712995
vn 0.136526 0.989145 -0.054335
vn -0.636728 0.423152 0.644608
vn -0.212523 0.943825 0.253038
vn -0.204774 0.974791 0.088604
vn -0.732712 0.574628 0.364604
vn -0.616097 -0.555420 0.558510
vn -0.636728 0.423152 0.644608
vn -0.732712 0.574628 0.364604
vn -0.712652 -0.591152 0.377711
vn -0.303502 -0.942269 0.141475
vn -0.616097 -0.555420 0.558510
vn -0.712652 -0.591152 0.377711
vn -0.396358 -0.914022 0.086393
vn -0.017908 -0.964426 -0.263744
vn -0.303502 -0.942269 0.141475
vn -0.396358 -0.914022 0.086393
vn -0.012764 -0.973195 -0.229628
vn 0.276077 -0.671698 -0.687461
vn -0.017908 -0.964426 -0.263744
vn -0.012764 -0.973195 -0.229628
vn 0.542702 -0.688802 -0.480652
vn 0.568765 0.410054 -0.712995
vn 0.516826 -0.136217 -0.845184
vn 0.763269 -0.245801 -0.597497
vn 0.210493 0.744717 -0.633316
vn 0.516826 -0.136217 -0.845184
vn 0.276077 -0.671698 -0.687461
vn 0.542702 -0.688802 -0.480652
vn 0.763269 -0.245801 -0.597497
vn -0.204774 0.974791 0.088604
vn -0.212523 0.943825 0.253038
vn 0.136526 0.989145 -0.054335
vn -0.013367 0.989403 -0.144581
vn 0.136526 0.989145 -0.054335
vn 0.568765 0.410054 -0.712995
vn 0.210493 0.744717 -0.633316
vn -0.013367 0.989403 -0.144581
vn -0.204774 0.974791 0.088604
vn -0.013367 0.989403 -0.144581
vn 0.210493 0.744717 -0.633316
vn -0.692849 0.576132 -0.433628
vn -0.732712 0.574628 0.364604
vn 0.542702 -0.688802 -0.480652
vn -0.692849 0.576132 -0.433628
vn 0.210493 0.744717 -0.633316
vn 0.763269 -0.245801 -0.597497
vn -0.732712 0.574628 0.364604
vn -0.692849 0.576132 -0.433628
vn -0.396358 -0.914022 0.086393
vn -0.712652 -0.591152 0.377711
vn -0.396358 -0.914022 0.086393
vn -0.692849 0.576132 -0.433628
vn 0.542702 -0.688802 -0.480652
vn -0.012764 -0.973195 -0.229628
vn 0.272775 0.956346 -0.104863
vn -0.610177 -0.121914 -0.782829
vn -0.541064 -0.387920 -0.746169
vn 0.556684 0.523041 -0.645392
vn 0.408177 -0.090493 -0.908406
vn 0.556684 0.523041 -0.645392
vn -0.541064 -0.387920 -0.746169
vn -0.187456 -0.468275 -0.863469
vn 0.434145 -0.425886 -0.793813
vn 0.408177 -0.090493 -0.908406
vn -0.187456 -0.468275 -0.863469
vn -0.430421 -0.779446 -0.455193
vn -0.430421 -0.779446 -0.455193
vn -0.213604 -0.905936 -0.365587
vn 0.336810 -0.796754 -0.501739
vn 0.434145 -0.425886 -0.793813
vn 0.109428 -0.971334 -0.211034
vn 0.336810 -0.796754 -0.501739
vn -0.213604 -0.905936 -0.365587
vn -0.296061 -0.839354 -0.455886
vn 0.109428 -0.971334 -0.211034
vn -0.296061 -0.839354 -0.455886
vn -0.391790 -0.825233 -0.406806
vn -0.338951 -0.938569 0.064807
vn -0.444088 -0.781032 -0.439061
vn -0.672878 -0.734668 -0.086588
vn -0.338951 -0.938569 0.064807
vn -0.391790 -0.825233 -0.406806
vn -0.672878 -0.734668 -0.086588
vn -0.444088 -0.781032 -0.439061
vn -0.639148 -0.544928 -0.542719
vn -0.897865 -0.379097 -0.223884
vn -0.430657 0.898540 0.084615
vn -0.791628 0.284889 -0.540521
vn -0.610177 -0.121914 -0.782829
vn 0.272775 0.956346 -0.104863
vn -0.672878 -0.734668 -0.086588
vn -0.897865 -0.379097 -0.223884
vn -0.959246 -0.229742 0.164515
vn -0.718665 -0.544372 0.432643
vn -0.212342 -0.850380 0.481419
vn -0.338951 -0.938569 0.064807
vn -0.672878 -0.734668 -0.086588
vn -0.718665 -0.544372 0.432643
vn 0.482038 -0.871456 0.090575
vn 0.109428 -0.971334 -0.211034
vn -0.338951 -0.938569 0.064807
vn -0.212342 -0.850380 0.481419
vn 0.482038 -0.871456 0.090575
vn 0.730062 -0.565180 -0.384163
vn 0.336810 -0.796754 -0.501739
vn 0.109428 -0.971334 -0.211034
vn 0.717389 -0.255921 -0.647964
vn 0.434145 -0.425886 -0.793813
vn 0.336810 -0.796754 -0.501739
vn 0.730062 -0.565180 -0.384163
vn 0.408177 -0.090493 -0.908406
vn 0.434145 -0.425886 -0.793813
vn 0.717389 -0.255921 -0.647964
vn 0.720468 0.093088 -0.687212
vn 0.556684 0.523041 -0.645392
vn 0.408177 -0.090493 -0.908406
vn 0.720468 0.093088 -0.687212
vn 0.664849 0.598829 -0.446519
vn -0.959246 -0.229742 0.164515
vn -0.897865 -0.379097 -0.223884
vn -0.954613 0.239187 -0.177492
vn -0.920815 0.382063 0.078280
vn -0.897865 -0.379097 -0.223884
vn -0.639148 -0.544928 -0.542719
vn -0.902219 0.110625 -0.416848
vn -0.954613 0.239187 -0.177492
vn -0.954613 0.239187 -0.177492
vn -0.902219 0.110625 -0.416848
vn -0.857569 0.482278 -0.178841
vn -0.901136 0.333741 -0.276714
vn 0.108414 0.966287 -0.233531
vn 0.272775 0.956346 -0.104863
vn 0.556684 0.523041 -0.645392
vn 0.664849 0.598829 -0.446519
vn -0.494934 0.868344 -0.031934
vn -0.430657 0.898540 0.084615
vn 0.272775 0.956346 -0.104863
vn 0.108414 0.966287 -0.233531
vn -0.920815 0.382063 0.078280
vn -0.954613 0.239187 -0.177492
vn -0.430657 0.898540 0.084615
vn -0.494934 0.868344 -0.031934
vn -0.430657 0.898540 0.084615
vn -0.954613 0.239187 -0.177492
vn -0.901136 0.333741 -0.276714
vn -0.791628 0.284889 -0.540521
vn -0.874499 -0.390478 0.287711
vn -0.718665 -0.544372 0.432643
vn -0.959246 -0.229742 0.164515
vn -0.934451 -0.095910 0.342932
vn -0.212342 -0.850380 0.481419
vn -0.718665 -0.544372 0.432643
vn -0.874499 -0.390478 0.287711
vn -0.636088 -0.769866 0.051946
vn 0.482038 -0.871456 0.090575
vn -0.212342 -0.850380 0.481419
vn -0.636088 -0.769866 0.051946
vn 0.182296 -0.873797 -0.450829
vn 0.730062 -0.565180 -0.384163
vn 0.482038 -0.871456 0.090575
vn 0.182296 -0.873797 -0.450829
vn 0.650557 -0.398902 -0.646260
vn 0.717389 -0.255921 -0.647964
vn 0.730062 -0.565180 -0.384163
vn 0.650557 -0.398902 -0.646260
vn 0.761195 -0.141605 -0.632875
vn 0.720468 0.093088 -0.687212
vn 0.717389 -0.255921 -0.647964
vn 0.761195 -0.141605 -0.632875
vn 0.780613 0.252347 -0.571808
vn 0.664849 0.598829 -0.446519
vn 0.720468 0.093088 -0.687212
vn 0.780613 0.252347 -0.571808
vn 0.553451 0.644074 -0.528073
vn -0.959246 -0.229742 0.164515
vn -0.920815 0.382063 0.078280
vn -0.878993 0.402855 0.255107
vn -0.934451 -0.095910 0.342932
vn 0.108414 0.966287 -0.233531
vn 0.664849 0.598829 -0.446519
vn 0.553451 0.644074 -0.528073
vn -0.084250 0.968916 -0.232602
vn -0.494934 0.868344 -0.031934
vn 0.108414 0.966287 -0.233531
vn -0.084250 0.968916 -0.232602
vn -0.563690 0.825981 -0.002933
vn -0.920815 0.382063 0.078280
vn -0.494934 0.868344 -0.031934
vn -0.563690 0.825981 -0.002933
vn -0.878993 0.402855 0.255107
vn -0.809515 -0.551304 0.201867
vn -0.874499 -0.390478 0.287711
vn -0.934451 -0.095910 0.342932
vn -0.852750 -0.174493 0.492311
vn -0.636088 -0.769866 0.051946
vn -0.874499 -0.390478 0.287711
vn -0.809515 -0.551304 0.201867
vn -0.468343 -0.883197 0.024869
vn 0.182296 -0.873797 -0.450829
vn -0.636088 -0.769866 0.051946
vn -0.468343 -0.883197 0.024869
vn 0.096763 -0.897721 -0.429807
vn 0.650557 -0.398902 -0.646260
vn 0.182296 -0.873797 -0.450829
vn 0.096763 -0.897721 -0.429807
vn 0.537517 -0.573435 -0.618263
vn 0.761195 -0.141605 -0.632875
vn 0.650557 -0.398902 -0.646260
vn 0.537517 -0.573435 -0.618263
vn 0.743516 -0.215348 -0.633095
vn 0.780613 0.252347 -0.571808
vn 0.761195 -0.141605 -0.632875
vn 0.743516 -0.215348 -0.633095
vn 0.732446 0.029882 -0.680169
vn 0.553451 0.644074 -0.528073
vn 0.780613 0.252347 -0.571808
vn 0.732446 0.029882 -0.680169
vn 0.370294 0.561011 -0.740371
vn -0.934451 -0.095910 0.342932
vn -0.878993 0.402855 0.255107
vn -0.838791 0.385197 0.384775
vn -0.852750 -0.174493 0.492311
vn -0.084250 0.968916 -0.232602
vn 0.553451 0.644074 -0.528073
vn 0.370294 0.561011 -0.740371
vn -0.281868 0.861936 -0.421446
vn -0.563690 0.825981 -0.002933
vn -0.084250 0.968916 -0.232602
vn -0.281868 0.861936 -0.421446
vn -0.587220 0.805363 -0.081009
vn -0.878993 0.402855 0.255107
vn -0.563690 0.825981 -0.002933
vn -0.587220 0.805363 -0.081009
vn -0.838791 0.385197 0.384775
vn -0.852235 -0.259977 0.453991
vn -0.711708 -0.675524 0.192714
vn -0.809515 -0.551304 0.201867
vn -0.852750 -0.174493 0.492311
vn -0.468343 -0.883197 0.024869
vn -0.809515 -0.551304 0.201867
vn -0.711708 -0.675524 0.192714
vn -0.506939 -0.807869 -0.300601
vn 0.096763 -0.897721 -0.429807
vn -0.468343 -0.883197 0.024869
vn -0.506939 -0.807869 -0.300601
vn -0.253488 -0.825886 -0.503642
vn 0.537517 -0.573435 -0.618263
vn 0.096763 -0.897721 -0.429807
vn -0.253488 -0.825886 -0.503642
vn 0.471446 -0.582877 -0.661811
vn 0.743516 -0.215348 -0.633095
vn 0.537517 -0.573435 -0.618263
vn 0.471446 -0.582877 -0.661811
vn 0.828819 -0.192322 -0.525425
vn 0.732446 0.029882 -0.680169
vn 0.743516 -0.215348 -0.633095
vn 0.828819 -0.192322 -0.525425
vn 0.746656 0.234436 -0.622531
vn 0.370294 0.561011 -0.740371
vn 0.732446 0.029882 -0.680169
vn 0.746656 0.234436 -0.622531
vn 0.332188 0.618234 -0.712347
vn -0.852750 -0.174493 0.492311
vn -0.838791 0.385197 0.384775
vn -0.906515 0.385270 0.172618
vn -0.852235 -0.259977 0.453991
vn -0.281868 0.861936 -0.421446
vn 0.370294 0.561011 -0.740371
vn 0.332188 0.618234 -0.712347
vn -0.243944 0.792191 -0.559397
vn -0.587220 0.805363 -0.081009
vn -0.281868 0.861936 -0.421446
vn -0.243944 0.792191 -0.559397
vn -0.561435 0.772309 -0.297204
vn -0.838791 0.385197 0.384775
vn -0.587220 0.805363 -0.081009
vn -0.561435 0.772309 -0.297204
vn -0.906515 0.385270 0.172618
vn -0.200457 -0.356791 0.912424
vn -0.391831 -0.671257 0.629192
vn -0.804893 -0.346332 0.481873
vn -0.738804 -0.235280 0.631515
vn 0.106313 -0.801819 0.588034
vn -0.391831 -0.671257 0.629192
vn -0.200457 -0.356791 0.912424
vn 0.302799 -0.374597 0.876351
vn 0.618247 -0.707354 0.342668
vn 0.106313 -0.801819 0.588034
vn 0.302799 -0.374597 0.876351
vn 0.700469 -0.346744 0.623788
vn 0.950279 -0.306787 -0.053403
vn 0.618247 -0.707354 0.342668
vn 0.700469 -0.346744 0.623788
vn 0.978137 -0.206443 0.025070
vn 0.948546 -0.048353 -0.312926
vn 0.950279 -0.306787 -0.053403
vn 0.978137 -0.206443 0.025070
vn 0.883066 -0.054581 -0.466063
vn 0.704094 0.292927 -0.646874
vn 0.948546 -0.048353 -0.312926
vn 0.883066 -0.054581 -0.466063
vn 0.509870 0.115554 -0.852455
vn 0.211181 0.579064 -0.787456
vn 0.704094 0.292927 -0.646874
vn 0.509870 0.115554 -0.852455
vn 0.029029 0.270079 -0.962400
vn -0.804893 -0.346332 0.481873
vn -0.956770 0.282611 -0.068723
vn -0.963728 0.147799 -0.222225
vn -0.738804 -0.235280 0.631515
vn -0.237325 0.674574 -0.699019
vn 0.211181 0.579064 -0.787456
vn 0.029029 0.270079 -0.962400
vn -0.326346 0.335487 -0.883712
vn -0.558553 0.636049 -0.532409
vn -0.237325 0.674574 -0.699019
vn -0.326346 0.335487 -0.883712
vn -0.603533 0.344929 -0.718869
vn -0.956770 0.282611 -0.068723
vn -0.558553 0.636049 -0.532409
vn -0.603533 0.344929 -0.718869
vn -0.963728 0.147799 -0.222225
vn -0.178747 -0.320576 0.930204
vn -0.200457 -0.356791 0.912424
vn -0.738804 -0.235280 0.631515
vn -0.689854 -0.150746 0.708080
vn 0.302799 -0.374597 0.876351
vn -0.200457 -0.356791 0.912424
vn -0.178747 -0.320576 0.930204
vn 0.276236 -0.379737 0.882889
vn 0.700469 -0.346744 0.623788
vn 0.302799 -0.374597 0.876351
vn 0.276236 -0.379737 0.882889
vn 0.711542 -0.334301 0.618022
vn 0.978137 -0.206443 0.025070
vn 0.700469 -0.346744 0.623788
vn 0.711542 -0.334301 0.618022
vn 0.989756 -0.113553 -0.086540
vn 0.883066 -0.054581 -0.466063
vn 0.978137 -0.206443 0.025070
vn 0.989756 -0.113553 -0.086540
vn 0.772570 0.058999 -0.632182
vn 0.509870 0.115554 -0.852455
vn 0.883066 -0.054581 -0.466063
vn 0.772570 0.058999 -0.632182
vn 0.409146 0.162359 -0.897908
vn 0.029029 0.270079 -0.962400
vn 0.509870 0.115554 -0.852455
vn 0.409146 0.162359 -0.897908
vn -0.005852 0.237870 -0.971279
vn -0.738804 -0.235280 0.631515
vn -0.963728 0.147799 -0.222225
vn -0.975136 0.156020 -0.157377
vn -0.689854 -0.150746 0.708080
vn -0.326346 0.335487 -0.883712
vn 0.029029 0.270079 -0.962400
vn -0.005852 0.237870 -0.971279
vn -0.292704 0.271682 -0.916795
vn -0.603533 0.344929 -0.718869
vn -0.326346 0.335487 -0.883712
vn -0.292704 0.271682 -0.916795
vn -0.617195 0.270094 -0.739000
vn -0.963728 0.147799 -0.222225
vn -0.603533 0.344929 -0.718869
vn -0.617195 0.270094 -0.739000
vn -0.975136 0.156020 -0.157377
vn -0.209805 -0.543555 0.812730
vn -0.178747 -0.320576 0.930204
vn -0.689854 -0.150746 0.708080
vn -0.701801 -0.306203 0.643207
vn 0.276236 -0.379737 0.882889
vn -0.178747 -0.320576 0.930204
vn -0.209805 -0.543555 0.812730
vn 0.243600 -0.610024 0.754009
vn 0.711542 -0.334301 0.618022
vn 0.276236 -0.379737 0.882889
vn 0.243600 -0.610024 0.754009
vn 0.719753 -0.511341 0.469559
vn 0.989756 -0.113553 -0.086540
vn 0.711542 -0.334301 0.618022
vn 0.719753 -0.511341 0.469559
vn 0.972890 -0.114489 -0.200940
vn 0.772570 0.058999 -0.632182
vn 0.989756 -0.113553 -0.086540
vn 0.972890 -0.114489 -0.200940
vn 0.731370 0.223892 -0.644182
vn 0.409146 0.162359 -0.897908
vn 0.772570 0.058999 -0.632182
vn 0.731370 0.223892 -0.644182
vn 0.432600 0.364004 -0.824838
vn -0.005852 0.237870 -0.971279
vn 0.409146 0.162359 -0.897908
vn 0.432600 0.364004 -0.824838
vn 0.072275 0.472683 -0.878264
vn -0.689854 -0.150746 0.708080
vn -0.975136 0.156020 -0.157377
vn -0.975464 0.203725 -0.083461
vn -0.701801 -0.306203 0.643207
vn -0.292704 0.271682 -0.916795
vn -0.005852 0.237870 -0.971279
vn 0.072275 0.472683 -0.878264
vn -0.198633 0.505765 -0.839492
vn -0.617195 0.270094 -0.739000
vn -0.292704 0.271682 -0.916795
vn -0.198633 0.505765 -0.839492
vn -0.587880 0.475390 -0.654524
vn -0.975136 0.156020 -0.157377
vn -0.617195 0.270094 -0.739000
vn -0.587880 0.475390 -0.654524
vn -0.975464 0.203725 -0.083461
vn -0.215799 -0.870026 0.443268
vn -0.209805 -0.543555 0.812730
vn -0.701801 -0.306203 0.643207
vn -0.711064 -0.606923 0.355011
vn 0.243600 -0.610024 0.754009
vn -0.209805 -0.543555 0.812730
vn -0.215799 -0.870026 0.443268
vn 0.257748 -0.887271 0.382512
vn 0.719753 -0.511341 0.469559
vn 0.243600 -0.610024 0.754009
vn 0.257748 -0.887271 0.382512
vn 0.788265 -0.598542 0.142779
vn 0.972890 -0.114489 -0.200940
vn 0.719753 -0.511341 0.469559
vn 0.788265 -0.598542 0.142779
vn 0.972879 0.062524 -0.222705
vn 0.731370 0.223892 -0.644182
vn 0.972890 -0.114489 -0.200940
vn 0.972879 0.062524 -0.222705
vn 0.740430 0.536424 -0.404985
vn 0.432600 0.364004 -0.824838
vn 0.731370 0.223892 -0.644182
vn 0.740430 0.536424 -0.404985
vn 0.430104 0.769949 -0.471369
vn 0.072275 0.472683 -0.878264
vn 0.432600 0.364004 -0.824838
vn 0.430104 0.769949 -0.471369
vn 0.165814 0.859174 -0.484073
vn -0.701801 -0.306203 0.643207
vn -0.975464 0.203725 -0.083461
vn -0.983730 0.173372 -0.047094
vn -0.711064 -0.606923 0.355011
vn -0.198633 0.505765 -0.839492
vn 0.072275 0.472683 -0.878264
vn 0.165814 0.859174 -0.484073
vn -0.136680 0.873035 -0.468112
vn -0.587880 0.475390 -0.654524
vn -0.198633 0.505765 -0.839492
vn -0.136680 0.873035 -0.468112
vn -0.581246 0.726622 -0.366297
vn -0.975464 0.203725 -0.083461
vn -0.587880 0.475390 -0.654524
vn -0.581246 0.726622 -0.366297
vn -0.983730 0.173372 -0.047094
vn -0.174828 -0.943466 0.281615
vn -0.215799 -0.870026 0.443268
vn -0.711064 -0.606923 0.355011
vn -0.637000 -0.750962 0.174033
vn 0.257748 -0.887271 0.382512
vn -0.215799 -0.870026 0.443268
vn -0.174828 -0.943466 0.281615
vn 0.304045 -0.909943 0.282065
vn 0.788265 -0.598542 0.142779
vn 0.257748 -0.887271 0.382512
vn 0.304045 -0.909943 0.282065
vn 0.802673 -0.570035 0.175434
vn 0.972879 0.062524 -0.222705
vn 0.788265 -0.598542 0.142779
vn 0.802673 -0.570035 0.175434
vn 0.999570 -0.014072 0.025748
vn 0.740430 0.536424 -0.404985
vn 0.972879 0.062524 -0.222705
vn 0.999570 -0.014072 0.025748
vn 0.770752 0.623095 -0.133020
vn 0.430104 0.769949 -0.471369
vn 0.740430 0.536424 -0.404985
vn 0.770752 0.623095 -0.133020
vn 0.377926 0.888863 -0.259025
vn 0.165814 0.859174 -0.484073
vn 0.430104 0.769949 -0.471369
vn 0.377926 0.888863 -0.259025
vn 0.056782 0.942328 -0.329840
vn -0.711064 -0.606923 0.355011
vn -0.983730 0.173372 -0.047094
vn -0.990580 -0.021040 -0.135308
vn -0.637000 -0.750962 0.174033
vn -0.136680 0.873035 -0.468112
vn 0.165814 0.859174 -0.484073
vn 0.056782 0.942328 -0.329840
vn -0.274724 0.889239 -0.365762
vn -0.581246 0.726622 -0.366297
vn -0.136680 0.873035 -0.468112
vn -0.274724 0.889239 -0.365762
vn -0.691569 0.641409 -0.332156
vn -0.983730 0.173372 -0.047094
vn -0.581246 0.726622 -0.366297
vn -0.691569 0.641409 -0.332156
vn -0.990580 -0.021040 -0.135308
vn -0.074767 -0.982624 0.169885
vn -0.174828 -0.943466 0.281615
vn -0.637000 -0.750962 0.174033
vn -0.514040 -0.857614 0.016187
vn 0.304045 -0.909943 0.282065
vn -0.174828 -0.943466 0.281615
vn -0.074767 -0.982624 0.169885
vn 0.391154 -0.880587 0.267518
vn 0.802673 -0.570035 0.175434
vn 0.304045 -0.909943 0.282065
vn 0.391154 -0.880587 0.267518
vn 0.730888 -0.613706 0.298611
vn 0.999570 -0.014072 0.025748
vn 0.802673 -0.570035 0.175434
vn 0.730888 -0.613706 0.298611
vn 0.952819 -0.164005 0.255419
vn 0.770752 0.623095 -0.133020
vn 0.999570 -0.014072 0.025748
vn 0.952819 -0.164005 0.255419
vn 0.759344 0.649550 -0.038501
vn 0.377926 0.888863 -0.259025
vn 0.770752 0.623095 -0.133020
vn 0.759344 0.649550 -0.038501
vn 0.344256 0.915414 -0.208579
vn 0.056782 0.942328 -0.329840
vn 0.377926 0.888863 -0.259025
vn 0.344256 0.915414 -0.208579
vn -0.037203 0.949025 -0.312997
vn -0.637000 -0.750962 0.174033
vn -0.990580 -0.021040 -0.135308
vn -0.951430 -0.162359 -0.261573
vn -0.514040 -0.857614 0.016187
vn -0.274724 0.889239 -0.365762
vn 0.056782 0.942328 -0.329840
vn -0.037203 0.949025 -0.312997
vn -0.377299 0.847741 -0.372800
vn -0.691569 0.641409 -0.332156
vn -0.274724 0.889239 -0.365762
vn -0.377299 0.847741 -0.372800
vn -0.721777 0.573604 -0.387320
vn -0.990580 -0.021040 -0.135308
vn -0.691569 0.641409 -0.332156
vn -0.721777 0.573604 -0.387320
vn -0.951430 -0.162359 -0.261573
vn -0.804893 -0.346332 0.481873
vn -0.391831 -0.671257 0.629192
vn -0.711708 -0.675524 0.192714
vn -0.852235 -0.259977 0.453991
vn -0.506939 -0.807869 -0.300601
vn -0.711708 -0.675524 0.192714
vn -0.391831 -0.671257 0.629192
vn 0.106313 -0.801819 0.588034
vn -0.253488 -0.825886 -0.503642
vn -0.506939 -0.807869 -0.300601
vn 0.106313 -0.801819 0.588034
vn 0.618247 -0.707354 0.342668
vn 0.471446 -0.582877 -0.661811
vn -0.253488 -0.825886 -0.503642
vn 0.618247 -0.707354 0.342668
vn 0.950279 -0.306787 -0.053403
vn 0.828819 -0.192322 -0.525425
vn 0.471446 -0.582877 -0.661811
vn 0.950279 -0.306787 -0.053403
vn 0.948546 -0.048353 -0.312926
vn 0.746656 0.234436 -0.622531
vn 0.828819 -0.192322 -0.525425
vn 0.948546 -0.048353 -0.312926
vn 0.704094 0.292927 -0.646874
vn 0.332188 0.618234 -0.712347
vn 0.746656 0.234436 -0.622531
vn 0.704094 0.292927 -0.646874
vn 0.211181 0.579064 -0.787456
vn -0.243944 0.792191 -0.559397
vn 0.332188 0.618234 -0.712347
vn 0.211181 0.579064 -0.787456
vn -0.237325 0.674574 -0.699019
vn -0.561435 0.772309 -0.297204
vn -0.243944 0.792191 -0.559397
vn -0.237325 0.674574 -0.699019
vn -0.558553 0.636049 -0.532409
vn -0.906515 0.385270 0.172618
vn -0.561435 0.772309 -0.297204
vn -0.558553 0.636049 -0.532409
vn -0.956770 0.282611 -0.068723
vn -0.852235 -0.259977 0.453991
vn -0.906515 0.385270 0.172618
vn -0.956770 0.282611 -0.068723
vn -0.804893 -0.346332 0.481873
vn 0.490406 0.450574 -0.745979
vn -0.074767 -0.982624 0.169885
vn -0.514040 -0.857614 0.016187
vn 0.759344 0.649550 -0.038501
vn 0.490406 0.450574 -0.745979
vn -0.037203 0.949025 -0.312997
vn 0.344256 0.915414 -0.208579
vn 0.730888 -0.613706 0.298611
vn 0.490406 0.450574 -0.745979
vn 0.759344 0.649550 -0.038501
vn 0.952819 -0.164005 0.255419
vn -0.074767 -0.982624 0.169885
vn 0.490406 0.450574 -0.745979
vn 0.730888 -0.613706 0.298611
vn 0.391154 -0.880587 0.267518
vn 0.490406 0.450574 -0.745979
vn -0.721777 0.573604 -0.387320
vn -0.377299 0.847741 -0.372800
vn -0.037203 0.949025 -0.312997
vn 0.490406 0.450574 -0.745979
vn -0.514040 -0.857614 0.016187
vn -0.951430 -0.162359 -0.261573
vn -0.721777 0.573604 -0.387320
vn -0.431214 0.402891 0.807300
vn -0.440265 0.456427 0.773202
vn -0.957882 0.094446 0.271186
vn -0.929509 0.141139 0.340723
vn -0.929509 0.141139 0.340723
vn -0.916210 0.255535 0.308645
vn -0.437645 0.638052 0.633527
vn -0.431214 0.402891 0.807300
vn -0.916210 0.255535 0.308645
vn -0.919699 0.223307 0.322938
vn -0.429203 0.649347 0.627800
vn -0.437645 0.638052 0.633527
vn -0.912703 -0.026561 0.407759
vn -0.431830 0.402434 0.807198
vn -0.429203 0.649347 0.627800
vn -0.919699 0.223307 0.322938
vn -0.454765 0.652301 0.606376
vn -0.440265 0.456427 0.773202
vn 0.157724 0.526966 0.835123
vn 0.181988 0.749066 0.637009
vn 0.974515 -0.195719 0.109610
vn 0.690685 0.667352 0.278560
vn 0.712950 0.522473 0.467680
vn 0.960908 -0.276582 0.012542
vn 0.460733 -0.851619 -0.249942
vn 0.458178 -0.887648 -0.046409
vn 0.974515 -0.195719 0.109610
vn 0.960908 -0.276582 0.012542
vn 0.458178 -0.887648 -0.046409
vn 0.460733 -0.851619 -0.249942
vn -0.187141 -0.931512 -0.311873
vn -0.145452 -0.987714 -0.057133
vn -0.187141 -0.931512 -0.311873
vn -0.749957 -0.643808 -0.151906
vn -0.737316 -0.671509 0.073763
vn -0.145452 -0.987714 -0.057133
vn -0.749957 -0.643808 -0.151906
vn -0.971024 0.067193 0.229341
vn -0.951675 0.219544 0.214745
vn -0.737316 -0.671509 0.073763
vn -0.459366 0.826488 0.325423
vn -0.951675 0.219544 0.214745
vn -0.971024 0.067193 0.229341
vn -0.454765 0.652301 0.606376
vn 0.164743 0.926611 0.338013
vn -0.459366 0.826488 0.325423
vn -0.454765 0.652301 0.606376
vn 0.181988 0.749066 0.637009
vn 0.181988 0.749066 0.637009
vn 0.712950 0.522473 0.467680
vn 0.690685 0.667352 0.278560
vn 0.164743 0.926611 0.338013
vn -0.431830 0.402434 0.807198
vn -0.912703 -0.026561 0.407759
vn 0.006364 -0.959530 0.281536
vn 0.197057 0.444515 0.873827
vn 0.197057 0.444515 0.873827
vn 0.006364 -0.959530 0.281536
vn 0.955912 -0.272485 0.109474
vn 0.702381 0.290702 0.649734
vn 0.955912 -0.272485 0.109474
vn 0.006364 -0.959530 0.281536
vn -0.174745 -0.868668 -0.463551
vn 0.450560 -0.782506 -0.429743
vn 0.119368 -0.969002 0.216300
vn 0.392186 -0.916397 -0.080045
vn 0.726994 -0.679980 -0.095430
vn 0.182903 -0.978525 0.095049
vn 0.419415 -0.850190 0.318227
vn 0.469051 -0.824635 0.316179
vn 0.141490 -0.743302 0.653821
vn -0.423479 -0.554559 0.716331
vn -0.443949 -0.615998 0.650735
vn 0.392186 -0.916397 -0.080045
vn 0.706720 -0.707336 -0.014943
vn 0.726994 -0.679980 -0.095430
vn 0.718613 0.504623 0.478487
vn 0.241534 0.966170 -0.090424
vn 0.561936 0.827118 -0.010212
vn -0.787943 -0.487533 -0.376109
vn -0.729085 -0.288848 -0.620486
vn -0.698992 -0.255606 -0.667889
vn -0.446872 -0.592393 -0.670355
vn -0.609804 -0.656510 -0.443997
vn 0.608882 -0.792654 -0.031013
vn 0.676893 -0.734450 -0.048984
vn 0.597230 -0.773399 0.212533
vn 0.594118 -0.774727 0.216385
s off
g polySurface1
usemtl standardSurface2SG
f 5/75/1 6/2/2 2/3/3 1/60/4
f 6/2/5 7/5/6 3/6/7 2/3/8
f 7/5/9 8/85/10 4/86/11 3/6/12
f 9/74/13 10/10/14 6/2/15 5/75/16
f 10/10/17 11/11/18 7/5/19 6/2/20
f 11/11/21 12/84/22 8/85/23 7/5/24
f 13/67/25 14/14/26 10/10/27 9/74/28
f 14/14/29 15/15/30 11/11/31 10/10/32
f 15/15/33 16/16/34 12/84/35 11/11/36
f 21/82/37 22/18/38 18/66/39 17/63/40
f 22/18/41 23/21/42 19/65/43 18/66/44
f 23/21/45 24/72/46 20/73/47 19/65/48
f 25/81/49 26/26/50 22/18/51 21/82/52
f 26/26/53 27/27/54 23/21/55 22/18/56
f 27/27/57 28/71/58 24/72/59 23/21/60
f 29/80/61 30/30/62 26/26/63 25/81/64
f 30/30/65 31/31/66 27/27/67 26/26/68
f 31/31/69 32/32/70 28/71/71 27/27/72
f 33/79/73 34/34/74 30/30/75 29/80/76
f 34/34/77 35/35/78 31/31/79 30/30/80
f 35/35/81 36/69/82 32/32/83 31/31/84
f 37/77/85 38/38/86 34/34/87 33/79/88
f 38/38/89 39/39/90 35/35/91 34/34/92
f 39/39/93 40/68/94 36/69/95 35/35/96
f 16/16/97 15/15/98 38/38/99 37/77/100
f 15/15/101 14/14/102 39/39/103 38/38/104
f 14/14/105 13/67/106 40/68/107 39/39/108
f 41/62/109 42/42/110 19/22/111 20/64/112
f 42/42/113 43/43/114 18/19/115 19/22/116
f 43/43/117 44/61/118 17/20/119 18/19/120
f 45/59/121 46/46/122 42/42/123 41/62/124
f 46/46/125 47/47/126 43/43/127 42/42/128
f 47/47/129 48/58/130 44/61/131 43/43/132
f 1/4/133 2/3/134 46/46/135 45/59/136
f 2/3/137 3/6/138 47/47/139 46/46/140
f 3/6/141 4/57/142 48/58/143 47/47/144
f 24/23/145 49/49/146 41/41/147 20/24/148
f 49/49/149 50/50/150 45/45/151 41/41/152
f 50/50/153 5/1/154 1/76/155 45/45/156
f 28/28/157 51/51/158 49/49/159 24/23/160
f 51/51/161 52/52/162 50/50/163 49/49/164
f 52/52/165 9/9/166 5/1/167 50/50/168
f 32/70/169 36/36/170 51/51/171 28/28/172
f 36/36/173 40/40/174 52/52/175 51/51/176
f 40/40/177 13/13/178 9/9/179 52/52/180
f 8/7/181 53/53/182 48/48/183 4/8/184
f 53/53/185 54/54/186 44/44/187 48/48/188
f 54/54/189 21/17/190 17/83/191 44/44/192
f 12/12/193 55/55/194 53/53/195 8/7/196
f 55/55/197 56/56/198 54/54/199 53/53/200
f 56/56/201 25/25/202 21/17/203 54/54/204
f 16/78/205 37/37/206 55/55/207 12/12/208
f 37/37/209 33/33/210 56/56/211 55/55/212
f 33/33/213 29/29/214 25/25/215 56/56/216
f 61/87/217 62/88/218 58/89/219 57/90/220
f 62/88/221 63/91/222 59/92/223 58/89/224
f 63/91/225 64/93/226 60/94/227 59/92/228
f 66/95/229 67/96/230 62/88/231 61/87/232
f 67/96/233 68/97/234 63/91/235 62/88/236
f 68/97/237 69/98/238 64/93/239 63/91/240
f 69/98/241 70/99/242 65/100/243 64/93/244
f 71/101/245 72/102/246 67/96/247 66/95/248
f 72/102/249 73/103/250 68/97/251 67/96/252
f 73/103/253 74/104/254 69/98/255 68/97/256
f 75/105/257 76/106/258 72/102/259 71/101/260
f 76/106/261 77/107/262 73/103/263 72/102/264
f 77/107/265 78/108/266 74/104/267 73/103/268
f 83/109/269 84/110/270 80/111/271 79/112/272
f 84/110/273 85/113/274 81/114/275 80/111/276
f 85/113/277 86/115/278 82/116/279 81/114/280
f 87/117/281 88/118/282 84/110/283 83/109/284
f 88/118/285 89/119/286 85/113/287 84/110/288
f 89/119/289 90/120/290 86/115/291 85/113/292
f 91/121/293 92/122/294 88/118/295 87/117/296
f 92/122/297 93/123/298 89/119/299 88/118/300
f 93/123/301 94/124/302 90/120/303 89/119/304
f 95/125/305 96/126/306 92/122/307 91/121/308
f 96/126/309 97/127/310 93/123/311 92/122/312
f 97/127/313 98/128/314 94/124/315 93/123/316
f 99/129/317 100/130/318 96/131/319 95/132/320
f 100/130/321 101/133/322 97/134/323 96/131/324
f 101/133/325 102/135/326 98/136/327 97/134/328
f 103/137/329 104/138/330 100/130/331 99/129/332
f 104/138/333 105/139/334 101/133/335 100/130/336
f 105/139/337 106/140/338 102/135/339 101/133/340
f 107/141/341 108/142/342 104/138/343 103/137/344
f 108/142/345 109/143/346 105/139/347 104/138/348
f 109/143/349 110/144/350 106/140/351 105/139/352
f 78/108/353 77/107/354 108/142/355 107/141/356
f 77/107/357 76/106/358 109/143/359 108/142/360
f 76/106/361 75/105/362 110/144/363 109/143/364
f 111/145/365 112/146/366 81/147/367 82/148/368
f 112/146/369 113/149/370 80/150/371 81/147/372
f 113/149/373 114/151/374 79/152/375 80/150/376
f 116/153/377 117/154/378 112/146/379 111/145/380
f 117/154/381 118/155/382 113/149/383 112/146/384
f 118/155/385 119/156/386 114/151/387 113/149/388
f 119/156/389 120/157/390 115/158/391 114/151/392
f 121/159/393 122/160/394 117/154/395 116/153/396
f 122/160/397 123/161/398 118/155/399 117/154/400
f 123/161/401 124/162/402 119/156/403 118/155/404
f 124/162/405 125/163/406 120/157/407 119/156/408
f 57/164/409 58/165/410 122/160/411 121/159/412
f 58/165/413 59/166/414 123/161/415 122/160/416
f 59/166/417 60/167/418 124/162/419 123/161/420
f 86/115/421 126/168/422 111/169/423 82/116/424
f 126/168/425 127/170/426 116/171/427 111/169/428
f 127/170/429 128/172/430 121/173/431 116/171/432
f 128/172/433 61/174/434 57/175/435 121/173/436
f 90/120/437 129/176/438 126/168/439 86/115/440
f 129/176/441 130/177/442 127/170/443 126/168/444
f 130/177/445 131/178/446 128/172/447 127/170/448
f 131/178/449 66/179/450 61/174/451 128/172/452
f 94/124/453 132/180/454 129/176/455 90/120/456
f 132/180/457 133/181/458 130/177/459 129/176/460
f 133/181/461 134/182/462 131/178/463 130/177/464
f 134/182/465 71/183/466 66/179/467 131/178/468
f 98/128/469 102/184/470 132/180/471 94/124/472
f 102/184/473 106/185/474 133/181/475 132/180/476
f 106/185/477 110/186/478 134/182/479 133/181/480
f 110/186/481 75/187/482 71/183/483 134/182/484
f 140/188/485 141/189/486 136/190/487 135/191/488
f 141/189/489 142/192/490 137/193/491 136/190/492
f 142/192/493 143/194/494 138/195/495 137/193/496
f 143/194/497 144/196/498 139/197/499 138/195/500
f 145/198/501 146/199/502 141/189/503 140/188/504
f 146/199/505 147/200/506 142/192/507 141/189/508
f 147/200/509 148/201/510 143/194/511 142/192/512
f 148/201/513 149/202/514 144/196/515 143/194/516
f 150/203/517 151/204/518 146/199/519 145/198/520
f 151/204/521 152/205/522 147/200/523 146/199/524
f 152/205/525 153/206/526 148/201/527 147/200/528
f 153/206/529 154/207/530 149/202/531 148/201/532
f 155/208/533 156/209/534 151/204/535 150/203/536
f 156/209/537 157/210/538 152/205/539 151/204/540
f 157/210/541 158/211/542 153/206/543 152/205/544
f 158/211/545 159/212/546 154/207/547 153/206/548
f 165/213/549 166/214/550 161/215/551 160/216/552
f 166/214/553 167/217/554 162/218/555 161/215/556
f 167/217/557 168/219/558 163/220/559 162/218/560
f 168/219/561 169/221/562 164/222/563 163/220/564
f 170/223/565 171/224/566 166/214/567 165/213/568
f 171/224/569 172/225/570 167/217/571 166/214/572
f 172/225/573 173/226/574 168/219/575 167/217/576
f 173/226/577 174/227/578 169/221/579 168/219/580
f 175/228/581 176/229/582 171/224/583 170/223/584
f 176/229/585 177/230/586 172/225/587 171/224/588
f 177/230/589 178/231/590 173/226/591 172/225/592
f 178/231/593 179/232/594 174/227/595 173/226/596
f 180/233/597 181/234/598 176/229/599 175/228/600
f 181/234/601 182/235/602 177/230/603 176/229/604
f 182/235/605 183/236/606 178/231/607 177/230/608
f 183/236/609 184/237/610 179/232/611 178/231/612
f 185/238/613 186/239/614 181/234/615 180/233/616
f 186/239/617 187/240/618 182/235/619 181/234/620
f 187/240/621 188/241/622 183/236/623 182/235/624
f 188/242/625 189/243/626 184/244/627 183/245/628
f 190/246/629 191/247/630 186/248/631 185/249/632
f 191/247/633 192/250/634 187/251/635 186/248/636
f 192/250/637 193/252/638 188/242/639 187/251/640
f 193/252/641 194/253/642 189/243/643 188/242/644
f 195/254/645 196/255/646 191/247/647 190/246/648
f 196/255/649 197/256/650 192/250/651 191/247/652
f 197/256/653 198/257/654 193/252/655 192/250/656
f 198/257/657 199/258/658 194/253/659 193/252/660
f 159/212/661 158/211/662 196/255/663 195/254/664
f 158/211/665 157/210/666 197/256/667 196/255/668
f 157/210/669 156/209/670 198/257/671 197/256/672
f 156/209/673 155/208/674 199/258/675 198/257/676
f 200/259/677 201/260/678 163/261/679 164/262/680
f 201/260/681 202/263/682 162/264/683 163/261/684
f 202/263/685 203/265/686 161/266/687 162/264/688
f 203/267/689 204/268/690 160/216/691 161/215/692
f 205/269/693 206/270/694 201/260/695 200/259/696
f 206/270/697 207/271/698 202/263/699 201/260/700
f 207/271/701 208/272/702 203/265/703 202/263/704
f 208/272/705 209/273/706 204/274/707 203/265/708
f 210/275/709 211/276/710 206/270/711 205/269/712
f 211/276/713 212/277/714 207/271/715 206/270/716
f 212/277/717 213/278/718 208/272/719 207/271/720
f 213/278/721 214/279/722 209/273/723 208/272/724
f 135/280/725 136/281/726 211/276/727 210/275/728
f 136/281/729 137/282/730 212/277/731 211/276/732
f 137/282/733 138/283/734 213/278/735 212/277/736
f 138/283/737 139/284/738 214/279/739 213/278/740
f 169/285/741 215/286/742 200/287/743 164/288/744
f 215/286/745 216/289/746 205/290/747 200/287/748
f 216/289/749 217/291/750 210/292/751 205/290/752
f 217/291/753 140/293/754 135/294/755 210/292/756
f 174/295/757 218/296/758 215/286/759 169/285/760
f 218/296/761 219/297/762 216/289/763 215/286/764
f 219/297/765 220/298/766 217/291/767 216/289/768
f 220/298/769 145/299/770 140/293/771 217/291/772
f 179/300/773 221/301/774 218/296/775 174/295/776
f 221/301/777 222/302/778 219/297/779 218/296/780
f 222/302/781 223/303/782 220/298/783 219/297/784
f 223/303/785 150/304/786 145/299/787 220/298/788
f 184/305/789 189/306/790 221/301/791 179/300/792
f 189/306/793 194/307/794 222/302/795 221/301/796
f 194/307/797 199/308/798 223/303/799 222/302/800
f 199/308/801 155/309/802 150/304/803 223/303/804
f 144/196/805 224/310/806 214/311/807 139/197/808
f 224/310/809 225/312/810 209/313/811 214/311/812
f 225/312/813 226/314/814 204/315/815 209/313/816
f 226/316/817 165/213/818 160/216/819 204/268/820
f 149/202/821 227/317/822 224/310/823 144/196/824
f 227/317/825 228/318/826 225/312/827 224/310/828
f 228/318/829 229/319/830 226/314/831 225/312/832
f 229/320/833 170/223/834 165/213/835 226/316/836
f 154/207/837 230/321/838 227/317/839 149/202/840
f 230/321/841 231/322/842 228/318/843 227/317/844
f 231/322/845 232/323/846 229/319/847 228/318/848
f 232/324/849 175/228/850 170/223/851 229/320/852
f 159/212/853 195/254/854 230/321/855 154/207/856
f 195/254/857 190/246/858 231/322/859 230/321/860
f 190/246/861 185/249/862 232/323/863 231/322/864
f 185/238/865 180/233/866 175/228/867 232/324/868
f 237/325/869 238/326/870 234/327/871 233/328/872
f 240/329/873 241/330/874 238/326/875 237/325/876
f 241/330/877 242/331/878 239/332/879 238/326/880
f 244/333/881 245/334/882 241/330/883 240/329/884
f 245/334/885 246/335/886 242/331/887 241/330/888
f 246/335/889 247/336/890 243/337/891 242/331/892
f 249/338/893 250/339/894 245/334/895 244/333/896
f 250/339/897 251/340/898 246/335/899 245/334/900
f 251/340/901 252/341/902 247/336/903 246/335/904
f 252/341/905 253/342/906 248/343/907 247/336/908
f 259/344/909 260/345/910 255/346/911 254/347/912
f 260/345/913 261/348/914 256/349/915 255/346/916
f 261/348/917 262/350/918 257/351/919 256/349/920
f 262/352/921 263/353/922 258/354/923 257/355/924
f 264/356/925 265/357/926 260/345/927 259/344/928
f 265/357/929 266/358/930 261/348/931 260/345/932
f 266/358/933 267/359/934 262/350/935 261/348/936
f 267/360/937 268/361/938 263/353/939 262/352/940
f 269/362/941 270/363/942 265/357/943 264/356/944
f 270/363/945 271/364/946 266/358/947 265/357/948
f 271/364/949 272/365/950 267/359/951 266/358/952
f 272/366/953 273/367/954 268/361/955 267/360/956
f 274/368/957 275/369/958 270/363/959 269/362/960
f 275/369/961 276/370/962 271/364/963 270/363/964
f 276/370/965 277/371/966 272/365/967 271/364/968
f 277/372/969 278/373/970 273/367/971 272/366/972
f 279/374/973 280/375/974 275/376/975 274/377/976
f 280/375/977 281/378/978 276/379/979 275/376/980
f 281/378/981 282/380/982 277/372/983 276/379/984
f 282/380/985 283/381/986 278/373/987 277/372/988
f 284/382/989 285/383/990 280/375/991 279/374/992
f 285/383/993 286/384/994 281/378/995 280/375/996
f 286/384/997 287/385/998 282/380/999 281/378/1000
f 287/385/1001 288/386/1002 283/381/1003 282/380/1004
f 289/387/1005 290/388/1006 285/383/1007 284/382/1008
f 290/388/1009 291/389/1010 286/384/1011 285/383/1012
f 291/389/1013 292/390/1014 287/385/1015 286/384/1016
f 292/390/1017 293/391/1018 288/386/1019 287/385/1020
f 253/342/1021 252/341/1022 290/388/1023 289/387/1024
f 252/341/1025 251/340/1026 291/389/1027 290/388/1028
f 251/340/1029 250/339/1030 292/390/1031 291/389/1032
f 250/339/1033 249/338/1034 293/391/1035 292/390/1036
f 294/392/1037 295/393/1038 257/394/1039 258/395/1040
f 295/393/1041 296/396/1042 256/397/1043 257/394/1044
f 296/396/1045 297/398/1046 255/399/1047 256/397/1048
f 297/398/1049 298/400/1050 254/401/1051 255/399/1052
f 299/402/1053 300/403/1054 295/393/1055 294/392/1056
f 300/403/1057 301/404/1058 296/396/1059 295/393/1060
f 301/404/1061 302/405/1062 297/398/1063 296/396/1064
f 302/405/1065 303/406/1066 298/400/1067 297/398/1068
f 304/407/1069 305/408/1070 300/403/1071 299/402/1072
f 305/408/1073 306/409/1074 301/404/1075 300/403/1076
f 306/409/1077 307/410/1078 302/405/1079 301/404/1080
f 307/410/1081 308/411/1082 303/406/1083 302/405/1084
f 233/412/1085 234/413/1086 305/408/1087 304/407/1088
f 234/413/1089 235/414/1090 306/409/1091 305/408/1092
f 235/414/1093 236/415/1094 307/410/1095 306/409/1096
f 263/353/1097 309/416/1098 294/417/1099 258/354/1100
f 309/416/1101 310/418/1102 299/419/1103 294/417/1104
f 310/418/1105 311/420/1106 304/421/1107 299/419/1108
f 311/420/1109 237/325/1110 233/328/1111 304/421/1112
f 268/361/1113 312/422/1114 309/416/1115 263/353/1116
f 312/422/1117 313/423/1118 310/418/1119 309/416/1120
f 313/423/1121 314/424/1122 311/420/1123 310/418/1124
f 314/424/1125 240/329/1126 237/325/1127 311/420/1128
f 273/367/1129 315/425/1130 312/422/1131 268/361/1132
f 315/425/1133 316/426/1134 313/423/1135 312/422/1136
f 316/426/1137 317/427/1138 314/424/1139 313/423/1140
f 317/427/1141 244/333/1142 240/329/1143 314/424/1144
f 278/373/1145 283/381/1146 315/425/1147 273/367/1148
f 283/381/1149 288/386/1150 316/426/1151 315/425/1152
f 288/386/1153 293/391/1154 317/427/1155 316/426/1156
f 293/391/1157 249/338/1158 244/333/1159 317/427/1160
f 318/428/1161 319/429/1162 298/430/1163 303/431/1164
f 319/429/1165 259/344/1166 254/347/1167 298/430/1168
f 320/432/1169 321/433/1170 319/429/1171 318/428/1172
f 321/433/1173 264/356/1174 259/344/1175 319/429/1176
f 323/434/1177 324/435/1178 321/433/1179 320/432/1180
f 324/435/1181 269/362/1182 264/356/1183 321/433/1184
f 253/342/1185 289/387/1186 322/436/1187 248/343/1188
f 284/437/1189 279/438/1190 324/435/1191 323/434/1192
f 279/438/1193 274/368/1194 269/362/1195 324/435/1196
f 337/439/1197 338/440/1198 333/441/1199 332/442/1200
f 338/440/1201 339/443/1202 334/444/1203 333/441/1204
f 339/443/1205 340/445/1206 335/446/1207 334/444/1208
f 340/445/1209 341/447/1210 336/448/1211 335/446/1212
f 342/449/1213 343/450/1214 338/440/1215 337/439/1216
f 343/450/1217 344/451/1218 339/443/1219 338/440/1220
f 344/451/1221 345/452/1222 340/445/1223 339/443/1224
f 345/452/1225 346/453/1226 341/447/1227 340/445/1228
f 347/454/1229 348/455/1230 343/450/1231 342/449/1232
f 348/455/1233 349/456/1234 344/451/1235 343/450/1236
f 349/456/1237 350/457/1238 345/452/1239 344/451/1240
f 350/457/1241 351/458/1242 346/453/1243 345/452/1244
f 352/459/1245 353/460/1246 348/455/1247 347/454/1248
f 353/460/1249 354/461/1250 349/456/1251 348/455/1252
f 354/461/1253 355/462/1254 350/457/1255 349/456/1256
f 355/462/1257 356/463/1258 351/458/1259 350/457/1260
f 357/464/1261 358/465/1262 353/466/1263 352/467/1264
f 358/465/1265 359/468/1266 354/469/1267 353/466/1268
f 359/468/1269 360/470/1270 355/471/1271 354/469/1272
f 360/470/1273 361/472/1274 356/473/1275 355/471/1276
f 362/474/1277 363/475/1278 358/465/1279 357/464/1280
f 363/475/1281 364/476/1282 359/468/1283 358/465/1284
f 364/476/1285 365/477/1286 360/470/1287 359/468/1288
f 365/477/1289 366/478/1290 361/472/1291 360/470/1292
f 367/479/1293 368/480/1294 363/475/1295 362/474/1296
f 368/480/1297 369/481/1298 364/476/1299 363/475/1300
f 369/481/1301 370/482/1302 365/477/1303 364/476/1304
f 370/482/1305 371/483/1306 366/478/1307 365/477/1308
f 372/484/1309 373/485/1310 335/486/1311 336/487/1312
f 373/485/1313 374/488/1314 334/489/1315 335/486/1316
f 374/488/1317 375/490/1318 333/491/1319 334/489/1320
f 375/490/1321 376/492/1322 332/493/1323 333/491/1324
f 377/494/1325 378/495/1326 373/485/1327 372/484/1328
f 378/495/1329 379/496/1330 374/488/1331 373/485/1332
f 379/496/1333 380/497/1334 375/490/1335 374/488/1336
f 380/497/1337 381/498/1338 376/492/1339 375/490/1340
f 382/499/1341 383/500/1342 378/495/1343 377/494/1344
f 383/500/1345 384/501/1346 379/496/1347 378/495/1348
f 384/501/1349 385/502/1350 380/497/1351 379/496/1352
f 385/502/1353 386/503/1354 381/498/1355 380/497/1356
f 325/504/1357 326/505/1358 383/500/1359 382/499/1360
f 326/505/1361 327/506/1362 384/501/1363 383/500/1364
f 327/506/1365 328/507/1366 385/502/1367 384/501/1368
f 328/507/1369 329/508/1370 386/503/1371 385/502/1372
f 341/447/1373 387/509/1374 372/510/1375 336/448/1376
f 387/509/1377 388/511/1378 377/512/1379 372/510/1380
f 388/511/1381 389/513/1382 382/514/1383 377/512/1384
f 346/515/1385 390/516/1386 387/509/1387 341/447/1388
f 390/516/1389 391/517/1390 388/511/1391 387/509/1392
f 391/517/1393 392/518/1394 389/513/1395 388/511/1396
f 351/519/1397 393/520/1398 390/516/1399 346/515/1400
f 393/520/1401 394/521/1402 391/517/1403 390/516/1404
f 394/521/1405 395/522/1406 392/518/1407 391/517/1408
f 356/473/1409 361/472/1410 393/520/1411 351/519/1412
f 361/472/1413 366/478/1414 394/521/1415 393/520/1416
f 366/478/1417 371/483/1418 395/522/1419 394/521/1420
f 396/523/1421 397/524/1422 376/525/1423 381/526/1424
f 397/524/1425 337/527/1426 332/528/1427 376/525/1428
f 399/529/1429 400/530/1430 397/524/1431 396/523/1432
f 400/530/1433 342/531/1434 337/527/1435 397/524/1436
f 401/532/1437 402/533/1438 399/529/1439 398/534/1440
f 402/533/1441 403/535/1442 400/530/1443 399/529/1444
f 403/535/1445 347/536/1446 342/531/1447 400/530/1448
f 331/537/1449 367/479/1450 401/532/1451 330/538/1452
f 367/479/1453 362/474/1454 402/533/1455 401/532/1456
f 362/474/1457 357/464/1458 403/535/1459 402/533/1460
f 357/464/1461 352/467/1462 347/536/1463 403/535/1464
f 409/539/1465 410/540/1466 405/541/1467 404/542/1468
f 410/543/1469 411/544/1470 406/545/1471 405/546/1472
f 411/544/1473 412/547/1474 407/548/1475 406/545/1476
f 412/547/1477 413/549/1478 408/550/1479 407/548/1480
f 414/551/1481 415/552/1482 410/540/1483 409/539/1484
f 415/553/1485 416/554/1486 411/544/1487 410/543/1488
f 416/554/1489 417/555/1490 412/547/1491 411/544/1492
f 417/555/1493 418/556/1494 413/549/1495 412/547/1496
f 419/557/1497 420/558/1498 415/552/1499 414/551/1500
f 420/559/1501 421/560/1502 416/554/1503 415/553/1504
f 421/560/1505 422/561/1506 417/555/1507 416/554/1508
f 422/561/1509 423/562/1510 418/556/1511 417/555/1512
f 424/563/1513 425/564/1514 420/558/1515 419/557/1516
f 425/565/1517 426/566/1518 421/560/1519 420/559/1520
f 426/566/1521 427/567/1522 422/561/1523 421/560/1524
f 427/567/1525 428/568/1526 423/562/1527 422/561/1528
f 434/569/1529 435/570/1530 430/571/1531 429/572/1532
f 435/570/1533 436/573/1534 431/574/1535 430/571/1536
f 436/573/1537 437/575/1538 432/576/1539 431/574/1540
f 437/577/1541 438/578/1542 433/579/1543 432/580/1544
f 439/581/1545 440/582/1546 435/570/1547 434/569/1548
f 440/582/1549 441/583/1550 436/573/1551 435/570/1552
f 441/583/1553 442/584/1554 437/575/1555 436/573/1556
f 442/585/1557 443/586/1558 438/578/1559 437/577/1560
f 444/587/1561 445/588/1562 440/582/1563 439/581/1564
f 445/588/1565 446/589/1566 441/583/1567 440/582/1568
f 446/589/1569 447/590/1570 442/584/1571 441/583/1572
f 447/591/1573 448/592/1574 443/586/1575 442/585/1576
f 449/593/1577 450/594/1578 445/588/1579 444/587/1580
f 450/594/1581 451/595/1582 446/589/1583 445/588/1584
f 451/595/1585 452/596/1586 447/590/1587 446/589/1588
f 452/597/1589 453/598/1590 448/592/1591 447/591/1592
f 454/599/1593 455/600/1594 450/594/1595 449/593/1596
f 455/600/1597 456/601/1598 451/595/1599 450/594/1600
f 456/601/1601 457/602/1602 452/596/1603 451/595/1604
f 457/603/1605 458/604/1606 453/598/1607 452/597/1608
f 459/605/1609 460/606/1610 455/600/1611 454/599/1612
f 460/606/1613 461/607/1614 456/601/1615 455/600/1616
f 461/607/1617 462/608/1618 457/602/1619 456/601/1620
f 462/609/1621 463/610/1622 458/604/1623 457/603/1624
f 464/611/1625 465/612/1626 460/606/1627 459/605/1628
f 465/612/1629 466/613/1630 461/607/1631 460/606/1632
f 466/613/1633 467/614/1634 462/608/1635 461/607/1636
f 467/615/1637 468/616/1638 463/610/1639 462/609/1640
f 428/568/1641 427/567/1642 465/612/1643 464/611/1644
f 427/567/1645 426/566/1646 466/613/1647 465/612/1648
f 426/566/1649 425/565/1650 467/614/1651 466/613/1652
f 425/564/1653 424/563/1654 468/616/1655 467/615/1656
f 469/617/1657 470/618/1658 432/619/1659 433/620/1660
f 470/618/1661 471/621/1662 431/622/1663 432/619/1664
f 471/621/1665 472/623/1666 430/624/1667 431/622/1668
f 472/623/1669 473/625/1670 429/626/1671 430/624/1672
f 474/627/1673 475/628/1674 470/618/1675 469/617/1676
f 475/628/1677 476/629/1678 471/621/1679 470/618/1680
f 476/629/1681 477/630/1682 472/623/1683 471/621/1684
f 477/630/1685 478/631/1686 473/625/1687 472/623/1688
f 479/632/1689 480/633/1690 475/628/1691 474/627/1692
f 480/633/1693 481/634/1694 476/629/1695 475/628/1696
f 481/634/1697 482/635/1698 477/630/1699 476/629/1700
f 482/635/1701 483/636/1702 478/631/1703 477/630/1704
f 404/637/1705 405/638/1706 480/633/1707 479/632/1708
f 405/638/1709 406/639/1710 481/634/1711 480/633/1712
f 406/639/1713 407/640/1714 482/635/1715 481/634/1716
f 407/548/1717 408/550/1718 483/641/1719 482/642/1720
f 438/578/1721 484/643/1722 469/644/1723 433/579/1724
f 484/643/1725 485/645/1726 474/646/1727 469/644/1728
f 485/645/1729 486/647/1730 479/648/1731 474/646/1732
f 486/647/1733 409/539/1734 404/542/1735 479/648/1736
f 443/586/1737 487/649/1738 484/643/1739 438/578/1740
f 487/649/1741 488/650/1742 485/645/1743 484/643/1744
f 488/650/1745 489/651/1746 486/647/1747 485/645/1748
f 489/651/1749 414/551/1750 409/539/1751 486/647/1752
f 448/592/1753 490/652/1754 487/649/1755 443/586/1756
f 490/652/1757 491/653/1758 488/650/1759 487/649/1760
f 491/653/1761 492/654/1762 489/651/1763 488/650/1764
f 492/654/1765 419/557/1766 414/551/1767 489/651/1768
f 453/598/1769 458/604/1770 490/652/1771 448/592/1772
f 458/604/1773 463/610/1774 491/653/1775 490/652/1776
f 463/610/1777 468/616/1778 492/654/1779 491/653/1780
f 468/616/1781 424/563/1782 419/557/1783 492/654/1784
f 413/549/1785 493/655/1786 483/641/1787 408/550/1788
f 493/655/1789 494/656/1790 478/657/1791 483/641/1792
f 494/656/1793 495/658/1794 473/659/1795 478/657/1796
f 495/658/1797 434/660/1798 429/661/1799 473/659/1800
f 418/556/1801 496/662/1802 493/655/1803 413/549/1804
f 496/662/1805 497/663/1806 494/656/1807 493/655/1808
f 497/663/1809 498/664/1810 495/658/1811 494/656/1812
f 498/664/1813 439/665/1814 434/660/1815 495/658/1816
f 423/562/1817 499/666/1818 496/662/1819 418/556/1820
f 499/666/1821 500/667/1822 497/663/1823 496/662/1824
f 500/667/1825 501/668/1826 498/664/1827 497/663/1828
f 501/668/1829 444/669/1830 439/665/1831 498/664/1832
f 428/568/1833 464/611/1834 499/666/1835 423/562/1836
f 464/611/1837 459/605/1838 500/667/1839 499/666/1840
f 459/605/1841 454/599/1842 501/668/1843 500/667/1844
f 454/599/1845 449/593/1846 444/669/1847 501/668/1848
f 502/670/1849 503/671/1850 3249/672/1851 3248/673/1852
f 503/671/1853 502/670/1854 1393/674/1855 3277/675/1856
f 502/670/1857 3239/676/1858 1394/677/1859 1393/674/1860
f 502/670/1861 3248/673/1862 3247/678/1863 3239/676/1864
f 1397/679/1865 503/671/1866 3277/675/1867 1396/680/1868
f 503/671/1869 1397/679/1870 3274/681/1871 3249/672/1872
f 504/682/1873 1785/683/1874 1786/684/1875 2085/685/1876
f 504/682/1877 3299/686/1878 3090/687/1879 1785/683/1880
f 504/682/1881 1549/688/1882 3078/689/1883 3299/686/1884
f 504/682/1885 2085/685/1886 2372/690/1887 1549/688/1888
f 505/691/1889 2399/692/1890 1892/693/1891 3083/694/1892
f 505/691/1893 1230/695/1894 1231/696/1895 2399/692/1896
f 506/697/1897 2902/698/1898 1232/699/1899 1230/695/1900
f 506/697/1901 1230/695/1902 505/691/1903 3084/700/1904
f 507/701/1905 942/702/1906 938/703/1907 559/704/1908
f 507/701/1909 1117/705/1910 2432/706/1911 942/702/1912
f 507/701/1913 508/707/1914 1118/708/1915 1117/705/1916
f 507/701/1917 559/704/1918 560/709/1919 508/707/1920
f 508/707/1921 509/710/1922 1119/711/1923 1118/708/1924
f 508/707/1925 560/709/1926 561/712/1927 509/710/1928
f 509/710/1929 510/713/1930 1120/714/1931 1119/711/1932
f 509/710/1933 561/712/1934 562/715/1935 510/713/1936
f 510/713/1937 562/715/1938 563/716/1939 511/717/1940
f 510/713/1941 511/717/1942 1121/718/1943 1120/714/1944
f 511/717/1945 563/716/1946 564/719/1947 512/720/1948
f 511/717/1949 512/720/1950 1122/721/1951 1121/718/1952
f 512/720/1953 564/719/1954 565/722/1955 513/723/1956
f 512/720/1957 513/723/1958 1123/724/1959 1122/721/1960
f 513/723/1961 565/722/1962 1081/725/1963 514/726/1964
f 513/723/1965 514/726/1966 1124/727/1967 1123/724/1968
f 514/726/1969 1081/725/1970 1689/728/1971 1686/729/1972
f 514/726/1973 1686/729/1974 1125/730/1975 1124/727/1976
f 1654/731/1977 2904/732/1978 3125/733/1979 1656/734/1980
f 1654/731/1981 1653/735/1982 2932/736/1983 2904/732/1984
f 1656/737/1985 3125/738/1986 3126/739/1987 515/740/1988
f 515/740/1989 3126/739/1990 3127/741/1991 516/742/1992
f 516/742/1993 3127/741/1994 3037/743/1995 2880/744/1996
f 517/745/1997 2145/746/1998 2146/747/1999 2147/748/2000
f 517/745/2001 2826/749/2002 2144/750/2003 2145/746/2004
f 517/745/2005 2431/751/2006 2824/752/2007 2826/749/2008
f 517/745/2009 2147/748/2010 2432/706/2011 2431/751/2012
f 2147/748/2013 2827/753/2014 942/702/2015 2432/706/2016
f 2827/753/2017 946/754/2018 2387/755/2019 942/702/2020
f 518/756/2021 1781/757/2022 1771/758/2023 1769/759/2024
f 518/756/2025 2622/760/2026 2551/761/2027 1781/757/2028
f 518/756/2029 3328/762/2030 1657/763/2031 2622/760/2032
f 3328/762/2033 518/756/2034 1769/759/2035 3327/764/2036
f 519/765/2037 1662/766/2038 521/767/2039 522/768/2040
f 519/765/2041 1659/769/2042 2625/770/2043 1662/766/2044
f 519/765/2045 520/771/2046 1660/772/2047 1659/769/2048
f 519/765/2049 522/768/2050 538/773/2051 520/771/2052
f 520/771/2053 537/774/2054 1661/775/2055 1660/772/2056
f 520/771/2057 538/773/2058 1896/776/2059 537/774/2060
f 521/767/2061 2771/777/2062 2772/778/2063 539/779/2064
f 521/767/2065 1662/766/2066 827/780/2067 2771/777/2068
f 521/767/2069 539/779/2070 540/781/2071 522/768/2072
f 522/768/2073 540/781/2074 1897/782/2075 538/773/2076
f 523/783/2077 2758/784/2078 2756/785/2079 3001/786/2080
f 523/783/2081 524/787/2082 2225/788/2083 2758/784/2084
f 525/789/2085 526/790/2086 2303/791/2087 1231/696/2088
f 525/789/2089 2761/792/2090 529/793/2091 526/790/2092
f 526/790/2093 527/794/2094 2302/795/2095 2303/791/2096
f 526/790/2097 529/793/2098 530/796/2099 527/794/2100
f 527/794/2101 528/797/2102 2301/798/2103 2302/795/2104
f 527/794/2105 530/796/2106 2321/799/2107 528/797/2108
f 2761/800/2109 702/801/2110 2323/802/2111 529/803/2112
f 529/803/2113 2323/802/2114 2324/804/2115 530/805/2116
f 3244/806/2117 1548/807/2118 1547/808/2119 531/809/2120
f 3244/806/2121 531/809/2122 2429/810/2123 940/811/2124
f 532/812/2125 2781/813/2126 2782/814/2127 2783/815/2128
f 532/812/2129 2506/816/2130 3012/817/2131 2781/813/2132
f 532/812/2133 2784/818/2134 2507/819/2135 2506/816/2136
f 532/812/2137 2783/815/2138 533/820/2139 2784/818/2140
f 533/820/2141 1149/821/2142 3022/822/2143 2713/823/2144
f 533/820/2145 2783/815/2146 2501/824/2147 1149/821/2148
f 533/820/2149 2713/823/2150 3283/825/2151 2784/818/2152
f 534/826/2153 535/827/2154 2622/760/2155 1657/763/2156
f 534/826/2157 2544/828/2158 2545/829/2159 535/827/2160
f 534/826/2161 3262/830/2162 1684/831/2163 2544/828/2164
f 534/826/2165 1657/763/2166 3316/832/2167 3262/830/2168
f 535/827/2169 2754/833/2170 2551/761/2171 2622/760/2172
f 535/827/2173 2545/829/2174 939/834/2175 2754/833/2176
f 2576/835/2177 2547/836/2178 1944/837/2179 547/838/2180
f 537/774/2181 1896/776/2182 1762/839/2183 706/840/2184
f 537/774/2185 706/840/2186 1668/841/2187 1661/775/2188
f 538/773/2189 1897/782/2190 1898/842/2191 1896/776/2192
f 539/779/2193 2772/778/2194 1722/843/2195 1723/844/2196
f 539/779/2197 1723/844/2198 1899/845/2199 540/781/2200
f 540/781/2201 1899/845/2202 1900/846/2203 1897/782/2204
f 541/847/2205 1902/848/2206 2819/849/2207 2818/850/2208
f 541/847/2209 543/851/2210 826/852/2211 1902/848/2212
f 541/847/2213 2817/853/2214 542/854/2215 543/851/2216
f 541/847/2217 2818/850/2218 2812/855/2219 2817/853/2220
f 542/854/2221 2769/856/2222 544/857/2223 543/851/2224
f 542/854/2225 3035/858/2226 1726/859/2227 2769/856/2228
f 542/854/2229 2817/853/2230 933/860/2231 3035/858/2232
f 543/851/2233 544/857/2234 545/861/2235 826/852/2236
f 544/857/2237 2769/856/2238 1731/862/2239 1720/863/2240
f 544/857/2241 1720/863/2242 2770/864/2243 545/861/2244
f 545/861/2245 2770/864/2246 2771/865/2247 827/866/2248
f 545/861/2249 827/866/2250 1904/867/2251 826/852/2252
f 546/868/2253 1234/869/2254 2616/870/2255 2615/871/2256
f 546/868/2257 547/838/2258 1944/837/2259 1234/869/2260
f 548/872/2261 549/873/2262 3052/874/2263 1185/875/2264
f 548/872/2265 2106/876/2266 2108/877/2267 549/873/2268
f 548/872/2269 3195/878/2270 2105/879/2271 2106/876/2272
f 548/872/2273 1185/875/2274 3056/880/2275 3195/878/2276
f 549/873/2277 2108/877/2278 3177/881/2279 2426/882/2280
f 549/873/2281 2426/882/2282 984/883/2283 3052/874/2284
f 550/884/2285 1843/885/2286 1844/886/2287 551/887/2288
f 550/884/2289 762/888/2290 761/889/2291 1843/885/2292
f 550/884/2293 556/890/2294 554/891/2295 762/888/2296
f 550/884/2297 551/887/2298 640/892/2299 556/890/2300
f 551/887/2301 552/893/2302 1752/894/2303 640/892/2304
f 551/887/2305 1844/886/2306 2515/895/2307 552/893/2308
f 3333/896/2309 3334/897/2310 2516/898/2311 1927/899/2312
f 1928/900/2313 3332/901/2314 3333/896/2315 1927/899/2316
f 553/902/2317 2192/903/2318 2191/904/2319 2437/905/2320
f 553/902/2321 2733/906/2322 2995/907/2323 2192/903/2324
f 553/902/2325 2416/908/2326 2415/909/2327 2733/906/2328
f 553/902/2329 2437/905/2330 2359/910/2331 2416/908/2332
f 554/891/2333 2574/911/2334 2573/912/2335 762/888/2336
f 555/913/2337 557/914/2338 3236/915/2339 3235/916/2340
f 555/913/2341 3235/916/2342 3284/917/2343 2575/918/2344
f 557/914/2345 759/919/2346 3237/920/2347 3236/915/2348
f 558/921/2349 2986/922/2350 2987/923/2351 932/924/2352
f 558/921/2353 2520/925/2354 3015/926/2355 2986/922/2356
f 558/921/2357 2992/927/2358 2521/928/2359 2520/925/2360
f 558/921/2361 932/924/2362 931/929/2363 2992/927/2364
f 559/704/2365 938/703/2366 937/930/2367 566/931/2368
f 559/704/2369 566/931/2370 567/932/2371 560/709/2372
f 560/709/2373 567/932/2374 568/933/2375 561/712/2376
f 561/712/2377 568/933/2378 569/934/2379 562/715/2380
f 562/715/2381 569/934/2382 570/935/2383 563/716/2384
f 563/716/2385 570/935/2386 571/936/2387 564/719/2388
f 564/719/2389 571/936/2390 1082/937/2391 565/722/2392
f 566/931/2393 937/930/2394 936/938/2395 572/939/2396
f 566/931/2397 572/939/2398 573/940/2399 567/932/2400
f 567/941/2401 573/942/2402 574/943/2403 568/944/2404
f 568/944/2405 574/943/2406 575/945/2407 569/946/2408
f 569/946/2409 575/945/2410 1086/947/2411 570/935/2412
f 570/935/2413 1086/947/2414 1087/948/2415 571/936/2416
f 572/949/2417 936/950/2418 935/951/2419 576/952/2420
f 572/949/2421 576/952/2422 577/953/2423 573/942/2424
f 573/942/2425 577/953/2426 578/954/2427 574/943/2428
f 574/943/2429 578/954/2430 1093/955/2431 575/945/2432
f 576/956/2433 935/957/2434 934/958/2435 3310/959/2436
f 576/952/2437 3310/960/2438 1458/961/2439 577/953/2440
f 577/953/2441 1458/961/2442 1459/962/2443 578/954/2444
f 579/963/2445 2562/964/2446 2560/965/2447 581/966/2448
f 579/963/2449 2645/967/2450 3187/968/2451 2562/964/2452
f 579/969/2453 580/970/2454 2646/971/2455 2645/972/2456
f 579/969/2457 581/973/2458 582/974/2459 580/970/2460
f 580/975/2461 2730/976/2462 2728/977/2463 2646/978/2464
f 580/970/2465 582/974/2466 2900/979/2467 2730/980/2468
f 581/966/2469 2560/965/2470 3259/981/2471 2732/982/2472
f 581/973/2473 2732/983/2474 3149/984/2475 582/974/2476
f 582/974/2477 3149/984/2478 2897/985/2479 2900/979/2480
f 583/986/2481 584/987/2482 2840/988/2483 2839/989/2484
f 583/986/2485 3184/990/2486 3186/991/2487 584/987/2488
f 583/986/2489 3210/992/2490 3209/993/2491 3184/990/2492
f 583/986/2493 2839/989/2494 3143/994/2495 3210/992/2496
f 584/987/2497 585/995/2498 2842/996/2499 2840/988/2500
f 584/987/2501 3186/991/2502 3189/997/2503 585/995/2504
f 585/995/2505 3189/997/2506 3140/998/2507 3141/999/2508
f 585/995/2509 3141/999/2510 3137/1000/2511 2842/996/2512
f 586/1001/2513 2504/1002/2514 2785/1003/2515 1768/1004/2516
f 586/1001/2517 2036/1005/2518 2498/1006/2519 2504/1002/2520
f 586/1001/2521 2647/1007/2522 2035/1008/2523 2036/1005/2524
f 586/1001/2525 1768/1004/2526 1767/1009/2527 2647/1007/2528
f 587/1010/2529 776/1011/2530 1455/1012/2531 1456/1013/2532
f 587/1010/2533 588/1014/2534 589/1015/2535 776/1011/2536
f 587/1010/2537 3240/1016/2538 3241/1017/2539 588/1014/2540
f 587/1010/2541 1456/1013/2542 3276/1018/2543 3240/1016/2544
f 588/1014/2545 590/1019/2546 591/1020/2547 589/1015/2548
f 588/1014/2549 3241/1017/2550 3282/1021/2551 590/1019/2552
f 589/1015/2553 775/1022/2554 1435/1023/2555 776/1011/2556
f 589/1015/2557 591/1020/2558 592/1024/2559 775/1022/2560
f 590/1025/2561 1602/1026/2562 1603/1027/2563 591/1028/2564
f 590/1025/2565 3282/1029/2566 3280/1030/2567 1602/1026/2568
f 591/1028/2569 1603/1027/2570 2417/1031/2571 592/1032/2572
f 592/1032/2573 2417/1031/2574 2481/1033/2575 2419/1034/2576
f 592/1024/2577 2419/1035/2578 774/1036/2579 775/1022/2580
f 593/1037/2581 1932/1038/2582 2748/1039/2583 1542/1040/2584
f 593/1037/2585 3065/1041/2586 1933/1042/2587 1932/1038/2588
f 593/1037/2589 2980/1043/2590 1670/1044/2591 3065/1041/2592
f 593/1037/2593 1542/1040/2594 2979/1045/2595 2980/1043/2596
f 594/1046/2597 3701/1047/2598 1774/1048/2599 595/1049/2600
f 594/1046/2601 595/1049/2602 3002/1050/2603 3703/1051/2604
f 595/1049/2605 1774/1048/2606 1271/1052/2607 596/1053/2608
f 595/1049/2609 596/1053/2610 3003/1054/2611 3002/1050/2612
f 596/1053/2613 1271/1052/2614 1272/1055/2615 597/1056/2616
f 596/1053/2617 597/1056/2618 2458/1057/2619 3003/1054/2620
f 597/1056/2621 598/1058/2622 1079/1059/2623 2458/1057/2624
f 597/1056/2625 1272/1055/2626 1273/1060/2627 598/1058/2628
f 598/1058/2629 599/1061/2630 2468/1062/2631 1079/1059/2632
f 598/1058/2633 1273/1060/2634 1128/1063/2635 599/1061/2636
f 2468/1062/2637 599/1061/2638 3710/1064/2639 2081/1065/2640 2465/1066/2641 3730/1067/2642
f 599/1061/2643 1128/1063/2644 1775/1068/2645 2081/1065/2646 3710/1064/2647
f 2458/1057/2648 1079/1059/2649 2944/1069/2650 2943/1070/2651
f 2944/1069/2652 1079/1059/2653 2468/1062/2654 2219/1071/2655
f 3325/1072/2656 3233/1073/2657 2750/1074/2658 1780/1075/2659
f 601/1076/2660 600/1077/2661 3703/1051/2662 3002/1050/2663
f 600/1077/2664 601/1076/2665 1136/1078/2666 1135/1079/2667
f 601/1076/2668 1138/1080/2669 1137/1081/2670 1136/1078/2671
f 1138/1080/2672 601/1076/2673 3002/1050/2674 3003/1054/2675
f 602/1082/2676 3013/1083/2677 2460/1084/2678 2459/1085/2679
f 602/1082/2680 1787/1086/2681 603/1087/2682 3013/1083/2683
f 1787/1086/2684 1836/1088/2685 605/1089/2686 603/1087/2687
f 603/1087/2688 605/1089/2689 606/1090/2690 604/1091/2691
f 603/1087/2692 604/1091/2693 3014/1092/2694 3013/1083/2695
f 604/1091/2696 3016/1093/2697 3015/1094/2698 3014/1092/2699
f 604/1091/2700 606/1090/2701 1830/1095/2702 3016/1093/2703
f 1836/1088/2704 1837/1096/2705 607/1097/2706 605/1089/2707
f 605/1089/2708 607/1097/2709 1831/1098/2710 606/1090/2711
f 606/1090/2712 1831/1098/2713 1832/1099/2714 1830/1095/2715
f 1837/1096/2716 3089/1100/2717 1833/1101/2718 607/1097/2719
f 607/1097/2720 1833/1101/2721 1834/1102/2722 1831/1098/2723
f 608/1103/2724 1784/1104/2725 602/1082/2726 2459/1085/2727
f 608/1103/2728 2459/1085/2729 2517/1105/2730 1926/1106/2731
f 609/1107/2732 1536/1108/2733 1535/1109/2734 1570/1110/2735
f 615/1111/2736 609/1107/2737 1570/1110/2738 1571/1112/2739
f 609/1107/2740 610/1113/2741 1537/1114/2742 1536/1108/2743
f 609/1107/2744 615/1111/2745 616/1115/2746 610/1113/2747
f 610/1113/2748 611/1116/2749 1538/1117/2750 1537/1114/2751
f 610/1113/2752 616/1115/2753 617/1118/2754 611/1116/2755
f 611/1116/2756 612/1119/2757 2206/1120/2758 1538/1117/2759
f 611/1116/2760 617/1118/2761 618/1121/2762 612/1119/2763
f 612/1119/2764 618/1121/2765 619/1122/2766 613/1123/2767
f 612/1119/2768 613/1123/2769 2207/1124/2770 2206/1120/2771
f 613/1123/2772 619/1122/2773 620/1125/2774 614/1126/2775
f 2207/1124/2776 613/1123/2777 614/1126/2778 2208/1127/2779
f 1574/1128/2780 615/1111/2781 1571/1112/2782 1573/1129/2783
f 615/1111/2784 1574/1128/2785 1575/1130/2786 616/1115/2787
f 616/1115/2788 1575/1130/2789 621/1131/2790 617/1118/2791
f 617/1118/2792 621/1131/2793 622/1132/2794 618/1121/2795
f 618/1121/2796 622/1132/2797 623/1133/2798 619/1122/2799
f 620/1125/2800 619/1122/2801 623/1133/2802 624/1134/2803
f 1575/1130/2804 1579/1135/2805 625/1136/2806 621/1131/2807
f 621/1131/2808 625/1136/2809 626/1137/2810 622/1132/2811
f 622/1132/2812 626/1137/2813 627/1138/2814 623/1133/2815
f 624/1134/2816 623/1133/2817 627/1138/2818 628/1139/2819
f 625/1140/2820 1579/1141/2821 1582/1142/2822 1583/1143/2823
f 625/1140/2824 1583/1143/2825 629/1144/2826 626/1145/2827
f 626/1145/2828 629/1144/2829 630/1146/2830 627/1147/2831
f 628/1148/2832 627/1147/2833 630/1146/2834 1144/1149/2835
f 1583/1143/2836 1588/1150/2837 631/1151/2838 629/1144/2839
f 629/1144/2840 631/1151/2841 632/1152/2842 630/1146/2843
f 1144/1149/2844 630/1146/2845 632/1152/2846 1140/1153/2847
f 631/1151/2848 1588/1150/2849 1594/1154/2850 1595/1155/2851
f 631/1151/2852 1595/1155/2853 633/1156/2854 632/1152/2855
f 1140/1153/2856 632/1152/2857 633/1156/2858 1141/1157/2859
f 1595/1155/2860 1599/1158/2861 1600/1159/2862 633/1156/2863
f 634/1160/2864 987/1161/2865 2033/1162/2866 2032/1163/2867
f 634/1160/2868 635/1164/2869 636/1165/2870 987/1161/2871
f 634/1160/2872 1770/1166/2873 1772/1167/2874 635/1164/2875
f 634/1160/2876 2032/1163/2877 2723/1168/2878 1770/1166/2879
f 635/1164/2880 1772/1167/2881 1782/1169/2882 3324/1170/2883
f 635/1164/2884 3324/1170/2885 636/1165/2886
f 636/1165/2887 3324/1170/2888 777/1171/2889 1017/1172/2890
f 636/1165/2891 1017/1172/2892 988/1173/2893 987/1161/2894
f 2359/910/2895 1910/1174/2896 2357/1175/2897 2433/1176/2898
f 2359/910/2899 2437/905/2900 2436/1177/2901 1910/1174/2902
f 637/1178/2903 1827/1179/2904 1931/1180/2905 1930/1181/2906
f 637/1178/2907 1828/1182/2908 1829/1183/2909 1827/1179/2910
f 637/1178/2911 2773/1184/2912 2635/1185/2913 1828/1182/2914
f 637/1178/2915 1930/1181/2916 1929/1186/2917 2773/1184/2918
f 638/1187/2919 645/1188/2920 2233/1189/2921 639/1190/2922
f 638/1187/2923 2159/1191/2924 2153/1192/2925 645/1188/2926
f 638/1187/2927 3311/1193/2928 1105/1194/2929 2159/1191/2930
f 638/1187/2931 639/1190/2932 1188/1195/2933 3311/1193/2934
f 639/1190/2935 2233/1189/2936 2485/1196/2937 1189/1197/2938
f 641/1198/2939 2831/1199/2940 2642/1200/2941 1977/1201/2942
f 641/1198/2943 643/1202/2944 2308/1203/2945 2831/1199/2946
f 1979/1204/2947 642/1205/2948 643/1202/2949 641/1198/2950
f 642/1205/2951 2101/1206/2952 2422/1207/2953 643/1202/2954
f 643/1202/2955 2422/1207/2956 2828/1208/2957 2308/1203/2958
f 644/1209/2959 3036/1210/2960 3055/1211/2961 2483/1212/2962
f 644/1209/2963 2157/1213/2964 2928/1214/2965 3036/1210/2966
f 644/1209/2967 2483/1212/2968 2233/1189/2969 645/1188/2970
f 644/1209/2971 645/1188/2972 2153/1192/2973 2157/1213/2974
f 646/1215/2975 1685/1216/2976 2617/1217/2977 756/1218/2978
f 646/1215/2979 2544/828/2980 1684/831/2981 1685/1216/2982
f 646/1215/2983 3258/1219/2984 2545/829/2985 2544/828/2986
f 646/1215/2987 756/1218/2988 2546/1220/2989 3258/1219/2990
f 647/1221/2991 2582/1222/2992 1874/1223/2993 648/1224/2994
f 647/1221/2995 1638/1225/2996 2581/1226/2997 2582/1222/2998
f 647/1221/2999 1636/1227/3000 1637/1228/3001 1638/1225/3002
f 647/1221/3003 648/1224/3004 649/1229/3005 1636/1227/3006
f 648/1224/3007 1874/1223/3008 1872/1230/3009 2583/1231/3010
f 648/1224/3011 2583/1231/3012 650/1232/3013 649/1229/3014
f 649/1229/3015 650/1232/3016 651/1233/3017 1616/1234/3018
f 649/1229/3019 1616/1234/3020 1621/1235/3021 1636/1227/3022
f 650/1232/3023 652/1236/3024 653/1237/3025 651/1233/3026
f 650/1232/3027 2583/1231/3028 1869/1238/3029 652/1236/3030
f 651/1233/3031 1612/1239/3032 1615/1240/3033 1616/1234/3034
f 651/1233/3035 653/1237/3036 1610/1241/3037 1612/1239/3038
f 652/1236/3039 654/1242/3040 655/1243/3041 653/1237/3042
f 652/1236/3043 1869/1238/3044 1866/1244/3045 654/1242/3046
f 653/1237/3047 655/1243/3048 1648/1245/3049 1610/1241/3050
f 654/1242/3051 1866/1244/3052 1878/1246/3053 1640/1247/3054
f 654/1242/3055 1640/1247/3056 1643/1248/3057 655/1243/3058
f 655/1243/3059 1643/1248/3060 1647/1249/3061 1648/1245/3062
f 656/1250/3063 1635/1251/3064 1634/1252/3065 1788/1253/3066
f 656/1250/3067 1727/1254/3068 1639/1255/3069 1635/1251/3070
f 656/1250/3071 657/1256/3072 1728/1257/3073 1727/1254/3074
f 656/1250/3075 1788/1253/3076 658/1258/3077 657/1256/3078
f 657/1256/3079 1732/1259/3080 1729/1260/3081 1728/1257/3082
f 657/1256/3083 658/1258/3084 659/1261/3085 1732/1259/3086
f 658/1258/3087 1790/1262/3088 662/1263/3089 659/1261/3090
f 658/1258/3091 1788/1253/3092 1789/1264/3093 1790/1262/3094
f 659/1261/3095 662/1263/3096 663/1265/3097 660/1266/3098
f 659/1261/3099 660/1266/3100 1733/1267/3101 1732/1259/3102
f 660/1266/3103 661/1268/3104 1734/1269/3105 1733/1267/3106
f 660/1266/3107 663/1265/3108 664/1270/3109 661/1268/3110
f 661/1268/3111 1736/1271/3112 1735/1272/3113 1734/1269/3114
f 661/1268/3115 664/1270/3116 665/1273/3117 1736/1271/3118
f 662/1263/3119 667/1274/3120 668/1275/3121 663/1265/3122
f 662/1263/3123 1790/1262/3124 1792/1276/3125 667/1274/3126
f 663/1265/3127 668/1275/3128 669/1277/3129 664/1270/3130
f 664/1270/3131 669/1277/3132 670/1278/3133 665/1273/3134
f 665/1273/3135 670/1278/3136 2057/1279/3137 666/1280/3138
f 665/1273/3139 666/1280/3140 1737/1281/3141 1736/1271/3142
f 666/1280/3143 3256/1282/3144 1722/1283/3145 1737/1281/3146
f 666/1280/3147 2057/1279/3148 2058/1284/3149 3256/1282/3150
f 667/1274/3151 1792/1276/3152 1794/1285/3153 1795/1286/3154
f 667/1274/3155 1795/1286/3156 671/1287/3157 668/1275/3158
f 668/1275/3159 671/1287/3160 672/1288/3161 669/1277/3162
f 669/1277/3163 672/1288/3164 2055/1289/3165 670/1278/3166
f 670/1278/3167 2055/1289/3168 2056/1290/3169 2057/1279/3170
f 671/1291/3171 1799/1292/3172 2054/1293/3173 672/1294/3174
f 671/1291/3175 1795/1295/3176 1798/1296/3177 1799/1292/3178
f 672/1294/3179 2054/1293/3180 1545/1297/3181 2055/1298/3182
f 673/1299/3183 3326/1300/3184 924/1301/3185 2470/1302/3186
f 673/1299/3187 1265/1303/3188 1264/1304/3189 3326/1300/3190
f 2470/1302/3191 2469/1305/3192 674/1306/3193 675/1307/3194
f 2470/1302/3195 675/1307/3196 676/1308/3197 673/1299/3198
f 673/1299/3199 676/1308/3200 677/1309/3201 1265/1303/3202
f 674/1306/3203 2474/1310/3204 2476/1311/3205 678/1312/3206
f 674/1306/3207 2469/1305/3208 2472/1313/3209 2474/1310/3210
f 674/1306/3211 678/1312/3212 679/1314/3213 675/1307/3214
f 675/1307/3215 679/1314/3216 680/1315/3217 676/1308/3218
f 676/1308/3219 680/1315/3220 681/1316/3221 677/1309/3222
f 677/1317/3223 681/1318/3224 1263/1319/3225 1262/1320/3226
f 677/1317/3227 1262/1320/3228 1261/1321/3229 1265/1322/3230
f 678/1312/3231 683/1323/3232 684/1324/3233 679/1314/3234
f 678/1312/3235 2476/1311/3236 682/1325/3237 683/1323/3238
f 679/1314/3239 684/1324/3240 685/1326/3241 680/1315/3242
f 680/1315/3243 685/1326/3244 686/1327/3245 681/1316/3246
f 681/1318/3247 686/1328/3248 687/1329/3249 1263/1319/3250
f 682/1325/3251 2477/1330/3252 688/1331/3253 689/1332/3254
f 682/1325/3255 2476/1311/3256 2475/1333/3257 2477/1330/3258
f 682/1325/3259 689/1332/3260 690/1334/3261 683/1323/3262
f 683/1323/3263 690/1334/3264 691/1335/3265 684/1324/3266
f 684/1324/3267 691/1335/3268 692/1336/3269 685/1326/3270
f 685/1326/3271 692/1337/3272 693/1338/3273 686/1327/3274
f 686/1328/3275 693/1339/3276 694/1340/3277 687/1329/3278
f 687/1329/3279 1647/1249/3280 1646/1341/3281 1263/1319/3282
f 687/1329/3283 694/1340/3284 1648/1245/3285 1647/1249/3286
f 688/1331/3287 1865/1342/3288 846/1343/3289 847/1344/3290
f 688/1331/3291 2477/1330/3292 1864/1345/3293 1865/1342/3294
f 688/1331/3295 847/1344/3296 848/1346/3297 689/1332/3298
f 689/1332/3299 848/1346/3300 849/1347/3301 690/1334/3302
f 690/1334/3303 849/1347/3304 850/1348/3305 691/1335/3306
f 691/1335/3307 850/1348/3308 851/1349/3309 692/1336/3310
f 692/1336/3311 851/1349/3312 852/1350/3313 693/1351/3314
f 693/1339/3315 852/1352/3316 853/1353/3317 694/1340/3318
f 694/1340/3319 853/1353/3320 1610/1241/3321 1648/1245/3322
f 1204/1354/3323 2322/1355/3324 697/1356/3325 698/1357/3326
f 1204/1358/3327 714/1359/3328 2395/1360/3329 2322/1361/3330
f 696/1362/3331 2324/804/3332 700/1363/3333 701/1364/3334
f 696/1362/3335 2321/1365/3336 530/805/3337 2324/804/3338
f 696/1362/3339 701/1364/3340 1879/1366/3341 697/1356/3342
f 696/1362/3343 697/1356/3344 2322/1355/3345 2321/1365/3346
f 697/1356/3347 1879/1366/3348 1880/1367/3349 698/1357/3350
f 698/1357/3351 1880/1367/3352 1923/1368/3353 715/1369/3354
f 698/1357/3355 715/1369/3356 3296/1370/3357 1204/1354/3358
f 699/1371/3359 700/1363/3360 2324/804/3361 2323/802/3362
f 699/1371/3363 1881/1372/3364 1882/1373/3365 700/1363/3366
f 700/1363/3367 1882/1373/3368 1883/1374/3369 701/1364/3370
f 702/801/3371 3086/1375/3372 3087/1376/3373 1891/1377/3374
f 702/801/3375 2761/800/3376 1233/1378/3377 3086/1375/3378
f 703/1379/3379 3263/1380/3380 1778/1381/3381 2749/1382/3382
f 703/1379/3383 3253/1383/3384 3328/1384/3385 3263/1380/3386
f 704/1385/3387 943/1386/3388 3273/1387/3389 3198/1388/3390
f 704/1389/3391 3302/1390/3392 3308/1391/3393 943/1392/3394
f 704/1385/3395 3197/1393/3396 3172/1394/3397 3302/1395/3398
f 704/1385/3399 3198/1388/3400 3199/1396/3401 3197/1393/3402
f 705/1397/3403 2637/1398/3404 2681/1399/3405 1893/1400/3406
f 705/1397/3407 2619/1401/3408 2821/1402/3409 2637/1398/3410
f 705/1403/3411 3302/1395/3412 3042/1404/3413 2619/1405/3414
f 705/1397/3415 1893/1400/3416 3308/1391/3417 3302/1390/3418
f 706/840/3419 2122/1406/3420 2089/1407/3421 1668/841/3422
f 706/840/3423 1762/839/3424 707/1408/3425 2122/1406/3426
f 707/1408/3427 708/1409/3428 709/1410/3429 2124/1411/3430
f 707/1408/3431 1762/839/3432 1763/1412/3433 708/1409/3434
f 707/1408/3435 2124/1411/3436 2123/1413/3437 2122/1406/3438
f 708/1409/3439 1763/1412/3440 1765/1414/3441 1766/1415/3442
f 708/1409/3443 1766/1415/3444 3009/1416/3445 709/1410/3446
f 709/1410/3447 3009/1416/3448 3010/1417/3449 2000/1418/3450
f 709/1410/3451 2000/1418/3452 2681/1399/3453 2124/1411/3454
f 710/1419/3455 2638/1420/3456 1269/1421/3457 1270/1422/3458
f 710/1419/3459 1266/1423/3460 3258/1219/3461 2638/1420/3462
f 710/1419/3463 1909/1424/3464 3305/1425/3465 1266/1423/3466
f 710/1419/3467 1270/1422/3468 2685/1426/3469 1909/1424/3470
f 1255/1427/3471 1256/1428/3472 1252/1429/3473 712/1430/3474
f 1255/1431/3475 1546/1432/3476 2193/1433/3477 1256/1434/3478
f 712/1430/3479 1252/1429/3480 1253/1435/3481 713/1436/3482
f 713/1436/3483 1253/1435/3484 2125/1437/3485 3004/1438/3486
f 3004/1438/3487 2125/1437/3488 3297/1439/3489 1254/1440/3490
f 714/1359/3491 2373/1441/3492 2372/1442/3493 3303/1443/3494
f 714/1359/3495 1204/1358/3496 3296/1444/3497 2373/1441/3498
f 715/1445/3499 2968/1446/3500 2967/1447/3501 3296/1448/3502
f 715/1445/3503 1923/1449/3504 1925/1450/3505 2968/1446/3506
f 716/1451/3507 1888/1452/3508 1890/1453/3509 717/1454/3510
f 716/1451/3511 1924/1455/3512 1885/1456/3513 1888/1452/3514
f 716/1457/3515 608/1103/3516 1926/1106/3517 1924/1458/3518
f 716/1457/3519 717/1459/3520 1784/1104/3521 608/1103/3522
f 717/1459/3523 2084/1460/3524 2086/1461/3525 1784/1104/3526
f 717/1454/3527 1890/1453/3528 3303/1443/3529 2084/1462/3530
f 718/1463/3531 3066/1464/3532 3292/1465/3533 3071/1466/3534
f 718/1467/3535 3294/1468/3536 1933/1469/3537 3066/1470/3538
f 718/1471/3539 3306/1472/3540 3307/1473/3541 3294/1468/3542
f 718/1463/3543 3071/1466/3544 2748/1039/3545 3306/1474/3546
f 719/1475/3547 955/1476/3548 950/1477/3549 949/1478/3550
f 719/1475/3551 720/1479/3552 721/1480/3553 955/1476/3554
f 719/1475/3555 2922/1481/3556 2923/1482/3557 720/1479/3558
f 719/1475/3559 949/1478/3560 3166/1483/3561 2922/1481/3562
f 720/1479/3563 722/1484/3564 723/1485/3565 721/1480/3566
f 720/1479/3567 2923/1482/3568 2924/1486/3569 722/1484/3570
f 721/1487/3571 960/1488/3572 956/1489/3573 955/1490/3574
f 721/1487/3575 723/1491/3576 724/1492/3577 960/1488/3578
f 722/1484/3579 2924/1486/3580 2925/1493/3581 725/1494/3582
f 722/1484/3583 725/1494/3584 726/1495/3585 723/1485/3586
f 723/1485/3587 726/1495/3588 727/1496/3589 724/1497/3590
f 724/1492/3591 964/1498/3592 961/1499/3593 960/1488/3594
f 724/1492/3595 727/1500/3596 728/1501/3597 964/1498/3598
f 725/1494/3599 2925/1493/3600 2926/1502/3601 2919/1503/3602
f 725/1494/3603 2919/1503/3604 729/1504/3605 726/1495/3606
f 726/1495/3607 729/1504/3608 730/1505/3609 727/1496/3610
f 727/1500/3611 730/1506/3612 731/1507/3613 728/1501/3614
f 728/1501/3615 967/1508/3616 965/1509/3617 964/1498/3618
f 728/1501/3619 731/1507/3620 732/1510/3621 967/1508/3622
f 729/1504/3623 733/1511/3624 734/1512/3625 730/1505/3626
f 729/1504/3627 2919/1503/3628 2920/1513/3629 733/1511/3630
f 730/1506/3631 734/1514/3632 735/1515/3633 731/1507/3634
f 731/1507/3635 735/1515/3636 736/1516/3637 732/1510/3638
f 732/1510/3639 969/1517/3640 968/1518/3641 967/1508/3642
f 732/1510/3643 736/1516/3644 737/1519/3645 969/1517/3646
f 733/1511/3647 738/1520/3648 1197/1521/3649 734/1512/3650
f 733/1511/3651 2920/1513/3652 2921/1522/3653 738/1520/3654
f 734/1514/3655 1197/1523/3656 1198/1524/3657 735/1515/3658
f 735/1515/3659 1198/1524/3660 1199/1525/3661 736/1516/3662
f 736/1516/3663 1199/1525/3664 1200/1526/3665 737/1519/3666
f 737/1519/3667 1200/1526/3668 2188/1527/3669 2709/1528/3670
f 737/1519/3671 2709/1528/3672 2708/1529/3673 969/1517/3674
f 738/1520/3675 1226/1530/3676 1201/1531/3677 1197/1521/3678
f 738/1520/3679 2921/1522/3680 1943/1532/3681 1226/1530/3682
f 739/1533/3683 2905/1534/3684 3319/1535/3685 3020/1536/3686
f 739/1533/3687 1941/1537/3688 740/1538/3689 2905/1534/3690
f 739/1533/3691 1939/1539/3692 1940/1540/3693 1941/1537/3694
f 739/1533/3695 3020/1536/3696 3019/1541/3697 1939/1539/3698
f 740/1538/3699 3128/1542/3700 1942/1543/3701 2905/1534/3702
f 740/1538/3703 741/1544/3704 2705/1545/3705 3128/1542/3706
f 740/1538/3707 1941/1537/3708 2704/1546/3709 741/1544/3710
f 741/1544/3711 2704/1546/3712 2253/1547/3713 2254/1548/3714
f 741/1544/3715 2254/1548/3716 2906/1549/3717 2705/1545/3718
f 742/1550/3719 2640/1551/3720 746/1552/3721 743/1553/3722
f 742/1554/3723 2387/755/3724 2639/1555/3725 2640/1556/3726
f 742/1554/3727 938/703/3728 942/702/3729 2387/755/3730
f 742/1554/3731 743/1557/3732 937/930/3733 938/703/3734
f 743/1558/3735 746/1559/3736 747/1560/3737 744/1561/3738
f 743/1557/3739 744/1562/3740 936/938/3741 937/930/3742
f 744/1561/3743 747/1560/3744 2282/1563/3745 745/1564/3746
f 744/1561/3747 745/1564/3748 935/957/3749 936/1565/3750
f 745/1564/3751 2282/1563/3752 2281/1566/3753 2283/1567/3754
f 745/1564/3755 2283/1567/3756 934/958/3757 935/957/3758
f 746/1559/3759 749/1568/3760 748/1569/3761 747/1560/3762
f 746/1552/3763 2640/1551/3764 750/1570/3765 749/1571/3766
f 747/1560/3767 748/1569/3768 2280/1572/3769 2282/1563/3770
f 748/1569/3771 749/1568/3772 1935/1573/3773 1224/1574/3774
f 748/1569/3775 1224/1574/3776 2278/1575/3777 2280/1572/3778
f 749/1571/3779 750/1570/3780 1936/1576/3781 1935/1577/3782
f 750/1570/3783 3046/1578/3784 2641/1579/3785 1936/1576/3786
f 750/1570/3787 2640/1551/3788 2639/1580/3789 3046/1578/3790
f 751/1581/3791 752/1582/3792 1599/1158/3793 1598/1583/3794
f 751/1581/3795 1538/1117/3796 2206/1120/3797 752/1582/3798
f 752/1582/3799 753/1584/3800 1600/1159/3801 1599/1158/3802
f 752/1582/3803 2206/1120/3804 2207/1124/3805 753/1584/3806
f 754/1585/3807 948/1586/3808 2718/1587/3809 3006/1588/3810
f 754/1589/3811 2003/1590/3812 1673/1591/3813 948/1592/3814
f 754/1589/3815 2002/1593/3816 2001/1594/3817 2003/1590/3818
f 754/1585/3819 3006/1588/3820 1674/1595/3821 2002/1596/3822
f 755/1597/3823 2388/1598/3824 934/958/3825 2283/1567/3826
f 755/1599/3827 2639/1555/3828 2387/755/3829 2388/1600/3830
f 755/1597/3831 1969/1601/3832 3046/1578/3833 2639/1580/3834
f 755/1597/3835 2283/1567/3836 2281/1566/3837 1969/1601/3838
f 756/1602/3839 2548/1603/3840 2549/1604/3841 2546/1605/3842
f 756/1602/3843 2617/1606/3844 2547/1607/3845 2548/1603/3846
f 757/1608/3847 975/1609/3848 979/1610/3849 2341/1611/3850
f 757/1612/3851 2209/1613/3852 765/1614/3853 975/1615/3854
f 2341/1611/3855 2682/1616/3856 2823/1617/3857 757/1608/3858
f 2341/1611/3859 2342/1618/3860 758/1619/3861 2682/1616/3862
f 758/1619/3863 2342/1618/3864 2343/1620/3865 2694/1621/3866
f 759/919/3867 760/1622/3868 3238/1623/3869 3237/920/3870
f 760/1622/3871 2389/1624/3872 3314/1625/3873 3238/1623/3874
f 761/889/3875 1841/1626/3876 1842/1627/3877 1843/885/3878
f 761/889/3879 1840/1628/3880 1753/1629/3881 1841/1626/3882
f 761/889/3883 762/888/3884 2573/912/3885 1840/1628/3886
f 2820/1630/3887 763/1631/3888 764/1632/3889 2097/1633/3890
f 763/1634/3891 3201/1635/3892 2612/1636/3893 764/1637/3894
f 3159/1638/3895 2643/1639/3896 3160/1640/3897 3312/1641/3898
f 3159/1638/3899 2829/1642/3900 2830/1643/3901 2643/1639/3902
f 765/1614/3903 2209/1613/3904 2695/1644/3905 2386/1645/3906
f 765/1614/3907 1914/1646/3908 974/1647/3909 975/1615/3910
f 765/1614/3911 2386/1645/3912 2385/1648/3913 1914/1646/3914
f 1997/1649/3915 2509/1650/3916 2510/1651/3917 766/1652/3918
f 2453/1653/3919 1997/1649/3920 766/1652/3921 1589/1654/3922
f 766/1652/3923 767/1655/3924 1590/1656/3925 1589/1654/3926
f 766/1652/3927 2510/1651/3928 2511/1657/3929 767/1655/3930
f 767/1655/3931 768/1658/3932 1591/1659/3933 1590/1656/3934
f 767/1655/3935 2511/1657/3936 2512/1660/3937 768/1658/3938
f 1591/1659/3939 768/1658/3940 1596/1661/3941 1592/1662/3942
f 768/1658/3943 2512/1660/3944 2513/1663/3945 1596/1661/3946
f 769/1664/3947 2833/1665/3948 2505/1666/3949 2478/1667/3950
f 769/1664/3951 2822/1668/3952 2832/1669/3953 2833/1665/3954
f 769/1664/3955 3308/1391/3956 1893/1400/3957 2822/1668/3958
f 769/1664/3959 2478/1667/3960 944/1670/3961 3308/1391/3962
f 770/1671/3963 2722/1672/3964 2234/1673/3965 2299/1674/3966
f 770/1671/3967 2492/1675/3968 2543/1676/3969 2722/1672/3970
f 770/1671/3971 771/1677/3972 2493/1678/3973 2492/1675/3974
f 770/1671/3975 2299/1674/3976 772/1679/3977 771/1677/3978
f 771/1677/3979 772/1679/3980 918/1680/3981 2948/1681/3982
f 771/1677/3983 2948/1681/3984 1194/1682/3985 2493/1678/3986
f 772/1683/3987 2299/1684/3988 2534/1685/3989 2763/1686/3990
f 772/1683/3991 2763/1686/3992 2764/1687/3993 918/1688/3994
f 773/1689/3995 1433/1690/3996 1434/1691/3997 774/1036/3998
f 773/1689/3999 1422/1692/4000 1432/1693/4001 1433/1690/4002
f 773/1689/4003 2418/1694/4004 2482/1695/4005 1422/1692/4006
f 773/1689/4007 774/1036/4008 2419/1035/4009 2418/1694/4010
f 774/1036/4011 1434/1691/4012 1435/1023/4013 775/1022/4014
f 776/1011/4015 1435/1023/4016 1454/1696/4017 1455/1012/4018
f 777/1171/4019 3324/1170/4020 1014/1697/4021 781/1698/4022
f 777/1171/4023 778/1699/4024 1018/1700/4025 1017/1172/4026
f 777/1171/4027 781/1698/4028 782/1701/4029 778/1699/4030
f 778/1699/4031 782/1701/4032 783/1702/4033 779/1703/4034
f 778/1699/4035 779/1703/4036 1019/1704/4037 1018/1700/4038
f 779/1703/4039 780/1705/4040 1020/1706/4041 1019/1704/4042
f 779/1703/4043 783/1702/4044 784/1707/4045 780/1705/4046
f 780/1705/4047 1039/1708/4048 1021/1709/4049 1020/1706/4050
f 780/1705/4051 784/1707/4052 785/1710/4053 1039/1708/4054
f 781/1698/4055 788/1711/4056 789/1712/4057 782/1701/4058
f 781/1698/4059 1014/1697/4060 1015/1713/4061 788/1711/4062
f 782/1701/4063 789/1712/4064 790/1714/4065 783/1702/4066
f 783/1702/4067 790/1714/4068 791/1715/4069 784/1707/4070
f 784/1707/4071 791/1715/4072 792/1716/4073 785/1710/4074
f 785/1710/4075 792/1716/4076 793/1717/4077 786/1718/4078
f 785/1710/4079 786/1718/4080 1040/1719/4081 1039/1708/4082
f 786/1718/4083 793/1717/4084 794/1720/4085 787/1721/4086
f 786/1718/4087 787/1721/4088 1041/1722/4089 1040/1719/4090
f 787/1721/4091 1056/1723/4092 1042/1724/4093 1041/1722/4094
f 787/1721/4095 794/1720/4096 795/1725/4097 1056/1723/4098
f 788/1711/4099 799/1726/4100 800/1727/4101 789/1712/4102
f 788/1711/4103 1015/1713/4104 1016/1728/4105 799/1726/4106
f 789/1712/4107 800/1727/4108 801/1729/4109 790/1714/4110
f 790/1714/4111 801/1729/4112 802/1730/4113 791/1715/4114
f 791/1715/4115 802/1730/4116 803/1731/4117 792/1716/4118
f 792/1716/4119 803/1731/4120 804/1732/4121 793/1717/4122
f 793/1717/4123 804/1732/4124 805/1733/4125 794/1720/4126
f 794/1720/4127 805/1733/4128 806/1734/4129 795/1725/4130
f 795/1725/4131 806/1734/4132 807/1735/4133 796/1736/4134
f 795/1725/4135 796/1736/4136 1057/1737/4137 1056/1723/4138
f 796/1736/4139 807/1735/4140 808/1738/4141 797/1739/4142
f 796/1736/4143 797/1739/4144 1058/1740/4145 1057/1737/4146
f 797/1739/4147 798/1741/4148 1059/1742/4149 1058/1740/4150
f 797/1739/4151 808/1738/4152 809/1743/4153 798/1741/4154
f 798/1741/4155 1069/1744/4156 1060/1745/4157 1059/1742/4158
f 798/1741/4159 809/1743/4160 810/1746/4161 1069/1744/4162
f 799/1747/4163 2009/1748/4164 2010/1749/4165 800/1750/4166
f 799/1747/4167 1016/1751/4168 2008/1752/4169 2009/1748/4170
f 800/1750/4171 2010/1749/4172 2011/1753/4173 801/1754/4174
f 801/1754/4175 2011/1753/4176 2012/1755/4177 802/1756/4178
f 802/1756/4179 2012/1755/4180 2013/1757/4181 803/1758/4182
f 803/1758/4183 2013/1757/4184 2014/1759/4185 804/1760/4186
f 804/1760/4187 2014/1759/4188 2015/1761/4189 805/1762/4190
f 805/1762/4191 2015/1761/4192 2016/1763/4193 806/1764/4194
f 806/1764/4195 2016/1763/4196 2017/1765/4197 807/1766/4198
f 807/1766/4199 2017/1765/4200 2018/1767/4201 808/1768/4202
f 808/1768/4203 2018/1767/4204 2019/1769/4205 809/1770/4206
f 809/1770/4207 2019/1769/4208 2020/1771/4209 810/1772/4210
f 810/1772/4211 2020/1771/4212 2021/1773/4213 811/1774/4214
f 810/1746/4215 811/1775/4216 1070/1776/4217 1069/1744/4218
f 811/1774/4219 2021/1773/4220 2022/1777/4221 812/1778/4222
f 811/1775/4223 812/1779/4224 1071/1780/4225 1070/1776/4226
f 812/1779/4227 1076/1781/4228 1072/1782/4229 1071/1780/4230
f 812/1778/4231 2022/1777/4232 1419/1783/4233 1076/1784/4234
f 813/1785/4235 1178/1786/4236 1184/1787/4237 814/1788/4238
f 813/1785/4239 2568/1789/4240 1166/1790/4241 1178/1786/4242
f 813/1785/4243 2570/1791/4244 2569/1792/4245 2568/1789/4246
f 813/1785/4247 814/1788/4248 877/1793/4249 2570/1791/4250
f 814/1788/4251 2768/1794/4252 878/1795/4253 877/1793/4254
f 814/1788/4255 1184/1787/4256 1713/1796/4257 2768/1794/4258
f 815/1797/4259 1411/1798/4260 1408/1799/4261 1407/1800/4262
f 815/1797/4263 816/1801/4264 817/1802/4265 1411/1798/4266
f 815/1797/4267 3250/1803/4268 3251/1804/4269 816/1801/4270
f 815/1797/4271 1407/1800/4272 3254/1805/4273 3250/1803/4274
f 817/1802/4275 816/1801/4276 819/1806/4277 820/1807/4278
f 816/1801/4279 3251/1804/4280 3252/1808/4281 819/1806/4282
f 818/1809/4283 817/1802/4284 820/1807/4285 821/1810/4286
f 817/1802/4287 818/1809/4288 1412/1811/4289 1411/1798/4290
f 818/1809/4291 1415/1812/4292 1413/1813/4293 1412/1811/4294
f 1415/1812/4295 818/1809/4296 821/1810/4297 822/1814/4298
f 1415/1812/4299 822/1814/4300 823/1815/4301 1416/1816/4302
f 1417/1817/4303 1416/1816/4304 823/1815/4305 824/1818/4306
f 819/1806/4307 1553/1819/4308 1554/1820/4309 820/1807/4310
f 819/1806/4311 3252/1808/4312 3278/1821/4313 1553/1819/4314
f 820/1807/4315 1554/1820/4316 1555/1822/4317 821/1810/4318
f 821/1810/4319 1555/1822/4320 1556/1823/4321 822/1814/4322
f 822/1814/4323 1556/1823/4324 1557/1824/4325 823/1815/4326
f 823/1815/4327 1557/1824/4328 1558/1825/4329 824/1818/4330
f 824/1818/4331 1558/1825/4332 1559/1826/4333 825/1827/4334
f 1417/1817/4335 824/1818/4336 825/1827/4337 1380/1828/4338
f 825/1827/4339 1418/1829/4340 1381/1830/4341 1380/1828/4342
f 825/1827/4343 1559/1826/4344 1560/1831/4345 1418/1829/4346
f 826/852/4347 1904/867/4348 1903/1832/4349 1902/848/4350
f 827/780/4351 1662/766/4352 2625/770/4353 1904/1833/4354
f 828/1834/4355 2989/1835/4356 832/1836/4357 833/1837/4358
f 828/1834/4359 927/1838/4360 928/1839/4361 2989/1835/4362
f 828/1834/4363 829/1840/4364 926/1841/4365 927/1838/4366
f 828/1834/4367 833/1837/4368 834/1842/4369 829/1840/4370
f 829/1840/4371 834/1842/4372 2963/1843/4373 830/1844/4374
f 829/1840/4375 830/1844/4376 2985/1845/4377 926/1841/4378
f 830/1844/4379 2963/1843/4380 2961/1846/4381 2960/1847/4382
f 830/1844/4383 2960/1847/4384 2957/1848/4385 2985/1845/4386
f 831/1849/4387 836/1850/4388 837/1851/4389 832/1836/4390
f 831/1849/4391 2991/1852/4392 835/1853/4393 836/1850/4394
f 831/1849/4395 2988/1854/4396 2987/923/4397 2991/1852/4398
f 831/1849/4399 832/1836/4400 2989/1835/4401 2988/1854/4402
f 832/1836/4403 837/1851/4404 838/1855/4405 833/1837/4406
f 833/1837/4407 838/1855/4408 839/1856/4409 834/1842/4410
f 834/1842/4411 839/1856/4412 2964/1857/4413 2963/1843/4414
f 835/1858/4415 2403/1859/4416 2404/1860/4417 2405/1861/4418
f 835/1853/4419 2991/1852/4420 2990/1862/4421 2403/1863/4422
f 835/1858/4423 2405/1861/4424 840/1864/4425 836/1865/4426
f 836/1865/4427 840/1864/4428 841/1866/4429 837/1867/4430
f 837/1867/4431 841/1866/4432 842/1868/4433 838/1869/4434
f 838/1869/4435 842/1868/4436 843/1870/4437 839/1871/4438
f 839/1871/4439 843/1870/4440 2965/1872/4441 2964/1873/4442
f 840/1864/4443 2405/1861/4444 2407/1874/4445 2408/1875/4446
f 840/1864/4447 2408/1875/4448 2409/1876/4449 841/1866/4450
f 841/1866/4451 2409/1876/4452 844/1877/4453 842/1868/4454
f 842/1868/4455 844/1877/4456 845/1878/4457 843/1870/4458
f 843/1870/4459 845/1878/4460 2966/1879/4461 2965/1872/4462
f 844/1877/4463 2414/1880/4464 846/1343/4465 845/1878/4466
f 844/1877/4467 2409/1876/4468 2413/1881/4469 2414/1880/4470
f 845/1878/4471 846/1343/4472 1865/1342/4473 2966/1879/4474
f 846/1343/4475 2414/1880/4476 854/1882/4477 847/1344/4478
f 847/1344/4479 854/1882/4480 855/1883/4481 848/1346/4482
f 848/1346/4483 855/1883/4484 856/1884/4485 849/1347/4486
f 849/1347/4487 856/1884/4488 857/1885/4489 850/1348/4490
f 850/1348/4491 857/1885/4492 858/1886/4493 851/1349/4494
f 851/1349/4495 858/1886/4496 859/1887/4497 852/1350/4498
f 852/1352/4499 859/1888/4500 1611/1889/4501 853/1353/4502
f 853/1353/4503 1611/1889/4504 1612/1239/4505 1610/1241/4506
f 854/1882/4507 2414/1880/4508 2413/1881/4509 860/1890/4510
f 854/1882/4511 860/1890/4512 861/1891/4513 855/1883/4514
f 855/1883/4515 861/1891/4516 862/1892/4517 856/1884/4518
f 856/1884/4519 862/1892/4520 863/1893/4521 857/1885/4522
f 857/1885/4523 863/1893/4524 864/1894/4525 858/1886/4526
f 858/1886/4527 864/1894/4528 1613/1895/4529 859/1887/4530
f 859/1888/4531 1613/1896/4532 1614/1897/4533 1611/1889/4534
f 860/1890/4535 865/1898/4536 866/1899/4537 861/1891/4538
f 860/1890/4539 2413/1881/4540 2412/1900/4541 865/1898/4542
f 861/1891/4543 866/1899/4544 867/1901/4545 862/1892/4546
f 862/1892/4547 867/1901/4548 868/1902/4549 863/1893/4550
f 863/1893/4551 868/1902/4552 1617/1903/4553 864/1894/4554
f 864/1894/4555 1617/1903/4556 1618/1904/4557 1613/1895/4558
f 865/1898/4559 869/1905/4560 870/1906/4561 866/1899/4562
f 865/1898/4563 2412/1900/4564 2411/1907/4565 869/1905/4566
f 866/1899/4567 870/1906/4568 871/1908/4569 867/1901/4570
f 867/1901/4571 871/1908/4572 1622/1909/4573 868/1902/4574
f 868/1902/4575 1622/1909/4576 1623/1910/4577 1617/1903/4578
f 869/1905/4579 872/1911/4580 873/1912/4581 870/1906/4582
f 869/1905/4583 2411/1907/4584 2410/1913/4585 872/1911/4586
f 870/1906/4587 873/1912/4588 1628/1914/4589 871/1908/4590
f 871/1908/4591 1628/1914/4592 1629/1915/4593 1622/1909/4594
f 872/1911/4595 3322/1916/4596 1805/1917/4597 873/1912/4598
f 872/1911/4599 2410/1913/4600 3317/1918/4601 3322/1916/4602
f 873/1912/4603 1805/1917/4604 1803/1919/4605 1628/1914/4606
f 874/1920/4607 1011/1921/4608 1601/1922/4609 875/1923/4610
f 874/1920/4611 3242/1924/4612 3264/1925/4613 1011/1921/4614
f 874/1920/4615 3240/1926/4616 3276/1927/4617 3242/1924/4618
f 874/1920/4619 875/1923/4620 3241/1928/4621 3240/1926/4622
f 875/1923/4623 1601/1922/4624 1602/1026/4625 3280/1030/4626
f 875/1923/4627 3280/1030/4628 3282/1929/4629 3241/1928/4630
f 876/1930/4631 2657/1931/4632 2198/1932/4633 2658/1933/4634
f 876/1930/4635 2110/1934/4636 3275/1935/4637 2657/1931/4638
f 877/1936/4639 3233/1073/4640 3325/1072/4641 2570/1937/4642
f 878/1795/4643 2768/1794/4644 2869/1938/4645 2079/1939/4646
f 879/1940/4647 880/1941/4648 3078/689/4649 3077/1942/4650
f 879/1940/4651 2978/1943/4652 3207/1944/4653 880/1941/4654
f 879/1940/4655 3223/1945/4656 3222/1946/4657 2978/1943/4658
f 879/1940/4659 3077/1942/4660 3076/1947/4661 3223/1945/4662
f 880/1941/4663 3202/1948/4664 3299/686/4665 3078/689/4666
f 880/1941/4667 3207/1944/4668 3206/1949/4669 3202/1948/4670
f 2427/1950/4671 2428/1951/4672 881/1952/4673 941/1953/4674
f 2427/1950/4675 941/1953/4676 940/1954/4677 2429/1955/4678
f 2428/1951/4679 882/1956/4680 883/1957/4681 881/1952/4682
f 882/1956/4683 1547/808/4684 1548/807/4685 883/1957/4686
f 884/1958/4687 889/1959/4688 890/1960/4689 885/1961/4690
f 884/1958/4691 3247/1962/4692 3248/1963/4693 889/1959/4694
f 884/1958/4695 1553/1819/4696 3278/1821/4697 3247/1962/4698
f 884/1958/4699 885/1961/4700 1554/1820/4701 1553/1819/4702
f 885/1961/4703 890/1960/4704 891/1964/4705 886/1965/4706
f 885/1961/4707 886/1965/4708 1555/1822/4709 1554/1820/4710
f 886/1965/4711 887/1966/4712 1556/1823/4713 1555/1822/4714
f 886/1965/4715 891/1964/4716 892/1967/4717 887/1966/4718
f 887/1966/4719 888/1968/4720 1557/1824/4721 1556/1823/4722
f 887/1966/4723 892/1967/4724 893/1969/4725 888/1968/4726
f 888/1968/4727 1695/1970/4728 1558/1825/4729 1557/1824/4730
f 888/1968/4731 893/1969/4732 894/1971/4733 1695/1970/4734
f 889/1959/4735 899/1972/4736 900/1973/4737 890/1960/4738
f 889/1959/4739 3248/1963/4740 3249/1974/4741 899/1972/4742
f 890/1960/4743 900/1973/4744 901/1975/4745 891/1964/4746
f 891/1964/4747 901/1975/4748 902/1976/4749 892/1967/4750
f 892/1967/4751 902/1976/4752 903/1977/4753 893/1969/4754
f 893/1969/4755 903/1977/4756 904/1978/4757 894/1971/4758
f 894/1971/4759 904/1978/4760 905/1979/4761 895/1980/4762
f 894/1971/4763 895/1980/4764 1696/1981/4765 1695/1970/4766
f 895/1980/4767 905/1979/4768 906/1982/4769 896/1983/4770
f 895/1980/4771 896/1983/4772 1697/1984/4773 1696/1981/4774
f 896/1983/4775 906/1982/4776 907/1985/4777 897/1986/4778
f 896/1983/4779 897/1986/4780 1698/1987/4781 1697/1984/4782
f 897/1986/4783 898/1988/4784 1699/1989/4785 1698/1987/4786
f 897/1986/4787 907/1985/4788 908/1990/4789 898/1988/4790
f 898/1988/4791 1701/1991/4792 1700/1992/4793 1699/1989/4794
f 898/1988/4795 908/1990/4796 909/1993/4797 1701/1991/4798
f 899/1994/4799 1284/1995/4800 1285/1996/4801 900/1997/4802
f 899/1994/4803 3249/1998/4804 3274/1999/4805 1284/1995/4806
f 900/1997/4807 1285/1996/4808 1286/2000/4809 901/2001/4810
f 901/2001/4811 1286/2000/4812 1287/2002/4813 902/2003/4814
f 902/2003/4815 1287/2002/4816 1288/2004/4817 903/2005/4818
f 903/2005/4819 1288/2004/4820 1289/2006/4821 904/2007/4822
f 904/2007/4823 1289/2006/4824 1290/2008/4825 905/2009/4826
f 905/2009/4827 1290/2008/4828 1291/2010/4829 906/2011/4830
f 906/2011/4831 1291/2010/4832 1292/2012/4833 907/2013/4834
f 907/2013/4835 1292/2012/4836 1293/2014/4837 908/2015/4838
f 908/2015/4839 1293/2014/4840 1294/2016/4841 909/2017/4842
f 909/2017/4843 1294/2016/4844 1295/2018/4845 910/2019/4846
f 909/1993/4847 910/2020/4848 1702/2021/4849 1701/1991/4850
f 910/2019/4851 1295/2018/4852 1296/2022/4853 911/2023/4854
f 910/2020/4855 911/2024/4856 1703/2025/4857 1702/2021/4858
f 911/2023/4859 1296/2022/4860 1297/2026/4861 912/2027/4862
f 911/2024/4863 912/2028/4864 1704/2029/4865 1703/2025/4866
f 912/2028/4867 913/2030/4868 1705/2031/4869 1704/2029/4870
f 912/2027/4871 1297/2026/4872 1298/2032/4873 913/2033/4874
f 913/2030/4875 914/2034/4876 1706/2035/4877 1705/2031/4878
f 913/2033/4879 1298/2032/4880 1299/2036/4881 914/2037/4882
f 914/2034/4883 1714/2038/4884 1707/2039/4885 1706/2035/4886
f 914/2037/4887 1299/2036/4888 1300/2040/4889 1714/2041/4890
f 915/2042/4891 2318/2043/4892 3008/2044/4893 2871/2045/4894
f 915/2042/4895 2503/2046/4896 2502/2047/4897 2318/2043/4898
f 915/2048/4899 920/2049/4900 2674/2050/4901 2503/2051/4902
f 915/2042/4903 2871/2045/4904 3272/2052/4905 920/2053/4906
f 916/2054/4907 2618/2055/4908 3039/2056/4909 2620/2057/4910
f 916/2058/4911 2656/2059/4912 1895/2060/4913 2618/2061/4914
f 916/2058/4915 3273/2062/4916 2497/2063/4917 2656/2059/4918
f 916/2054/4919 2620/2057/4920 3198/2064/4921 3273/2065/4922
f 918/1680/4923 919/2066/4924 2949/2067/4925 2948/1681/4926
f 918/1688/4927 2764/1687/4928 2717/2068/4929 919/2069/4930
f 919/2066/4931 3129/2070/4932 3017/2071/4933 2949/2067/4934
f 919/2069/4935 2717/2068/4936 3130/2072/4937 3129/2073/4938
f 920/2049/4939 3021/2074/4940 3182/2075/4941 2674/2050/4942
f 920/2049/4943 3272/2076/4944 3181/2077/4945 3021/2074/4946
f 921/2078/4947 922/2079/4948 923/2080/4949 1908/2081/4950
f 921/2082/4951 2472/1313/4952 2469/1305/4953 922/2083/4954
f 921/2082/4955 1905/2084/4956 2471/2085/4957 2472/1313/4958
f 921/2078/4959 1908/2081/4960 1906/2086/4961 1905/2087/4962
f 922/2083/4963 2469/1305/4964 2470/1302/4965 924/1301/4966
f 922/2088/4967 924/2089/4968 925/2090/4969 923/2080/4970
f 923/2080/4971 3094/2091/4972 3093/2092/4973 1908/2081/4974
f 923/2080/4975 925/2090/4976 2787/2093/4977 3094/2091/4978
f 924/2089/4979 3326/2094/4980 2304/2095/4981 925/2090/4982
f 925/2090/4983 2304/2095/4984 1205/2096/4985 2787/2093/4986
f 926/1841/4987 1871/2097/4988 1873/2098/4989 927/1838/4990
f 926/1841/4991 2985/1845/4992 1868/2099/4993 1871/2097/4994
f 927/1838/4995 1873/2098/4996 1875/2100/4997 928/1839/4998
f 928/1839/4999 930/2101/5000 2988/1854/5001 2989/1835/5002
f 928/1839/5003 1875/2100/5004 929/2102/5005 930/2101/5006
f 929/2102/5007 2582/1222/5008 2581/1226/5009 931/929/5010
f 929/2102/5011 1875/2100/5012 1874/1223/5013 2582/1222/5014
f 929/2102/5015 931/929/5016 932/924/5017 930/2101/5018
f 930/2101/5019 932/924/5020 2987/923/5021 2988/1854/5022
f 931/929/5023 2581/1226/5024 3315/2103/5025 2992/927/5026
f 933/860/5027 2816/2104/5028 3034/2105/5029 3035/858/5030
f 933/860/5031 1848/2106/5032 2725/2107/5033 2816/2104/5034
f 933/860/5035 2817/853/5036 2812/855/5037 1848/2106/5038
f 934/2108/5039 2388/1600/5040 2824/2109/5041 3310/2110/5042
f 917/2111/5043 2829/2112/5044 3159/1638/5045 2828/1208/5046
f 917/2113/5047 1976/2114/5048 2830/2115/5049 2829/2116/5050
f 939/2117/5051 2545/829/5052 3258/1219/5053 1266/1423/5054
f 939/834/5055 3705/2118/5056 3706/2119/5057 2754/833/5058
f 939/2117/5059 1266/1423/5060 3305/1425/5061 3722/2120/5062 3705/2121/5063
f 3071/1466/5064 3721/2122/5065 1541/2123/5066 1542/1040/5067 2748/1039/5068
f 3071/1466/5069 3292/1465/5070 1540/2124/5071 3723/2125/5072 1541/2123/5073 3721/2122/5074
f 943/1392/5075 3308/1391/5076 944/1670/5077 3271/2126/5078 3724/2127/5079
f 943/2128/5080 3724/2129/5081 3725/2130/5082 3272/2052/5083 3273/2062/5084
f 944/1670/5085 1252/1429/5086 1256/1428/5087 3271/2126/5088
f 944/1670/5089 2478/1667/5090 1253/1435/5091 1252/1429/5092
f 945/2131/5093 3067/2132/5094 2126/2133/5095 2739/2134/5096
f 945/2131/5097 3271/2135/5098 1256/2136/5099 3067/2132/5100
f 945/2131/5101 3181/2077/5102 3272/2076/5103 3725/2137/5104 3271/2135/5105
f 945/2131/5106 2739/2134/5107 3211/2138/5108 3181/2077/5109
f 946/754/5110 2825/2139/5111 2388/1600/5112 2387/755/5113
f 2825/2139/5114 2826/2140/5115 2824/2109/5116 2388/1600/5117
f 947/2141/5118 948/1592/5119 1673/1591/5120 3270/2142/5121
f 947/2143/5122 2719/2144/5123 2718/1587/5124 948/1586/5125
f 947/2143/5126 3268/2145/5127 3245/2146/5128 2719/2144/5129
f 947/2141/5130 3270/2142/5131 2834/2147/5132 3268/2148/5133
f 949/1478/5134 2913/2149/5135 2912/2150/5136 3166/1483/5137
f 949/1478/5138 950/1477/5139 2914/2151/5140 2913/2149/5141
f 950/1477/5142 951/2152/5143 2915/2153/5144 2914/2151/5145
f 950/2154/5146 955/1490/5147 956/1489/5148 951/2155/5149
f 951/2155/5150 952/2156/5151 2916/2157/5152 2915/2158/5153
f 951/2155/5154 956/1489/5155 957/2159/5156 952/2156/5157
f 952/2156/5158 957/2159/5159 958/2160/5160 953/2161/5161
f 952/2156/5162 953/2161/5163 2917/2162/5164 2916/2157/5165
f 953/2161/5166 958/2160/5167 959/2163/5168 954/2164/5169
f 953/2161/5170 954/2164/5171 2918/2165/5172 2917/2162/5173
f 954/2164/5174 959/2163/5175 2923/1482/5176 2922/1481/5177
f 954/2164/5178 2922/1481/5179 3166/1483/5180 2918/2165/5181
f 956/1489/5182 960/1488/5183 961/1499/5184 957/2159/5185
f 957/2159/5186 961/1499/5187 962/2166/5188 958/2160/5189
f 958/2160/5190 962/2166/5191 963/2167/5192 959/2163/5193
f 959/2163/5194 963/2167/5195 2924/1486/5196 2923/1482/5197
f 961/1499/5198 964/1498/5199 965/1509/5200 962/2166/5201
f 962/2166/5202 965/1509/5203 966/2168/5204 963/2167/5205
f 963/2167/5206 966/2168/5207 2925/1493/5208 2924/1486/5209
f 965/1509/5210 967/1508/5211 968/1518/5212 966/2168/5213
f 966/2168/5214 968/1518/5215 2926/1502/5216 2925/1493/5217
f 968/1518/5218 969/1517/5219 2708/1529/5220 2926/1502/5221
f 2872/2169/5222 2091/2170/5223 1740/2171/5224 971/2172/5225
f 2872/2169/5226 971/2172/5227 2671/2173/5228 970/2174/5229
f 971/2172/5230 1740/2171/5231 1741/2175/5232 1738/2176/5233
f 971/2172/5234 1738/2176/5235 2672/2177/5236 2671/2173/5237
f 2684/2178/5238 3304/2179/5239 711/2180/5240 1391/2181/5241
f 2684/2178/5242 1391/2181/5243 3301/2182/5244 2683/2183/5245
f 972/2184/5246 3150/2185/5247 2688/2186/5248 976/2187/5249
f 972/2188/5250 1912/2189/5251 1911/2190/5252 3150/2191/5253
f 972/2188/5254 973/2192/5255 1913/2193/5256 1912/2189/5257
f 972/2184/5258 976/2187/5259 977/2194/5260 973/2195/5261
f 973/2195/5262 977/2194/5263 978/2196/5264 974/2197/5265
f 973/2192/5266 974/1647/5267 1914/1646/5268 1913/2193/5269
f 974/2197/5270 978/2196/5271 979/1610/5272 975/1609/5273
f 976/2187/5274 2688/2186/5275 2374/2198/5276 2375/2199/5277
f 976/2187/5278 2375/2199/5279 2376/2200/5280 977/2194/5281
f 977/2194/5282 2376/2200/5283 980/2201/5284 978/2196/5285
f 978/2196/5286 980/2201/5287 981/2202/5288 979/1610/5289
f 979/1610/5290 981/2202/5291 2342/1618/5292 2341/1611/5293
f 980/2201/5294 2380/2203/5295 982/2204/5296 981/2202/5297
f 980/2201/5298 2376/2200/5299 2379/2205/5300 2380/2203/5301
f 981/2202/5302 982/2204/5303 2343/1620/5304 2342/1618/5305
f 982/2204/5306 2386/1645/5307 2695/1644/5308 2343/1620/5309
f 982/2204/5310 2380/2203/5311 2385/1648/5312 2386/1645/5313
f 983/2206/5314 3265/2207/5315 3300/2208/5316 1671/2209/5317
f 983/2210/5318 3313/2211/5319 2496/2212/5320 3265/2213/5321
f 983/2210/5322 2203/2214/5323 2370/2215/5324 3313/2211/5325
f 983/2206/5326 1671/2209/5327 1669/2216/5328 2203/2217/5329
f 984/883/5330 2426/882/5331 3300/2208/5332 3265/2207/5333
f 985/2218/5334 2203/2214/5335 1669/2219/5336 2360/2220/5337
f 985/2218/5338 2204/2221/5339 2370/2215/5340 2203/2214/5341
f 3335/2222/5342 986/2223/5343 2516/898/5344 3334/897/5345
f 986/2223/5346 2734/2224/5347 1929/1186/5348 2516/898/5349
f 987/1161/5350 988/1173/5351 2034/2225/5352 2033/1162/5353
f 988/1173/5354 1017/1172/5355 1018/1700/5356 989/2226/5357
f 988/1173/5358 989/2226/5359 1436/2227/5360 2034/2225/5361
f 989/2226/5362 1018/1700/5363 1019/1704/5364 990/2228/5365
f 989/2226/5366 990/2228/5367 1437/2229/5368 1436/2227/5369
f 990/2228/5370 1019/1704/5371 1020/1706/5372 991/2230/5373
f 990/2228/5374 991/2230/5375 1438/2231/5376 1437/2229/5377
f 991/2230/5378 1020/1706/5379 1021/1709/5380 992/2232/5381
f 991/2230/5382 992/2232/5383 1439/2233/5384 1438/2231/5385
f 992/2232/5386 1021/1709/5387 1022/2234/5388 993/2235/5389
f 992/2232/5390 993/2235/5391 1440/2236/5392 1439/2233/5393
f 993/2235/5394 1022/2234/5395 1023/2237/5396 994/2238/5397
f 993/2235/5398 994/2238/5399 1441/2239/5400 1440/2236/5401
f 994/2238/5402 1023/2237/5403 1024/2240/5404 995/2241/5405
f 994/2238/5406 995/2241/5407 1442/2242/5408 1441/2239/5409
f 995/2241/5410 1024/2240/5411 1025/2243/5412 996/2244/5413
f 995/2241/5414 996/2244/5415 1443/2245/5416 1442/2242/5417
f 996/2244/5418 1025/2243/5419 1026/2246/5420 997/2247/5421
f 996/2244/5422 997/2247/5423 1444/2248/5424 1443/2245/5425
f 997/2247/5426 1026/2246/5427 1027/2249/5428 998/2250/5429
f 997/2247/5430 998/2250/5431 1445/2251/5432 1444/2248/5433
f 998/2250/5434 1027/2249/5435 1028/2252/5436 999/2253/5437
f 998/2250/5438 999/2253/5439 1446/2254/5440 1445/2251/5441
f 999/2253/5442 1028/2252/5443 1029/2255/5444 1000/2256/5445
f 999/2253/5446 1000/2256/5447 1447/2257/5448 1446/2254/5449
f 1000/2256/5450 1029/2255/5451 1030/2258/5452 1001/2259/5453
f 1000/2256/5454 1001/2259/5455 1448/2260/5456 1447/2257/5457
f 1001/2259/5458 1030/2258/5459 1031/2261/5460 1002/2262/5461
f 1001/2259/5462 1002/2262/5463 1449/2263/5464 1448/2260/5465
f 1002/2262/5466 1031/2261/5467 1032/2264/5468 1003/2265/5469
f 1002/2262/5470 1003/2265/5471 1450/2266/5472 1449/2263/5473
f 1003/2265/5474 1032/2264/5475 1033/2267/5476 1004/2268/5477
f 1003/2265/5478 1004/2268/5479 1451/2269/5480 1450/2266/5481
f 1004/2268/5482 1033/2267/5483 1034/2270/5484 1005/2271/5485
f 1004/2268/5486 1005/2271/5487 1452/2272/5488 1451/2269/5489
f 1005/2271/5490 1034/2270/5491 1035/2273/5492 1006/2274/5493
f 1005/2271/5494 1006/2274/5495 1453/2275/5496 1452/2272/5497
f 1006/2274/5498 1035/2273/5499 1036/2276/5500 1007/2277/5501
f 1006/2274/5502 1007/2277/5503 1454/1696/5504 1453/2275/5505
f 1007/2277/5506 1036/2276/5507 1037/2278/5508 1008/2279/5509
f 1007/2277/5510 1008/2279/5511 1455/1012/5512 1454/1696/5513
f 1008/2279/5514 1037/2278/5515 1038/2280/5516 1009/2281/5517
f 1008/2279/5518 1009/2281/5519 1456/1013/5520 1455/1012/5521
f 1009/2281/5522 1038/2280/5523 3264/2282/5524 3242/2283/5525
f 1009/2281/5526 3242/2283/5527 3276/1018/5528 1456/1013/5529
f 1010/2284/5530 1055/2285/5531 1012/2286/5532 1013/2287/5533
f 1010/2284/5534 1038/2280/5535 1037/2278/5536 1055/2285/5537
f 1010/2284/5538 1011/1921/5539 3264/2282/5540 1038/2280/5541
f 1010/2284/5542 1013/2287/5543 1601/1922/5544 1011/1921/5545
f 1012/2286/5546 1068/2288/5547 2481/1033/5548 2417/1031/5549
f 1012/2286/5550 1055/2285/5551 1054/2289/5552 1068/2288/5553
f 1012/2286/5554 2417/1031/5555 1603/1027/5556 1013/2287/5557
f 1013/2287/5558 1603/1027/5559 1602/1026/5560 1601/1922/5561
f 1014/1697/5562 3324/1170/5563 1782/1169/5564 1783/2290/5565
f 1014/1697/5566 1783/2290/5567 1658/2291/5568 1015/1713/5569
f 1015/1713/5570 1658/2291/5571 3330/2292/5572 1016/1728/5573
f 1016/1751/5574 3330/2293/5575 2628/2294/5576 2008/1752/5577
f 1021/1709/5578 1039/1708/5579 1040/1719/5580 1022/2234/5581
f 1022/2234/5582 1040/1719/5583 1041/1722/5584 1023/2237/5585
f 1023/2237/5586 1041/1722/5587 1042/1724/5588 1024/2240/5589
f 1024/2240/5590 1042/1724/5591 1043/2295/5592 1025/2243/5593
f 1025/2243/5594 1043/2295/5595 1044/2296/5596 1026/2246/5597
f 1026/2246/5598 1044/2296/5599 1045/2297/5600 1027/2249/5601
f 1027/2249/5602 1045/2297/5603 1046/2298/5604 1028/2252/5605
f 1028/2252/5606 1046/2298/5607 1047/2299/5608 1029/2255/5609
f 1029/2255/5610 1047/2299/5611 1048/2300/5612 1030/2258/5613
f 1030/2258/5614 1048/2300/5615 1049/2301/5616 1031/2261/5617
f 1031/2261/5618 1049/2301/5619 1050/2302/5620 1032/2264/5621
f 1032/2264/5622 1050/2302/5623 1051/2303/5624 1033/2267/5625
f 1033/2267/5626 1051/2303/5627 1052/2304/5628 1034/2270/5629
f 1034/2270/5630 1052/2304/5631 1053/2305/5632 1035/2273/5633
f 1035/2273/5634 1053/2305/5635 1054/2289/5636 1036/2276/5637
f 1036/2276/5638 1054/2289/5639 1055/2285/5640 1037/2278/5641
f 1042/1724/5642 1056/1723/5643 1057/1737/5644 1043/2295/5645
f 1043/2295/5646 1057/1737/5647 1058/1740/5648 1044/2296/5649
f 1044/2296/5650 1058/1740/5651 1059/1742/5652 1045/2297/5653
f 1045/2297/5654 1059/1742/5655 1060/1745/5656 1046/2298/5657
f 1046/2298/5658 1060/1745/5659 1061/2306/5660 1047/2299/5661
f 1047/2299/5662 1061/2306/5663 1062/2307/5664 1048/2300/5665
f 1048/2300/5666 1062/2307/5667 1063/2308/5668 1049/2301/5669
f 1049/2301/5670 1063/2308/5671 1064/2309/5672 1050/2302/5673
f 1050/2302/5674 1064/2309/5675 1065/2310/5676 1051/2303/5677
f 1051/2303/5678 1065/2310/5679 1066/2311/5680 1052/2304/5681
f 1052/2304/5682 1066/2311/5683 1067/2312/5684 1053/2305/5685
f 1053/2305/5686 1067/2312/5687 1068/2288/5688 1054/2289/5689
f 1060/1745/5690 1069/1744/5691 1070/1776/5692 1061/2306/5693
f 1061/2306/5694 1070/1776/5695 1071/1780/5696 1062/2307/5697
f 1062/2307/5698 1071/1780/5699 1072/1782/5700 1063/2308/5701
f 1063/2308/5702 1072/1782/5703 1073/2313/5704 1064/2309/5705
f 1064/2309/5706 1073/2313/5707 1074/2314/5708 1065/2310/5709
f 1065/2310/5710 1074/2314/5711 1075/2315/5712 1066/2311/5713
f 1066/2311/5714 1075/2315/5715 2480/2316/5716 1067/2312/5717
f 1067/2312/5718 2480/2316/5719 2481/1033/5720 1068/2288/5721
f 1072/1782/5722 1076/1781/5723 1077/2317/5724 1073/2313/5725
f 1073/2313/5726 1077/2317/5727 1078/2318/5728 1074/2314/5729
f 1074/2314/5730 1078/2318/5731 2482/2319/5732 1075/2315/5733
f 1075/2315/5734 2482/2319/5735 2418/2320/5736 2480/2316/5737
f 1076/1784/5738 1419/1783/5739 1420/2321/5740 1077/2322/5741
f 1077/2322/5742 1420/2321/5743 1421/2323/5744 1078/2324/5745
f 1078/2324/5746 1421/2323/5747 1422/1692/5748 2482/1695/5749
f 2221/2325/5750 531/809/5751 3329/2326/5752 1080/2327/5753
f 2221/2325/5754 2222/2328/5755 2429/810/5756 531/809/5757
f 2222/2329/5758 2945/2330/5759 2427/1950/5760 2429/1955/5761
f 2945/2330/5762 2201/2331/5763 2428/1951/5764 2427/1950/5765
f 2201/2331/5766 2202/2332/5767 882/1956/5768 2428/1951/5769
f 2202/2332/5770 2204/2221/5771 1547/808/5772 882/1956/5773
f 565/722/5774 1082/937/5775 1083/2333/5776 1081/725/5777
f 1081/725/5778 1083/2333/5779 1084/2334/5780 1689/728/5781
f 571/936/5782 1087/948/5783 1088/2335/5784 1082/937/5785
f 1082/937/5786 1088/2335/5787 1089/2336/5788 1083/2333/5789
f 1083/2333/5790 1089/2336/5791 1090/2337/5792 1084/2334/5793
f 1084/2334/5794 1090/2337/5795 1091/2338/5796 1085/2339/5797
f 1084/2334/5798 1085/2339/5799 1690/2340/5800 1689/728/5801
f 1085/2339/5802 1692/2341/5803 1691/2342/5804 1690/2340/5805
f 1085/2339/5806 1091/2338/5807 1092/2343/5808 1692/2341/5809
f 575/945/5810 1093/955/5811 1094/2344/5812 1086/947/5813
f 1086/947/5814 1094/2344/5815 1095/2345/5816 1087/948/5817
f 1087/948/5818 1095/2345/5819 1096/2346/5820 1088/2335/5821
f 1088/2335/5822 1096/2346/5823 1097/2347/5824 1089/2336/5825
f 1089/2336/5826 1097/2347/5827 1098/2348/5828 1090/2337/5829
f 1090/2337/5830 1098/2348/5831 1099/2349/5832 1091/2338/5833
f 1091/2338/5834 1099/2349/5835 1100/2350/5836 1092/2343/5837
f 1092/2343/5838 1693/2351/5839 2974/2352/5840 1692/2341/5841
f 1092/2343/5842 1100/2350/5843 1101/2353/5844 1693/2351/5845
f 578/954/5846 1459/962/5847 1460/2354/5848 1093/955/5849
f 1093/955/5850 1460/2354/5851 1461/2355/5852 1094/2344/5853
f 1094/2344/5854 1461/2355/5855 1462/2356/5856 1095/2345/5857
f 1095/2345/5858 1462/2356/5859 1463/2357/5860 1096/2346/5861
f 1096/2346/5862 1463/2357/5863 1464/2358/5864 1097/2347/5865
f 1097/2347/5866 1464/2358/5867 1465/2359/5868 1098/2348/5869
f 1098/2348/5870 1465/2359/5871 1466/2360/5872 1099/2349/5873
f 1099/2349/5874 1466/2360/5875 1467/2361/5876 1100/2350/5877
f 1100/2350/5878 1467/2361/5879 1468/2362/5880 1101/2353/5881
f 1101/2353/5882 1468/2362/5883 1469/2363/5884 1102/2364/5885
f 1101/2353/5886 1102/2364/5887 1694/2365/5888 1693/2351/5889
f 1102/2364/5890 1103/2366/5891 2975/2367/5892 1694/2365/5893
f 1102/2364/5894 1469/2363/5895 1470/2368/5896 1103/2366/5897
f 1103/2366/5898 1104/2369/5899 2976/2370/5900 2975/2367/5901
f 1103/2366/5902 1470/2368/5903 2751/2371/5904 1104/2369/5905
f 1104/2369/5906 2977/2372/5907 3203/2373/5908 2976/2370/5909
f 1104/2369/5910 2751/2371/5911 3072/2374/5912 2977/2372/5913
f 1106/2375/5914 2997/2376/5915 2424/2377/5916 2425/2378/5917
f 2997/2376/5918 1106/2375/5919 2569/2379/5920 1146/2380/5921
f 1106/2381/5922 2567/2382/5923 2568/1789/5924 2569/1792/5925
f 1106/2381/5926 2425/2383/5927 3321/2384/5928 2567/2382/5929
f 764/1632/5930 1971/2385/5931 2098/2386/5932 2097/1633/5933
f 764/1637/5934 2612/1636/5935 1107/2387/5936 1971/2388/5937
f 2612/1636/5938 2613/2389/5939 1109/2390/5940 1107/2387/5941
f 1107/2387/5942 1109/2390/5943 1110/2391/5944 1108/2392/5945
f 1107/2387/5946 1108/2392/5947 1972/2393/5948 1971/2388/5949
f 1108/2392/5950 1974/2394/5951 1973/2395/5952 1972/2393/5953
f 1108/2392/5954 1110/2391/5955 1754/2396/5956 1974/2394/5957
f 2613/2389/5958 1111/2397/5959 1755/2398/5960 1109/2390/5961
f 1109/2390/5962 1755/2398/5963 1756/2399/5964 1110/2391/5965
f 1110/2391/5966 1756/2399/5967 1757/2400/5968 1754/2396/5969
f 1111/2397/5970 2779/2401/5971 2092/2402/5972 1755/2398/5973
f 1112/2403/5974 2431/751/5975 2432/706/5976 1117/705/5977
f 1112/2403/5978 3310/2404/5979 2824/752/5980 2431/751/5981
f 1112/2403/5982 1117/705/5983 1118/708/5984 1113/2405/5985
f 1112/2406/5986 1113/2407/5987 1458/961/5988 3310/960/5989
f 1113/2405/5990 1118/708/5991 1119/711/5992 1114/2408/5993
f 1113/2407/5994 1114/2409/5995 1459/962/5996 1458/961/5997
f 1114/2409/5998 1115/2410/5999 1460/2354/6000 1459/962/6001
f 1114/2408/6002 1119/711/6003 1120/714/6004 1115/2411/6005
f 1115/2410/6006 1116/2412/6007 1461/2355/6008 1460/2354/6009
f 1115/2411/6010 1120/714/6011 1121/718/6012 1116/2413/6013
f 1116/2412/6014 1471/2414/6015 1462/2356/6016 1461/2355/6017
f 1116/2413/6018 1121/718/6019 1122/721/6020 1471/2415/6021
f 1122/721/6022 1123/724/6023 1472/2416/6024 1471/2415/6025
f 1123/724/6026 1124/727/6027 1473/2417/6028 1472/2416/6029
f 1124/727/6030 1125/730/6031 1474/2418/6032 1473/2417/6033
f 1125/730/6034 1126/2419/6035 1475/2420/6036 1474/2418/6037
f 1125/730/6038 1686/729/6039 1687/2421/6040 1126/2419/6041
f 1127/2422/6042 1251/2423/6043 2935/2424/6044 1239/2425/6045
f 1127/2422/6046 3290/2426/6047 3295/2427/6048 1251/2423/6049
f 1127/2428/6050 3279/2429/6051 1550/2430/6052 3290/2431/6053
f 1127/2428/6054 1239/2432/6055 1238/2433/6056 3279/2429/6057
f 2939/2434/6058 1128/1063/6059 1273/1060/6060 1279/2435/6061
f 1128/1063/6062 2939/2434/6063 2210/2436/6064 1775/1068/6065
f 2939/2437/6066 1279/2438/6067 1131/2439/6068 2211/2440/6069
f 1130/2441/6070 1131/2439/6071 1279/2438/6072 1278/2442/6073
f 1129/2443/6074 1130/2441/6075 1278/2442/6076 1277/2444/6077
f 1129/2443/6078 1281/2445/6079 1132/2446/6080 1133/2447/6081
f 1129/2443/6082 1133/2447/6083 1134/2448/6084 1130/2441/6085
f 1130/2441/6086 1134/2448/6087 2940/2449/6088 1131/2439/6089
f 1131/2439/6090 2940/2449/6091 2215/2450/6092 2211/2440/6093
f 1132/2446/6094 1283/2451/6095 1135/1079/6096 1136/1078/6097
f 1132/2446/6098 1281/2445/6099 3702/2452/6100 1283/2451/6101
f 1133/2447/6102 1132/2446/6103 1136/1078/6104 1137/1081/6105
f 1134/2448/6106 1133/2447/6107 1137/1081/6108 2941/2453/6109
f 2940/2449/6110 1134/2448/6111 2941/2453/6112 2942/2454/6113
f 1137/1081/6114 1138/1080/6115 2943/1070/6116 2941/2453/6117
f 2458/1057/6118 2943/1070/6119 1138/1080/6120 3003/1054/6121
f 1139/2455/6122 2306/2456/6123 1237/2457/6124 2420/2458/6125
f 1139/2455/6126 2191/904/6127 2305/2459/6128 2306/2456/6129
f 1139/2455/6130 2142/2460/6131 2437/905/6132 2191/904/6133
f 1139/2455/6134 2420/2458/6135 2143/2461/6136 2142/2460/6137
f 2748/1039/6138 1932/1038/6139 3307/1473/6140 3306/1474/6141
f 1141/1157/6142 633/1156/6143 1600/1159/6144 1142/2462/6145
f 1142/2462/6146 1600/1159/6147 753/1584/6148 1143/2463/6149
f 1143/2463/6150 753/1584/6151 2207/1124/6152 2208/1127/6153
f 1145/2464/6154 2217/2465/6155 1148/2466/6156 2996/2467/6157
f 1145/2464/6158 2214/2468/6159 2213/2469/6160 2217/2465/6161
f 1145/2464/6162 1146/2380/6163 3325/1072/6164 2214/2468/6165
f 2997/2376/6166 1146/2380/6167 1145/2464/6168 2996/2467/6169
f 1146/2380/6170 2569/2379/6171 2570/1937/6172 3325/1072/6173
f 1147/2470/6174 1148/2466/6175 2217/2465/6176 2216/2471/6177
f 2998/2472/6178 1147/2470/6179 2218/2473/6180 2219/1071/6181
f 2218/2473/6182 1147/2470/6183 2216/2471/6184 2215/2450/6185
f 1147/2470/6186 2998/2472/6187 2999/2474/6188 1148/2466/6189
f 1148/2466/6190 2999/2474/6191 3000/2475/6192 2996/2467/6193
f 2998/2472/6194 2219/1071/6195 2468/1062/6196 3730/1067/6197 2465/1066/6198
f 1149/821/6199 2501/824/6200 2503/2051/6201 2674/2050/6202
f 1149/821/6203 2674/2050/6204 3182/2075/6205 3022/822/6206
f 1150/2476/6207 1528/2477/6208 1162/2478/6209 1163/2479/6210
f 1150/2476/6211 1517/2480/6212 1516/2481/6213 1528/2477/6214
f 1150/2476/6215 1151/2482/6216 1518/2483/6217 1517/2480/6218
f 1151/2482/6219 1150/2476/6220 1163/2479/6221 1164/2484/6222
f 1151/2482/6223 1152/2485/6224 1519/2486/6225 1518/2483/6226
f 1152/2485/6227 1151/2482/6228 1164/2484/6229 1165/2487/6230
f 1153/2488/6231 1152/2485/6232 1165/2487/6233 1166/1790/6234
f 1152/2485/6235 1153/2488/6236 1520/2489/6237 1519/2486/6238
f 2567/2382/6239 1153/2488/6240 1166/1790/6241 2568/1789/6242
f 1153/2488/6243 2567/2382/6244 3321/2384/6245 1520/2489/6246
f 1526/2490/6247 1525/2491/6248 1159/2492/6249 1160/2493/6250
f 1158/2494/6251 1159/2492/6252 1525/2491/6253 1524/2495/6254
f 1526/2490/6255 1160/2493/6256 1161/2496/6257 1527/2497/6258
f 1527/2497/6259 1161/2496/6260 1162/2478/6261 1528/2477/6262
f 1154/2498/6263 1529/2499/6264 1562/2500/6265 1563/2501/6266
f 1529/2499/6267 1154/2498/6268 1384/2502/6269 1383/2503/6270
f 1154/2498/6271 1155/2504/6272 1521/2505/6273 1384/2502/6274
f 1154/2498/6275 1563/2501/6276 1167/2506/6277 1155/2504/6278
f 1155/2504/6279 1156/2507/6280 1522/2508/6281 1521/2505/6282
f 1155/2504/6283 1167/2506/6284 1168/2509/6285 1156/2507/6286
f 1156/2507/6287 1168/2509/6288 1169/2510/6289 1157/2511/6290
f 1156/2507/6291 1157/2511/6292 1523/2512/6293 1522/2508/6294
f 1157/2511/6295 1169/2510/6296 1170/2513/6297 1158/2494/6298
f 1157/2511/6299 1158/2494/6300 1524/2495/6301 1523/2512/6302
f 1158/2494/6303 1170/2513/6304 1171/2514/6305 1159/2492/6306
f 1159/2492/6307 1171/2514/6308 1172/2515/6309 1160/2493/6310
f 1160/2493/6311 1172/2515/6312 1173/2516/6313 1161/2496/6314
f 1161/2496/6315 1173/2516/6316 1174/2517/6317 1162/2478/6318
f 1162/2478/6319 1174/2517/6320 1175/2518/6321 1163/2479/6322
f 1163/2479/6323 1175/2518/6324 1176/2519/6325 1164/2484/6326
f 1164/2484/6327 1176/2519/6328 1177/2520/6329 1165/2487/6330
f 1165/2487/6331 1177/2520/6332 1178/1786/6333 1166/1790/6334
f 1167/2506/6335 1563/2501/6336 1700/1992/6337 1564/2521/6338
f 1167/2506/6339 1564/2521/6340 1565/2522/6341 1168/2509/6342
f 1168/2509/6343 1565/2522/6344 1566/2523/6345 1169/2510/6346
f 1169/2510/6347 1566/2523/6348 1567/2524/6349 1170/2513/6350
f 1170/2513/6351 1567/2524/6352 1568/2525/6353 1171/2514/6354
f 1171/2514/6355 1568/2525/6356 1569/2526/6357 1172/2515/6358
f 1172/2515/6359 1569/2526/6360 1179/2527/6361 1173/2516/6362
f 1173/2516/6363 1179/2527/6364 1180/2528/6365 1174/2517/6366
f 1174/2517/6367 1180/2528/6368 1181/2529/6369 1175/2518/6370
f 1175/2518/6371 1181/2529/6372 1182/2530/6373 1176/2519/6374
f 1176/2519/6375 1182/2530/6376 1183/2531/6377 1177/2520/6378
f 1177/2520/6379 1183/2531/6380 1184/1787/6381 1178/1786/6382
f 1179/2527/6383 1708/2532/6384 1709/2533/6385 1180/2528/6386
f 1179/2527/6387 1569/2526/6388 1707/2039/6389 1708/2532/6390
f 1180/2528/6391 1709/2533/6392 1710/2534/6393 1181/2529/6394
f 1181/2529/6395 1710/2534/6396 1711/2535/6397 1182/2530/6398
f 1182/2530/6399 1711/2535/6400 1712/2536/6401 1183/2531/6402
f 1183/2531/6403 1712/2536/6404 1713/1796/6405 1184/1787/6406
f 1105/2537/6407 1609/2538/6408 3234/2539/6409 2158/2540/6410
f 1105/1194/6411 3311/1193/6412 1188/1195/6413 1609/2541/6414
f 1188/1195/6415 1186/2542/6416 3243/2543/6417 1609/2541/6418
f 3056/2544/6419 3053/2545/6420 3194/2546/6421 3195/2547/6422
f 3243/2548/6423 1190/2549/6424 1187/2550/6425 3266/2551/6426
f 3243/2548/6427 1186/2552/6428 1189/2553/6429 1190/2549/6430
f 1187/2550/6431 2149/2554/6432 3234/2555/6433 3266/2551/6434
f 639/1190/6435 1189/1197/6436 1186/2542/6437 1188/1195/6438
f 1189/2553/6439 2485/2556/6440 2487/2557/6441 1190/2549/6442
f 1191/2558/6443 3246/2559/6444 3287/2560/6445 3062/2561/6446
f 1191/2558/6447 3319/2562/6448 3309/2563/6449 3246/2559/6450
f 1191/2564/6451 3151/2565/6452 2246/2566/6453 3319/1535/6454
f 1191/2558/6455 3062/2561/6456 3131/2567/6457 3151/2568/6458
f 1192/2569/6459 2738/2570/6460 1194/2571/6461 1195/2572/6462
f 1192/2569/6463 2736/2573/6464 2735/2574/6465 2738/2570/6466
f 1192/2569/6467 1193/2575/6468 2737/2576/6469 2736/2573/6470
f 1192/2569/6471 1195/2572/6472 1196/2577/6473 1193/2575/6474
f 1193/2575/6475 1196/2577/6476 2242/2578/6477 2243/2579/6478
f 1193/2575/6479 2243/2579/6480 2241/2580/6481 2737/2576/6482
f 1194/2571/6483 2738/2570/6484 2491/2581/6485 2493/2582/6486
f 1194/1682/6487 2948/1681/6488 2949/2067/6489 1195/2583/6490
f 1195/2583/6491 2949/2067/6492 3017/2071/6493 1196/2584/6494
f 1196/2584/6495 3017/2071/6496 3132/2585/6497 2242/2578/6498
f 1197/1523/6499 1201/2586/6500 1202/2587/6501 1198/1524/6502
f 1198/1524/6503 1202/2587/6504 1203/2588/6505 1199/1525/6506
f 1199/1525/6507 1203/2588/6508 2189/2589/6509 1200/1526/6510
f 1200/1526/6511 2189/2589/6512 2154/2590/6513 2188/1527/6514
f 1201/1531/6515 1226/1530/6516 1951/2591/6517 1227/2592/6518
f 1201/2586/6519 1227/2593/6520 1228/2594/6521 1202/2587/6522
f 1202/2587/6523 1228/2594/6524 2190/2595/6525 1203/2588/6526
f 1203/2588/6527 2190/2595/6528 2156/2596/6529 2189/2589/6530
f 1205/2096/6531 1770/1166/6532 2723/1168/6533 2787/2093/6534
f 1205/2096/6535 1771/758/6536 1772/1167/6537 1770/1166/6538
f 1205/2096/6539 2304/2095/6540 1769/759/6541 1771/758/6542
f 1206/2597/6543 2287/2598/6544 2288/2599/6545 1207/2600/6546
f 1206/2601/6547 2164/2602/6548 2285/2603/6549 2287/2604/6550
f 1206/2601/6551 2169/2605/6552 2165/2606/6553 2164/2602/6554
f 1206/2601/6555 1207/2607/6556 2172/2608/6557 2169/2605/6558
f 1207/2600/6559 2288/2599/6560 2289/2609/6561 2290/2610/6562
f 1207/2607/6563 2290/2611/6564 2175/2612/6565 2172/2608/6566
f 1208/2613/6567 2178/2614/6568 2176/2615/6569 2175/2612/6570
f 1208/2613/6571 1209/2616/6572 2180/2617/6573 2178/2614/6574
f 1208/2613/6575 2292/2618/6576 2294/2619/6577 1209/2616/6578
f 1208/2613/6579 2175/2612/6580 2290/2611/6581 2292/2618/6582
f 1209/2616/6583 1210/2620/6584 2182/2621/6585 2180/2617/6586
f 1209/2616/6587 2294/2619/6588 2295/2622/6589 1210/2620/6590
f 1210/2620/6591 1211/2623/6592 1212/2624/6593 2182/2621/6594
f 1210/2620/6595 2295/2622/6596 2296/2625/6597 1211/2623/6598
f 1211/2623/6599 1213/2626/6600 1214/2627/6601 1212/2624/6602
f 1211/2623/6603 2296/2625/6604 2297/2628/6605 1213/2626/6606
f 1212/2624/6607 2184/2629/6608 2183/2630/6609 2182/2621/6610
f 1212/2624/6611 1214/2627/6612 2185/2631/6613 2184/2629/6614
f 1213/2626/6615 1215/2632/6616 1216/2633/6617 1214/2627/6618
f 1213/2626/6619 2297/2628/6620 2298/2634/6621 1215/2632/6622
f 1214/2627/6623 1216/2633/6624 2186/2635/6625 2185/2631/6626
f 1215/2632/6627 2298/2634/6628 2272/2636/6629 1217/2637/6630
f 1215/2632/6631 1217/2637/6632 1218/2638/6633 1216/2633/6634
f 1216/2633/6635 1218/2638/6636 2187/2639/6637 2186/2635/6638
f 1217/2637/6639 2272/2636/6640 2274/2640/6641 1219/2641/6642
f 1217/2637/6643 1219/2641/6644 1220/2642/6645 1218/2638/6646
f 1218/2638/6647 1220/2642/6648 1221/2643/6649 2187/2639/6650
f 1219/2644/6651 2274/2645/6652 2276/2646/6653 1222/2647/6654
f 1219/2641/6655 1222/2648/6656 1223/2649/6657 1220/2642/6658
f 1220/2642/6659 1223/2649/6660 1934/2650/6661 1221/2643/6662
f 1221/2643/6663 1934/2650/6664 1966/2651/6665 1964/2652/6666
f 1221/2643/6667 1964/2652/6668 1962/2653/6669 2187/2639/6670
f 1222/2647/6671 2276/2646/6672 2278/1575/6673 1224/1574/6674
f 1222/2648/6675 1224/2654/6676 1935/1577/6677 1223/2649/6678
f 1223/2649/6679 1935/1577/6680 1936/1576/6681 1934/2650/6682
f 1225/2655/6683 2328/2656/6684 3323/2657/6685 1849/2658/6686
f 1225/2655/6687 2972/2659/6688 2973/2660/6689 2328/2656/6690
f 1225/2655/6691 2815/2661/6692 2811/2662/6693 2972/2659/6694
f 1225/2655/6695 1849/2658/6696 2565/2663/6697 2815/2661/6698
f 1226/1530/6699 1943/1532/6700 2155/2664/6701 1951/2591/6702
f 1227/2593/6703 2284/2665/6704 2285/2603/6705 1228/2594/6706
f 1227/2592/6707 1951/2591/6708 2163/2666/6709 2284/2667/6710
f 1228/2594/6711 2285/2603/6712 2164/2602/6713 2190/2595/6714
f 1229/2668/6715 3018/2669/6716 3131/2567/6717 3062/2561/6718
f 1229/2670/6719 3133/2671/6720 3132/2585/6721 3018/2672/6722
f 1229/2670/6723 2523/2673/6724 2522/2674/6725 3133/2671/6726
f 1229/2668/6727 3062/2561/6728 3287/2560/6729 2523/2675/6730
f 1230/695/6731 1232/699/6732 525/789/6733 1231/696/6734
f 2902/698/6735 3157/2676/6736 1233/2677/6737 1232/699/6738
f 1232/699/6739 1233/2677/6740 2761/792/6741 525/789/6742
f 1233/1378/6743 3157/2678/6744 3085/2679/6745 3086/1375/6746
f 1235/2680/6747 1824/2681/6748 3171/2682/6749 2984/2683/6750
f 1235/2684/6751 2984/2685/6752 3167/2686/6753 3291/2687/6754
f 1236/2688/6755 2305/2689/6756 2933/2690/6757 2934/2691/6758
f 1236/2692/6759 2430/2693/6760 2306/2456/6761 2305/2459/6762
f 1236/2692/6763 2814/2694/6764 2307/2695/6765 2430/2693/6766
f 1236/2688/6767 2934/2691/6768 1847/2696/6769 2814/2697/6770
f 1237/2698/6771 2993/2699/6772 2994/2700/6773 2995/907/6774
f 1237/2457/6775 2306/2456/6776 2430/2693/6777 2993/2701/6778
f 1237/2698/6779 2995/907/6780 2733/906/6781 2420/2702/6782
f 1238/2433/6783 2813/2703/6784 1550/2430/6785 3279/2429/6786
f 1238/2433/6787 2307/2695/6788 2814/2694/6789 2813/2703/6790
f 1238/2433/6791 1239/2432/6792 2421/2704/6793 2307/2695/6794
f 1239/2425/6795 2935/2424/6796 2936/2705/6797 2421/2706/6798
f 1240/2707/6799 2796/2708/6800 2798/2709/6801 2881/2710/6802
f 1240/2707/6803 3165/2711/6804 3121/2712/6805 2796/2708/6806
f 1240/2707/6807 2853/2713/6808 2851/2714/6809 3165/2711/6810
f 1240/2707/6811 2881/2710/6812 1241/2715/6813 2853/2713/6814
f 1241/2716/6815 2883/2717/6816 1244/2718/6817 1242/2719/6818
f 1241/2715/6819 1242/2720/6820 2854/2721/6821 2853/2713/6822
f 1242/2720/6823 1243/2722/6824 2868/2723/6825 2854/2721/6826
f 1242/2719/6827 1244/2718/6828 1245/2724/6829 1243/2725/6830
f 2883/2717/6831 2885/2726/6832 1246/2727/6833 1244/2718/6834
f 1244/2718/6835 1246/2727/6836 1247/2728/6837 1245/2724/6838
f 2885/2726/6839 2887/2729/6840 1248/2730/6841 1246/2727/6842
f 1246/2727/6843 1248/2730/6844 1249/2731/6845 1247/2728/6846
f 1248/2730/6847 2887/2729/6848 2889/2732/6849 2890/2733/6850
f 1248/2730/6851 2890/2733/6852 1250/2734/6853 1249/2731/6854
f 2890/2733/6855 2893/2735/6856 2667/2736/6857 1250/2734/6858
f 2667/2736/6859 2893/2735/6860 2876/2737/6861 970/2174/6862
f 1251/2423/6863 2402/2738/6864 1847/2696/6865 2935/2424/6866
f 1251/2423/6867 3295/2427/6868 3289/2739/6869 2402/2738/6870
f 1253/1435/6871 2478/1667/6872 2505/1666/6873 2125/1437/6874
f 1257/2740/6875 2724/2741/6876 2624/2742/6877 1258/2743/6878
f 1257/2740/6879 2899/2744/6880 2626/2745/6881 2724/2741/6882
f 1257/2740/6883 2317/2746/6884 2316/2747/6885 2899/2744/6886
f 1257/2740/6887 1258/2743/6888 1259/2748/6889 2317/2746/6890
f 1258/2743/6891 1660/772/6892 1661/775/6893 1259/2748/6894
f 1258/2743/6895 2624/2742/6896 1659/769/6897 1660/772/6898
f 1259/2748/6899 1666/2749/6900 1664/2750/6901 2317/2746/6902
f 1259/2748/6903 1661/775/6904 1668/841/6905 1666/2749/6906
f 1260/2751/6907 3298/2752/6908 2220/2753/6909 1264/2754/6910
f 1260/2755/6911 2592/2756/6912 1649/2757/6913 3298/2758/6914
f 1260/2755/6915 1261/1321/6916 1644/2759/6917 2592/2756/6918
f 1260/2755/6919 1264/2760/6920 1265/1322/6921 1261/1321/6922
f 1261/1321/6923 1262/1320/6924 1645/2761/6925 1644/2759/6926
f 1262/1320/6927 1263/1319/6928 1646/1341/6929 1645/2761/6930
f 1264/2754/6931 2220/2753/6932 3327/2762/6933 3326/2763/6934
f 1546/1432/6935 1254/1440/6936 3297/1439/6937 2193/1433/6938
f 1267/2764/6939 3284/2765/6940 1851/2766/6941 1268/2767/6942
f 1267/2768/6943 2546/1605/6944 2549/1604/6945 3284/917/6946
f 1267/2769/6947 2638/1420/6948 3258/1219/6949 2546/1220/6950
f 1267/2769/6951 1268/2770/6952 1269/1421/6953 2638/1420/6954
f 1268/2770/6955 1905/2771/6956 1906/2772/6957 1269/1421/6958
f 1268/2767/6959 1851/2766/6960 2471/2085/6961 1905/2084/6962
f 1269/1421/6963 1906/2772/6964 1907/2773/6965 1270/1422/6966
f 1270/1422/6967 1907/2773/6968 2687/2774/6969 2685/1426/6970
f 1271/1052/6971 1774/1048/6972 1276/2775/6973 1277/2776/6974
f 1271/1052/6975 1277/2776/6976 1278/2777/6977 1272/1055/6978
f 1272/1055/6979 1278/2777/6980 1279/2435/6981 1273/1060/6982
f 1276/2778/6983 1275/2779/6984 3702/2452/6985 1281/2445/6986
f 1275/2780/6987 1276/2775/6988 1774/1048/6989 3701/1047/6990
f 1129/2443/6991 1277/2444/6992 1276/2778/6993 1281/2445/6994
f 1284/1995/6995 1305/2781/6996 1306/2782/6997 1285/1996/6998
f 1284/1995/6999 3274/681/7000 1397/679/7001 1305/2781/7002
f 1285/1996/7003 1306/2782/7004 1307/2783/7005 1286/2000/7006
f 1286/2000/7007 1307/2783/7008 1308/2784/7009 1287/2002/7010
f 1287/2002/7011 1308/2784/7012 1309/2785/7013 1288/2004/7014
f 1288/2004/7015 1309/2785/7016 1310/2786/7017 1289/2006/7018
f 1289/2006/7019 1310/2786/7020 1311/2787/7021 1290/2008/7022
f 1290/2008/7023 1311/2787/7024 1312/2788/7025 1291/2010/7026
f 1291/2010/7027 1312/2788/7028 1313/2789/7029 1292/2012/7030
f 1292/2012/7031 1313/2789/7032 1314/2790/7033 1293/2014/7034
f 1293/2014/7035 1314/2790/7036 1315/2791/7037 1294/2016/7038
f 1294/2016/7039 1315/2791/7040 1316/2792/7041 1295/2018/7042
f 1295/2018/7043 1316/2792/7044 1317/2793/7045 1296/2022/7046
f 1296/2022/7047 1317/2793/7048 1318/2794/7049 1297/2026/7050
f 1297/2026/7051 1318/2794/7052 1319/2795/7053 1298/2032/7054
f 1298/2032/7055 1319/2795/7056 1320/2796/7057 1299/2036/7058
f 1299/2036/7059 1320/2796/7060 1321/2797/7061 1300/2040/7062
f 1300/2040/7063 1321/2797/7064 1322/2798/7065 1301/2799/7066
f 1300/2040/7067 1301/2799/7068 1715/2800/7069 1714/2041/7070
f 1301/2799/7071 1322/2798/7072 1323/2801/7073 1302/2802/7074
f 1301/2799/7075 1302/2802/7076 1716/2803/7077 1715/2800/7078
f 1302/2802/7079 1323/2801/7080 1324/2804/7081 1303/2805/7082
f 1302/2802/7083 1303/2805/7084 1717/2806/7085 1716/2803/7086
f 1303/2805/7087 1304/2807/7088 1718/2808/7089 1717/2806/7090
f 1303/2805/7091 1324/2804/7092 1479/2809/7093 1304/2807/7094
f 1304/2807/7095 2077/2810/7096 1719/2811/7097 1718/2808/7098
f 1304/2807/7099 1479/2809/7100 1386/2812/7101 2077/2810/7102
f 1305/2781/7103 1397/679/7104 1396/680/7105 1398/2813/7106
f 1306/2782/7107 1305/2781/7108 1398/2813/7109 1399/2814/7110
f 1307/2783/7111 1306/2782/7112 1399/2814/7113 1325/2815/7114
f 1308/2784/7115 1307/2783/7116 1325/2815/7117 1326/2816/7118
f 1309/2785/7119 1308/2784/7120 1326/2816/7121 1327/2817/7122
f 1310/2786/7123 1309/2785/7124 1327/2817/7125 1328/2818/7126
f 1311/2787/7127 1310/2786/7128 1328/2818/7129 1329/2819/7130
f 1312/2788/7131 1311/2787/7132 1329/2819/7133 1330/2820/7134
f 1313/2789/7135 1312/2788/7136 1330/2820/7137 1331/2821/7138
f 1314/2790/7139 1313/2789/7140 1331/2821/7141 1332/2822/7142
f 1315/2791/7143 1314/2790/7144 1332/2822/7145 1333/2823/7146
f 1316/2792/7147 1315/2791/7148 1333/2823/7149 1334/2824/7150
f 1317/2793/7151 1316/2792/7152 1334/2824/7153 1335/2825/7154
f 1318/2794/7155 1317/2793/7156 1335/2825/7157 1336/2826/7158
f 1319/2795/7159 1318/2794/7160 1336/2826/7161 1337/2827/7162
f 1320/2796/7163 1319/2795/7164 1337/2827/7165 1338/2828/7166
f 1321/2797/7167 1320/2796/7168 1338/2828/7169 1339/2829/7170
f 1322/2798/7171 1321/2797/7172 1339/2829/7173 1480/2830/7174
f 1323/2801/7175 1322/2798/7176 1480/2830/7177 1481/2831/7178
f 1324/2804/7179 1323/2801/7180 1481/2831/7181 1482/2832/7182
f 1479/2809/7183 1324/2804/7184 1482/2832/7185 1483/2833/7186
f 1325/2815/7187 1399/2814/7188 1401/2834/7189 1402/2835/7190
f 1325/2815/7191 1402/2835/7192 1340/2836/7193 1326/2816/7194
f 1326/2816/7195 1340/2836/7196 1341/2837/7197 1327/2817/7198
f 1327/2817/7199 1341/2837/7200 1342/2838/7201 1328/2818/7202
f 1328/2818/7203 1342/2838/7204 1343/2839/7205 1329/2819/7206
f 1329/2819/7207 1343/2839/7208 1344/2840/7209 1330/2820/7210
f 1330/2820/7211 1344/2840/7212 1345/2841/7213 1331/2821/7214
f 1331/2821/7215 1345/2841/7216 1346/2842/7217 1332/2822/7218
f 1332/2822/7219 1346/2842/7220 1347/2843/7221 1333/2823/7222
f 1333/2823/7223 1347/2843/7224 1348/2844/7225 1334/2824/7226
f 1334/2824/7227 1348/2844/7228 1349/2845/7229 1335/2825/7230
f 1335/2825/7231 1349/2845/7232 1350/2846/7233 1336/2826/7234
f 1336/2826/7235 1350/2846/7236 1351/2847/7237 1337/2827/7238
f 1337/2827/7239 1351/2847/7240 1352/2848/7241 1338/2828/7242
f 1338/2828/7243 1352/2848/7244 1485/2849/7245 1339/2829/7246
f 1339/2829/7247 1485/2849/7248 1486/2850/7249 1480/2830/7250
f 1340/2836/7251 1402/2835/7252 1405/2851/7253 1406/2852/7254
f 1340/2836/7255 1406/2852/7256 1353/2853/7257 1341/2837/7258
f 1341/2837/7259 1353/2853/7260 1354/2854/7261 1342/2838/7262
f 1342/2838/7263 1354/2854/7264 1355/2855/7265 1343/2839/7266
f 1343/2839/7267 1355/2855/7268 1356/2856/7269 1344/2840/7270
f 1344/2840/7271 1356/2856/7272 1357/2857/7273 1345/2841/7274
f 1345/2841/7275 1357/2857/7276 1358/2858/7277 1346/2842/7278
f 1346/2842/7279 1358/2858/7280 1359/2859/7281 1347/2843/7282
f 1347/2843/7283 1359/2859/7284 1360/2860/7285 1348/2844/7286
f 1348/2844/7287 1360/2860/7288 1361/2861/7289 1349/2845/7290
f 1349/2845/7291 1361/2861/7292 1362/2862/7293 1350/2846/7294
f 1350/2846/7295 1362/2862/7296 1363/2863/7297 1351/2847/7298
f 1351/2847/7299 1363/2863/7300 1492/2864/7301 1352/2848/7302
f 1352/2848/7303 1492/2864/7304 1493/2865/7305 1485/2849/7306
f 1353/2853/7307 1406/2852/7308 1409/2866/7309 1410/2867/7310
f 1353/2853/7311 1410/2867/7312 1364/2868/7313 1354/2854/7314
f 1354/2854/7315 1364/2868/7316 1365/2869/7317 1355/2855/7318
f 1355/2855/7319 1365/2869/7320 1366/2870/7321 1356/2856/7322
f 1356/2856/7323 1366/2870/7324 1367/2871/7325 1357/2857/7326
f 1357/2857/7327 1367/2871/7328 1368/2872/7329 1358/2858/7330
f 1358/2858/7331 1368/2872/7332 1369/2873/7333 1359/2859/7334
f 1359/2859/7335 1369/2873/7336 1370/2874/7337 1360/2860/7338
f 1360/2860/7339 1370/2874/7340 1371/2875/7341 1361/2861/7342
f 1361/2861/7343 1371/2875/7344 1372/2876/7345 1362/2862/7346
f 1362/2862/7347 1372/2876/7348 1500/2877/7349 1363/2863/7350
f 1363/2863/7351 1500/2877/7352 1501/2878/7353 1492/2864/7354
f 1364/2868/7355 1414/2879/7356 1373/2880/7357 1365/2869/7358
f 1364/2868/7359 1410/2867/7360 1413/1813/7361 1414/2879/7362
f 1365/2869/7363 1373/2880/7364 1374/2881/7365 1366/2870/7366
f 1366/2870/7367 1374/2881/7368 1375/2882/7369 1367/2871/7370
f 1367/2871/7371 1375/2882/7372 1376/2883/7373 1368/2872/7374
f 1368/2872/7375 1376/2883/7376 1377/2884/7377 1369/2873/7378
f 1369/2873/7379 1377/2884/7380 1378/2885/7381 1370/2874/7382
f 1370/2874/7383 1378/2885/7384 1379/2886/7385 1371/2875/7386
f 1371/2875/7387 1379/2886/7388 1510/2887/7389 1372/2876/7390
f 1372/2876/7391 1510/2887/7392 1511/2888/7393 1500/2877/7394
f 1373/2880/7395 1417/1817/7396 1380/1828/7397 1374/2881/7398
f 1373/2880/7399 1414/2879/7400 1416/1816/7401 1417/1817/7402
f 1374/2881/7403 1380/1828/7404 1381/1830/7405 1375/2882/7406
f 1375/2882/7407 1381/1830/7408 1382/2889/7409 1376/2883/7410
f 1376/2883/7411 1382/2889/7412 1383/2503/7413 1377/2884/7414
f 1377/2884/7415 1383/2503/7416 1384/2502/7417 1378/2885/7418
f 1378/2885/7419 1384/2502/7420 1521/2505/7421 1379/2886/7422
f 1379/2886/7423 1521/2505/7424 1522/2508/7425 1510/2887/7426
f 1382/2889/7427 1381/1830/7428 1418/1829/7429 1385/2890/7430
f 1529/2499/7431 1383/2503/7432 1382/2889/7433 1385/2890/7434
f 1385/2890/7435 1561/2891/7436 1562/2500/7437 1529/2499/7438
f 1385/2890/7439 1418/1829/7440 1560/1831/7441 1561/2891/7442
f 1386/2812/7443 1479/2809/7444 1483/2833/7445 1484/2892/7446
f 1386/2812/7447 1387/2893/7448 2078/2894/7449 2077/2810/7450
f 1387/2893/7451 1386/2812/7452 1484/2892/7453 1388/2895/7454
f 1387/2893/7455 2080/2896/7456 2870/2897/7457 2078/2894/7458
f 2080/2896/7459 1387/2893/7460 1388/2895/7461 1915/2898/7462
f 1388/2895/7463 1484/2892/7464 1490/2899/7465 1491/2900/7466
f 1388/2895/7467 1491/2900/7468 1389/2901/7469 1915/2898/7470
f 1389/2901/7471 1917/2902/7472 1916/2903/7473 1915/2898/7474
f 1389/2901/7475 1390/2904/7476 1918/2905/7477 1917/2902/7478
f 1389/2901/7479 1491/2900/7480 1499/2906/7481 1390/2904/7482
f 1390/2904/7483 1499/2906/7484 1508/2907/7485 1509/2908/7486
f 1390/2904/7487 1509/2908/7488 1919/2909/7489 1918/2905/7490
f 1391/2910/7491 2823/1617/7492 2682/1616/7493 3301/2182/7494
f 1391/2911/7495 711/2912/7496 2344/2913/7497 2823/2914/7498
f 1392/2915/7499 1395/2916/7500 1393/674/7501 1394/677/7502
f 1392/2915/7503 1403/2917/7504 1400/2918/7505 1395/2916/7506
f 1392/2915/7507 3250/1803/7508 3254/1805/7509 1403/2917/7510
f 1392/2915/7511 1394/677/7512 3251/1804/7513 3250/1803/7514
f 1393/674/7515 1395/2916/7516 1396/680/7517 3277/675/7518
f 3252/2919/7519 3251/1804/7520 1394/677/7521 3239/676/7522
f 1395/2916/7523 1400/2918/7524 1398/2813/7525 1396/680/7526
f 1398/2813/7527 1400/2918/7528 1401/2834/7529 1399/2814/7530
f 1400/2918/7531 1403/2917/7532 1404/2920/7533 1401/2834/7534
f 1401/2834/7535 1404/2920/7536 1405/2851/7537 1402/2835/7538
f 1403/2917/7539 3254/1805/7540 1407/1800/7541 1404/2920/7542
f 1404/2920/7543 1407/1800/7544 1408/1799/7545 1405/2851/7546
f 1405/2851/7547 1408/1799/7548 1409/2866/7549 1406/2852/7550
f 1408/1799/7551 1411/1798/7552 1412/1811/7553 1409/2866/7554
f 1409/2866/7555 1412/1811/7556 1413/1813/7557 1410/2867/7558
f 1413/1813/7559 1415/1812/7560 1416/1816/7561 1414/2879/7562
f 1925/1450/7563 1923/1449/7564 1924/1458/7565 1926/1106/7566
f 1419/1783/7567 1429/2921/7568 1430/2922/7569 1420/2321/7570
f 1419/1783/7571 2022/1777/7572 1428/2923/7573 1429/2921/7574
f 1420/2321/7575 1430/2922/7576 1431/2924/7577 1421/2323/7578
f 1421/2323/7579 1431/2924/7580 1432/1693/7581 1422/1692/7582
f 1423/2925/7583 2031/2926/7584 1441/2239/7585 1442/2242/7586
f 1423/2925/7587 2017/1765/7588 2016/1763/7589 2031/2926/7590
f 1423/2925/7591 1424/2927/7592 2018/1767/7593 2017/1765/7594
f 1423/2925/7595 1442/2242/7596 1443/2245/7597 1424/2927/7598
f 1424/2927/7599 1425/2928/7600 2019/1769/7601 2018/1767/7602
f 1424/2927/7603 1443/2245/7604 1444/2248/7605 1425/2928/7606
f 1425/2928/7607 1444/2248/7608 1445/2251/7609 1426/2929/7610
f 1425/2928/7611 1426/2929/7612 2020/1771/7613 2019/1769/7614
f 1426/2929/7615 1445/2251/7616 1446/2254/7617 1427/2930/7618
f 1426/2929/7619 1427/2930/7620 2021/1773/7621 2020/1771/7622
f 1427/2930/7623 1446/2254/7624 1447/2257/7625 1428/2923/7626
f 1427/2930/7627 1428/2923/7628 2022/1777/7629 2021/1773/7630
f 1428/2923/7631 1447/2257/7632 1448/2260/7633 1429/2921/7634
f 1429/2921/7635 1448/2260/7636 1449/2263/7637 1430/2922/7638
f 1430/2922/7639 1449/2263/7640 1450/2266/7641 1431/2924/7642
f 1431/2924/7643 1450/2266/7644 1451/2269/7645 1432/1693/7646
f 1432/1693/7647 1451/2269/7648 1452/2272/7649 1433/1690/7650
f 1433/1690/7651 1452/2272/7652 1453/2275/7653 1434/1691/7654
f 1434/1691/7655 1453/2275/7656 1454/1696/7657 1435/1023/7658
f 1436/2227/7659 2026/2931/7660 2025/2932/7661 2034/2225/7662
f 1436/2227/7663 1437/2229/7664 2027/2933/7665 2026/2931/7666
f 1437/2229/7667 1438/2231/7668 2028/2934/7669 2027/2933/7670
f 1438/2231/7671 1439/2233/7672 2029/2935/7673 2028/2934/7674
f 1439/2233/7675 1440/2236/7676 2030/2936/7677 2029/2935/7678
f 1440/2236/7679 1441/2239/7680 2031/2926/7681 2030/2936/7682
f 1457/2937/7683 3168/2938/7684 2336/2939/7685 3064/2940/7686
f 1457/2937/7687 2967/1447/7688 3169/2941/7689 3168/2938/7690
f 2347/2942/7691 2345/2943/7692 3063/2944/7693 2346/2945/7694
f 2347/2942/7695 3089/1100/7696 3090/687/7697 2345/2943/7698
f 1462/2356/7699 1471/2414/7700 1472/2946/7701 1463/2357/7702
f 1463/2357/7703 1472/2946/7704 1473/2947/7705 1464/2358/7706
f 1464/2358/7707 1473/2947/7708 1474/2948/7709 1465/2359/7710
f 1465/2359/7711 1474/2948/7712 1475/2949/7713 1466/2360/7714
f 1466/2360/7715 1475/2949/7716 1476/2950/7717 1467/2361/7718
f 1467/2361/7719 1476/2950/7720 1477/2951/7721 1468/2362/7722
f 1468/2362/7723 1477/2951/7724 2752/2952/7725 1469/2363/7726
f 1469/2363/7727 2752/2952/7728 3073/2953/7729 1470/2368/7730
f 1470/2368/7731 3073/2953/7732 3074/2954/7733 2751/2371/7734
f 1475/2420/7735 1126/2419/7736 1478/2955/7737 1476/2956/7738
f 1476/2956/7739 1478/2955/7740 2753/2957/7741 1477/2958/7742
f 1477/2958/7743 2753/2957/7744 3155/2959/7745 2752/2960/7746
f 1126/2419/7747 1687/2421/7748 1688/2961/7749 1478/2955/7750
f 3263/1380/7751 3328/1384/7752 3327/2762/7753 2220/2753/7754
f 1480/2830/7755 1486/2850/7756 1487/2962/7757 1481/2831/7758
f 1481/2831/7759 1487/2962/7760 1488/2963/7761 1482/2832/7762
f 1482/2832/7763 1488/2963/7764 1489/2964/7765 1483/2833/7766
f 1483/2833/7767 1489/2964/7768 1490/2899/7769 1484/2892/7770
f 1485/2849/7771 1493/2865/7772 1494/2965/7773 1486/2850/7774
f 1486/2850/7775 1494/2965/7776 1495/2966/7777 1487/2962/7778
f 1487/2962/7779 1495/2966/7780 1496/2967/7781 1488/2963/7782
f 1488/2963/7783 1496/2967/7784 1497/2968/7785 1489/2964/7786
f 1489/2964/7787 1497/2968/7788 1498/2969/7789 1490/2899/7790
f 1490/2899/7791 1498/2969/7792 1499/2906/7793 1491/2900/7794
f 1492/2864/7795 1501/2878/7796 1502/2970/7797 1493/2865/7798
f 1493/2865/7799 1502/2970/7800 1503/2971/7801 1494/2965/7802
f 1494/2965/7803 1503/2971/7804 1504/2972/7805 1495/2966/7806
f 1495/2966/7807 1504/2972/7808 1505/2973/7809 1496/2967/7810
f 1496/2967/7811 1505/2973/7812 1506/2974/7813 1497/2968/7814
f 1497/2968/7815 1506/2974/7816 1507/2975/7817 1498/2969/7818
f 1498/2969/7819 1507/2975/7820 1508/2907/7821 1499/2906/7822
f 1500/2877/7823 1511/2888/7824 1512/2976/7825 1501/2878/7826
f 1501/2878/7827 1512/2976/7828 1513/2977/7829 1502/2970/7830
f 1502/2970/7831 1513/2977/7832 1514/2978/7833 1503/2971/7834
f 1503/2971/7835 1514/2978/7836 1515/2979/7837 1504/2972/7838
f 1504/2972/7839 1515/2979/7840 1516/2481/7841 1505/2973/7842
f 1505/2973/7843 1516/2481/7844 1517/2480/7845 1506/2974/7846
f 1506/2974/7847 1517/2480/7848 1518/2483/7849 1507/2975/7850
f 1507/2975/7851 1518/2483/7852 1519/2486/7853 1508/2907/7854
f 1508/2907/7855 1519/2486/7856 1520/2489/7857 1509/2908/7858
f 1509/2908/7859 1520/2489/7860 3321/2384/7861 1919/2909/7862
f 1510/2887/7863 1522/2508/7864 1523/2512/7865 1511/2888/7866
f 1511/2888/7867 1523/2512/7868 1524/2495/7869 1512/2976/7870
f 1512/2976/7871 1524/2495/7872 1525/2491/7873 1513/2977/7874
f 1513/2977/7875 1525/2491/7876 1526/2490/7877 1514/2978/7878
f 1514/2978/7879 1526/2490/7880 1527/2497/7881 1515/2979/7882
f 1515/2979/7883 1527/2497/7884 1528/2477/7885 1516/2481/7886
f 1530/2980/7887 1531/2981/7888 1999/2982/7889 1998/2983/7890
f 1530/2980/7891 2555/2984/7892 2556/2985/7893 1531/2981/7894
f 1531/2981/7895 1532/2986/7896 2509/1650/7897 1999/2982/7898
f 1531/2981/7899 2556/2985/7900 2557/2987/7901 1532/2986/7902
f 2510/1651/7903 2509/1650/7904 1532/2986/7905 1533/2988/7906
f 1532/2986/7907 2557/2987/7908 2558/2989/7909 1533/2988/7910
f 1533/2988/7911 1534/2990/7912 2511/1657/7913 2510/1651/7914
f 1533/2988/7915 2558/2989/7916 2559/2991/7917 1534/2990/7918
f 1534/2990/7919 2559/2991/7920 1570/1110/7921 1535/1109/7922
f 1534/2990/7923 1535/1109/7924 2512/1660/7925 2511/1657/7926
f 2512/1660/7927 1535/1109/7928 1536/1108/7929 2513/1663/7930
f 1536/1108/7931 1537/1114/7932 2514/2992/7933 2513/1663/7934
f 1537/1114/7935 1538/1117/7936 751/1581/7937 2514/2992/7938
f 1539/2993/7939 1910/1174/7940 2436/1177/7941 2435/2994/7942
f 1539/2993/7943 2580/2995/7944 2357/1175/7945 1910/1174/7946
f 2580/2995/7947 2434/2996/7948 2358/2997/7949 2357/1175/7950
f 1540/2124/7951 985/2998/7952 2360/2999/7953 1541/2123/7954 3723/2125/7955
f 1540/3000/7956 3329/2326/7957 2204/2221/7958 985/2218/7959
f 1540/3000/7960 3292/3001/7961 2361/3002/7962 3329/2326/7963
f 1541/2123/7964 2360/2999/7965 2979/1045/7966 1542/1040/7967
f 1547/808/7968 2204/2221/7969 3329/2326/7970 531/809/7971
f 1543/3003/7972 2194/3004/7973 2221/3005/7974 1080/3006/7975
f 1543/3007/7976 1080/3008/7977 2946/3009/7978 2223/3010/7979
f 1544/3011/7980 3227/3012/7981 3219/3013/7982 3191/3014/7983
f 1544/3011/7984 2056/3015/7985 3224/3016/7986 3227/3012/7987
f 1544/3017/7988 2058/1284/7989 2057/1279/7990 2056/1290/7991
f 1544/3017/7992 3191/3018/7993 3232/3019/7994 2058/1284/7995
f 1545/1297/7996 3225/3020/7997 3226/3021/7998 3224/3016/7999
f 1545/1297/8000 2054/1293/8001 1817/3022/8002 3225/3020/8003
f 1545/1297/8004 3224/3016/8005 2056/3015/8006 2055/1298/8007
f 1549/688/8008 1922/3023/8009 3077/1942/8010 3078/689/8011
f 1549/688/8012 2372/690/8013 2373/3024/8014 1922/3023/8015
f 1550/3025/8016 2813/3026/8017 2402/2738/8018 3289/2739/8019
f 1550/3025/8020 3289/2739/8021 3295/3027/8022 3290/3028/8023
f 1551/3029/8024 2838/3030/8025 2836/3031/8026 2835/3032/8027
f 1551/3033/8028 1673/1591/8029 2003/1590/8030 2838/3034/8031
f 1551/3033/8032 2834/2147/8033 3270/2142/8034 1673/1591/8035
f 1551/3029/8036 2835/3032/8037 2007/3035/8038 2834/3036/8039
f 524/787/8040 2777/3037/8041 2226/3038/8042 2225/788/8043
f 1558/1825/8044 1695/1970/8045 1696/1981/8046 1559/1826/8047
f 1559/1826/8048 1696/1981/8049 1697/1984/8050 1560/1831/8051
f 1560/1831/8052 1697/1984/8053 1698/1987/8054 1561/2891/8055
f 1561/2891/8056 1698/1987/8057 1699/1989/8058 1562/2500/8059
f 1562/2500/8060 1699/1989/8061 1700/1992/8062 1563/2501/8063
f 1564/2521/8064 1700/1992/8065 1701/1991/8066 1702/2021/8067
f 1564/2521/8068 1702/2021/8069 1703/2025/8070 1565/2522/8071
f 1565/2522/8072 1703/2025/8073 1704/2029/8074 1566/2523/8075
f 1566/2523/8076 1704/2029/8077 1705/2031/8078 1567/2524/8079
f 1567/2524/8080 1705/2031/8081 1706/2035/8082 1568/2525/8083
f 1568/2525/8084 1706/2035/8085 1707/2039/8086 1569/2526/8087
f 1080/3008/8088 3329/3039/8089 2361/3040/8090 2946/3009/8091
f 1570/1110/8092 2559/2991/8093 2439/3041/8094 1571/1112/8095
f 1571/1112/8096 2439/3041/8097 1572/3042/8098 1573/1129/8099
f 1572/3042/8100 1576/3043/8101 1577/3044/8102 1573/1129/8103
f 1574/1128/8104 1573/1129/8105 1577/3044/8106 1578/3045/8107
f 1574/1128/8108 1578/3045/8109 1579/1135/8110 1575/1130/8111
f 1576/3046/8112 2450/3047/8113 1580/3048/8114 1577/3049/8115
f 1578/3050/8116 1577/3049/8117 1580/3048/8118 1581/3051/8119
f 1578/3050/8120 1581/3051/8121 1582/1142/8122 1579/1141/8123
f 2450/3047/8124 1584/3052/8125 1585/3053/8126 1580/3048/8127
f 1581/3051/8128 1580/3048/8129 1585/3053/8130 1586/3054/8131
f 1581/3051/8132 1586/3054/8133 1587/3055/8134 1582/1142/8135
f 1582/1142/8136 1587/3055/8137 1588/1150/8138 1583/1143/8139
f 1584/3052/8140 2452/3056/8141 1589/1654/8142 1590/1656/8143
f 1584/3052/8144 2450/3047/8145 2449/3057/8146 2452/3056/8147
f 1584/3052/8148 1590/1656/8149 1591/1659/8150 1585/3053/8151
f 1586/3054/8152 1585/3053/8153 1591/1659/8154 1592/1662/8155
f 1586/3054/8156 1592/1662/8157 1593/3058/8158 1587/3055/8159
f 1587/3055/8160 1593/3058/8161 1594/1154/8162 1588/1150/8163
f 2453/1653/8164 1589/1654/8165 2452/3056/8166 2451/3059/8167
f 1592/1662/8168 1596/1661/8169 1597/3060/8170 1593/3058/8171
f 1593/3058/8172 1597/3060/8173 1598/1583/8174 1594/1154/8175
f 1594/1154/8176 1598/1583/8177 1599/1158/8178 1595/1155/8179
f 1596/1661/8180 2513/1663/8181 2514/2992/8182 1597/3060/8183
f 1597/3060/8184 2514/2992/8185 751/1581/8186 1598/1583/8187
f 1604/3061/8188 1605/3062/8189 1829/1183/8190 1828/1182/8191
f 1826/3063/8192 1604/3061/8193 1828/1182/8194 2635/1185/8195
f 1604/3061/8196 1826/3063/8197 2631/3064/8198 1606/3065/8199
f 1604/3061/8200 1606/3065/8201 1607/3066/8202 1605/3062/8203
f 1606/3067/8204 2631/3068/8205 2633/3069/8206 1608/3070/8207
f 1606/3067/8208 1608/3070/8209 2578/3071/8210 1607/3072/8211
f 1608/3070/8212 2633/3069/8213 1840/1628/8214 2573/912/8215
f 1608/3070/8216 2573/912/8217 2574/911/8218 2578/3071/8219
f 1609/2538/8220 3243/3073/8221 3266/3074/8222 3234/2539/8223
f 1611/1889/8224 1614/1897/8225 1615/1240/8226 1612/1239/8227
f 1613/1896/8228 1618/3075/8229 1619/3076/8230 1614/1897/8231
f 1614/1897/8232 1619/3076/8233 1620/3077/8234 1615/1240/8235
f 1615/1240/8236 1620/3077/8237 1621/1235/8238 1616/1234/8239
f 1617/1903/8240 1623/1910/8241 1624/3078/8242 1618/1904/8243
f 1618/3075/8244 1624/3079/8245 1625/3080/8246 1619/3076/8247
f 1619/3076/8248 1625/3080/8249 1626/3081/8250 1620/3077/8251
f 1620/3077/8252 1626/3081/8253 1627/3082/8254 1621/1235/8255
f 1621/1235/8256 1627/3082/8257 1637/1228/8258 1636/1227/8259
f 1622/1909/8260 1629/1915/8261 1630/3083/8262 1623/1910/8263
f 1623/1910/8264 1630/3083/8265 1631/3084/8266 1624/3078/8267
f 1624/3079/8268 1631/3085/8269 1632/3086/8270 1625/3080/8271
f 1625/3080/8272 1632/3086/8273 1633/3087/8274 1626/3081/8275
f 1626/3081/8276 1633/3087/8277 1634/1252/8278 1627/3082/8279
f 1627/3082/8280 1634/1252/8281 1635/1251/8282 1637/1228/8283
f 1628/1914/8284 1803/1919/8285 1800/3088/8286 1629/1915/8287
f 1629/1915/8288 1800/3088/8289 1796/3089/8290 1630/3083/8291
f 1630/3083/8292 1796/3089/8293 1793/3090/8294 1631/3084/8295
f 1631/3085/8296 1793/3091/8297 1791/3092/8298 1632/3086/8299
f 1632/3086/8300 1791/3092/8301 1789/1264/8302 1633/3087/8303
f 1633/3087/8304 1789/1264/8305 1788/1253/8306 1634/1252/8307
f 1635/1251/8308 1639/1255/8309 1638/1225/8310 1637/1228/8311
f 1638/1225/8312 1639/1255/8313 3315/2103/8314 2581/1226/8315
f 1639/1255/8316 1727/1254/8317 2566/3093/8318 3315/2103/8319
f 1640/1247/8320 1877/3094/8321 1642/3095/8322 1643/1248/8323
f 1640/1247/8324 1878/1246/8325 2598/3096/8326 1877/3094/8327
f 1641/3097/8328 1876/3098/8329 1644/2759/8330 1645/2761/8331
f 1641/3097/8332 2596/3099/8333 2595/3100/8334 1876/3098/8335
f 1641/3097/8336 1642/3095/8337 1877/3094/8338 2596/3099/8339
f 1641/3097/8340 1645/2761/8341 1646/1341/8342 1642/3095/8343
f 1642/3095/8344 1646/1341/8345 1647/1249/8346 1643/1248/8347
f 1649/2757/8348 3321/2384/8349 2425/2383/8350 3298/2758/8351
f 1649/2757/8352 1650/3101/8353 1919/2909/8354 3321/2384/8355
f 1649/2757/8356 2592/2756/8357 2593/3102/8358 1650/3101/8359
f 1650/3101/8360 3320/3103/8361 1918/2905/8362 1919/2909/8363
f 1650/3101/8364 2593/3102/8365 2594/3104/8366 3320/3103/8367
f 1651/3105/8368 3072/2374/8369 1652/3106/8370 3075/3107/8371
f 1651/3105/8372 3092/3108/8373 2977/2372/8374 3072/2374/8375
f 1651/3105/8376 3064/3109/8377 3063/2944/8378 3092/3108/8379
f 1651/3105/8380 3075/3107/8381 1457/3110/8382 3064/3109/8383
f 1652/3111/8384 3223/1945/8385 3076/1947/8386 3075/3112/8387
f 1652/3111/8388 3074/3113/8389 3222/1946/8390 3223/1945/8391
f 1652/3106/8392 3072/2374/8393 2751/2371/8394 3074/2954/8395
f 516/742/8396 2880/744/8397 536/3114/8398 2146/747/8399
f 516/742/8400 2146/747/8401 2145/746/8402 515/740/8403
f 2880/744/8404 1653/735/8405 2572/3115/8406 536/3114/8407
f 2572/3115/8408 946/754/8409 2827/753/8410 536/3114/8411
f 2572/3115/8412 1655/3116/8413 2825/2139/8414 946/754/8415
f 1653/735/8416 1654/731/8417 1655/3116/8418 2572/3115/8419
f 1654/731/8420 1656/734/8421 2144/3117/8422 1655/3116/8423
f 1656/737/8424 515/740/8425 2145/746/8426 2144/750/8427
f 1657/763/8428 3328/762/8429 3253/3118/8430 3316/832/8431
f 1658/2291/8432 1783/2290/8433 2551/761/8434 2754/833/8435 3706/2119/8436
f 1659/769/8437 2624/2742/8438 2623/3119/8439 2625/770/8440
f 1663/3120/8441 1664/2750/8442 1665/3121/8443 2088/3122/8444
f 1663/3120/8445 2316/2747/8446 2317/2746/8447 1664/2750/8448
f 1663/3120/8449 2087/3123/8450 2315/3124/8451 2316/2747/8452
f 1663/3120/8453 2088/3122/8454 3007/3125/8455 2087/3123/8456
f 1664/2750/8457 1666/2749/8458 1667/3126/8459 1665/3121/8460
f 1665/3121/8461 2655/3127/8462 2879/3128/8463 2088/3122/8464
f 1665/3121/8465 1667/3126/8466 1894/3129/8467 2655/3127/8468
f 1666/2749/8469 1668/841/8470 2089/1407/8471 1667/3126/8472
f 1667/3126/8473 2089/1407/8474 2090/3130/8475 1894/3129/8476
f 2364/3131/8477 2979/1045/8478 2360/3132/8479 1669/2216/8480
f 2364/3131/8481 2365/3133/8482 2980/1043/8483 2979/1045/8484
f 2365/3133/8485 2366/3134/8486 1670/1044/8487 2980/1043/8488
f 1670/1044/8489 2366/3134/8490 2367/3135/8491 2760/3136/8492
f 1671/2209/8493 2363/3137/8494 2364/3131/8495 1669/2216/8496
f 1671/2209/8497 3300/2208/8498 2755/3138/8499 2363/3137/8500
f 1672/3139/8501 3213/3140/8502 3079/3141/8503 3085/2679/8504
f 1672/3139/8505 3085/2679/8506 3157/2678/8507 3212/3142/8508
f 3213/3140/8509 3214/3143/8510 3080/3144/8511 3079/3141/8512
f 3214/3143/8513 3215/3145/8514 3082/3146/8515 3080/3144/8516
f 3215/3145/8517 3216/3147/8518 3084/700/8519 3082/3146/8520
f 3216/3147/8521 2762/3148/8522 506/697/8523 3084/700/8524
f 1674/1595/8525 3006/1588/8526 3005/3149/8527 1675/3150/8528
f 1674/1595/8529 2535/3151/8530 2954/3152/8531 2002/1596/8532
f 1674/1595/8533 1675/3150/8534 1676/3153/8535 2535/3151/8536
f 1675/3150/8537 3005/3149/8538 2006/3154/8539 1677/3155/8540
f 1675/3150/8541 1677/3155/8542 1678/3156/8543 1676/3153/8544
f 1676/3153/8545 2540/3157/8546 2536/3158/8547 2535/3151/8548
f 1676/3153/8549 1678/3156/8550 1679/3159/8551 2540/3157/8552
f 1677/3160/8553 2006/3161/8554 2837/3162/8555 1680/3163/8556
f 1677/3160/8557 1680/3163/8558 1681/3164/8559 1678/3165/8560
f 1678/3165/8561 1681/3164/8562 1682/3166/8563 1679/3167/8564
f 1679/3159/8565 2543/3168/8566 2541/3169/8567 2540/3157/8568
f 1679/3167/8569 1682/3166/8570 2722/1672/8571 2543/1676/8572
f 1680/3163/8573 2837/3162/8574 2720/3170/8575 2721/3171/8576 3720/3172/8577
f 1680/3163/8578 3720/3172/8579 2721/3171/8580 2950/3173/8581 1681/3164/8582
f 1681/3164/8583 2950/3173/8584 3740/3174/8585 2951/3175/8586 1682/3166/8587
f 1682/3166/8588 2951/3175/8589 2234/1673/8590 2722/1672/8591
f 757/1612/8592 2823/2914/8593 2344/2913/8594 3719/3176/8595 2209/1613/8596
f 1686/729/8597 1689/728/8598 1690/2340/8599 1687/2421/8600
f 1687/2421/8601 1690/2340/8602 1691/2342/8603 3739/3177/8604 1688/2961/8605
f 1692/2341/8606 2974/2352/8607 1947/3178/8608 1691/2342/8609
f 1693/2351/8610 1694/2365/8611 3718/3179/8612 3204/3180/8613 2974/2352/8614
f 1694/2365/8615 2975/2367/8616 3205/3181/8617 3204/3180/8618 3718/3179/8619
f 1707/2039/8620 1714/2038/8621 1715/3182/8622 3738/3183/8623 1708/2532/8624
f 1708/2532/8625 3738/3183/8626 1715/3182/8627 1716/3184/8628 1709/2533/8629
f 1709/2533/8630 1716/3184/8631 1717/3185/8632 1710/2534/8633
f 1710/2534/8634 1717/3185/8635 1718/3186/8636 1711/2535/8637
f 1711/2535/8638 1718/3186/8639 1719/3187/8640 1712/2536/8641
f 1712/2536/8642 1719/3187/8643 2076/3188/8644 3717/3189/8645 1713/1796/8646
f 1713/1796/8647 3717/3189/8648 2076/3188/8649 2869/1938/8650 2768/1794/8651
f 1719/2811/8652 2077/2810/8653 2078/2894/8654 3737/3190/8655 2076/3191/8656
f 1720/863/8657 1735/1272/8658 1721/3192/8659 2770/864/8660
f 1720/863/8661 1731/862/8662 1734/1269/8663 1735/1272/8664
f 1721/3192/8665 3716/3193/8666 2772/3194/8667 2771/865/8668 2770/864/8669
f 1721/3192/8670 1737/1281/8671 1722/1283/8672 2772/3194/8673 3716/3193/8674
f 1721/3192/8675 1735/1272/8676 1736/1271/8677 1737/1281/8678
f 1722/843/8679 3256/3195/8680 3261/3196/8681 1723/844/8682
f 1723/844/8683 3261/3196/8684 3715/3197/8685 2786/3198/8686 1899/845/8687
f 1724/3199/8688 1728/1257/8689 1729/1260/8690 1725/3200/8691
f 1724/3199/8692 2566/3093/8693 1727/1254/8694 1728/1257/8695
f 1724/3199/8696 2565/2663/8697 1849/2658/8698 2566/3093/8699
f 1724/3199/8700 1725/3200/8701 3034/2105/8702 2565/2663/8703
f 1725/3200/8704 1729/1260/8705 1730/3201/8706 1726/859/8707
f 1725/3200/8708 1726/859/8709 3035/858/8710 3034/2105/8711
f 1726/859/8712 1730/3201/8713 1731/862/8714 2769/856/8715
f 1729/1260/8716 1732/1259/8717 1733/1267/8718 1730/3201/8719
f 1730/3201/8720 1733/1267/8721 1734/1269/8722 1731/862/8723
f 1738/2176/8724 1741/2175/8725 1742/3202/8726 1739/3203/8727
f 1738/2176/8728 1739/3203/8729 2673/3204/8730 2672/2177/8731
f 2091/2170/8732 2563/3205/8733 1743/3206/8734 1740/2171/8735
f 1740/2171/8736 1743/3206/8737 1744/3207/8738 1741/2175/8739
f 1741/2175/8740 1744/3207/8741 2040/3208/8742 1742/3202/8743
f 2563/3209/8744 2564/3210/8745 1745/3211/8746 1743/3212/8747
f 1743/3206/8748 1745/3213/8749 1746/3214/8750 1744/3207/8751
f 1744/3207/8752 1746/3214/8753 2859/3215/8754 2040/3208/8755
f 2564/3210/8756 1747/3216/8757 1748/3217/8758 1745/3211/8759
f 1745/3211/8760 1748/3217/8761 2041/3218/8762 1746/3219/8763
f 1747/3216/8764 2744/3220/8765 2053/3221/8766 1749/3222/8767
f 1747/3216/8768 2564/3210/8769 2743/3223/8770 2744/3220/8771
f 1747/3216/8772 1749/3222/8773 2042/3224/8774 1748/3217/8775
f 1748/3217/8776 2042/3224/8777 2043/3225/8778 2041/3218/8779
f 1749/3222/8780 2053/3221/8781 3162/3226/8782 1750/3227/8783
f 1749/3222/8784 1750/3227/8785 2044/3228/8786 2042/3224/8787
f 1750/3227/8788 3162/3226/8789 2855/3229/8790 1751/3230/8791
f 1751/3230/8792 2855/3229/8793 2856/3231/8794 2045/3232/8795
f 1753/1629/8796 1840/1628/8797 2633/3069/8798 2632/3233/8799
f 1754/2396/8800 1978/3234/8801 2103/3235/8802 1974/2394/8803
f 1754/2396/8804 1757/2400/8805 1979/1204/8806 1978/3234/8807
f 1755/2398/8808 2092/2402/8809 2093/3236/8810 1756/2399/8811
f 1756/2399/8812 2093/3236/8813 2094/3237/8814 1757/2400/8815
f 1757/2400/8816 2094/3237/8817 642/1205/8818 1979/1204/8819
f 1758/3238/8820 2654/3239/8821 2653/3240/8822 1759/3241/8823
f 1758/3238/8824 3261/3242/8825 3176/3243/8826 2654/3239/8827
f 1758/3244/8828 3047/3245/8829 2786/3198/8830 3715/3197/8831 3261/3196/8832
f 1758/3244/8833 1759/3246/8834 2644/3247/8835 3047/3245/8836
f 1759/3241/8837 2653/3240/8838 3187/968/8839 2645/967/8840
f 1759/3246/8841 2645/3248/8842 2646/978/8843 2644/3247/8844
f 1760/3249/8845 3138/3250/8846 3049/3251/8847 2649/3252/8848
f 1760/3249/8849 2050/3253/8850 2843/3254/8851 3138/3250/8852
f 1760/3249/8853 1761/3255/8854 2051/3256/8855 2050/3253/8856
f 1760/3249/8857 2649/3252/8858 2650/3257/8859 1761/3255/8860
f 1761/3255/8861 2650/3257/8862 2651/3258/8863 2648/3259/8864
f 1761/3255/8865 2648/3259/8866 2052/3260/8867 2051/3256/8868
f 1762/839/8869 1896/776/8870 1898/842/8871 1763/1412/8872
f 1763/1412/8873 1898/842/8874 1764/3261/8875 1765/1414/8876
f 1764/3261/8877 1900/846/8878 1901/3262/8879 1767/1009/8880
f 1764/3261/8881 1898/842/8882 1897/782/8883 1900/846/8884
f 1764/3261/8885 1767/1009/8886 1768/1004/8887 1765/1414/8888
f 1765/1414/8889 1768/1004/8890 2785/1003/8891 1766/1415/8892
f 1766/1415/8893 2785/1003/8894 3011/3263/8895 3009/1416/8896
f 1767/1009/8897 1901/3262/8898 3048/3264/8899 2647/1007/8900
f 1769/759/8901 2304/2095/8902 3326/2094/8903 3327/764/8904
f 1772/1167/8905 1771/758/8906 1781/757/8907 1782/1169/8908
f 1775/1068/8909 2210/2436/8910 2788/3265/8911 1776/3266/8912
f 1775/1068/8913 1776/3266/8914 2082/3267/8915 2081/1065/8916
f 1776/3266/8917 2788/3265/8918 1779/3268/8919 1777/3269/8920
f 1776/3266/8921 1777/3269/8922 2083/3270/8923 2082/3267/8924
f 1777/3269/8925 1779/3268/8926 1780/3271/8927 1778/1381/8928
f 1777/3269/8929 1778/1381/8930 3263/1380/8931 2083/3270/8932
f 1778/1381/8933 1780/3271/8934 2750/3272/8935 2749/1382/8936
f 3325/1072/8937 1780/1075/8938 1779/3273/8939 2214/2468/8940
f 1779/3273/8941 2788/3274/8942 2213/2469/8943 2214/2468/8944
f 1781/757/8945 2551/761/8946 1783/2290/8947 1782/1169/8948
f 1786/684/8949 2086/1461/8950 2084/1460/8951 2085/685/8952
f 1785/683/8953 1837/1096/8954 1836/1088/8955 1786/684/8956
f 1785/683/8957 3090/687/8958 3089/1100/8959 1837/1096/8960
f 1786/684/8961 1836/1088/8962 1787/1086/8963 2086/1461/8964
f 2086/1461/8965 1787/1086/8966 602/1082/8967 1784/1104/8968
f 1789/1264/8969 1791/3092/8970 1792/1276/8971 1790/1262/8972
f 1791/3092/8973 1793/3091/8974 1794/1285/8975 1792/1276/8976
f 1793/3090/8977 1796/3089/8978 1797/3275/8979 1794/3276/8980
f 1794/3276/8981 1797/3275/8982 1798/1296/8983 1795/1295/8984
f 1796/3089/8985 1800/3088/8986 1801/3277/8987 1797/3275/8988
f 1797/3275/8989 1801/3277/8990 1802/3278/8991 1798/1296/8992
f 1798/1296/8993 1802/3278/8994 1816/3279/8995 1799/1292/8996
f 1799/1292/8997 1816/3279/8998 1817/3022/8999 2054/1293/9000
f 1800/3088/9001 1803/1919/9002 1804/3280/9003 1801/3277/9004
f 1801/3277/9005 1804/3280/9006 1811/3281/9007 1802/3278/9008
f 1802/3278/9009 1811/3281/9010 1815/3282/9011 1816/3279/9012
f 1803/1919/9013 1805/1917/9014 1807/3283/9015 1804/3280/9016
f 1804/3280/9017 1807/3283/9018 1810/3284/9019 1811/3281/9020
f 1805/1917/9021 3322/1916/9022 1806/3285/9023 1807/3283/9024
f 1806/3285/9025 1809/3286/9026 1810/3284/9027 1807/3283/9028
f 1806/3285/9029 2331/3287/9030 1808/3288/9031 1809/3286/9032
f 1806/3285/9033 3322/1916/9034 2330/3289/9035 2331/3287/9036
f 1808/3288/9037 2334/3290/9038 1838/3291/9039 1812/3292/9040
f 1808/3288/9041 2331/3287/9042 2333/3293/9043 2334/3290/9044
f 1808/3288/9045 1812/3292/9046 1813/3294/9047 1809/3286/9048
f 1809/3286/9049 1813/3294/9050 1814/3295/9051 1810/3284/9052
f 1810/3284/9053 1814/3295/9054 1815/3282/9055 1811/3281/9056
f 1812/3292/9057 2793/3296/9058 2791/3297/9059 1813/3294/9060
f 1812/3292/9061 1838/3291/9062 2982/3298/9063 2793/3296/9064
f 1813/3294/9065 2791/3297/9066 2790/3299/9067 1814/3295/9068
f 1814/3295/9069 2790/3299/9070 2789/3300/9071 1815/3282/9072
f 1815/3282/9073 2789/3300/9074 1817/3022/9075 1816/3279/9076
f 1817/3022/9077 2789/3300/9078 1818/3301/9079 3225/3020/9080
f 1818/3301/9081 1820/3302/9082 1821/3303/9083 1819/3304/9084
f 1818/3301/9085 2789/3300/9086 2790/3299/9087 1820/3302/9088
f 1818/3301/9089 1819/3304/9090 3226/3021/9091 3225/3020/9092
f 1819/3304/9093 3220/3305/9094 3228/3306/9095 3226/3021/9096
f 1819/3304/9097 1821/3303/9098 2844/3307/9099 3220/3305/9100
f 1820/3302/9101 2790/3299/9102 2791/3297/9103 2792/3308/9104
f 1820/3302/9105 2792/3308/9106 2808/3309/9107 1821/3303/9108
f 1821/3303/9109 2808/3309/9110 2845/3310/9111 2844/3307/9112
f 1916/2903/9113 1822/3311/9114 2325/3312/9115 2550/3313/9116
f 1822/3311/9117 1916/2903/9118 1917/2902/9119 1825/3314/9120
f 1823/3315/9121 2584/3316/9122 3171/2682/9123 1824/2681/9124
f 1823/3317/9125 3320/3103/9126 2594/3104/9127 2584/3318/9128
f 1825/3314/9129 1917/2902/9130 1918/2905/9131 3320/3103/9132
f 2634/3319/9133 2629/3320/9134 1826/3063/9135 2635/1185/9136
f 1826/3063/9137 2629/3320/9138 2630/3321/9139 2631/3064/9140
f 1830/3322/9141 1832/3323/9142 2404/1860/9143 2403/1859/9144
f 1830/3324/9145 2403/1863/9146 2990/1862/9147 3016/3325/9148
f 1831/1098/9149 1834/1102/9150 1835/3326/9151 1832/1099/9152
f 1832/3323/9153 1835/3327/9154 2406/3328/9155 2404/1860/9156
f 3089/1100/9157 2347/2942/9158 2348/3329/9159 1833/1101/9160
f 1833/1101/9161 2348/3329/9162 2349/3330/9163 1834/1102/9164
f 1834/1102/9165 2349/3330/9166 3317/3331/9167 1835/3326/9168
f 1835/3327/9169 3317/1918/9170 2410/1913/9171 2406/3328/9172
f 1838/3332/9173 2334/3333/9174 2810/3334/9175 1839/3335/9176
f 1838/3332/9177 1839/3335/9178 2329/3336/9179 2982/3337/9180
f 1839/3335/9181 1848/2106/9182 2812/855/9183 2329/3336/9184
f 1839/3335/9185 2810/3334/9186 2725/2107/9187 1848/2106/9188
f 1842/1627/9189 1845/3338/9190 1844/886/9191 1843/885/9192
f 1844/886/9193 1845/3338/9194 1846/3339/9195 2515/895/9196
f 1847/2696/9197 2934/2691/9198 2936/2705/9199 2935/2424/9200
f 1847/2696/9201 2402/2738/9202 2813/3026/9203 2814/3340/9204
f 1849/2658/9205 3323/2657/9206 3315/2103/9207 2566/3093/9208
f 2310/3341/9209 1855/3342/9210 1856/3343/9211 1850/3344/9212
f 2310/3341/9213 2309/3345/9214 1854/3346/9215 1855/3342/9216
f 1850/3344/9217 1856/3343/9218 1857/3347/9219 1851/2766/9220
f 1851/2766/9221 1857/3347/9222 2473/3348/9223 2471/2085/9224
f 1852/3349/9225 2955/3350/9226 2956/3351/9227 2958/3352/9228
f 1852/3349/9229 2311/3353/9230 2391/3354/9231 2955/3350/9232
f 1852/3349/9233 1853/3355/9234 2312/3356/9235 2311/3353/9236
f 1852/3349/9237 2958/3352/9238 2959/3357/9239 1853/3355/9240
f 1853/3355/9241 2959/3357/9242 1858/3358/9243 1854/3359/9244
f 1853/3355/9245 1854/3359/9246 2309/3360/9247 2312/3356/9248
f 1854/3346/9249 1858/3361/9250 1859/3362/9251 1855/3342/9252
f 1855/3342/9253 1859/3362/9254 1860/3363/9255 1856/3343/9256
f 1856/3343/9257 1860/3363/9258 1861/3364/9259 1857/3347/9260
f 1857/3347/9261 1861/3364/9262 2475/1333/9263 2473/3348/9264
f 1858/3361/9265 2962/3365/9266 1862/3366/9267 1859/3362/9268
f 1858/3358/9269 2959/3357/9270 2961/1846/9271 2962/3367/9272
f 1859/3362/9273 1862/3366/9274 1863/3368/9275 1860/3363/9276
f 1860/3363/9277 1863/3368/9278 1864/1345/9279 1861/3364/9280
f 1861/3364/9281 1864/1345/9282 2477/1330/9283 2475/1333/9284
f 1862/3366/9285 2962/3365/9286 2964/1873/9287 2965/1872/9288
f 1862/3366/9289 2965/1872/9290 2966/1879/9291 1863/3368/9292
f 1863/3368/9293 2966/1879/9294 1865/1342/9295 1864/1345/9296
f 1866/1244/9297 1869/1238/9298 1870/3369/9299 1867/3370/9300
f 1866/1244/9301 1867/3370/9302 2590/3371/9303 1878/1246/9304
f 1867/3370/9305 1870/3369/9306 1871/2097/9307 1868/2099/9308
f 1867/3370/9309 1868/2099/9310 2591/3372/9311 2590/3371/9312
f 1868/2099/9313 2985/1845/9314 2957/1848/9315 2591/3372/9316
f 1869/1238/9317 2583/1231/9318 1872/1230/9319 1870/3369/9320
f 1870/3369/9321 1872/1230/9322 1873/2098/9323 1871/2097/9324
f 1872/1230/9325 1874/1223/9326 1875/2100/9327 1873/2098/9328
f 1644/2759/9329 1876/3098/9330 2593/3102/9331 2592/2756/9332
f 1877/3094/9333 2598/3096/9334 2597/3373/9335 2596/3099/9336
f 1878/1246/9337 2590/3371/9338 2588/3374/9339 2598/3096/9340
f 701/1364/9341 1883/1374/9342 1884/3375/9343 1879/1366/9344
f 1879/1366/9345 1884/3375/9346 1885/1456/9347 1880/1367/9348
f 1880/1367/9349 1885/1456/9350 1924/1455/9351 1923/1368/9352
f 1881/1372/9353 2401/3376/9354 2400/3377/9355 1882/1373/9356
f 1882/1373/9357 2400/3377/9358 1886/3378/9359 1883/1374/9360
f 1883/1374/9361 1886/3378/9362 1887/3379/9363 1884/3375/9364
f 1884/3375/9365 1887/3379/9366 1888/1452/9367 1885/1456/9368
f 2400/3377/9369 2397/3380/9370 2396/3381/9371 1886/3378/9372
f 1886/3378/9373 2396/3381/9374 1889/3382/9375 1887/3379/9376
f 1887/3379/9377 1889/3382/9378 1890/1453/9379 1888/1452/9380
f 1889/3382/9381 2396/3381/9382 2301/798/9383 2300/3383/9384
f 1889/3382/9385 2300/3383/9386 3303/1443/9387 1890/1453/9388
f 1891/1377/9389 3087/1376/9390 3081/3384/9391 3088/3385/9392
f 3088/3385/9393 1892/693/9394 2401/3376/9395 1881/1372/9396
f 3088/3385/9397 1881/1372/9398 699/1371/9399 1891/1377/9400
f 1892/693/9401 2399/692/9402 2398/3386/9403 2401/3376/9404
f 1893/1400/9405 2681/1399/9406 2000/1418/9407 2822/1668/9408
f 1894/3129/9409 1895/2060/9410 2656/2059/9411 2655/3127/9412
f 1894/3129/9413 2090/3130/9414 2821/1402/9415 1895/2060/9416
f 1895/2060/9417 2821/1402/9418 2619/1401/9419 2618/2061/9420
f 1899/845/9421 2786/3198/9422 1901/3262/9423 1900/846/9424
f 1901/3262/9425 2786/3198/9426 3047/3245/9427 3048/3264/9428
f 1902/848/9429 1903/1832/9430 3269/3387/9431 2819/849/9432
f 1903/3388/9433 2623/3119/9434 3124/3389/9435 3269/3390/9436
f 1903/3388/9437 1904/1833/9438 2625/770/9439 2623/3119/9440
f 1906/2086/9441 1908/2081/9442 3093/2092/9443 1907/3391/9444
f 1907/3391/9445 3093/2092/9446 3293/3392/9447 2687/3393/9448
f 1909/3394/9449 3153/3395/9450 2726/3396/9451 3305/3397/9452
f 1909/3394/9453 2685/3398/9454 2686/3399/9455 3153/3395/9456
f 1911/2190/9457 1912/2189/9458 2383/3400/9459 2382/3401/9460
f 1912/2189/9461 1913/2193/9462 2384/3402/9463 2383/3400/9464
f 1913/2193/9465 1914/1646/9466 2385/1648/9467 2384/3402/9468
f 1916/2903/9469 2550/3313/9470 2080/2896/9471 1915/2898/9472
f 1920/3403/9473 2870/2897/9474 2080/2896/9475 2550/3313/9476
f 1920/3403/9477 2079/3404/9478 2869/3405/9479 2870/2897/9480
f 1920/3403/9481 2550/3313/9482 2325/3312/9483 3255/3406/9484
f 1921/3407/9485 1457/3408/9486 3075/3112/9487 3076/1947/9488
f 1921/3407/9489 3296/3409/9490 2967/3410/9491 1457/3408/9492
f 1921/3407/9493 1922/3023/9494 2373/3411/9495 3296/3409/9496
f 1921/3407/9497 3076/1947/9498 3077/1942/9499 1922/3023/9500
f 1925/1450/9501 1926/1106/9502 2517/1105/9503 2462/3412/9504
f 1925/1450/9505 2462/3412/9506 2969/3413/9507 2968/1446/9508
f 1927/899/9509 2516/898/9510 1929/1186/9511 1930/1181/9512
f 1927/899/9513 1930/1181/9514 1931/1180/9515 1928/900/9516
f 1929/1186/9517 2734/2224/9518 2774/3414/9519 2773/1184/9520
f 1932/1038/9521 1933/1469/9522 3294/1468/9523 3307/1473/9524
f 1934/2650/9525 1936/1576/9526 2641/1579/9527 1966/2651/9528
f 1937/3415/9529 2698/3416/9530 2699/3417/9531 1938/3418/9532
f 1937/3419/9533 3288/3420/9534 2697/3421/9535 2698/3422/9536
f 1937/3419/9537 2523/2675/9538 3287/2560/9539 3288/3420/9540
f 1937/3419/9541 1938/3423/9542 2522/3424/9543 2523/2675/9544
f 1938/3418/9545 2699/3417/9546 1940/1540/9547 1939/1539/9548
f 1938/3418/9549 1939/1539/9550 3019/1541/9551 2522/2674/9552
f 1940/1540/9553 2703/3425/9554 2704/1546/9555 1941/1537/9556
f 1940/1540/9557 2699/3417/9558 2702/3426/9559 2703/3425/9560
f 1942/1543/9561 2697/3421/9562 3288/3420/9563 3309/3427/9564
f 1942/1543/9565 3128/1542/9566 2700/3428/9567 2697/3421/9568
f 1942/1543/9569 3309/3427/9570 3319/1535/9571 2905/1534/9572
f 1943/1532/9573 2188/1527/9574 2154/2590/9575 2155/2664/9576
f 1943/1532/9577 2921/1522/9578 2709/1528/9579 2188/1527/9580
f 1945/3429/9581 1688/2961/9582 3739/3177/9583 1691/2342/9584 1947/3178/9585
f 1945/3429/9586 2753/2957/9587 1478/2955/9588 1688/2961/9589
f 1945/3429/9590 1946/3430/9591 3155/2959/9592 2753/2957/9593
f 1945/3429/9594 1947/3178/9595 1948/3431/9596 1946/3430/9597
f 1946/3430/9598 3170/3432/9599 3156/3433/9600 3155/2959/9601
f 1946/3430/9602 1948/3431/9603 1949/3434/9604 3170/3432/9605
f 1947/3178/9606 2974/2352/9607 3204/3180/9608 1948/3431/9609
f 1948/3431/9610 3204/3180/9611 3205/3181/9612 1949/3434/9613
f 1949/3434/9614 3207/1944/9615 2978/1943/9616 3170/3432/9617
f 1949/3434/9618 3205/3181/9619 3206/1949/9620 3207/1944/9621
f 3063/2944/9622 2345/2943/9623 3091/3435/9624 3092/3108/9625
f 1950/3436/9626 2451/3059/9627 2448/3437/9628 2447/3438/9629
f 1950/3436/9630 1994/3439/9631 2453/1653/9632 2451/3059/9633
f 2453/1653/9634 1994/3439/9635 1996/3440/9636 1997/1649/9637
f 1951/2591/9638 2155/2664/9639 2162/3441/9640 2163/2666/9641
f 1952/3442/9642 2181/3443/9643 2183/2630/9644 1954/3444/9645
f 1952/3442/9646 2250/3445/9647 2179/3446/9648 2181/3443/9649
f 1952/3442/9650 1953/3447/9651 2266/3448/9652 2250/3445/9653
f 1952/3442/9654 1954/3444/9655 1955/3449/9656 1953/3447/9657
f 1953/3447/9658 2267/3450/9659 2293/3451/9660 2266/3448/9661
f 1953/3447/9662 1955/3449/9663 2268/3452/9664 2267/3450/9665
f 1954/3444/9666 2183/2630/9667 2184/2629/9668 1956/3453/9669
f 1954/3444/9670 1956/3453/9671 1957/3454/9672 1955/3449/9673
f 1955/3449/9674 1957/3454/9675 2269/3455/9676 2268/3452/9677
f 1956/3453/9678 2184/2629/9679 2185/2631/9680 1958/3456/9681
f 1956/3453/9682 1958/3456/9683 1959/3457/9684 1957/3454/9685
f 1957/3454/9686 1959/3457/9687 2270/3458/9688 2269/3455/9689
f 1958/3456/9690 2185/2631/9691 2186/2635/9692 1960/3459/9693
f 1958/3456/9694 1960/3459/9695 1961/3460/9696 1959/3457/9697
f 1959/3457/9698 1961/3460/9699 2271/3461/9700 2270/3458/9701
f 1960/3459/9702 2186/2635/9703 2187/2639/9704 1962/2653/9705
f 1960/3459/9706 1962/2653/9707 1963/3462/9708 1961/3460/9709
f 1961/3460/9710 1963/3462/9711 2273/3463/9712 2271/3461/9713
f 1962/2653/9714 1964/2652/9715 1965/3464/9716 1963/3462/9717
f 1963/3462/9718 1965/3464/9719 2275/3465/9720 2273/3463/9721
f 1964/2652/9722 1966/2651/9723 1967/3466/9724 1965/3464/9725
f 1965/3464/9726 1967/3466/9727 2277/3467/9728 2275/3465/9729
f 1966/2651/9730 2641/1579/9731 1968/3468/9732 1967/3466/9733
f 1967/3466/9734 1968/3468/9735 2279/3469/9736 2277/3467/9737
f 1968/3468/9738 1969/1601/9739 2281/1566/9740 2279/3469/9741
f 1968/3468/9742 2641/1579/9743 3046/1578/9744 1969/1601/9745
f 1970/3470/9746 2767/3471/9747 2381/3472/9748 3293/3473/9749
f 1970/3470/9750 3305/3474/9751 2726/3475/9752 2767/3471/9753
f 1970/3476/9754 2628/2294/9755 3330/2293/9756 3722/3477/9757 3305/3478/9758
f 1970/3476/9759 3293/3392/9760 3257/3479/9761 2628/2294/9762
f 1971/2385/9763 1972/3480/9764 2095/3481/9765 2098/2386/9766
f 1972/3480/9767 1973/3482/9768 2096/3483/9769 2095/3481/9770
f 1973/3482/9771 2102/3484/9772 2101/1206/9773 2096/3483/9774
f 1973/2395/9775 1974/2394/9776 2103/3235/9777 2102/3485/9778
f 1975/3486/9779 1976/2114/9780 917/2113/9781 2423/3487/9782
f 1975/3486/9783 1977/1201/9784 2642/1200/9785 1976/2114/9786
f 1979/1204/9787 641/1198/9788 1977/1201/9789 1978/3234/9790
f 1977/1201/9791 1975/3486/9792 2103/3235/9793 1978/3234/9794
f 642/1205/9795 2094/3237/9796 2096/3483/9797 2101/1206/9798
f 1980/3488/9799 3029/3489/9800 3033/3490/9801 3032/3491/9802
f 1980/3488/9803 2130/3492/9804 1981/3493/9805 3029/3489/9806
f 1981/3494/9807 2524/3495/9808 1984/3496/9809 1982/3497/9810
f 1981/3494/9811 2130/3498/9812 2132/3499/9813 2524/3495/9814
f 3029/3489/9815 1981/3493/9816 1982/3500/9817 3030/3501/9818
f 1982/3497/9819 1984/3496/9820 1985/3502/9821 1983/3503/9822
f 1982/3500/9823 1983/3504/9824 3031/3505/9825 3030/3501/9826
f 3031/3505/9827 1983/3504/9828 2443/3506/9829 2457/3507/9830
f 1983/3503/9831 1985/3502/9832 1991/3508/9833 2443/3509/9834
f 1986/3510/9835 1984/3496/9836 2524/3495/9837 2525/3511/9838
f 1984/3496/9839 1986/3510/9840 1987/3512/9841 1985/3502/9842
f 1991/3508/9843 1985/3502/9844 1987/3512/9845 1992/3513/9846
f 1986/3510/9847 2525/3511/9848 2526/3514/9849 1988/3515/9850
f 1986/3510/9851 1988/3515/9852 1989/3516/9853 1987/3512/9854
f 1992/3513/9855 1987/3512/9856 1989/3516/9857 1993/3517/9858
f 2528/3518/9859 1988/3515/9860 2526/3514/9861 2527/3519/9862
f 1988/3515/9863 2528/3518/9864 1990/3520/9865 1989/3516/9866
f 1993/3517/9867 1989/3516/9868 1990/3520/9869 1995/3521/9870
f 1995/3521/9871 1990/3520/9872 2531/3522/9873 1998/2983/9874
f 1990/3520/9875 2528/3518/9876 2530/3523/9877 2531/3522/9878
f 1530/2980/9879 1998/2983/9880 2531/3522/9881 2938/3524/9882
f 1991/3508/9883 2447/3438/9884 2444/3525/9885 2443/3509/9886
f 1991/3508/9887 1992/3513/9888 1950/3436/9889 2447/3438/9890
f 1992/3513/9891 1993/3517/9892 1994/3439/9893 1950/3436/9894
f 1993/3517/9895 1995/3521/9896 1996/3440/9897 1994/3439/9898
f 1995/3521/9899 1998/2983/9900 1999/2982/9901 1996/3440/9902
f 1996/3440/9903 1999/2982/9904 2509/1650/9905 1997/1649/9906
f 2000/1418/9907 3010/1417/9908 2832/1669/9909 2822/1668/9910
f 2001/1594/9911 2002/1593/9912 2954/3526/9913 2952/3527/9914
f 2001/1594/9915 2720/3528/9916 2838/3034/9917 2003/1590/9918
f 2001/1594/9919 2952/3527/9920 2721/3529/9921 2720/3528/9922
f 3735/3530/9923 3736/3531/9924 2495/3532/9925 2005/3533/9926
f 2004/3534/9927 2718/1587/9928 2719/2144/9929 3714/3535/9930 2494/3536/9931
f 2004/3534/9932 3005/3149/9933 3006/1588/9934 2718/1587/9935
f 2004/3534/9936 3735/3530/9937 2005/3533/9938 2006/3154/9939 3005/3149/9940
f 2005/3537/9941 2836/3031/9942 2837/3162/9943 2006/3161/9944
f 2005/3537/9945 2495/3538/9946 3713/3539/9947 2835/3032/9948 2836/3031/9949
f 2007/3540/9950 3245/3541/9951 3268/2148/9952 2834/2147/9953
f 2007/3542/9954 3281/3543/9955 3712/3544/9956 3286/3545/9957 3245/2146/9958
f 2007/3035/9959 2835/3032/9960 3713/3539/9961 2495/3538/9962 3281/3546/9963
f 2008/1752/9964 2628/2294/9965 3257/3479/9966 2023/3547/9967
f 2008/1752/9968 2023/3547/9969 2024/3548/9970 2009/1748/9971
f 2009/1748/9972 2024/3548/9973 2025/2932/9974 2010/1749/9975
f 2010/1749/9976 2025/2932/9977 2026/2931/9978 2011/1753/9979
f 2011/1753/9980 2026/2931/9981 2027/2933/9982 2012/1755/9983
f 2012/1755/9984 2027/2933/9985 2028/2934/9986 2013/1757/9987
f 2013/1757/9988 2028/2934/9989 2029/2935/9990 2014/1759/9991
f 2014/1759/9992 2029/2935/9993 2030/2936/9994 2015/1761/9995
f 2015/1761/9996 2030/2936/9997 2031/2926/9998 2016/1763/9999
f 2023/3547/10000 3257/3479/10001 2723/1168/10002 2032/1163/10003
f 2023/3547/10004 2032/1163/10005 2033/1162/10006 2024/3548/10007
f 2024/3548/10008 2033/1162/10009 2034/2225/10010 2025/2932/10011
f 2035/1008/10012 2727/3549/10013 2728/977/10014 2729/3550/10015
f 2035/1008/10016 2647/1007/10017 3048/3264/10018 2727/3549/10019
f 2035/1008/10020 2729/3550/10021 2037/3551/10022 2036/1005/10023
f 2036/1005/10024 2037/3551/10025 2392/3552/10026 2498/1006/10027
f 2037/3551/10028 2038/3553/10029 2393/3554/10030 2392/3552/10031
f 2037/3551/10032 2729/3550/10033 2731/3555/10034 2038/3553/10035
f 2038/3556/10036 2731/3557/10037 2901/3558/10038 2121/3559/10039
f 2038/3556/10040 2121/3559/10041 2319/3560/10042 2393/3561/10043
f 2039/3562/10044 2782/814/10045 2781/813/10046 2780/3563/10047
f 2039/3562/10048 2499/3564/10049 2500/3565/10050 2782/814/10051
f 2039/3562/10052 2498/1006/10053 2392/3552/10054 2499/3564/10055
f 2039/3562/10056 2780/3563/10057 2504/1002/10058 2498/1006/10059
f 1746/3219/10060 2041/3218/10061 2861/3566/10062 2859/3567/10063
f 2042/3224/10064 2044/3228/10065 2863/3568/10066 2043/3225/10067
f 1750/3227/10068 1751/3230/10069 2864/3569/10070 2044/3228/10071
f 2044/3228/10072 2864/3569/10073 2865/3570/10074 2863/3568/10075
f 1751/3230/10076 2045/3232/10077 2866/3571/10078 2864/3569/10079
f 2045/3232/10080 2856/3231/10081 2852/3572/10082 3733/3573/10083 2046/3574/10084
f 2045/3232/10085 2046/3574/10086 2867/3575/10087 3732/3576/10088 2866/3571/10089
f 2046/3574/10090 3733/3573/10091 3734/3577/10092
f 2047/3578/10093 2742/3579/10094 2875/3580/10095 2874/3581/10096
f 2047/3578/10097 2048/3582/10098 2049/3583/10099 2742/3579/10100
f 2047/3578/10101 3711/3584/10102 3069/3585/10103 3070/3586/10104 3731/3587/10105 2048/3582/10106
f 2047/3578/10107 2874/3581/10108 3147/3588/10109 3069/3585/10110 3711/3584/10111
f 2048/3582/10112 2051/3256/10113 2052/3260/10114 2049/3583/10115
f 2048/3582/10116 3731/3587/10117 3070/3586/10118 2050/3253/10119 2051/3256/10120
f 2050/3253/10121 3070/3586/10122 2841/3589/10123 2843/3254/10124
f 2052/3260/10125 2053/3221/10126 2744/3220/10127 2049/3583/10128
f 2052/3260/10129 2648/3259/10130 3162/3226/10131 2053/3221/10132
f 2058/1284/10133 3232/3019/10134 3229/3590/10135 3256/1282/10136
f 2059/3591/10137 2060/3592/10138 1552/3593/10139 2860/3594/10140
f 2059/3591/10141 2061/3595/10142 2062/3596/10143 2060/3592/10144
f 2061/3595/10145 2064/3597/10146 2711/3598/10147 2062/3596/10148
f 2063/3599/10149 2065/3600/10150 2066/3601/10151 2064/3597/10152
f 2063/3599/10153 2064/3597/10154 2061/3595/10155 2862/3602/10156
f 2064/3597/10157 2066/3601/10158 2658/1933/10159 2711/3598/10160
f 2065/3600/10161 2068/3603/10162 2069/3604/10163 2066/3601/10164
f 2066/3601/10165 2069/3604/10166 876/1930/10167 2658/1933/10168
f 2067/3605/10169 2068/3603/10170 2065/3600/10171 2865/3570/10172
f 2067/3605/10173 2070/3606/10174 2071/3607/10175 2068/3603/10176
f 2068/3603/10177 2071/3607/10178 2072/3608/10179 2069/3604/10180
f 2069/3604/10181 2072/3608/10182 2110/1934/10183 876/1930/10184
f 2070/3606/10185 2867/3575/10186 2073/3609/10187 2074/3610/10188
f 2070/3606/10189 2067/3605/10190 2866/3571/10191 3732/3576/10192 2867/3575/10193
f 2070/3606/10194 2074/3610/10195 2075/3611/10196 2071/3607/10197
f 2071/3607/10198 2075/3611/10199 2111/3612/10200 2072/3608/10201
f 2072/3608/10202 2111/3612/10203 2104/3613/10204 2110/1934/10205
f 2868/2723/10206 2073/3609/10207 2867/3575/10208 2046/3574/10209 3734/3577/10210
f 2868/2723/10211 1243/2722/10212 2112/3614/10213 2073/3609/10214
f 2073/3609/10215 2112/3614/10216 2113/3615/10217 2074/3610/10218
f 2074/3610/10219 2113/3615/10220 2114/3616/10221 2075/3611/10222
f 2110/1934/10223 2104/3613/10224 3194/2546/10225 3275/1935/10226
f 2104/3613/10227 2105/3617/10228 3195/2547/10229 3194/2546/10230
f 2076/3191/10231 3737/3190/10232 2078/2894/10233 2870/2897/10234 2869/3405/10235
f 2081/1065/10236 2082/3267/10237 2466/3618/10238 2465/1066/10239
f 2083/3270/10240 3729/3619/10241 2467/3620/10242 2466/3618/10243 2082/3267/10244
f 2083/3270/10245 3263/1380/10246 2220/2753/10247 2467/3620/10248 3729/3619/10249
f 2084/1462/10250 3303/1443/10251 2372/1442/10252 2085/3621/10253
f 2087/3123/10254 3007/3125/10255 2320/3622/10256 2319/3560/10257
f 2087/3123/10258 2319/3560/10259 2121/3559/10260 2315/3124/10261
f 2088/3122/10262 2879/3128/10263 3008/2044/10264 3007/3125/10265
f 2089/1407/10266 2122/1406/10267 2123/1413/10268 2090/3130/10269
f 2090/3130/10270 2123/1413/10271 2637/1398/10272 2821/1402/10273
f 2091/3623/10274 2746/3624/10275 2747/3625/10276 2563/3209/10277
f 2091/2170/10278 2872/2169/10279 2878/3626/10280 2746/3627/10281
f 2779/2401/10282 2097/1633/10283 2098/2386/10284 2092/2402/10285
f 2092/2402/10286 2098/2386/10287 2095/3481/10288 2093/3236/10289
f 2093/3236/10290 2095/3481/10291 2096/3483/10292 2094/3237/10293
f 2102/3485/10294 2103/3235/10295 1975/3486/10296 2423/3487/10297
f 2422/1207/10298 2101/1206/10299 2102/3484/10300 2423/3628/10301
f 2106/876/10302 2119/3629/10303 2107/3630/10304 2108/877/10305
f 2106/876/10306 2105/879/10307 2115/3631/10308 2119/3629/10309
f 2107/3630/10310 2109/3632/10311 3177/881/10312 2108/877/10313
f 2109/3632/10314 2663/3633/10315 2666/3634/10316 3178/3635/10317
f 2109/3632/10318 2107/3630/10319 2120/3636/10320 2663/3633/10321
f 2075/3611/10322 2114/3616/10323 2115/3637/10324 2111/3612/10325
f 2111/3612/10326 2115/3637/10327 2105/3617/10328 2104/3613/10329
f 1243/2725/10330 1245/2724/10331 2116/3638/10332 2112/3639/10333
f 2112/3639/10334 2116/3638/10335 2117/3640/10336 2113/3641/10337
f 2113/3641/10338 2117/3640/10339 2118/3642/10340 2114/3643/10341
f 2114/3643/10342 2118/3642/10343 2119/3629/10344 2115/3631/10345
f 2116/3638/10346 2659/3644/10347 2660/3645/10348 2117/3640/10349
f 2116/3638/10350 1245/2724/10351 1247/2728/10352 2659/3644/10353
f 2117/3640/10354 2660/3645/10355 2120/3636/10356 2118/3642/10357
f 2118/3642/10358 2120/3636/10359 2107/3630/10360 2119/3629/10361
f 2660/3645/10362 2662/3646/10363 2663/3633/10364 2120/3636/10365
f 2121/3559/10366 2901/3558/10367 2898/3647/10368 2315/3124/10369
f 2123/1413/10370 2124/1411/10371 2681/1399/10372 2637/1398/10373
f 2125/1437/10374 2505/1666/10375 2508/3648/10376 3297/1439/10377
f 2126/3649/10378 3067/3650/10379 2127/3651/10380 2128/3652/10381
f 2126/2133/10382 2553/3653/10383 2552/3654/10384 2739/2134/10385
f 2126/3649/10386 2128/3652/10387 2131/3655/10388 2553/3656/10389
f 2127/3651/10390 3067/3650/10391 1256/3657/10392 2193/1433/10393
f 2127/3651/10394 2129/3658/10395 2554/3659/10396 2128/3652/10397
f 2127/3651/10398 2193/1433/10399 3297/1439/10400 2129/3658/10401
f 2128/3652/10402 2554/3659/10403 2133/3660/10404 2131/3655/10405
f 2129/3658/10406 3283/825/10407 2135/3661/10408 2554/3659/10409
f 2129/3658/10410 3297/1439/10411 2508/3648/10412 3283/825/10413
f 2130/3498/10414 2553/3656/10415 2131/3655/10416 2132/3499/10417
f 2130/3492/10418 1980/3488/10419 2552/3654/10420 2553/3653/10421
f 2131/3655/10422 2133/3660/10423 2134/3662/10424 2132/3499/10425
f 2133/3660/10426 2554/3659/10427 2135/3661/10428 2136/3663/10429
f 2133/3660/10430 2136/3663/10431 2137/3664/10432 2134/3662/10433
f 2135/3661/10434 2714/3665/10435 2138/3666/10436 2136/3663/10437
f 2135/3661/10438 3283/825/10439 2713/823/10440 2714/3665/10441
f 2136/3663/10442 2138/3666/10443 2139/3667/10444 2137/3664/10445
f 2138/3666/10446 2714/3665/10447 2715/3668/10448 2716/3669/10449
f 2138/3666/10450 2716/3669/10451 2140/3670/10452 2139/3667/10453
f 2140/3670/10454 2716/3669/10455 3024/3671/10456 3025/3672/10457
f 2433/1176/10458 2903/3673/10459 2931/3674/10460 2141/3675/10461
f 2433/1176/10462 2141/3675/10463 2416/908/10464 2359/910/10465
f 2141/3675/10466 2931/3674/10467 2932/736/10468 3037/743/10469
f 2141/3675/10470 3037/743/10471 3127/741/10472 2416/908/10473
f 2142/2460/10474 2904/732/10475 2932/736/10476 2931/3674/10477
f 2142/2460/10478 2143/2461/10479 3125/733/10480 2904/732/10481
f 2143/3676/10482 2420/2702/10483 2733/906/10484 2415/909/10485
f 2826/2140/10486 2825/2139/10487 1655/3116/10488 2144/3117/10489
f 2146/747/10490 536/3114/10491 2827/753/10492 2147/748/10493
f 1653/735/10494 2880/744/10495 3037/743/10496 2932/736/10497
f 2148/3677/10498 2149/2554/10499 1187/2550/10500 2490/3678/10501
f 2148/3679/10502 2151/3680/10503 2152/3681/10504 2149/3682/10505
f 2150/3683/10506 2151/3680/10507 2148/3679/10508 2489/3684/10509
f 2150/3683/10510 2157/3685/10511 2153/3686/10512 2151/3680/10513
f 2151/3680/10514 2153/3686/10515 2159/3687/10516 2152/3681/10517
f 2154/2590/10518 2161/3688/10519 2162/3441/10520 2155/2664/10521
f 2154/2590/10522 2189/2589/10523 2156/2596/10524 2161/3688/10525
f 2156/2596/10526 2165/2606/10527 2166/3689/10528 2161/3688/10529
f 2156/2596/10530 2190/2595/10531 2164/2602/10532 2165/2606/10533
f 2149/3682/10534 2152/3681/10535 2158/2540/10536 3234/2539/10537
f 2152/3681/10538 2159/3687/10539 1105/2537/10540 2158/2540/10541
f 2160/3690/10542 3061/3691/10543 3053/2545/10544 3054/3692/10545
f 2160/3690/10546 2927/3693/10547 2496/2212/10548 3061/3691/10549
f 2160/3690/10550 3036/1210/10551 2928/1214/10552 2927/3693/10553
f 2160/3690/10554 3054/3692/10555 3055/1211/10556 3036/1210/10557
f 2161/3688/10558 2166/3689/10559 2167/3694/10560 2162/3441/10561
f 2162/3441/10562 2167/3694/10563 2168/3695/10564 2163/2666/10565
f 2163/2666/10566 2168/3695/10567 2286/3696/10568 2284/2667/10569
f 2165/2606/10570 2169/2605/10571 2170/3697/10572 2166/3689/10573
f 2166/3689/10574 2170/3697/10575 2171/3698/10576 2167/3694/10577
f 2167/3694/10578 2171/3698/10579 2247/3699/10580 2168/3695/10581
f 2168/3695/10582 2247/3699/10583 2263/3700/10584 2286/3696/10585
f 2169/2605/10586 2172/2608/10587 2173/3701/10588 2170/3697/10589
f 2170/3697/10590 2173/3701/10591 2174/3702/10592 2171/3698/10593
f 2171/3698/10594 2174/3702/10595 2248/3703/10596 2247/3699/10597
f 2172/2608/10598 2175/2612/10599 2176/2615/10600 2173/3701/10601
f 2173/3701/10602 2176/2615/10603 2177/3704/10604 2174/3702/10605
f 2174/3702/10606 2177/3704/10607 2249/3705/10608 2248/3703/10609
f 2176/2615/10610 2178/2614/10611 2179/3446/10612 2177/3704/10613
f 2177/3704/10614 2179/3446/10615 2250/3445/10616 2249/3705/10617
f 2178/2614/10618 2180/2617/10619 2181/3443/10620 2179/3446/10621
f 2180/2617/10622 2182/2621/10623 2183/2630/10624 2181/3443/10625
f 2191/904/10626 2192/903/10627 2933/2690/10628 2305/2689/10629
f 2192/903/10630 2995/907/10631 2994/2700/10632 2933/2690/10633
f 2195/3706/10634 2710/3707/10635 2196/3708/10636 2197/3709/10637
f 2195/3706/10638 2194/3004/10639 2231/3710/10640 2710/3707/10641
f 2196/3708/10642 2712/3711/10643 2198/1932/10644 2199/3712/10645
f 2196/3708/10646 2710/3707/10647 2232/3713/10648 2712/3711/10649
f 2196/3708/10650 2199/3712/10651 2368/3714/10652 2197/3709/10653
f 2198/1932/10654 2712/3711/10655 2711/3598/10656 2658/1933/10657
f 2198/1932/10658 2657/1931/10659 2200/3715/10660 2199/3712/10661
f 2199/3712/10662 2200/3715/10663 2369/3716/10664 2368/3714/10665
f 2200/3715/10666 3313/2211/10667 2370/2215/10668 2369/3716/10669
f 2200/3715/10670 2657/1931/10671 3275/1935/10672 3313/2211/10673
f 2201/2331/10674 2945/2330/10675 2197/3709/10676 2368/3714/10677
f 2201/2331/10678 2368/3714/10679 2369/3716/10680 2202/2332/10681
f 2202/2332/10682 2369/3716/10683 2370/2215/10684 2204/2221/10685
f 2205/3717/10686 3026/3718/10687 3154/3719/10688 3032/3491/10689
f 2205/3717/10690 3025/3672/10691 3024/3671/10692 3026/3718/10693
f 2209/1613/10694 3719/3176/10695 2344/2913/10696 2696/3720/10697 2695/1644/10698
f 2210/3721/10699 2939/2437/10700 2211/2440/10701 2212/3722/10702
f 2210/3721/10703 2212/3722/10704 2213/2469/10705 2788/3274/10706
f 2212/3722/10707 2211/2440/10708 2215/2450/10709 2216/2471/10710
f 2212/3722/10711 2216/2471/10712 2217/2465/10713 2213/2469/10714
f 2218/2473/10715 2215/2450/10716 2940/2449/10717 2942/2454/10718
f 2944/1069/10719 2219/1071/10720 2218/2473/10721 2942/2454/10722
f 2220/2753/10723 3298/2752/10724 2425/2378/10725 2424/2377/10726
f 2194/3004/10727 2195/3706/10728 2222/2329/10729 2221/3005/10730
f 2222/2329/10731 2195/3706/10732 2197/3709/10733 2945/2330/10734
f 2223/3723/10735 2227/3724/10736 2229/3725/10737 1543/3003/10738
f 2223/3726/10739 2367/3135/10740 2224/3727/10741 2227/3728/10742
f 2224/3727/10743 2225/788/10744 2226/3038/10745 2227/3728/10746
f 2224/3727/10747 2759/3729/10748 2758/784/10749 2225/788/10750
f 2224/3727/10751 2367/3135/10752 2366/3134/10753 2759/3729/10754
f 2777/3037/10755 1552/3730/10756 2228/3731/10757 2226/3038/10758
f 2226/3732/10759 2228/3733/10760 2229/3725/10761 2227/3724/10762
f 1552/3593/10763 2060/3592/10764 2230/3734/10765 2228/3733/10766
f 2228/3733/10767 2230/3734/10768 2231/3710/10769 2229/3725/10770
f 2229/3725/10771 2231/3710/10772 2194/3004/10773 1543/3003/10774
f 2060/3592/10775 2062/3596/10776 2232/3713/10777 2230/3734/10778
f 2230/3734/10779 2232/3713/10780 2710/3707/10781 2231/3710/10782
f 2062/3596/10783 2711/3598/10784 2712/3711/10785 2232/3713/10786
f 2233/1189/10787 2483/1212/10788 2484/3735/10789 2485/1196/10790
f 2234/3736/10791 2951/3737/10792 2235/3738/10793 2236/3739/10794
f 2234/3736/10795 2236/3739/10796 2534/1685/10797 2299/1684/10798
f 2235/3738/10799 2238/3740/10800 2239/3741/10801 2236/3739/10802
f 2235/3738/10803 2953/3742/10804 2237/3743/10805 2238/3740/10806
f 2235/3738/10807 2951/3737/10808 3740/3744/10809 2950/3745/10810 2953/3742/10811
f 2236/3739/10812 2239/3741/10813 2240/3746/10814 2534/1685/10815
f 2237/3747/10816 2536/3158/10817 2537/3748/10818 2238/3749/10819
f 2237/3747/10820 2954/3152/10821 2535/3151/10822 2536/3158/10823
f 2237/3743/10824 2953/3742/10825 2952/3527/10826 2954/3526/10827
f 2238/3749/10828 2537/3748/10829 2538/3750/10830 2239/3751/10831
f 2239/3751/10832 2538/3750/10833 2539/3752/10834 2240/3753/10835
f 2240/3753/10836 2539/3752/10837 2735/2574/10838 2765/3754/10839
f 2240/3746/10840 2765/3755/10841 2763/1686/10842 2534/1685/10843
f 2241/2580/10844 2246/2566/10845 3151/2565/10846 3152/3756/10847
f 2241/2580/10848 2243/2579/10849 2245/3757/10850 2246/2566/10851
f 2241/2580/10852 3152/3756/10853 2947/3758/10854 2737/2576/10855
f 2242/2578/10856 3132/2585/10857 3133/2671/10858 2244/3759/10859
f 2242/2578/10860 2244/3759/10861 2245/3757/10862 2243/2579/10863
f 2244/3759/10864 3133/2671/10865 2522/2674/10866 3019/1541/10867
f 2244/3759/10868 3019/1541/10869 3020/1536/10870 2245/3757/10871
f 2245/3757/10872 3020/1536/10873 3319/1535/10874 2246/2566/10875
f 2247/3699/10876 2248/3703/10877 2264/3760/10878 2263/3700/10879
f 2248/3703/10880 2249/3705/10881 2265/3761/10882 2264/3760/10883
f 2249/3705/10884 2250/3445/10885 2266/3448/10886 2265/3761/10887
f 2251/3762/10888 2707/3763/10889 2255/3764/10890 2256/3765/10891
f 2251/3762/10892 2702/3426/10893 2701/3766/10894 2707/3763/10895
f 2251/3762/10896 2252/3767/10897 2703/3425/10898 2702/3426/10899
f 2251/3762/10900 2256/3765/10901 2257/3768/10902 2252/3767/10903
f 2252/3767/10904 2253/1547/10905 2704/1546/10906 2703/3425/10907
f 2252/3767/10908 2257/3768/10909 2258/3769/10910 2253/1547/10911
f 2253/1547/10912 2258/3769/10913 2259/3770/10914 2254/1548/10915
f 2254/1548/10916 2259/3770/10917 2908/3771/10918 2906/1549/10919
f 2255/3764/10920 2910/3772/10921 2911/3773/10922 2256/3765/10923
f 2255/3774/10924 2907/3775/10925 2909/3776/10926 2910/3777/10927
f 2255/3774/10928 2707/3778/10929 2706/3779/10930 2907/3775/10931
f 2256/3765/10932 2911/3773/10933 2260/3780/10934 2257/3768/10935
f 2257/3768/10936 2260/3780/10937 2261/3781/10938 2258/3769/10939
f 2258/3769/10940 2261/3781/10941 2262/3782/10942 2259/3770/10943
f 2259/3770/10944 2262/3782/10945 2912/2150/10946 2908/3771/10947
f 2260/3780/10948 2911/3773/10949 2915/2158/10950 2916/2157/10951
f 2260/3780/10952 2916/2157/10953 2917/2162/10954 2261/3781/10955
f 2261/3781/10956 2917/2162/10957 2918/2165/10958 2262/3782/10959
f 2262/3782/10960 2918/2165/10961 3166/1483/10962 2912/2150/10963
f 2263/3700/10964 2264/3760/10965 2289/2609/10966 2288/2599/10967
f 2263/3700/10968 2288/2599/10969 2287/2598/10970 2286/3696/10971
f 2264/3760/10972 2265/3761/10973 2291/3783/10974 2289/2609/10975
f 2265/3761/10976 2266/3448/10977 2293/3451/10978 2291/3783/10979
f 2267/3450/10980 2268/3452/10981 2296/3784/10982 2295/3785/10983
f 2267/3450/10984 2295/3785/10985 2294/3786/10986 2293/3451/10987
f 2268/3452/10988 2269/3455/10989 2297/3787/10990 2296/3784/10991
f 2269/3455/10992 2270/3458/10993 2298/3788/10994 2297/3787/10995
f 2270/3458/10996 2271/3461/10997 2272/3789/10998 2298/3788/10999
f 2271/3461/11000 2273/3463/11001 2274/2645/11002 2272/3789/11003
f 2273/3463/11004 2275/3465/11005 2276/2646/11006 2274/2645/11007
f 2275/3465/11008 2277/3467/11009 2278/1575/11010 2276/2646/11011
f 2277/3467/11012 2279/3469/11013 2280/1572/11014 2278/1575/11015
f 2279/3469/11016 2281/1566/11017 2282/1563/11018 2280/1572/11019
f 2284/2665/11020 2286/3790/11021 2287/2604/11022 2285/2603/11023
f 2289/2609/11024 2291/3783/11025 2292/3791/11026 2290/2610/11027
f 2291/3783/11028 2293/3451/11029 2294/3786/11030 2292/3791/11031
f 714/1359/11032 3303/1443/11033 2300/3383/11034 2395/1360/11035
f 2300/3383/11036 2301/798/11037 528/797/11038 2395/1360/11039
f 2301/798/11040 2396/3381/11041 2397/3380/11042 2302/795/11043
f 2302/795/11044 2397/3380/11045 2398/3386/11046 2303/791/11047
f 2307/2695/11048 2421/2704/11049 2993/2701/11050 2430/2693/11051
f 2422/1207/11052 2423/3628/11053 917/2111/11054 2828/1208/11055
f 713/1436/11056 3267/3792/11057 1255/3793/11058 712/1430/11059
f 713/1436/11060 3004/1438/11061 1254/1440/11062 3267/3792/11063
f 2311/3353/11064 3314/3794/11065 3167/3795/11066 2391/3354/11067
f 2311/3353/11068 2312/3356/11069 3238/3796/11070 3314/3794/11071
f 2312/3356/11072 2309/3360/11073 3237/3797/11074 3238/3796/11075
f 2309/3345/11076 2310/3341/11077 3236/3798/11078 3237/3799/11079
f 2310/3341/11080 1850/3344/11081 3235/3800/11082 3236/3798/11083
f 1850/3344/11084 1851/2766/11085 3284/2765/11086 3235/3800/11087
f 2313/3801/11088 2585/3802/11089 2587/3803/11090 2314/3804/11091
f 2313/3801/11092 2314/3804/11093 2955/3350/11094 2391/3354/11095
f 2314/3804/11096 2587/3803/11097 2588/3374/11098 2589/3805/11099
f 2314/3804/11100 2589/3805/11101 2956/3351/11102 2955/3350/11103
f 2315/3124/11104 2898/3647/11105 2899/2744/11106 2316/2747/11107
f 2318/2043/11108 2320/3622/11109 3007/3125/11110 3008/2044/11111
f 2318/2043/11112 2502/2047/11113 2394/3806/11114 2320/3622/11115
f 2319/3560/11116 2320/3622/11117 2394/3806/11118 2393/3561/11119
f 2321/799/11120 2322/1361/11121 2395/1360/11122 528/797/11123
f 702/801/11124 1891/1377/11125 699/1371/11126 2323/802/11127
f 2326/3807/11128 2969/3413/11129 2462/3412/11130 2463/3808/11131
f 2326/3807/11132 2339/3809/11133 3169/2941/11134 2969/3413/11135
f 2326/3807/11136 2327/3810/11137 2340/3811/11138 2339/3809/11139
f 2326/3807/11140 2463/3808/11141 2464/3812/11142 2327/3810/11143
f 2327/3810/11144 2328/3813/11145 2973/3814/11146 2340/3811/11147
f 2327/3810/11148 2464/3812/11149 3323/3815/11150 2328/3813/11151
f 2329/3336/11152 2812/855/11153 2818/850/11154 2970/3816/11155
f 2329/3336/11156 2970/3816/11157 2983/3817/11158 2982/3337/11159
f 2330/3289/11160 2332/3818/11161 2333/3293/11162 2331/3287/11163
f 2330/3289/11164 2355/3819/11165 2354/3820/11166 2332/3818/11167
f 2330/3289/11168 3322/1916/11169 3317/1918/11170 2355/3819/11171
f 2332/3821/11172 2335/3822/11173 2809/3823/11174 2333/3824/11175
f 2332/3821/11176 2354/3825/11177 2353/3826/11178 2335/3822/11179
f 2333/3824/11180 2809/3823/11181 2810/3334/11182 2334/3333/11183
f 2335/3822/11184 2353/3826/11185 2973/2660/11186 2972/2659/11187
f 2335/3822/11188 2972/2659/11189 2811/2662/11190 2809/3823/11191
f 2336/3827/11192 2350/3828/11193 2356/3829/11194 2346/2945/11195
f 2336/2939/11196 3168/2938/11197 2337/3830/11198 2350/3831/11199
f 3168/2938/11200 3169/2941/11201 2339/3809/11202 2337/3830/11203
f 2337/3830/11204 2339/3809/11205 2340/3811/11206 2338/3832/11207
f 2337/3830/11208 2338/3832/11209 2351/3833/11210 2350/3831/11211
f 2338/3832/11212 2353/3834/11213 2354/3835/11214 2351/3833/11215
f 2338/3832/11216 2340/3811/11217 2973/3814/11218 2353/3834/11219
f 2343/1620/11220 2695/1644/11221 2696/3720/11222 2694/1621/11223
f 2344/2913/11224 711/2912/11225 3304/3836/11226 2696/3720/11227
f 2346/2945/11228 3063/2944/11229 3064/3109/11230 2336/3827/11231
f 2347/2942/11232 2346/2945/11233 2356/3829/11234 2348/3329/11235
f 2348/3329/11236 2356/3829/11237 2352/3837/11238 2349/3330/11239
f 2349/3330/11240 2352/3837/11241 2355/3838/11242 3317/3331/11243
f 2350/3828/11244 2351/3839/11245 2352/3837/11246 2356/3829/11247
f 2351/3839/11248 2354/3840/11249 2355/3838/11250 2352/3837/11251
f 2358/2997/11252 2434/2996/11253 2435/3841/11254 2436/3842/11255
f 2760/3136/11256 2362/3843/11257 3065/1041/11258 1670/1044/11259
f 2760/3136/11260 2946/3009/11261 2361/3040/11262 2362/3843/11263
f 2361/3002/11264 3292/3001/11265 3066/3844/11266 2362/3845/11267
f 2362/3843/11268 3066/3846/11269 1933/1042/11270 3065/1041/11271
f 2363/3137/11272 2757/3847/11273 2365/3133/11274 2364/3131/11275
f 2363/3137/11276 2755/3138/11277 2756/785/11278 2757/3847/11279
f 2365/3133/11280 2757/3847/11281 2759/3729/11282 2366/3134/11283
f 2371/3848/11284 2981/3849/11285 2983/3850/11286 3158/3851/11287
f 2371/3848/11288 2808/3309/11289 2792/3308/11290 2981/3849/11291
f 2371/3848/11292 2847/3852/11293 2845/3310/11294 2808/3309/11295
f 2371/3848/11296 3158/3851/11297 3230/3853/11298 2847/3852/11299
f 2374/2198/11300 2377/3854/11301 2378/3855/11302 2375/2199/11303
f 2375/2199/11304 2378/3855/11305 2379/2205/11306 2376/2200/11307
f 2377/3854/11308 2689/3856/11309 2381/3472/11310 2382/3401/11311
f 2377/3854/11312 2374/2198/11313 2686/3399/11314 2689/3856/11315
f 2377/3854/11316 2382/3401/11317 2383/3400/11318 2378/3855/11319
f 2378/3855/11320 2383/3400/11321 2384/3402/11322 2379/2205/11323
f 2379/2205/11324 2384/3402/11325 2385/1648/11326 2380/2203/11327
f 2381/3472/11328 2689/3856/11329 2687/3857/11330 3293/3473/11331
f 2381/3472/11332 2767/3471/11333 1911/2190/11334 2382/3401/11335
f 2389/1624/11336 3291/3858/11337 3167/3859/11338 3314/1625/11339
f 2389/1624/11340 2390/3860/11341 2614/3861/11342 3291/3858/11343
f 2390/3860/11344 2615/871/11345 2616/870/11346 2614/3861/11347
f 2391/3354/11348 3167/3795/11349 2984/3862/11350 2313/3801/11351
f 2392/3552/11352 2393/3554/11353 2394/3863/11354 2499/3564/11355
f 2394/3863/11356 2502/3864/11357 2500/3565/11358 2499/3564/11359
f 1231/696/11360 2303/791/11361 2398/3386/11362 2399/692/11363
f 2397/3380/11364 2400/3377/11365 2401/3376/11366 2398/3386/11367
f 2404/1860/11368 2406/3328/11369 2407/1874/11370 2405/1861/11371
f 2406/3328/11372 2410/1913/11373 2411/1907/11374 2407/1874/11375
f 2407/1874/11376 2411/1907/11377 2412/1900/11378 2408/1875/11379
f 2408/1875/11380 2412/1900/11381 2413/1881/11382 2409/1876/11383
f 2416/908/11384 3127/741/11385 3126/739/11386 2415/909/11387
f 2418/2320/11388 2419/1034/11389 2481/1033/11390 2480/2316/11391
f 2421/2706/11392 2936/2705/11393 2994/2700/11394 2993/2699/11395
f 2220/2753/11396 2424/2377/11397 3000/2475/11398 2467/3620/11399
f 2424/2377/11400 2997/2376/11401 2996/2467/11402 3000/2475/11403
f 2426/882/11404 3177/881/11405 3179/3865/11406 3300/2208/11407
f 2357/1175/11408 2358/2997/11409 2903/3673/11410 2433/1176/11411
f 2358/2997/11412 2436/3842/11413 2437/905/11414 2903/3673/11415
f 2442/3866/11416 2438/3867/11417 2456/3868/11418 2441/3869/11419
f 2438/3867/11420 2558/2989/11421 2557/2987/11422 2456/3868/11423
f 2438/3867/11424 2439/3041/11425 2559/2991/11426 2558/2989/11427
f 2438/3867/11428 2442/3866/11429 1572/3042/11430 2439/3041/11431
f 2440/3870/11432 2441/3869/11433 2456/3868/11434 2455/3871/11435
f 2440/3870/11436 2444/3872/11437 2445/3873/11438 2441/3869/11439
f 2442/3866/11440 2441/3869/11441 2445/3873/11442 2446/3874/11443
f 2442/3866/11444 2446/3874/11445 1576/3043/11446 1572/3042/11447
f 2443/3506/11448 2444/3872/11449 2440/3870/11450 2457/3507/11451
f 2444/3525/11452 2447/3438/11453 2448/3437/11454 2445/3875/11455
f 2446/3876/11456 2445/3875/11457 2448/3437/11458 2449/3057/11459
f 2446/3876/11460 2449/3057/11461 2450/3047/11462 1576/3046/11463
f 2449/3057/11464 2448/3437/11465 2451/3059/11466 2452/3056/11467
f 3031/3505/11468 2457/3507/11469 2454/3877/11470 3028/3878/11471
f 2454/3877/11472 2555/2984/11473 2741/3879/11474 3028/3878/11475
f 2454/3877/11476 2457/3507/11477 2440/3870/11478 2455/3871/11479
f 2454/3877/11480 2455/3871/11481 2556/2985/11482 2555/2984/11483
f 2455/3871/11484 2456/3868/11485 2557/2987/11486 2556/2985/11487
f 2459/1085/11488 2460/1084/11489 2518/3880/11490 2517/1105/11491
f 2460/1084/11492 3013/1083/11493 3014/1092/11494 2461/3881/11495
f 2460/1084/11496 2461/3881/11497 2519/3882/11498 2518/3880/11499
f 2461/3881/11500 2520/3883/11501 2521/3884/11502 2519/3882/11503
f 2461/3881/11504 3014/1092/11505 3015/1094/11506 2520/3883/11507
f 2462/3412/11508 2517/1105/11509 2518/3880/11510 2463/3808/11511
f 2463/3808/11512 2518/3880/11513 2519/3882/11514 2464/3812/11515
f 2464/3812/11516 2519/3882/11517 2521/3884/11518 3323/3815/11519
f 2465/1066/11520 2466/3618/11521 2999/2474/11522 2998/2472/11523
f 2466/3618/11524 2467/3620/11525 3000/2475/11526 2999/2474/11527
f 2471/2085/11528 2473/3348/11529 2474/1310/11530 2472/1313/11531
f 2473/3348/11532 2475/1333/11533 2476/1311/11534 2474/1310/11535
f 2483/1212/11536 3055/1211/11537 3058/3885/11538 2484/3735/11539
f 2484/3886/11540 3058/3887/11541 2690/3888/11542 2486/3889/11543
f 2484/3886/11544 2486/3889/11545 2487/2557/11546 2485/2556/11547
f 2486/3889/11548 2690/3888/11549 2691/3890/11550 2488/3891/11551
f 2486/3889/11552 2488/3891/11553 2490/3678/11554 2487/2557/11555
f 2488/3891/11556 2691/3890/11557 2693/3892/11558 2489/3893/11559
f 2488/3891/11560 2489/3893/11561 2148/3677/11562 2490/3678/11563
f 2489/3684/11564 2693/3894/11565 2930/3895/11566 2150/3683/11567
f 2150/3683/11568 2930/3895/11569 2928/3896/11570 2157/3685/11571
f 2487/2557/11572 2490/3678/11573 1187/2550/11574 1190/2549/11575
f 2491/2581/11576 2542/3897/11577 2492/3898/11578 2493/2582/11579
f 2491/2581/11580 2539/3752/11581 2538/3750/11582 2542/3897/11583
f 2491/2581/11584 2738/2570/11585 2735/2574/11586 2539/3752/11587
f 2492/3898/11588 2542/3897/11589 2541/3169/11590 2543/3168/11591
f 2494/3536/11592 3286/3545/11593 3712/3544/11594 3281/3543/11595 2495/3532/11596 3736/3531/11597
f 2494/3536/11598 3714/3535/11599 2719/2144/11600 3245/2146/11601 3286/3545/11602
f 2496/3899/11603 2927/3900/11604 2929/3901/11605 3265/2207/11606
f 2497/2063/11607 2879/3128/11608 2655/3127/11609 2656/2059/11610
f 2497/2063/11611 2871/2045/11612 3008/2044/11613 2879/3128/11614
f 2497/2063/11615 3273/2062/11616 3272/2052/11617 2871/2045/11618
f 2500/3565/11619 2502/3864/11620 2503/2051/11621 2501/824/11622
f 2500/3565/11623 2501/824/11624 2783/815/11625 2782/814/11626
f 2504/1002/11627 2780/3563/11628 3011/3263/11629 2785/1003/11630
f 2505/1666/11631 2833/1665/11632 2507/819/11633 2508/3648/11634
f 2506/816/11635 2507/819/11636 2833/1665/11637 2832/1669/11638
f 2506/816/11639 2832/1669/11640 3010/1417/11641 3012/817/11642
f 2507/819/11643 2784/818/11644 3283/825/11645 2508/3648/11646
f 2521/928/11647 2992/927/11648 3315/2103/11649 3323/2657/11650
f 2132/3499/11651 2134/3662/11652 2525/3511/11653 2524/3495/11654
f 2134/3662/11655 2137/3664/11656 2526/3514/11657 2525/3511/11658
f 2137/3664/11659 2139/3667/11660 2527/3519/11661 2526/3514/11662
f 2139/3667/11663 2140/3670/11664 2529/3902/11665 2527/3519/11666
f 2528/3518/11667 2527/3519/11668 2529/3902/11669 2530/3523/11670
f 2140/3670/11671 3025/3672/11672 2532/3903/11673 2529/3902/11674
f 2530/3523/11675 2529/3902/11676 2532/3903/11677 2533/3904/11678
f 2530/3523/11679 2533/3904/11680 2938/3524/11681 2531/3522/11682
f 3025/3672/11683 2205/3717/11684 2937/3905/11685 2532/3903/11686
f 2533/3904/11687 2532/3903/11688 2937/3905/11689 2740/3906/11690
f 2533/3904/11691 2740/3906/11692 2741/3879/11693 2938/3524/11694
f 2536/3158/11695 2540/3157/11696 2541/3169/11697 2537/3748/11698
f 2537/3748/11699 2541/3169/11700 2542/3897/11701 2538/3750/11702
f 2547/1607/11703 2576/3907/11704 2577/3908/11705 2548/1603/11706
f 2548/1603/11707 2577/3908/11708 2579/3909/11709 2549/1604/11710
f 2549/1604/11711 2579/3909/11712 2575/918/11713 3284/917/11714
f 2552/3654/11715 1980/3488/11716 3032/3491/11717 3154/3719/11718
f 1530/2980/11719 2938/3524/11720 2741/3879/11721 2555/2984/11722
f 2560/965/11723 2561/3910/11724 3180/3911/11725 3259/981/11726
f 2560/965/11727 2562/964/11728 3185/3912/11729 2561/3910/11730
f 2561/3910/11731 3185/3912/11732 3186/991/11733 3184/990/11734
f 2561/3910/11735 3184/990/11736 3209/993/11737 3180/3911/11738
f 2562/964/11739 3187/968/11740 3188/3913/11741 3185/3912/11742
f 2563/3209/11743 2747/3625/11744 2743/3223/11745 2564/3210/11746
f 2565/2663/11747 3034/2105/11748 2816/2104/11749 2815/2661/11750
f 3053/2545/11751 3061/3691/11752 3275/1935/11753 3194/2546/11754
f 2571/3914/11755 3200/3915/11756 763/1631/11757 2820/1630/11758
f 2571/3914/11759 2820/1630/11760 3134/3916/11761 3208/3917/11762
f 2820/1630/11763 2097/1633/11764 2779/2401/11765 3134/3916/11766
f 2584/3318/11767 2586/3918/11768 2585/3802/11769 3171/3919/11770
f 2584/3318/11771 2594/3104/11772 2595/3100/11773 2586/3918/11774
f 2585/3802/11775 2313/3801/11776 2984/3862/11777 3171/3919/11778
f 2586/3918/11779 2595/3100/11780 2596/3099/11781 2597/3373/11782
f 2586/3918/11783 2597/3373/11784 2587/3803/11785 2585/3802/11786
f 2587/3803/11787 2597/3373/11788 2598/3096/11789 2588/3374/11790
f 2588/3374/11791 2590/3371/11792 2591/3372/11793 2589/3805/11794
f 2589/3805/11795 2591/3372/11796 2957/1848/11797 2956/3351/11798
f 2593/3102/11799 1876/3098/11800 2595/3100/11801 2594/3104/11802
f 2599/3920/11803 2797/3921/11804 2795/3922/11805 2794/3923/11806
f 2599/3924/11807 2600/3925/11808 2799/3926/11809 2797/3927/11810
f 2599/3924/11811 3097/3928/11812 3100/3929/11813 2600/3925/11814
f 2599/3920/11815 2794/3923/11816 3095/3930/11817 3097/3931/11818
f 2600/3925/11819 2601/3932/11820 2801/3933/11821 2799/3926/11822
f 2600/3925/11823 3100/3929/11824 3104/3934/11825 2601/3932/11826
f 2601/3932/11827 2602/3935/11828 2803/3936/11829 2801/3933/11830
f 2601/3932/11831 3104/3934/11832 3108/3937/11833 2602/3935/11834
f 2602/3935/11835 2603/3938/11836 2604/3939/11837 2803/3936/11838
f 2602/3935/11839 3108/3937/11840 3112/3940/11841 2603/3938/11842
f 2603/3938/11843 2605/3941/11844 2606/3942/11845 2604/3939/11846
f 2603/3938/11847 3112/3940/11848 3115/3943/11849 2605/3941/11850
f 2605/3941/11851 2607/3944/11852 2608/3945/11853 2606/3942/11854
f 2605/3941/11855 3115/3943/11856 3117/3946/11857 2607/3944/11858
f 2606/3942/11859 2608/3945/11860 2807/3947/11861 2806/3948/11862
f 2606/3942/11863 2806/3948/11864 2805/3949/11865 2604/3939/11866
f 2607/3944/11867 2609/3950/11868 2610/3951/11869 2608/3945/11870
f 2607/3944/11871 3117/3946/11872 3118/3952/11873 2609/3950/11874
f 2608/3945/11875 2610/3951/11876 2611/3953/11877 2807/3947/11878
f 2609/3954/11879 3148/3955/11880 3144/3956/11881 2610/3957/11882
f 2609/3954/11883 3118/3958/11884 2680/3959/11885 3148/3955/11886
f 2610/3957/11887 3144/3956/11888 3145/3960/11889 2611/3961/11890
f 2611/3961/11891 3145/3960/11892 2873/3962/11893 2896/3963/11894
f 2611/3953/11895 2896/3964/11896 2894/3965/11897 2807/3947/11898
f 2612/1636/11899 3201/1635/11900 3043/3966/11901 2613/2389/11902
f 2613/2389/11903 3043/3966/11904 3045/3967/11905 1111/2397/11906
f 1111/2397/11907 3045/3967/11908 3134/3916/11909 2779/2401/11910
f 2618/2055/11911 2619/1405/11912 3042/1404/11913 3039/2056/11914
f 2620/2057/11915 3039/2056/11916 3040/3968/11917 2621/3969/11918
f 2620/2057/11919 2621/3969/11920 3199/3970/11921 3198/2064/11922
f 2621/3969/11923 3040/3968/11924 3173/3971/11925 3038/3972/11926 3709/3973/11927
f 3708/3974/11928 3709/3973/11929 3038/3972/11930
f 2623/3119/11931 2624/2742/11932 2724/2741/11933 3728/3975/11934 3124/3389/11935
f 2626/2745/11936 3707/3976/11937 3123/3977/11938 3124/3389/11939 3728/3975/11940 2724/2741/11941
f 2626/2745/11942 3727/3978/11943 2897/985/11944 3149/984/11945 3123/3977/11946 3707/3976/11947
f 2626/2745/11948 2899/2744/11949 2898/3647/11950 2897/985/11951 3727/3978/11952
f 2670/3979/11953 2775/3980/11954 3178/3635/11955 2666/3634/11956
f 2670/3979/11957 2673/3204/11958 3726/3981/11959 2776/3982/11960 2775/3980/11961
f 2673/3204/11962 1739/3203/11963 2627/3983/11964 2776/3982/11965 3726/3981/11966
f 1739/3203/11967 1742/3202/11968 2857/3984/11969 2627/3983/11970
f 2857/3984/11971 524/787/11972 523/783/11973 2627/3983/11974
f 2857/3984/11975 2858/3985/11976 2777/3037/11977 524/787/11978
f 2777/3037/11979 2858/3985/11980 2860/3986/11981 1552/3730/11982
f 2630/3987/11983 2632/3233/11984 2633/3069/11985 2631/3068/11986
f 2634/3319/11987 2635/1185/11988 2773/1184/11989 2774/3414/11990
f 2642/1200/11991 2831/1199/11992 3160/3988/11993 2643/3989/11994
f 2642/1200/11995 2643/3989/11996 2830/2115/11997 1976/2114/11998
f 2644/3247/11999 2727/3549/12000 3048/3264/12001 3047/3245/12002
f 2644/3247/12003 2646/978/12004 2728/977/12005 2727/3549/12006
f 2648/3259/12007 2651/3258/12008 2855/3229/12009 3162/3226/12010
f 2649/3252/12011 3049/3251/12012 3161/3990/12013 2652/3991/12014
f 2649/3252/12015 2652/3991/12016 3163/3992/12017 2650/3257/12018
f 2650/3257/12019 3163/3992/12020 3164/3993/12021 2651/3258/12022
f 2652/3991/12023 3161/3990/12024 3120/3994/12025 3121/2712/12026
f 2652/3991/12027 3121/2712/12028 3165/2711/12029 3163/3992/12030
f 2653/3240/12031 3139/3995/12032 3188/3913/12033 3187/968/12034
f 2653/3240/12035 2654/3239/12036 3142/3996/12037 3139/3995/12038
f 2654/3239/12039 3176/3243/12040 3174/3997/12041 3142/3996/12042
f 1247/2728/12043 1249/2731/12044 2661/3998/12045 2659/3644/12046
f 2659/3644/12047 2661/3998/12048 2662/3646/12049 2660/3645/12050
f 1249/2731/12051 1250/2734/12052 2664/3999/12053 2661/3998/12054
f 2661/3998/12055 2664/3999/12056 2665/4000/12057 2662/3646/12058
f 2662/3646/12059 2665/4000/12060 2666/3634/12061 2663/3633/12062
f 1250/2734/12063 2667/2736/12064 2668/4001/12065 2664/3999/12066
f 2664/3999/12067 2668/4001/12068 2669/4002/12069 2665/4000/12070
f 2665/4000/12071 2669/4002/12072 2670/3979/12073 2666/3634/12074
f 2667/2736/12075 970/2174/12076 2671/2173/12077 2668/4001/12078
f 2668/4001/12079 2671/2173/12080 2672/2177/12081 2669/4002/12082
f 2669/4002/12083 2672/2177/12084 2673/3204/12085 2670/3979/12086
f 2100/4003/12087 3309/3427/12088 3288/3420/12089 2099/4004/12090
f 2100/4005/12091 2675/4006/12092 3246/2559/12093 3309/2563/12094
f 2675/4006/12095 2636/4007/12096 3287/2560/12097 3246/2559/12098
f 2676/4008/12099 3230/4009/12100 3318/4010/12101 3221/4011/12102
f 2676/4012/12103 2848/4013/12104 2847/3852/12105 3230/3853/12106
f 2676/4012/12107 2677/4014/12108 2849/4015/12109 2848/4013/12110
f 2676/4008/12111 3221/4011/12112 2678/4016/12113 2677/4017/12114
f 2677/4014/12115 2850/4018/12116 3116/4019/12117 2849/4015/12118
f 2677/4017/12119 2678/4016/12120 2679/4020/12121 2850/4021/12122
f 2678/4016/12123 3221/4011/12124 3259/981/12125 3180/3911/12126
f 2678/4016/12127 3180/3911/12128 3209/993/12129 2679/4020/12130
f 2679/4020/12131 3209/993/12132 3210/992/12133 2680/3959/12134
f 2679/4020/12135 2680/3959/12136 3118/3958/12137 2850/4021/12138
f 2680/3959/12139 3210/992/12140 3143/994/12141 3148/3955/12142
f 2682/1616/12143 758/1619/12144 2683/2183/12145 3301/2182/12146
f 758/1619/12147 2694/1621/12148 2684/4022/12149 2683/2183/12150
f 3304/3836/12151 2684/4022/12152 2694/1621/12153 2696/3720/12154
f 2685/3398/12155 2687/3857/12156 2689/3856/12157 2686/3399/12158
f 2686/3399/12159 2374/2198/12160 2688/2186/12161 3153/3395/12162
f 2688/2186/12163 3150/2185/12164 2726/3396/12165 3153/3395/12166
f 3265/2207/12167 2929/3901/12168 2692/4023/12169 984/883/12170
f 2690/3888/12171 3059/4024/12172 3060/4025/12173 2691/3890/12174
f 2690/3888/12175 3058/3887/12176 3057/4026/12177 3059/4024/12178
f 2691/3890/12179 3060/4025/12180 2692/4023/12181 2693/3892/12182
f 2692/4023/12183 3060/4025/12184 3052/874/12185 984/883/12186
f 2692/4023/12187 2929/3901/12188 2930/3895/12189 2693/3892/12190
f 2697/3421/12191 2700/3428/12192 2701/4027/12193 2698/3422/12194
f 2698/3416/12195 2701/3766/12196 2702/3426/12197 2699/3417/12198
f 2700/3428/12199 2706/3779/12200 2707/3778/12201 2701/4027/12202
f 2700/3428/12203 3128/1542/12204 2705/1545/12205 2706/3779/12206
f 2705/1545/12207 2906/1549/12208 2907/3775/12209 2706/3779/12210
f 2708/1529/12211 2709/1528/12212 2921/1522/12213 2920/1513/12214
f 2708/1529/12215 2920/1513/12216 2919/1503/12217 2926/1502/12218
f 2713/823/12219 3022/822/12220 2715/3668/12221 2714/3665/12222
f 2715/3668/12223 3023/4028/12224 3024/3671/12225 2716/3669/12226
f 2715/3668/12227 3022/822/12228 3182/2075/12229 3023/4028/12230
f 2717/2068/12231 2947/4029/12232 3152/4030/12233 3130/2072/12234
f 2717/2068/12235 2764/1687/12236 2766/4031/12237 2947/4029/12238
f 2720/3170/12239 2837/3162/12240 2836/3031/12241 2838/3030/12242
f 2721/3529/12243 2952/3527/12244 2953/3742/12245 2950/3745/12246
f 2723/1168/12247 3257/3479/12248 3094/2091/12249 2787/2093/12250
f 2725/2107/12251 2811/2662/12252 2815/2661/12253 2816/2104/12254
f 2725/2107/12255 2810/3334/12256 2809/3823/12257 2811/2662/12258
f 2726/3475/12259 3150/2191/12260 1911/2190/12261 2767/3471/12262
f 2728/977/12263 2730/976/12264 2731/3555/12265 2729/3550/12266
f 2730/980/12267 2900/979/12268 2901/3558/12269 2731/3557/12270
f 2732/983/12271 3122/4032/12272 3123/3977/12273 3149/984/12274
f 2732/982/12275 3259/981/12276 3260/4033/12277 3122/4034/12278
f 2735/2574/12279 2736/2573/12280 2766/4035/12281 2765/3754/12282
f 2736/2573/12283 2737/2576/12284 2947/3758/12285 2766/4035/12286
f 2739/2134/12287 2552/3654/12288 3154/3719/12289 3211/2138/12290
f 3027/4036/12291 2740/3906/12292 2937/3905/12293 3033/3490/12294
f 2740/3906/12295 3027/4036/12296 3028/3878/12297 2741/3879/12298
f 2742/3579/12299 2743/3223/12300 2747/3625/12301 2875/3580/12302
f 2742/3579/12303 2049/3583/12304 2744/3220/12305 2743/3223/12306
f 2745/4037/12307 2746/3624/12308 2878/4038/12309 2877/4039/12310
f 2745/4037/12311 2875/3580/12312 2747/3625/12313 2746/3624/12314
f 763/1634/12315 3200/4040/12316 3708/3974/12317 3038/3972/12318 3201/1635/12319
f 2752/2960/12320 3155/2959/12321 3156/3433/12322 3073/4041/12323
f 2755/3138/12324 3300/2208/12325 3179/3865/12326 2778/4042/12327
f 2755/3138/12328 2778/4042/12329 3001/786/12330 2756/785/12331
f 2756/785/12332 2758/784/12333 2759/3729/12334 2757/3847/12335
f 2367/3135/12336 2223/3010/12337 2946/3009/12338 2760/3136/12339
f 2762/3148/12340 695/4043/12341 2902/698/12342 506/697/12343
f 2763/1686/12344 2765/3755/12345 2766/4031/12346 2764/1687/12347
f 2776/3982/12348 2627/3983/12349 523/783/12350 3001/786/12351
f 2776/3982/12352 3001/786/12353 2778/4042/12354 2775/3980/12355
f 2775/3980/12356 2778/4042/12357 3179/3865/12358 3178/3635/12359
f 2780/3563/12360 2781/813/12361 3012/817/12362 3011/3263/12363
f 2791/3297/12364 2793/3296/12365 2981/3849/12366 2792/3308/12367
f 2793/3296/12368 2982/3298/12369 2983/3850/12370 2981/3849/12371
f 2794/3923/12372 3119/4044/12373 3193/4045/12374 3095/3930/12375
f 2794/3923/12376 2795/3922/12377 3120/3994/12378 3119/4044/12379
f 2795/3922/12380 2797/3921/12381 2798/2709/12382 2796/2708/12383
f 2795/3922/12384 2796/2708/12385 3121/2712/12386 3120/3994/12387
f 2797/3927/12388 2799/3926/12389 2800/4046/12390 2798/4047/12391
f 2798/4047/12392 2800/4046/12393 2882/4048/12394 2881/4049/12395
f 2799/3926/12396 2801/3933/12397 2802/4050/12398 2800/4046/12399
f 2800/4046/12400 2802/4050/12401 2884/4051/12402 2882/4048/12403
f 2801/3933/12404 2803/3936/12405 2804/4052/12406 2802/4050/12407
f 2802/4050/12408 2804/4052/12409 2886/4053/12410 2884/4051/12411
f 2803/3936/12412 2604/3939/12413 2805/3949/12414 2804/4052/12415
f 2804/4052/12416 2805/3949/12417 2888/4054/12418 2886/4053/12419
f 2805/3949/12420 2806/3948/12421 2891/4055/12422 2888/4054/12423
f 2806/3948/12424 2807/3947/12425 2894/3965/12426 2891/4055/12427
f 2636/4007/12428 2099/4004/12429 3288/3420/12430 3287/2560/12431
f 2818/850/12432 2819/849/12433 2971/4056/12434 2970/3816/12435
f 2819/849/12436 3269/3387/12437 3318/4010/12438 2971/4056/12439
f 3200/3915/12440 2571/3914/12441 3197/1393/12442 3199/1396/12443
f 2839/989/12444 3068/4057/12445 3146/4058/12446 3143/994/12447
f 2839/989/12448 2840/988/12449 2841/3589/12450 3068/4057/12451
f 2840/988/12452 2842/996/12453 2843/3254/12454 2841/3589/12455
f 2842/996/12456 3137/1000/12457 3138/3250/12458 2843/3254/12459
f 2844/3307/12460 2845/3310/12461 2846/4059/12462 3109/4060/12463
f 2844/3307/12464 3109/4060/12465 3105/4061/12466 3220/3305/12467
f 2845/3310/12468 2847/3852/12469 2848/4013/12470 2846/4059/12471
f 2846/4059/12472 2848/4013/12473 2849/4015/12474 3113/4062/12475
f 2846/4059/12476 3113/4062/12477 3110/4063/12478 3109/4060/12479
f 2849/4015/12480 3116/4019/12481 3114/4064/12482 3113/4062/12483
f 2850/4018/12484 3118/3952/12485 3117/3946/12486 3116/4019/12487
f 2851/2714/12488 2852/3572/12489 2856/3231/12490 3164/3993/12491
f 2851/2714/12492 2853/2713/12493 2854/2721/12494 2852/3572/12495
f 2651/3258/12496 3164/3993/12497 2856/3231/12498 2855/3229/12499
f 2851/2714/12500 3164/3993/12501 3163/3992/12502 3165/2711/12503
f 1742/3202/12504 2040/3208/12505 2858/3985/12506 2857/3984/12507
f 2040/3208/12508 2859/3215/12509 2860/3986/12510 2858/3985/12511
f 2859/4065/12512 2861/4066/12513 2059/3591/12514 2860/3594/12515
f 2041/3218/12516 2043/3225/12517 2862/3602/12518 2861/3566/12519
f 2861/4066/12520 2862/3602/12521 2061/3595/12522 2059/3591/12523
f 2043/3225/12524 2863/3568/12525 2063/3599/12526 2862/3602/12527
f 2863/3568/12528 2865/3570/12529 2065/3600/12530 2063/3599/12531
f 2864/3569/12532 2866/3571/12533 2067/3605/12534 2865/3570/12535
f 2308/1203/12536 3312/1641/12537 3160/3988/12538 2831/1199/12539
f 2308/1203/12540 2828/1208/12541 3159/1638/12542 3312/1641/12543
f 970/2174/12544 2876/2737/12545 2878/3626/12546 2872/2169/12547
f 2873/3962/12548 3145/3960/12549 3147/3588/12550 2874/3581/12551
f 2873/3962/12552 2745/4037/12553 2877/4039/12554 2896/3963/12555
f 2873/3962/12556 2874/3581/12557 2875/3580/12558 2745/4037/12559
f 2877/4067/12560 2878/3626/12561 2876/2737/12562 2895/4068/12563
f 2881/4049/12564 2882/4048/12565 2883/2717/12566 1241/2716/12567
f 2882/4048/12568 2884/4051/12569 2885/2726/12570 2883/2717/12571
f 2884/4051/12572 2886/4053/12573 2887/2729/12574 2885/2726/12575
f 2886/4053/12576 2888/4054/12577 2889/2732/12578 2887/2729/12579
f 2888/4054/12580 2891/4055/12581 2892/4069/12582 2889/2732/12583
f 2889/2732/12584 2892/4069/12585 2893/2735/12586 2890/2733/12587
f 2891/4055/12588 2894/3965/12589 2895/4068/12590 2892/4069/12591
f 2892/4069/12592 2895/4068/12593 2876/2737/12594 2893/2735/12595
f 2894/3965/12596 2896/3964/12597 2877/4067/12598 2895/4068/12599
f 2897/985/12600 2898/3647/12601 2901/3558/12602 2900/979/12603
f 695/4043/12604 3212/4070/12605 3157/2676/12606 2902/698/12607
f 2903/3673/12608 2437/905/12609 2142/2460/12610 2931/3674/12611
f 2906/1549/12612 2908/3771/12613 2909/3776/12614 2907/3775/12615
f 2908/3771/12616 2912/2150/12617 2913/2149/12618 2909/3776/12619
f 2909/3776/12620 2913/2149/12621 2914/2151/12622 2910/3777/12623
f 2910/3772/12624 2914/4071/12625 2915/2158/12626 2911/3773/12627
f 2927/3900/12628 2928/3896/12629 2930/3895/12630 2929/3901/12631
f 2933/2690/12632 2994/2700/12633 2936/2705/12634 2934/2691/12635
f 2205/3717/12636 3032/3491/12637 3033/3490/12638 2937/3905/12639
f 2941/2453/12640 2943/1070/12641 2944/1069/12642 2942/2454/12643
f 2956/3351/12644 2957/1848/12645 2960/1847/12646 2958/3352/12647
f 2958/3352/12648 2960/1847/12649 2961/1846/12650 2959/3357/12651
f 2961/1846/12652 2963/1843/12653 2964/1857/12654 2962/3367/12655
f 2967/1447/12656 2968/1446/12657 2969/3413/12658 3169/2941/12659
f 2970/3816/12660 2971/4056/12661 3158/4072/12662 2983/3817/12663
f 2971/4056/12664 3318/4010/12665 3230/4009/12666 3158/4072/12667
f 2975/2367/12668 2976/2370/12669 3206/1949/12670 3205/3181/12671
f 2976/2370/12672 3203/2373/12673 3202/1948/12674 3206/1949/12675
f 2977/2372/12676 3092/3108/12677 3091/3435/12678 3203/2373/12679
f 2978/1943/12680 3222/1946/12681 3156/3433/12682 3170/3432/12683
f 2986/922/12684 2990/1862/12685 2991/1852/12686 2987/923/12687
f 2986/922/12688 3015/926/12689 3016/3325/12690 2990/1862/12691
f 2496/2212/12692 3313/2211/12693 3275/1935/12694 3061/3691/12695
f 3009/1416/12696 3011/3263/12697 3012/817/12698 3010/1417/12699
f 3017/2071/12700 3129/2070/12701 3018/2672/12702 3132/2585/12703
f 3018/2669/12704 3129/2073/12705 3130/2072/12706 3131/2567/12707
f 3021/2074/12708 3183/4073/12709 3023/4028/12710 3182/2075/12711
f 3021/2074/12712 3181/2077/12713 3211/2138/12714 3183/4073/12715
f 3023/4028/12716 3183/4073/12717 3026/3718/12718 3024/3671/12719
f 3026/3718/12720 3183/4073/12721 3211/2138/12722 3154/3719/12723
f 3029/3489/12724 3030/3501/12725 3027/4036/12726 3033/3490/12727
f 3027/4036/12728 3030/3501/12729 3031/3505/12730 3028/3878/12731
f 3039/2056/12732 3042/1404/12733 3041/4074/12734 3040/3968/12735
f 3040/3968/12736 3041/4074/12737 3044/4075/12738 3173/3971/12739
f 3041/4074/12740 3172/1394/12741 3208/3917/12742 3044/4075/12743
f 3041/4074/12744 3042/1404/12745 3302/1395/12746 3172/1394/12747
f 3043/3966/12748 3173/3971/12749 3044/4075/12750 3045/3967/12751
f 3043/3966/12752 3201/1635/12753 3038/3972/12754 3173/3971/12755
f 3044/4075/12756 3208/3917/12757 3134/3916/12758 3045/3967/12759
f 3050/4076/12760 3175/4077/12761 3192/4078/12762 3193/4045/12763
f 3050/4076/12764 3135/4079/12765 3196/4080/12766 3175/4077/12767
f 3050/4076/12768 3051/4081/12769 3136/4082/12770 3135/4079/12771
f 3050/4076/12772 3193/4045/12773 3119/4044/12774 3051/4081/12775
f 3051/4081/12776 3119/4044/12777 3120/3994/12778 3161/3990/12779
f 3051/4081/12780 3161/3990/12781 3049/3251/12782 3136/4082/12783
f 1185/875/12784 3052/874/12785 3060/4025/12786 3059/4024/12787
f 1185/875/12788 3059/4024/12789 3057/4026/12790 3056/880/12791
f 3053/2545/12792 3056/2544/12793 3057/4083/12794 3054/3692/12795
f 3054/3692/12796 3057/4083/12797 3058/3885/12798 3055/1211/12799
f 3068/4057/12800 2841/3589/12801 3070/3586/12802 3069/3585/12803
f 3068/4057/12804 3069/3585/12805 3147/3588/12806 3146/4058/12807
f 3073/4041/12808 3156/3433/12809 3222/1946/12810 3074/3113/12811
f 3080/3144/12812 3082/3146/12813 3083/694/12814 3081/3384/12815
f 3080/3144/12816 3081/3384/12817 3087/1376/12818 3079/3141/12819
f 3081/3384/12820 3083/694/12821 1892/693/12822 3088/3385/12823
f 3082/3146/12824 3084/700/12825 505/691/12826 3083/694/12827
f 3085/2679/12828 3079/3141/12829 3087/1376/12830 3086/1375/12831
f 3090/687/12832 3299/686/12833 3091/3435/12834 2345/2943/12835
f 3091/3435/12836 3299/686/12837 3202/1948/12838 3203/2373/12839
f 3093/2092/12840 3094/2091/12841 3257/3479/12842 3293/3392/12843
f 3095/3930/12844 3217/4084/12845 3096/4085/12846 3097/3931/12847
f 3095/3930/12848 3193/4045/12849 3192/4078/12850 3217/4084/12851
f 3096/4086/12852 3218/4087/12853 3098/4088/12854 3099/4089/12855
f 3096/4085/12856 3217/4084/12857 3190/4090/12858 3218/4091/12859
f 3096/4086/12860 3099/4089/12861 3100/3929/12862 3097/3928/12863
f 3098/4088/12864 3219/3013/12865 3101/4092/12866 3102/4093/12867
f 3098/4088/12868 3218/4087/12869 3191/3014/12870 3219/3013/12871
f 3098/4088/12872 3102/4093/12873 3103/4094/12874 3099/4089/12875
f 3099/4089/12876 3103/4094/12877 3104/3934/12878 3100/3929/12879
f 3101/4092/12880 3228/3306/12881 3220/3305/12882 3105/4061/12883
f 3101/4092/12884 3219/3013/12885 3227/3012/12886 3228/3306/12887
f 3101/4092/12888 3105/4061/12889 3106/4095/12890 3102/4093/12891
f 3102/4093/12892 3106/4095/12893 3107/4096/12894 3103/4094/12895
f 3103/4094/12896 3107/4096/12897 3108/3937/12898 3104/3934/12899
f 3105/4061/12900 3109/4060/12901 3110/4063/12902 3106/4095/12903
f 3106/4095/12904 3110/4063/12905 3111/4097/12906 3107/4096/12907
f 3107/4096/12908 3111/4097/12909 3112/3940/12910 3108/3937/12911
f 3110/4063/12912 3113/4062/12913 3114/4064/12914 3111/4097/12915
f 3111/4097/12916 3114/4064/12917 3115/3943/12918 3112/3940/12919
f 3114/4064/12920 3116/4019/12921 3117/3946/12922 3115/3943/12923
f 3122/4032/12924 3269/3390/12925 3124/3389/12926 3123/3977/12927
f 3122/4034/12928 3260/4033/12929 3318/4010/12930 3269/3387/12931
f 2143/3676/12932 2415/909/12933 3126/739/12934 3125/738/12935
f 3130/2072/12936 3152/4030/12937 3151/2568/12938 3131/2567/12939
f 3135/4079/12940 3141/999/12941 3140/998/12942 3196/4080/12943
f 3135/4079/12944 3136/4082/12945 3137/1000/12946 3141/999/12947
f 3136/4082/12948 3049/3251/12949 3138/3250/12950 3137/1000/12951
f 3139/3995/12952 3142/3996/12953 3196/4080/12954 3140/998/12955
f 3139/3995/12956 3140/998/12957 3189/997/12958 3188/3913/12959
f 3142/3996/12960 3174/3997/12961 3175/4077/12962 3196/4080/12963
f 3143/994/12964 3146/4058/12965 3144/3956/12966 3148/3955/12967
f 3144/3956/12968 3146/4058/12969 3147/3588/12970 3145/3960/12971
f 3172/1394/12972 3197/1393/12973 2571/3914/12974 3208/3917/12975
f 3174/3997/12976 3176/3243/12977 3229/3590/12978 3231/4098/12979
f 3174/3997/12980 3231/4098/12981 3192/4078/12982 3175/4077/12983
f 3176/3243/12984 3261/3242/12985 3256/1282/12986 3229/3590/12987
f 3178/3635/12988 3179/3865/12989 3177/881/12990 2109/3632/12991
f 3185/3912/12992 3188/3913/12993 3189/997/12994 3186/991/12995
f 3190/4090/12996 3232/3019/12997 3191/3018/12998 3218/4091/12999
f 3190/4090/13000 3231/4098/13001 3229/3590/13002 3232/3019/13003
f 3190/4090/13004 3217/4084/13005 3192/4078/13006 3231/4098/13007
f 3221/4011/13008 3318/4010/13009 3260/4033/13010 3259/981/13011
f 3224/3016/13012 3226/3021/13013 3228/3306/13014 3227/3012/13015
f 3239/676/13016 3247/678/13017 3278/4099/13018 3252/2919/13019
f 1255/1431/13020 3267/3792/13021 1254/1440/13022 1546/1432/13023
f 881/4100/13024 3244/4101/13025 940/4102/13026 941/4103/13027
f 881/4100/13028 883/1957/13029 1548/807/13030 3244/4101/13031
f 552/893/13032 3333/896/13033 3332/901/13034 1752/894/13035
f 552/893/13036 2515/895/13037 3334/897/13038 3333/896/13039
f 3335/2222/13040 3334/897/13041 2515/895/13042 1846/3339/13043
f 3214/3143/13044 3336/4104/13045 3216/3147/13046 3215/3145/13047
f 3336/4104/13048 695/4043/13049 2762/3148/13050 3216/3147/13051
f 1672/3139/13052 3336/4104/13053 3214/3143/13054 3213/3140/13055
f 3212/4070/13056 695/4043/13057 3336/4104/13058 1672/4105/13059
f 1539/4106/13060 2435/3841/13061 2434/2996/13062 2580/4107/13063
f 2675/4006/13064 2100/4108/13065 2099/4109/13066 2636/4007/13067
f 1141/1157/13068 3337/4110/13069 1144/1149/13070 1140/1153/13071
f 1143/2463/13072 3337/4110/13073 1141/1157/13074 1142/2462/13075
f 2208/1127/13076 3338/4111/13077 3337/4110/13078 1143/2463/13079
f 1144/1149/13080 3337/4110/13081 3338/4111/13082 628/4112/13083
f 614/1126/13084 620/1125/13085 3338/4111/13086 2208/1127/13087
f 628/4112/13088 3338/4111/13089 620/1125/13090 624/4113/13091
f 640/892/13092 1752/894/13093 760/1622/13094 759/919/13095
f 556/890/13096 640/892/13097 759/919/13098 557/914/13099
f 2389/1624/13100 760/1622/13101 1752/894/13102 3332/901/13103
f 554/891/13104 556/890/13105 557/914/13106 555/913/13107
f 2574/911/13108 554/891/13109 555/913/13110 2575/918/13111
f 2578/3071/13112 2574/911/13113 2575/918/13114 2579/3909/13115
f 1607/3072/13116 2578/3071/13117 2579/3909/13118 2577/3908/13119
f 1605/4114/13120 1607/3072/13121 2577/3908/13122 2576/3907/13123
f 1829/1183/13124 1605/3062/13125 2576/835/13126 547/838/13127
f 547/838/13128 546/868/13129 1827/1179/13130 1829/1183/13131
f 546/868/13132 2615/871/13133 1931/1180/13134 1827/1179/13135
f 2615/871/13136 2390/3860/13137 1928/900/13138 1931/1180/13139
f 3332/901/13140 1928/900/13141 2390/3860/13142 2389/1624/13143
f 3339/4115/13144 3340/4116/13145 3357/4117/13146 3359/4118/13147
f 3699/4119/13148 3700/4120/13149 3371/4121/13150 3344/4122/13151
f 3340/4116/13152 3352/4123/13153 3358/4124/13154 3357/4117/13155
f 3698/4125/13156 3699/4119/13157 3344/4122/13158 3348/4126/13159
f 3344/4122/13160 3371/4121/13161 3373/4127/13162 3346/4128/13163
f 3372/4129/13164 3341/4130/13165 3360/4131/13166 3356/4132/13167
f 3341/4133/13168 3372/4134/13169 3342/4135/13170 3345/4136/13171
f 3342/4135/13172 3346/4128/13173 3373/4127/13174 3345/4136/13175
f 3346/4128/13176 3342/4135/13177 3343/4137/13178 3347/4138/13179
f 3342/4135/13180 3372/4134/13181 3370/4139/13182 3343/4137/13183
f 3343/4137/13184 3370/4139/13185 3361/4140/13186 3368/4141/13187
f 3347/4138/13188 3343/4137/13189 3368/4141/13190 3349/4142/13191
f 3348/4126/13192 3344/4122/13193 3346/4128/13194 3347/4138/13195
f 3350/4143/13196 3348/4126/13197 3347/4138/13198 3349/4142/13199
f 3697/4144/13200 3698/4125/13201 3348/4126/13202 3350/4143/13203
f 3355/4145/13204 3350/4143/13205 3349/4142/13206 3351/4146/13207
f 3349/4142/13208 3368/4141/13209 3369/4147/13210 3351/4146/13211
f 3350/4143/13212 3355/4145/13213 3696/4148/13214 3697/4144/13215
f 3351/4146/13216 3369/4147/13217 1773/4149/13218 3331/4150/13219
f 1683/4151/13220 3355/4145/13221 3351/4146/13222 3331/4150/13223
f 3352/4123/13224 3353/4152/13225 3366/4153/13226 3358/4124/13227
f 3353/4152/13228 3354/4154/13229 3367/4155/13230 3366/4153/13231
f 3354/4154/13232 3285/4156/13233 1282/4157/13234 3367/4155/13235
f 3354/4154/13236 3696/4148/13237 2479/4158/13238 3285/4156/13239
f 3360/4131/13240 3359/4118/13241 3357/4117/13242 3356/4132/13243
f 3356/4132/13244 3357/4117/13245 3358/4124/13246 3363/4159/13247
f 3363/4159/13248 3358/4124/13249 3366/4153/13250 3364/4160/13251
f 3360/4131/13252 3704/4161/13253 3339/4162/13254 3359/4118/13255
f 3361/4163/13256 3370/4164/13257 3363/4159/13258 3364/4160/13259
f 3361/4140/13260 3362/4165/13261 3369/4147/13262 3368/4141/13263
f 3362/4166/13264 3361/4163/13265 3364/4160/13266 3365/4167/13267
f 3362/4165/13268 1274/4168/13269 1773/4149/13270 3369/4147/13271
f 1280/4169/13272 1274/4170/13273 3362/4166/13274 3365/4167/13275
f 3372/4129/13276 3356/4132/13277 3363/4159/13278 3370/4164/13279
f 3364/4160/13280 3366/4153/13281 3367/4155/13282 3365/4167/13283
f 3365/4167/13284 3367/4155/13285 1282/4157/13286 1280/4169/13287
f 1845/3338/13288 1842/1627/13289 3374/4171/13290 3375/4172/13291
f 3374/4171/13292 3376/4173/13293 3377/4174/13294 3375/4172/13295
f 3379/4175/13296 3375/4176/13297 3377/4177/13298 3378/4178/13299
f 3380/4179/13300 3374/4171/13301 1842/1627/13302 1841/1626/13303
f 3380/4179/13304 1841/1626/13305 1753/1629/13306 3381/4180/13307
f 2632/3233/13308 3382/4181/13309 3381/4180/13310 1753/1629/13311
f 2630/3987/13312 3383/4182/13313 3382/4181/13314 2632/3233/13315
f 2629/3320/13316 3384/4183/13317 3383/4184/13318 2630/3321/13319
f 3384/4183/13320 2629/3320/13321 2634/3319/13322 3385/4185/13323
f 2774/3414/13324 3386/4186/13325 3385/4185/13326 2634/3319/13327
f 2734/2224/13328 3387/4187/13329 3386/4186/13330 2774/3414/13331
f 3387/4187/13332 2734/2224/13333 986/2223/13334 3388/4188/13335
f 3388/4188/13336 986/2223/13337 3335/2222/13338 3390/4189/13339
f 1845/3338/13340 3375/4172/13341 3389/4190/13342 1846/3339/13343
f 1846/3339/13344 3389/4190/13345 3390/4189/13346 3335/2222/13347
f 3375/4176/13348 3379/4175/13349 3391/4191/13350 3389/4192/13351
f 3392/4193/13352 3390/4194/13353 3389/4192/13354 3391/4191/13355
f 3388/4195/13356 3390/4194/13357 3392/4193/13358 3393/4196/13359
f 3394/4197/13360 3387/4198/13361 3388/4195/13362 3393/4196/13363
f 3387/4198/13364 3394/4197/13365 3395/4199/13366 3386/4200/13367
f 3395/4199/13368 3396/4201/13369 3385/4202/13370 3386/4200/13371
f 3377/4177/13372 3397/4203/13373 3398/4204/13374 3378/4178/13375
f 3400/4205/13376 3398/4204/13377 3397/4203/13378 3399/4206/13379
f 3395/4199/13380 3400/4207/13381 3399/4208/13382 3396/4201/13383
f 3384/4183/13384 3385/4185/13385 3396/4209/13386 3401/4210/13387
f 3384/4183/13388 3401/4210/13389 3402/4211/13390 3383/4184/13391
f 3383/4182/13392 3402/4212/13393 3403/4213/13394 3382/4181/13395
f 3382/4181/13396 3403/4213/13397 3404/4214/13398 3381/4180/13399
f 3405/4215/13400 3380/4179/13401 3381/4180/13402 3404/4214/13403
f 3380/4179/13404 3405/4215/13405 3376/4173/13406 3374/4171/13407
f 3407/4216/13408 3406/4217/13409 3397/4218/13410 3377/4174/13411
f 3399/4219/13412 3397/4218/13413 3406/4217/13414 3408/4220/13415
f 3409/4221/13416 3407/4216/13417 3377/4174/13418 3376/4173/13419
f 3409/4221/13420 3376/4173/13421 3405/4215/13422 3410/4222/13423
f 3404/4214/13424 3411/4223/13425 3410/4222/13426 3405/4215/13427
f 3411/4223/13428 3404/4214/13429 3403/4213/13430 3412/4224/13431
f 3412/4224/13432 3403/4213/13433 3402/4212/13434 3413/4225/13435
f 3401/4210/13436 3414/4226/13437 3413/4227/13438 3402/4211/13439
f 3414/4226/13440 3401/4210/13441 3396/4209/13442 3415/4228/13443
f 3408/4220/13444 3415/4229/13445 3396/4230/13446 3399/4219/13447
f 3406/4217/13448 3407/4216/13449 3416/4231/13450 3417/4232/13451
f 3408/4220/13452 3406/4217/13453 3417/4232/13454 3418/4233/13455
f 3407/4216/13456 3409/4221/13457 3419/4234/13458 3416/4231/13459
f 3409/4221/13460 3410/4222/13461 3420/4235/13462 3419/4234/13463
f 3410/4222/13464 3411/4223/13465 3421/4236/13466 3420/4235/13467
f 3411/4223/13468 3412/4224/13469 3422/4237/13470 3421/4236/13471
f 3412/4224/13472 3413/4225/13473 3423/4238/13474 3422/4237/13475
f 3413/4227/13476 3414/4226/13477 3424/4239/13478 3423/4240/13479
f 3424/4239/13480 3414/4226/13481 3415/4228/13482 3425/4241/13483
f 3415/4228/13484 3408/4220/13485 3418/4233/13486 3425/4241/13487
f 3417/4232/13488 3416/4231/13489 3426/4242/13490 3427/4243/13491
f 3418/4233/13492 3417/4232/13493 3427/4243/13494 3428/4244/13495
f 3416/4231/13496 3419/4234/13497 3429/4245/13498 3426/4242/13499
f 3419/4234/13500 3420/4235/13501 3430/4246/13502 3429/4245/13503
f 3420/4235/13504 3421/4236/13505 3431/4247/13506 3430/4246/13507
f 3421/4236/13508 3422/4237/13509 3432/4248/13510 3431/4247/13511
f 3433/4249/13512 3424/4239/13513 3425/4241/13514 3434/4250/13515
f 3425/4241/13516 3418/4233/13517 3428/4244/13518 3434/4250/13519
f 3435/4251/13520 3423/4240/13521 3424/4239/13522 3433/4249/13523
f 3432/4248/13524 3422/4237/13525 3423/4238/13526 3435/4252/13527
f 3427/4243/13528 3426/4242/13529 3436/4253/13530 3437/4254/13531
f 3428/4244/13532 3427/4243/13533 3437/4254/13534 3438/4255/13535
f 3426/4242/13536 3429/4245/13537 3439/4256/13538 3436/4253/13539
f 3429/4245/13540 3430/4246/13541 3440/4257/13542 3439/4256/13543
f 3430/4246/13544 3431/4247/13545 3441/4258/13546 3440/4257/13547
f 3431/4247/13548 3432/4248/13549 3442/4259/13550 3441/4258/13551
f 3443/4260/13552 3433/4249/13553 3434/4250/13554 3444/4261/13555
f 3434/4250/13556 3428/4244/13557 3438/4255/13558 3444/4261/13559
f 3435/4251/13560 3433/4249/13561 3443/4262/13562 3445/4263/13563
f 3432/4248/13564 3435/4252/13565 3445/4264/13566 3442/4259/13567
f 3437/4254/13568 3436/4253/13569 3446/4265/13570 3447/4266/13571
f 3438/4255/13572 3437/4254/13573 3447/4266/13574 3448/4267/13575
f 3436/4253/13576 3439/4256/13577 3449/4268/13578 3446/4265/13579
f 3439/4256/13580 3440/4257/13581 3450/4269/13582 3449/4268/13583
f 3440/4257/13584 3441/4258/13585 3451/4270/13586 3450/4269/13587
f 3441/4258/13588 3442/4259/13589 3452/4271/13590 3451/4270/13591
f 3453/4272/13592 3443/4260/13593 3444/4261/13594 3454/4273/13595
f 3444/4261/13596 3438/4255/13597 3448/4267/13598 3454/4273/13599
f 3445/4274/13600 3443/4260/13601 3453/4272/13602 3455/4275/13603
f 3442/4259/13604 3445/4264/13605 3455/4276/13606 3452/4271/13607
f 3447/4266/13608 3446/4265/13609 3456/4277/13610 3457/4278/13611
f 3448/4267/13612 3447/4266/13613 3457/4278/13614 3458/4279/13615
f 3446/4265/13616 3449/4268/13617 3459/4280/13618 3456/4277/13619
f 3449/4268/13620 3450/4269/13621 3460/4281/13622 3459/4280/13623
f 3450/4269/13624 3451/4270/13625 3461/4282/13626 3460/4281/13627
f 3451/4270/13628 3452/4271/13629 3462/4283/13630 3461/4282/13631
f 3463/4284/13632 3453/4272/13633 3454/4273/13634 3464/4285/13635
f 3454/4273/13636 3448/4267/13637 3458/4279/13638 3464/4285/13639
f 3455/4275/13640 3453/4272/13641 3463/4284/13642 3465/4286/13643
f 3452/4271/13644 3455/4276/13645 3465/4287/13646 3462/4283/13647
f 3457/4278/13648 3456/4277/13649 3466/4288/13650 3467/4289/13651
f 3458/4279/13652 3457/4278/13653 3467/4289/13654 3468/4290/13655
f 3456/4277/13656 3459/4280/13657 3469/4291/13658 3466/4288/13659
f 3459/4280/13660 3460/4281/13661 3470/4292/13662 3469/4291/13663
f 3460/4281/13664 3461/4282/13665 3471/4293/13666 3470/4292/13667
f 3461/4282/13668 3462/4283/13669 3472/4294/13670 3471/4293/13671
f 3473/4295/13672 3463/4284/13673 3464/4285/13674 3474/4296/13675
f 3464/4285/13676 3458/4279/13677 3468/4290/13678 3474/4296/13679
f 3465/4286/13680 3463/4284/13681 3473/4295/13682 3475/4297/13683
f 3462/4283/13684 3465/4287/13685 3475/4298/13686 3472/4294/13687
f 3467/4289/13688 3466/4288/13689 3476/4299/13690 3477/4300/13691
f 3468/4290/13692 3467/4289/13693 3477/4300/13694 3478/4301/13695
f 3466/4288/13696 3469/4291/13697 3479/4302/13698 3476/4299/13699
f 3469/4291/13700 3470/4292/13701 3480/4303/13702 3479/4302/13703
f 3470/4292/13704 3471/4293/13705 3481/4304/13706 3480/4303/13707
f 3471/4293/13708 3472/4294/13709 3482/4305/13710 3481/4304/13711
f 3483/4306/13712 3473/4295/13713 3474/4296/13714 3484/4307/13715
f 3474/4296/13716 3468/4290/13717 3478/4301/13718 3484/4307/13719
f 3475/4297/13720 3473/4295/13721 3483/4306/13722 3485/4308/13723
f 3472/4294/13724 3475/4298/13725 3485/4309/13726 3482/4305/13727
f 3477/4300/13728 3476/4299/13729 3486/4310/13730 3487/4311/13731
f 3478/4301/13732 3477/4300/13733 3487/4311/13734 3488/4312/13735
f 3476/4299/13736 3479/4302/13737 3489/4313/13738 3486/4310/13739
f 3479/4302/13740 3480/4303/13741 3490/4314/13742 3489/4313/13743
f 3480/4303/13744 3481/4304/13745 3491/4315/13746 3490/4314/13747
f 3481/4304/13748 3482/4305/13749 3492/4316/13750 3491/4315/13751
f 3484/4307/13752 3478/4301/13753 3488/4312/13754 3493/4317/13755
f 3482/4305/13756 3485/4309/13757 3494/4318/13758 3492/4316/13759
f 3495/4319/13760 3483/4306/13761 3484/4307/13762 3493/4317/13763
f 3483/4306/13764 3495/4319/13765 3494/4320/13766 3485/4308/13767
f 3495/4319/13768 3496/4321/13769 3492/4322/13770 3494/4320/13771
f 3496/4321/13772 3490/4323/13773 3491/4324/13774 3492/4322/13775
f 3496/4325/13776 3486/4310/13777 3489/4313/13778 3490/4314/13779
f 3487/4311/13780 3486/4310/13781 3496/4326/13782 3488/4312/13783
f 3488/4327/13784 3496/4321/13785 3495/4319/13786 3493/4317/13787
f 3393/4196/13788 3497/4328/13789 3498/4329/13790 3394/4197/13791
f 3499/4330/13792 3395/4199/13793 3394/4197/13794 3498/4329/13795
f 3395/4199/13796 3499/4330/13797 3500/4331/13798 3400/4332/13799
f 3500/4331/13800 3501/4333/13801 3398/4334/13802 3400/4332/13803
f 3501/4333/13804 3502/4335/13805 3378/4336/13806 3398/4334/13807
f 3504/4337/13808 3391/4191/13809 3379/4175/13810 3503/4338/13811
f 3503/4338/13812 3379/4175/13813 3378/4178/13814 3502/4339/13815
f 3497/4328/13816 3393/4196/13817 3392/4193/13818 3505/4340/13819
f 3505/4340/13820 3392/4193/13821 3391/4191/13822 3504/4337/13823
f 3498/4329/13824 3497/4328/13825 3506/4341/13826 3507/4342/13827
f 3499/4330/13828 3498/4329/13829 3507/4342/13830 3508/4343/13831
f 3500/4331/13832 3499/4330/13833 3508/4343/13834 3509/4344/13835
f 3501/4333/13836 3500/4331/13837 3509/4344/13838 3510/4345/13839
f 3502/4335/13840 3501/4333/13841 3510/4345/13842 3511/4346/13843
f 3504/4337/13844 3503/4338/13845 3512/4347/13846 3513/4348/13847
f 3503/4349/13848 3502/4335/13849 3511/4346/13850 3512/4350/13851
f 3506/4341/13852 3497/4328/13853 3505/4340/13854 3514/4351/13855
f 3505/4340/13856 3504/4337/13857 3513/4348/13858 3514/4351/13859
f 3507/4342/13860 3506/4341/13861 3515/4352/13862 3516/4353/13863
f 3508/4343/13864 3507/4342/13865 3516/4353/13866 3517/4354/13867
f 3509/4344/13868 3508/4343/13869 3517/4354/13870 3518/4355/13871
f 3510/4345/13872 3509/4344/13873 3518/4355/13874 3519/4356/13875
f 3511/4346/13876 3510/4345/13877 3519/4356/13878 3520/4357/13879
f 3513/4348/13880 3512/4347/13881 3521/4358/13882 3522/4359/13883
f 3512/4350/13884 3511/4346/13885 3520/4357/13886 3521/4360/13887
f 3515/4352/13888 3506/4341/13889 3514/4351/13890 3523/4361/13891
f 3514/4351/13892 3513/4348/13893 3522/4359/13894 3523/4361/13895
f 3516/4353/13896 3515/4352/13897 3524/4362/13898 3525/4363/13899
f 3517/4354/13900 3516/4353/13901 3525/4363/13902 3526/4364/13903
f 3518/4355/13904 3517/4354/13905 3526/4364/13906 3527/4365/13907
f 3519/4356/13908 3518/4355/13909 3527/4365/13910 3528/4366/13911
f 3520/4357/13912 3519/4356/13913 3528/4366/13914 3529/4367/13915
f 3522/4359/13916 3521/4358/13917 3530/4368/13918 3531/4369/13919
f 3521/4358/13920 3520/4370/13921 3529/4371/13922 3530/4368/13923
f 3524/4362/13924 3515/4352/13925 3523/4361/13926 3532/4372/13927
f 3523/4361/13928 3522/4359/13929 3531/4369/13930 3532/4372/13931
f 3525/4363/13932 3524/4362/13933 3533/4373/13934 3534/4374/13935
f 3526/4364/13936 3525/4363/13937 3534/4374/13938 3535/4375/13939
f 3527/4365/13940 3526/4364/13941 3535/4375/13942 3536/4376/13943
f 3528/4366/13944 3527/4365/13945 3536/4376/13946 3537/4377/13947
f 3529/4367/13948 3528/4366/13949 3537/4377/13950 3538/4378/13951
f 3531/4369/13952 3530/4368/13953 3539/4379/13954 3540/4380/13955
f 3530/4368/13956 3529/4371/13957 3538/4381/13958 3539/4379/13959
f 3533/4373/13960 3524/4362/13961 3532/4372/13962 3541/4382/13963
f 3532/4372/13964 3531/4369/13965 3540/4380/13966 3541/4382/13967
f 3534/4374/13968 3533/4373/13969 3542/4383/13970 3543/4384/13971
f 3535/4375/13972 3534/4374/13973 3543/4384/13974 3544/4385/13975
f 3536/4376/13976 3535/4375/13977 3544/4385/13978 3545/4386/13979
f 3537/4377/13980 3536/4376/13981 3545/4386/13982 3546/4387/13983
f 3538/4378/13984 3537/4377/13985 3546/4387/13986 3547/4388/13987
f 3540/4380/13988 3539/4379/13989 3548/4389/13990 3549/4390/13991
f 3539/4379/13992 3538/4381/13993 3547/4391/13994 3548/4389/13995
f 3542/4383/13996 3533/4373/13997 3541/4382/13998 3550/4392/13999
f 3541/4382/14000 3540/4380/14001 3549/4390/14002 3550/4392/14003
f 3543/4384/14004 3542/4383/14005 3551/4393/14006 3552/4394/14007
f 3544/4385/14008 3543/4384/14009 3552/4394/14010 3553/4395/14011
f 3545/4386/14012 3544/4385/14013 3553/4395/14014 3554/4396/14015
f 3546/4387/14016 3545/4386/14017 3554/4396/14018 3555/4397/14019
f 3547/4388/14020 3546/4387/14021 3555/4397/14022 3556/4398/14023
f 3549/4390/14024 3548/4389/14025 3557/4399/14026 3558/4400/14027
f 3548/4389/14028 3547/4391/14029 3556/4401/14030 3557/4399/14031
f 3551/4393/14032 3542/4383/14033 3550/4392/14034 3559/4402/14035
f 3550/4392/14036 3549/4390/14037 3558/4400/14038 3559/4402/14039
f 3551/4393/14040 3559/4402/14041 3558/4403/14042 3560/4404/14043 3552/4405/14044
f 3556/4406/14045 3560/4404/14046 3558/4403/14047 3557/4407/14048
f 3552/4394/14049 3560/4408/14050 3554/4409/14051 3553/4395/14052
f 3554/4396/14053 3560/4410/14054 3556/4411/14055 3555/4397/14056
f 3561/4412/14057 1235/2684/14058 3291/2687/14059 3562/4413/14060
f 3564/4414/14061 3562/4413/14062 3291/2687/14063 3563/4415/14064
f 3565/4416/14065 3564/4414/14066 3563/4415/14067 2616/4417/14068
f 2616/4417/14069 1234/4418/14070 3566/4419/14071 3565/4416/14072
f 3568/4420/14073 3566/4419/14074 1234/4418/14075 3567/4421/14076
f 3568/4420/14077 3567/4421/14078 3255/4422/14079 3569/4423/14080
f 2325/4424/14081 3570/4425/14082 3569/4426/14083 3255/4427/14084
f 3570/4425/14085 2325/4424/14086 1822/4428/14087 3572/4429/14088
f 3571/4430/14089 1824/2681/14090 1235/2680/14091 3561/4431/14092
f 3570/4425/14093 3572/4432/14094 3573/4433/14095 3574/4434/14096
f 3575/4435/14097 3569/4426/14098 3570/4425/14099 3574/4434/14100
f 3576/4436/14101 3568/4420/14102 3569/4423/14103 3575/4437/14104
f 3576/4436/14105 3577/4438/14106 3566/4419/14107 3568/4420/14108
f 3578/4439/14109 3565/4416/14110 3566/4419/14111 3577/4438/14112
f 3564/4414/14113 3565/4416/14114 3578/4439/14115 3579/4440/14116
f 3562/4413/14117 3564/4414/14118 3579/4440/14119 3580/4441/14120
f 3573/4433/14121 3572/4432/14122 3582/4442/14123 3581/4443/14124
f 3572/4429/14125 1822/4428/14126 1825/4444/14127 3582/4445/14128
f 3582/4445/14129 1825/4444/14130 3320/4446/14131 1823/4447/14132
f 3583/4448/14133 3561/4431/14134 3562/4413/14135 3580/4441/14136
f 3584/4449/14137 3571/4430/14138 3561/4431/14139 3583/4448/14140
f 3581/4443/14141 3582/4442/14142 3571/4430/14143 3584/4449/14144
f 3571/4430/14145 3582/4442/14146 1823/3315/14147 1824/2681/14148
f 3586/4450/14149 3574/4434/14150 3573/4433/14151 3585/4451/14152
f 3575/4435/14153 3574/4434/14154 3586/4450/14155 3587/4452/14156
f 3576/4436/14157 3575/4437/14158 3587/4453/14159 3588/4454/14160
f 3577/4438/14161 3576/4436/14162 3588/4454/14163 3589/4455/14164
f 3578/4439/14165 3577/4438/14166 3589/4455/14167 3590/4456/14168
f 3579/4440/14169 3578/4439/14170 3590/4456/14171 3591/4457/14172
f 3580/4441/14173 3579/4440/14174 3591/4457/14175 3592/4458/14176
f 3573/4433/14177 3581/4443/14178 3593/4459/14179 3585/4451/14180
f 3583/4448/14181 3580/4441/14182 3592/4458/14183 3594/4460/14184
f 3584/4449/14185 3583/4448/14186 3594/4460/14187 3595/4461/14188
f 3581/4443/14189 3584/4449/14190 3595/4461/14191 3593/4459/14192
f 3597/4462/14193 3586/4450/14194 3585/4451/14195 3596/4463/14196
f 3587/4452/14197 3586/4450/14198 3597/4462/14199 3598/4464/14200
f 3588/4454/14201 3587/4453/14202 3598/4465/14203 3599/4466/14204
f 3589/4455/14205 3588/4454/14206 3599/4466/14207 3600/4467/14208
f 3590/4456/14209 3589/4455/14210 3600/4467/14211 3601/4468/14212
f 3591/4457/14213 3590/4456/14214 3601/4468/14215 3602/4469/14216
f 3592/4458/14217 3591/4457/14218 3602/4469/14219 3603/4470/14220
f 3585/4451/14221 3593/4459/14222 3604/4471/14223 3596/4463/14224
f 3594/4460/14225 3592/4458/14226 3603/4470/14227 3605/4472/14228
f 3595/4461/14229 3594/4460/14230 3605/4472/14231 3606/4473/14232
f 3593/4459/14233 3595/4461/14234 3606/4473/14235 3604/4471/14236
f 3684/4474/14237 3685/4475/14238 3597/4462/14239 3596/4463/14240
f 3598/4464/14241 3597/4462/14242 3685/4475/14243 3686/4476/14244
f 3599/4466/14245 3598/4465/14246 3686/4477/14247 3687/4478/14248
f 3600/4467/14249 3599/4466/14250 3687/4478/14251 3688/4479/14252
f 3601/4468/14253 3600/4467/14254 3688/4479/14255 3689/4480/14256
f 3602/4469/14257 3601/4468/14258 3689/4480/14259 3690/4481/14260
f 3603/4470/14261 3602/4469/14262 3690/4481/14263 3691/4482/14264
f 3596/4463/14265 3604/4471/14266 3694/4483/14267 3684/4474/14268
f 3605/4472/14269 3603/4470/14270 3691/4482/14271 3692/4484/14272
f 3606/4473/14273 3605/4472/14274 3692/4484/14275 3693/4485/14276
f 3604/4471/14277 3606/4473/14278 3693/4485/14279 3694/4483/14280
f 3619/4486/14281 3608/4487/14282 3607/4488/14283 3618/4489/14284
f 3609/4490/14285 3608/4487/14286 3619/4486/14287 3620/4491/14288
f 3610/4492/14289 3609/4493/14290 3620/4494/14291 3621/4495/14292
f 3611/4496/14293 3610/4492/14294 3621/4495/14295 3622/4497/14296
f 3612/4498/14297 3611/4496/14298 3622/4497/14299 3623/4499/14300
f 3613/4500/14301 3612/4498/14302 3623/4499/14303 3624/4501/14304
f 3614/4502/14305 3613/4500/14306 3624/4501/14307 3625/4503/14308
f 3607/4488/14309 3615/4504/14310 3626/4505/14311 3618/4489/14312
f 3616/4506/14313 3614/4502/14314 3625/4503/14315 3627/4507/14316
f 3617/4508/14317 3616/4506/14318 3627/4507/14319 3628/4509/14320
f 3615/4504/14321 3617/4508/14322 3628/4509/14323 3626/4505/14324
f 3630/4510/14325 3619/4486/14326 3618/4489/14327 3629/4511/14328
f 3620/4491/14329 3619/4486/14330 3630/4510/14331 3631/4512/14332
f 3621/4495/14333 3620/4494/14334 3631/4513/14335 3632/4514/14336
f 3622/4497/14337 3621/4495/14338 3632/4514/14339 3633/4515/14340
f 3623/4499/14341 3622/4497/14342 3633/4515/14343 3634/4516/14344
f 3624/4501/14345 3623/4499/14346 3634/4516/14347 3635/4517/14348
f 3625/4503/14349 3624/4501/14350 3635/4517/14351 3636/4518/14352
f 3618/4489/14353 3626/4505/14354 3637/4519/14355 3629/4511/14356
f 3627/4507/14357 3625/4503/14358 3636/4518/14359 3638/4520/14360
f 3628/4509/14361 3627/4507/14362 3638/4520/14363 3639/4521/14364
f 3626/4505/14365 3628/4509/14366 3639/4521/14367 3637/4519/14368
f 3641/4522/14369 3630/4510/14370 3629/4511/14371 3640/4523/14372
f 3631/4512/14373 3630/4510/14374 3641/4522/14375 3642/4524/14376
f 3632/4514/14377 3631/4513/14378 3642/4525/14379 3643/4526/14380
f 3633/4515/14381 3632/4514/14382 3643/4526/14383 3644/4527/14384
f 3634/4516/14385 3633/4515/14386 3644/4527/14387 3645/4528/14388
f 3635/4517/14389 3634/4516/14390 3645/4528/14391 3646/4529/14392
f 3636/4518/14393 3635/4517/14394 3646/4529/14395 3647/4530/14396
f 3629/4511/14397 3637/4519/14398 3648/4531/14399 3640/4523/14400
f 3638/4520/14401 3636/4518/14402 3647/4530/14403 3649/4532/14404
f 3639/4521/14405 3638/4520/14406 3649/4532/14407 3650/4533/14408
f 3637/4519/14409 3639/4521/14410 3650/4533/14411 3648/4531/14412
f 3652/4534/14413 3641/4522/14414 3640/4523/14415 3651/4535/14416
f 3642/4524/14417 3641/4522/14418 3652/4534/14419 3653/4536/14420
f 3643/4526/14421 3642/4525/14422 3653/4537/14423 3654/4538/14424
f 3644/4527/14425 3643/4526/14426 3654/4538/14427 3655/4539/14428
f 3645/4528/14429 3644/4527/14430 3655/4539/14431 3656/4540/14432
f 3646/4529/14433 3645/4528/14434 3656/4540/14435 3657/4541/14436
f 3647/4530/14437 3646/4529/14438 3657/4541/14439 3658/4542/14440
f 3640/4523/14441 3648/4531/14442 3659/4543/14443 3651/4535/14444
f 3649/4532/14445 3647/4530/14446 3658/4542/14447 3660/4544/14448
f 3650/4533/14449 3649/4532/14450 3660/4544/14451 3661/4545/14452
f 3648/4531/14453 3650/4533/14454 3661/4545/14455 3659/4543/14456
f 3663/4546/14457 3652/4534/14458 3651/4535/14459 3662/4547/14460
f 3653/4536/14461 3652/4534/14462 3663/4546/14463 3664/4548/14464
f 3654/4538/14465 3653/4537/14466 3664/4549/14467 3665/4550/14468
f 3655/4539/14469 3654/4538/14470 3665/4550/14471 3666/4551/14472
f 3656/4540/14473 3655/4539/14474 3666/4551/14475 3667/4552/14476
f 3657/4541/14477 3656/4540/14478 3667/4552/14479 3668/4553/14480
f 3658/4542/14481 3657/4541/14482 3668/4553/14483 3669/4554/14484
f 3651/4535/14485 3659/4543/14486 3670/4555/14487 3662/4547/14488
f 3660/4544/14489 3658/4542/14490 3669/4554/14491 3671/4556/14492
f 3661/4545/14493 3660/4544/14494 3671/4556/14495 3672/4557/14496
f 3659/4543/14497 3661/4545/14498 3672/4557/14499 3670/4555/14500
f 3674/4558/14501 3663/4546/14502 3662/4547/14503 3673/4559/14504
f 3664/4548/14505 3663/4546/14506 3674/4558/14507 3675/4560/14508
f 3665/4550/14509 3664/4549/14510 3675/4561/14511 3676/4562/14512
f 3666/4551/14513 3665/4550/14514 3676/4562/14515 3677/4563/14516
f 3667/4552/14517 3666/4551/14518 3677/4563/14519 3678/4564/14520
f 3668/4553/14521 3667/4552/14522 3678/4564/14523 3679/4565/14524
f 3669/4554/14525 3668/4553/14526 3679/4565/14527 3680/4566/14528
f 3662/4547/14529 3670/4555/14530 3681/4567/14531 3673/4559/14532
f 3671/4556/14533 3669/4554/14534 3680/4566/14535 3682/4568/14536
f 3672/4557/14537 3671/4556/14538 3682/4568/14539 3683/4569/14540
f 3670/4555/14541 3672/4557/14542 3683/4569/14543 3681/4567/14544
f 3607/4488/14545 3608/4487/14546 3685/4475/14547 3684/4474/14548
f 3686/4476/14549 3685/4475/14550 3608/4487/14551 3609/4490/14552
f 3687/4478/14553 3686/4477/14554 3609/4493/14555 3610/4492/14556
f 3688/4479/14557 3687/4478/14558 3610/4492/14559 3611/4496/14560
f 3689/4480/14561 3688/4479/14562 3611/4496/14563 3612/4498/14564
f 3690/4481/14565 3689/4480/14566 3612/4498/14567 3613/4500/14568
f 3691/4482/14569 3690/4481/14570 3613/4500/14571 3614/4502/14572
f 3692/4484/14573 3691/4482/14574 3614/4502/14575 3616/4506/14576
f 3693/4485/14577 3692/4484/14578 3616/4506/14579 3617/4508/14580
f 3694/4483/14581 3693/4485/14582 3617/4508/14583 3615/4504/14584
f 3684/4474/14585 3694/4483/14586 3615/4504/14587 3607/4488/14588
f 3695/4570/14589 3674/4558/14590 3673/4571/14591
f 3678/4564/14592 3695/4572/14593 3680/4573/14594 3679/4574/14595
f 3676/4575/14596 3695/4572/14597 3678/4564/14598 3677/4563/14599
f 3674/4558/14600 3695/4570/14601 3676/4576/14602 3675/4560/14603
f 3695/4572/14604 3683/4577/14605 3682/4578/14606 3680/4573/14607
f 3695/4579/14608 3673/4559/14609 3681/4567/14610 3683/4569/14611
f 3697/4144/14612 3696/4148/14613 3354/4154/14614 3353/4152/14615
f 3353/4152/14616 3352/4123/14617 3698/4125/14618 3697/4144/14619
f 3352/4123/14620 3340/4116/14621 3699/4119/14622 3698/4125/14623
f 3339/4115/14624 3700/4120/14625 3699/4119/14626 3340/4116/14627
f 2479/4158/14628 3696/4148/14629 3355/4145/14630 1683/4151/14631
f 3701/1047/14632 594/1046/14633 3331/4150/14634 1773/4149/14635
f 1274/4168/14636 1275/2780/14637 3701/1047/14638 1773/4149/14639
f 1275/2779/14640 1274/4170/14641 1280/4169/14642 3702/2452/14643
f 1280/4169/14644 1282/4157/14645 1283/2451/14646 3702/2452/14647
f 1282/4157/14648 3285/4156/14649 1135/1079/14650 1283/2451/14651
f 600/1077/14652 1135/1079/14653 3285/4156/14654 2479/4158/14655
f 3703/1051/14656 600/1077/14657 2479/4158/14658 1683/4151/14659
f 1683/4151/14660 3331/4150/14661 594/1046/14662 3703/1051/14663
f 3700/4580/14664 3339/4162/14665 3704/4161/14666 3371/4581/14667
f 3371/4581/14668 3704/4161/14669 3345/4582/14670 3373/4583/14671
f 3345/4582/14672 3704/4161/14673 3360/4131/14674 3341/4130/14675
f 3706/2119/14676 3705/2118/14677 3330/2292/14678 1658/2291/14679
f 2621/3969/14680 3709/3973/14681 3708/3974/14682 3200/4040/14683 3199/3970/14684
f 3705/2121/14685 3722/2120/14686 3330/4584/14687
f 3725/2130/14688 3724/2129/14689 3271/4585/14690
f 3734/3577/14691 3733/3573/14692 2852/3572/14693 2854/2721/14694 2868/2723/14695
f 2004/3534/14696 2494/3536/14697 3736/3531/14698 3735/3530/14699
