# This file uses centimeters as units for non-parametric coordinates.

mtllib tree_s1_seperate.mtl
g default
v 452.757721 229.394943 58.593796
v 387.968445 253.750549 -138.913635
v 239.262497 229.491440 -260.521667
v 54.880653 226.329559 -269.714020
v -76.847374 230.445007 -239.815582
v 145.236740 265.927429 314.292023
v 333.086792 280.190247 280.489746
v 407.746979 235.950089 235.798676
v 448.725739 217.263046 158.832245
v 100.893822 566.276917 -262.296082
v 78.382500 570.416870 -319.908813
v 40.622990 574.081360 -359.139526
v -14.946402 577.305298 -383.265839
v -76.157791 577.920837 -384.395935
v -133.198639 575.825317 -361.927887
v -178.259354 571.109436 -321.662048
v -202.289185 564.274353 -271.738861
v -205.151352 553.890259 -201.338409
v -187.230789 545.526062 -144.289642
v -151.493469 539.672668 -98.156731
v -98.534920 536.771729 -65.334244
v -28.627529 539.540771 -57.335068
v 32.312302 547.101196 -78.555298
v 78.355560 556.928467 -126.208633
v 102.215553 562.964783 -196.461151
v 4.010352 695.964844 -177.225159
v -12.355673 719.100464 -217.419144
v -39.623726 735.431641 -244.493729
v -79.885994 744.967285 -261.388000
v -124.486580 745.408569 -262.193298
v -166.283951 736.715576 -246.485428
v -199.423798 719.587952 -218.962616
v -217.163681 698.953247 -184.897263
v -219.311676 671.963562 -136.883438
v -206.129623 651.869751 -98.185776
v -179.807190 637.098511 -67.498520
v -140.732620 627.922058 -46.889103
v -88.847771 627.851257 -44.284702
v -45.785175 633.800171 -59.065521
v -13.463736 647.543579 -89.078773
v 4.246695 671.127991 -134.164551
v 17.051556 764.716309 19.902369
v -8.036539 778.678101 -39.346626
v -30.964951 788.745483 -63.992432
v -63.781845 795.422852 -76.786438
v -100.136780 795.783630 -77.439011
v -134.206543 789.749023 -65.604034
v -161.216599 778.702759 -43.455490
v -175.675278 765.319824 -15.856867
v -177.427475 746.879028 23.042358
v -166.685028 732.242188 54.392590
v -145.229401 720.673096 79.256058
v -111.017784 715.629639 95.969910
v -45.164341 729.763062 105.186890
v -22.989384 722.268311 80.275162
v -6.698735 726.599243 55.794151
v 9.509624 740.457581 35.229912
v 27.410086 887.294312 55.811749
v 16.760532 889.484009 24.200388
v 1.063636 893.998962 -8.158007
v -27.076710 882.063599 -11.421781
v -55.015537 882.574036 -6.544361
v -78.706001 894.676880 2.910641
v -93.063950 915.857178 17.453920
v -118.016518 892.254150 48.804363
v -121.894615 888.021118 84.637314
v -117.073380 887.441650 112.797821
v -102.785759 886.981812 135.664368
v -77.270271 886.216187 155.718658
v -44.090183 883.738770 168.627518
v -11.828245 885.476074 160.176773
v 10.134509 887.157776 127.372116
v 26.188528 887.607361 88.124466
v 57.533928 1024.230225 78.698799
v 52.932045 1028.310669 56.261719
v 41.114704 1028.588501 40.244877
v 24.082903 1032.421509 33.229889
v 3.009173 1034.332642 34.030720
v -18.524727 1032.824829 41.923920
v -36.115601 1028.597412 55.836346
v -44.305561 1024.895142 75.069626
v -45.613514 1019.300537 102.415001
v -39.673386 1014.721558 124.449257
v -27.920946 1011.093750 141.911438
v -11.495852 1008.659424 154.179321
v 8.287056 1008.334351 158.377289
v 27.782701 1010.000366 148.708282
v 44.068085 1013.542603 130.292480
v 54.662350 1019.006348 103.832985
v 122.342262 1196.409912 183.613403
v 117.833916 1201.376709 170.406845
v 110.155075 1204.765991 161.386002
v 98.568794 1206.773193 156.031418
v 85.268913 1206.875977 155.741470
v 72.231377 1205.020386 160.662979
v 60.756424 1199.385376 170.708206
v 47.973583 1179.489868 188.690186
v 55.521851 1179.770630 205.464417
v 59.574390 1174.228271 218.829987
v 58.732368 1163.996338 226.582108
v 77.042107 1177.460815 228.707260
v 93.673126 1179.330078 229.024429
v 107.194572 1181.122437 224.253860
v 117.145844 1184.927124 214.135880
v 122.487625 1190.797485 198.531860
v 176.882523 1273.235840 204.268600
v 172.942764 1276.622070 194.612854
v 166.403244 1278.944702 188.012207
v 156.721268 1280.337891 184.085815
v 145.938568 1280.438843 183.858017
v 135.752579 1279.208862 187.439072
v 127.577667 1276.721924 194.225494
v 122.994308 1272.943970 202.900604
v 122.817368 1268.935059 214.725967
v 126.164886 1265.541626 224.375656
v 132.441269 1262.765015 231.899826
v 142.454117 1261.822021 236.770599
v 154.921768 1261.699829 237.421188
v 165.493271 1262.885742 233.948227
v 173.274292 1265.446777 226.565750
v 177.228943 1269.422119 215.170135
v 218.400391 1347.443970 170.772324
v 216.083847 1349.383057 165.411423
v 212.072250 1352.344727 161.350708
v 206.063477 1356.099365 158.460999
v 199.350555 1357.640625 158.025574
v 193.008041 1355.753662 160.400833
v 187.922180 1352.437378 164.727402
v 185.135956 1350.139404 169.606415
v 184.654510 1348.403687 176.058350
v 186.523010 1347.068481 181.220642
v 190.402710 1345.894287 185.318802
v 196.212158 1344.895630 188.093369
v 203.884872 1344.308716 188.511200
v 210.560547 1344.207764 186.710159
v 215.615585 1344.712524 182.790939
v 218.402023 1345.972656 176.668839
v 57.419174 978.934448 59.710762
v 56.481453 975.463135 87.353012
v 44.930359 971.832886 117.144630
v 24.328299 969.479370 140.022675
v -1.126521 968.372437 151.072205
v -26.286242 968.588501 144.179214
v -47.119091 970.205811 129.274445
v -61.420700 972.615967 109.929276
v -68.305176 975.658936 85.742264
v -68.257919 979.182617 55.580994
v -67.126770 979.504517 32.321327
v -41.292084 993.362671 28.557404
v -14.708932 993.085083 22.562469
v 7.877468 980.744873 14.540119
v 22.872511 957.805420 7.283891
v 47.759315 978.507446 33.846455
v 49.097923 944.794678 55.835754
v 49.141640 942.550842 85.785942
v 35.944817 940.192017 120.459526
v 13.664499 938.797607 149.007477
v -17.846634 938.505127 159.874664
v -46.169449 938.678955 149.306931
v -68.629318 939.722534 130.637726
v -82.274521 941.144897 109.677940
v -87.460548 942.864502 83.951050
v -86.066879 946.715332 51.672997
v -80.701859 957.336182 27.354950
v 19.018661 932.781494 -0.301376
v 38.826019 944.576172 28.339544
v 24.485916 833.860413 62.388603
v 20.402847 838.870056 94.311195
v 5.039836 835.686646 120.715378
v -11.917899 824.061768 141.685532
v -36.661484 805.852905 148.020935
v -89.644485 829.723816 144.697327
v -118.586761 835.107971 129.126511
v -136.825211 838.720276 105.950462
v -145.639618 843.274353 76.786789
v -143.713943 849.467407 40.472908
v -129.290955 856.333130 14.102408
v -106.395737 857.481689 -5.700895
v -77.264626 857.389282 -16.551964
v -45.792061 857.220093 -16.752657
v -17.426750 856.538330 -5.873609
v 2.135366 851.531860 17.194210
v -21.758944 920.621765 -49.989708
v -42.774651 910.398682 -49.968063
v -7.915900 943.870972 -43.797104
v -66.160767 910.653931 -45.531181
v -85.661064 921.334229 -37.867947
v -96.254486 939.599854 -29.031696
v -93.500839 965.386353 -20.066063
v -85.863419 976.541748 -17.429111
v -63.726551 988.797241 -17.012379
v -39.341721 988.535645 -21.449245
v -19.008648 977.837463 -29.112467
v -7.811092 959.568970 -37.948711
v -57.238914 929.655396 -131.882721
v -77.066818 920.985718 -134.765335
v -45.588879 948.082031 -119.458771
v -99.310486 920.189026 -130.804733
v -118.892097 925.619873 -121.083336
v -130.577347 938.862671 -107.751854
v -132.577301 958.909546 -92.104477
v -127.336128 968.081909 -86.364494
v -107.894257 978.921875 -82.166451
v -83.375984 980.034424 -86.186859
v -62.063404 972.853516 -96.236046
v -47.274223 959.485962 -109.646202
v -81.512108 993.460938 -163.629532
v -94.098114 991.482178 -168.838638
v -74.141426 992.747559 -139.474899
v -110.290901 995.116333 -167.148666
v -130.914307 976.090576 -154.714172
v -142.565140 975.759399 -139.386169
v -142.819138 980.342896 -118.821747
v -136.691345 983.164307 -110.310242
v -117.882141 987.721191 -102.312790
v -98.331863 990.522827 -104.272736
v -84.412231 991.229126 -114.370377
v -75.417351 990.810669 -130.162003
v -103.427368 1047.162720 -95.324532
v -114.103867 1043.888794 -99.393440
v -96.170555 1052.093140 -84.148094
v -125.913544 1042.207031 -97.875549
v -135.687408 1042.567749 -91.177460
v -140.801224 1044.875244 -81.094017
v -138.481918 1049.562622 -67.888321
v -134.068924 1052.066040 -62.611374
v -122.368584 1055.772705 -57.692509
v -110.550125 1057.454346 -59.210426
v -100.834732 1057.093262 -65.908524
v -95.779961 1054.786255 -75.991989
v -107.446808 1055.772461 -97.320152
v -116.974785 1052.556396 -100.695007
v -101.020493 1060.994141 -87.742027
v -127.554985 1051.173828 -99.219345
v -136.353607 1051.994629 -93.288460
v -141.009491 1054.799805 -84.491646
v -138.985229 1059.951294 -73.100784
v -135.074081 1062.571533 -68.594513
v -124.666878 1066.239502 -64.489868
v -114.039139 1067.622070 -65.965576
v -105.302666 1066.801025 -71.896461
v -100.720169 1063.996216 -80.693306
v -148.082336 1180.405151 -149.879364
v -153.900970 1187.282104 -151.958420
v -151.123413 1200.183228 -145.159851
v -146.205673 1188.179077 -146.479202
v -159.138840 1186.212769 -151.170273
v -155.281219 1201.167358 -143.428299
v -163.682022 1185.161011 -148.465378
v -160.536911 1199.322998 -142.111145
v -165.059021 1177.668579 -143.519699
v -164.193970 1186.221313 -139.659958
v -162.293900 1189.173828 -137.416367
v -156.757187 1194.016968 -136.063461
v -150.801682 1193.937500 -136.849777
v -147.092102 1192.781738 -139.556488
v -143.917816 1183.843018 -141.837814
v -100.731316 1025.480225 -131.933380
v -112.196785 1024.301025 -137.388916
v -85.529343 1014.195923 -123.355705
v -87.468376 1015.044067 -111.077866
v -94.825775 1015.457642 -95.422920
v -107.705864 1014.154175 -86.322678
v -124.083618 1011.488159 -84.731346
v -140.484451 1007.836914 -92.294716
v -149.131866 1003.088013 -119.098869
v -140.144150 1003.497925 -134.704712
v -121.439796 1013.490967 -155.148483
v 31.148657 811.607300 43.929726
v -42.625195 773.609863 145.353409
v -97.374725 789.303223 132.151657
v -127.571350 795.333496 115.855202
v -147.155975 801.764099 92.240532
v -156.975952 809.871582 62.442936
v -155.384888 819.931763 25.480476
v -142.179749 827.069336 -0.744013
v -117.509689 832.797363 -21.794378
v -86.413643 835.858582 -33.028965
v -53.233200 835.689819 -32.409710
v -23.270933 832.380981 -20.250538
v -1.578268 826.354065 1.595008
v 28.989899 789.631470 31.573664
v -45.307060 749.743408 133.338699
v -103.848312 752.286865 118.547020
v -135.675568 757.898682 101.698341
v -156.099274 766.981750 77.601189
v -166.331696 778.433777 47.206959
v -164.667694 792.643738 9.498728
v -150.900955 802.729126 -17.254887
v -125.182816 810.848328 -38.727432
v -92.752945 815.214722 -50.194855
v -58.148491 814.969360 -49.562649
v -26.906631 810.242676 -37.159355
v -4.341026 802.617554 -14.406375
v 51.416035 710.534302 163.096954
v 62.226589 704.340149 141.342224
v 76.189491 707.558472 119.692459
v 90.539207 719.551758 102.435684
v 102.433632 737.944580 92.989746
v 109.516891 759.094238 93.225655
v 104.869034 793.191406 120.647545
v 94.058472 799.385376 142.402222
v 80.095596 796.167236 164.051987
v 65.745857 784.173889 181.308716
v 53.851440 765.781006 190.754593
v 45.898983 724.914062 180.647827
v 110.386093 778.811523 103.096611
v 46.768173 744.631348 190.518738
v 101.566803 707.829041 199.725555
v 115.597664 701.321655 181.988205
v 129.687012 703.724609 162.277939
v 141.044250 714.562134 144.498474
v 147.419983 731.687622 132.171356
v 147.551361 751.709106 127.738136
v 130.218948 784.790283 144.328003
v 116.188095 791.297791 162.065277
v 102.098740 788.894775 181.775620
v 90.741478 778.057373 199.555038
v 84.365768 760.931885 211.882126
v 90.373375 721.958130 211.976715
v 141.412369 770.661255 132.076797
v 84.234398 740.910278 216.315384
v 152.926285 742.090942 248.959290
v 166.386673 737.598389 233.223633
v 176.477219 739.803589 213.991241
v 181.199326 748.270142 195.071289
v 179.617737 761.320801 180.211121
v 172.045731 776.370850 172.354050
v 145.818634 800.740112 182.178467
v 132.358261 805.232727 197.914169
v 122.267708 803.027466 217.146545
v 117.545593 794.560974 236.066467
v 119.127174 781.510254 250.926620
v 138.761993 752.391602 258.081573
v 159.982971 790.439331 173.056152
v 126.699242 766.460205 258.783722
v 227.134888 819.963928 289.483704
v 238.381729 816.842712 276.668152
v 245.848602 818.480957 260.618988
v 248.056747 824.822632 244.514877
v 244.568695 833.807922 231.545532
v 236.075409 844.389160 224.279587
v 211.658478 863.497314 230.947601
v 200.246124 866.601746 243.973221
v 192.779663 864.343262 260.130127
v 190.696457 857.968628 276.499695
v 193.802338 848.404907 288.822662
v 214.335770 827.313965 296.527252
v 224.292084 855.727112 224.114136
v 202.476456 837.464417 296.340302
v 314.118805 876.143066 331.470154
v 329.051331 877.442871 322.650146
v 327.627991 874.550659 305.572998
v 324.522217 877.512939 291.045502
v 314.812744 877.068420 278.500519
v 300.354401 878.526245 270.341675
v 270.806030 895.747437 270.812469
v 262.119598 897.011230 284.284729
v 257.732452 892.261841 298.995056
v 262.739227 889.912903 315.736450
v 269.190613 886.004578 323.792419
v 298.695496 878.351135 336.051361
v 287.344482 891.881409 270.133087
v 281.519684 880.774048 333.021973
v 318.679565 884.328735 328.395294
v 307.896057 885.250000 331.091034
v 295.390564 885.663330 328.338837
v 315.988190 877.694580 327.433258
v 321.438660 876.968933 320.811188
v 324.119751 877.839478 310.711853
v 322.719269 879.677979 301.713684
v 314.981720 879.698608 294.794037
v 303.503387 881.003479 289.426025
v 282.360748 885.645264 288.203156
v 275.566528 884.923584 295.354065
v 272.915710 884.134705 305.349487
v 275.363098 883.761230 314.741699
v 281.894958 881.174744 320.181152
v 306.482086 877.610779 328.563934
v 291.354919 883.511475 287.227264
v 293.998016 878.776672 325.697113
v 327.404114 880.408325 311.109528
v 299.935455 878.413452 301.630646
v 296.622040 877.377808 314.272156
v 283.771149 880.554688 309.931396
v 286.967743 881.512512 298.102722
v 309.473389 876.745728 318.107300
v 312.499542 877.734802 306.009216
v 270.303772 898.179077 306.271637
v 274.780396 899.794922 311.730164
v -68.148315 1141.015137 -242.880600
v -61.409958 1142.190552 -239.484818
v -135.334061 1123.822144 -140.596161
v -130.924622 1127.395508 -134.430649
v -130.474823 1129.436157 -129.823975
v -132.918594 1131.363647 -124.091644
v -138.143738 1132.098633 -120.203987
v -145.719986 1131.435303 -119.202698
v -153.351059 1128.848877 -121.770805
v -158.022766 1123.030884 -132.128281
v -154.891602 1121.070801 -137.860626
v -148.889175 1120.547852 -141.748306
v -141.700714 1121.558716 -142.749557
v -120.489441 1082.417480 -122.081131
v -114.807838 1087.175049 -113.998543
v -114.372887 1089.963379 -107.996452
v -117.969147 1092.624146 -100.501366
v -125.202423 1093.496948 -95.418198
v -134.661301 1092.347900 -94.109039
v -144.008102 1089.092773 -97.512939
v -149.507263 1081.939087 -111.009354
v -145.475830 1079.278198 -118.504440
v -137.853302 1078.405640 -123.587646
v -128.707458 1079.554565 -124.896759
v 82.818405 1150.527222 141.862579
v 93.657211 1146.540771 152.478149
v 99.784851 1140.698730 168.029144
v 98.971016 1134.097046 185.599823
v 90.869835 1127.192871 203.976974
v 78.170006 1122.717896 215.889816
v 61.831207 1120.609375 221.503632
v 44.451252 1122.672607 220.794601
v 35.727383 1137.385376 216.998276
v 25.001049 1137.008179 204.092133
v 20.771875 1142.751221 190.150421
v 24.369238 1153.566650 177.216080
v 24.285418 1148.205200 153.149948
v 35.290237 1150.826660 141.049881
v 50.702045 1153.008911 135.245178
v 67.340851 1152.888184 135.571655
v 11.276410 1145.988647 269.005737
v 3.531607 1152.000000 279.202301
v 2.676135 1191.820312 273.806122
v 4.511972 1194.157959 264.549652
v 0.963315 1193.471802 255.262970
v -6.614401 1190.023560 249.493515
v -12.555294 1182.458618 279.448212
v -20.132992 1179.010986 273.678650
v -23.681652 1178.324463 264.392090
v -21.845823 1180.662109 255.135559
v -34.704472 1288.339478 131.538544
v -31.672173 1241.409424 185.485031
v -32.231117 1238.996582 179.756195
v -29.009741 1239.920654 172.555649
v -17.121737 1249.228149 164.251968
v -12.995923 1254.056274 166.320541
v -12.436972 1256.468994 172.049438
v -15.658367 1255.544800 179.250015
v -151.025848 453.544373 -50.932751
v -172.834213 457.778534 -118.957977
v -170.392609 463.533936 -200.087189
v -143.328796 467.536224 -257.507538
v -90.682289 470.635437 -303.292664
v -21.609699 472.229156 -327.342041
v 54.883381 472.359375 -326.385834
v 127.139496 473.636505 -299.251770
v 177.889572 481.952881 -252.369370
v 207.958420 497.442261 -180.147079
v 203.750977 510.010040 -103.644707
v 171.837814 510.003632 -15.520098
v 117.886345 497.409424 49.453720
v 38.650242 475.223877 75.500244
v -44.036591 460.224487 56.582020
v -106.047050 453.242279 11.549241
v 279.328979 441.005798 -5.054553
v 242.050369 459.616516 66.134590
v 16.865458 415.184296 174.289658
v 2.848908 735.121765 -81.163147
v -1.965217 713.710449 -50.636120
v -18.874329 695.549316 -18.380816
v -42.910187 686.523804 8.568451
v -74.255074 683.985657 26.621969
v -127.115562 676.033691 25.408663
v -163.481354 683.181458 7.101786
v -187.125946 696.395325 -20.231329
v -198.963348 713.569763 -54.693798
v -197.031799 736.835815 -97.455452
v -181.098450 755.212769 -127.794403
v -151.333847 770.993530 -152.141800
v -113.787926 779.189148 -165.152679
v -73.723564 778.747681 -164.435196
v -37.559040 769.246948 -150.371063
v -12.770001 754.205444 -124.871880
v 40.620857 632.290710 -240.083221
v 41.785801 615.692993 -185.877380
v 21.543774 599.327393 -129.093475
v -17.295162 588.845215 -91.795158
v -68.995735 583.852356 -74.569641
v -128.652756 584.495239 -78.414139
v -174.110992 591.393433 -103.772514
v -204.887131 602.546387 -141.420227
v -220.326874 617.727478 -188.934387
v -217.831360 637.393127 -247.867859
v -197.076065 651.527954 -289.680634
v -158.299683 662.324646 -324.348114
v -109.435562 667.542297 -348.867279
v -57.296822 666.805908 -347.880280
v -10.208728 659.303101 -321.879852
v 21.640617 648.029663 -288.050140
v 66.883308 1074.575073 91.420700
v 72.119713 1069.076416 110.925392
v 69.799980 1062.863037 132.966873
v 59.763176 1056.364624 156.083420
v 44.869511 1052.152100 171.585693
v 26.607904 1050.168945 179.459213
v 7.466078 1050.555054 176.859497
v -7.713197 1053.452026 166.351822
v -18.473022 1057.766968 151.044464
v -23.845383 1063.213257 131.723480
v -22.522760 1069.969482 107.759346
v -14.788252 1074.762085 90.757240
v 0.151422 1078.609619 77.108315
v 18.895041 1080.662231 69.827446
v 38.527508 1080.549072 70.228706
v 55.815350 1078.326782 78.112541
v 204.296799 1313.213745 192.381042
v 204.463089 1312.150757 200.192261
v 201.123276 1311.153564 208.329102
v 194.775848 1310.631104 213.568710
v 186.259903 1310.549438 215.991943
v 176.352875 1310.908447 215.425858
v 168.659271 1311.621826 211.717728
v 163.456467 1312.501831 206.245178
v 160.879791 1313.499023 199.372437
v 161.381836 1314.665405 190.868042
v 164.895477 1315.590454 184.813736
v 171.402023 1316.490479 179.919373
v 179.557510 1316.893066 177.334900
v 188.205902 1316.450195 177.601364
v 195.973892 1315.393799 180.583832
v 201.200348 1314.315552 185.422592
v 147.161087 1236.352905 200.298218
v 147.458389 1231.479858 213.227890
v 142.899811 1226.383423 226.750366
v 134.088303 1223.079834 235.518127
v 122.079445 1221.523193 239.651703
v 107.506462 1220.583862 239.157379
v 94.729034 1215.756348 235.018433
v 90.570564 1220.034668 226.586426
v 86.991684 1224.652100 214.621704
v 84.773262 1228.840332 200.922653
v 91.819374 1239.581665 188.784378
v 101.677673 1243.829590 180.394867
v 113.267296 1245.440186 176.132690
v 125.277763 1245.351318 176.387604
v 135.870178 1243.608521 181.031326
v 142.942062 1240.665649 188.851318
v 381.954071 203.247314 -162.526306
v 326.622345 177.721252 -200.553589
v 268.204071 185.322998 -248.146286
v 44.658852 171.881805 -299.038727
v -93.738838 194.876770 -241.908340
v -128.830124 181.330292 -206.843460
v -103.776428 267.455444 -189.163467
v 389.757355 327.188019 -46.153404
v 241.385635 402.615845 227.025635
v 150.764496 387.735840 249.527618
v -61.627567 313.419098 197.215118
v -100.562965 319.305450 97.671577
v -127.876282 321.772247 6.806673
v -131.941986 319.660095 -109.200333
v -111.057510 321.170227 -188.977814
v -56.370975 321.751343 -246.966675
v 45.236656 322.968262 -273.200775
v 237.509979 323.117065 -246.513596
v 288.788605 344.754303 -216.251541
v 335.934875 339.771790 -170.527969
v 437.883545 330.476746 226.446442
v 454.183289 281.666260 198.995117
v 469.623962 254.360489 150.271927
v 480.068115 255.876083 93.332214
v 476.861755 336.133057 13.944798
v 419.236450 438.039551 195.782120
v 447.770630 442.180237 40.220058
v 432.329987 469.485962 88.943069
v 463.290405 327.460938 219.449722
v 468.169434 280.752869 193.515686
v 477.141174 253.111740 147.777954
v 487.801514 251.944092 94.491943
v 503.075409 323.103210 20.584044
v 469.592651 426.261261 191.279312
v 498.717377 423.071198 45.699505
v 489.745728 450.712219 91.437096
v 513.880066 266.508270 207.264374
v 509.223175 230.067551 183.991837
v 515.403992 206.725250 145.643372
v 530.766479 202.736023 102.494492
v 571.213989 251.620453 46.230724
v 548.146667 338.734985 189.348892
v 590.118042 327.836304 71.464096
v 583.937256 351.178528 109.812477
v 543.636108 206.005432 232.159500
v 548.046753 178.377441 212.203003
v 567.085693 160.439301 185.639221
v 595.651306 156.997528 159.585876
v 650.244690 193.160706 134.927139
v 579.190735 260.106689 234.064545
v 657.233521 250.703766 162.885498
v 638.194824 268.641846 189.449280
v 564.108154 109.863007 388.705963
v 569.754883 92.107178 375.342102
v 586.200806 80.784790 359.637848
v 609.038757 78.929657 345.801086
v 649.340942 102.939728 337.066406
v 587.964355 145.195435 395.675476
v 650.359131 140.127228 357.872772
v 633.913452 151.449554 373.577057
v 610.927856 -13.448669 428.110901
v 613.287170 -16.632019 423.301392
v 617.959106 -17.278473 418.230499
v 623.691956 -15.214813 414.256958
v 632.322998 -5.747009 413.281403
v 614.886902 -3.334503 432.206268
v 644.437500 -17.599792 439.294586
v 641.854004 -17.449768 442.489044
v 17.625381 200.944794 441.709564
v 110.705109 86.705811 430.340637
v 136.731644 103.078705 439.530762
v 148.091461 122.316864 462.960114
v 117.455635 140.864136 513.185242
v 59.343609 84.037262 464.020844
v 61.670570 118.091675 511.666321
v 313.674103 -7.808502 599.238220
v -137.603836 116.615662 365.207733
v -131.487839 159.031189 314.219604
v -146.395935 171.411194 317.441223
v -174.802429 174.927124 344.571259
v -195.223343 -0.170898 297.957275
v -201.941208 1.635315 299.027283
v -211.801407 -0.293518 309.221954
v 375.808838 231.654327 -185.271713
v 289.339539 225.703400 -270.944824
v 357.083740 200.060974 -199.563416
v 319.469543 186.588531 -215.497040
v 297.882568 196.383026 -246.923569
v 315.931580 294.943481 -264.193390
v 341.178162 308.415955 -236.260391
v 362.227417 298.621399 -204.312180
v 378.570984 180.397369 -189.904892
v 326.429230 178.558563 -264.398834
v 364.995239 163.679199 -205.057175
v 333.771698 156.859344 -215.110153
v 321.921967 162.542755 -240.572067
v 366.406830 215.507416 -269.380157
v 386.607086 222.327316 -248.632111
v 396.305878 216.643875 -221.083374
v 362.822266 124.952606 -221.273666
v 331.319855 131.904694 -273.992340
v 354.148285 123.542389 -234.831329
v 329.043884 124.644867 -238.527969
v 323.102692 127.838989 -256.181885
v 367.834167 136.699005 -279.945862
v 382.184113 135.596527 -265.814972
v 385.974426 132.402466 -246.074188
v 320.147430 64.805878 -258.322784
v 296.190491 73.797119 -299.751770
v 315.215546 66.839874 -271.144775
v 293.321747 69.739288 -271.895294
v 288.833252 72.396729 -285.517944
v 326.118500 71.371429 -304.685150
v 337.257874 68.472015 -293.500397
v 339.595428 65.814545 -277.790894
v 312.231232 17.174713 -281.885925
v 303.113220 -6.777466 -298.102844
v 293.820862 19.510498 -310.955933
v 308.797394 23.626648 -288.407898
v 293.003113 16.382751 -291.494751
v 287.593170 25.670624 -299.769318
v 316.404755 31.032806 -315.036011
v 324.127594 24.009827 -307.450165
v 327.571472 28.988922 -293.935944
v -146.660416 225.377823 -240.938202
v -139.009995 254.707520 -197.488312
v -149.240372 223.158798 -160.560181
v -153.360062 203.529114 -231.472946
v -156.890793 193.829132 -204.010071
v -155.184341 201.960052 -174.637039
v -215.267914 185.753174 -191.899582
v -205.313431 221.551071 -159.152603
v -187.333481 198.950378 -122.879066
v -208.339584 167.038910 -180.544952
v -197.287933 163.152557 -155.626068
v -188.586914 176.370789 -131.740067
v -263.324829 147.731873 -133.625198
v -257.345581 176.624512 -109.774826
v -241.044296 160.597900 -81.106377
v -256.412537 133.734680 -124.230507
v -247.023529 131.705231 -104.956734
v -240.657791 142.832367 -87.094131
v -308.631073 113.493683 -95.874985
v -314.989563 132.702820 -82.644089
v -311.623779 124.980927 -60.824726
v -305.631348 105.654510 -87.705498
v -305.265259 105.771912 -74.055618
v -307.747467 113.777191 -62.921246
v -352.290680 113.803528 -94.881088
v 210.534851 1371.100708 166.735275
v 204.705673 1374.380615 167.149521
v 198.658585 1371.513428 168.477814
v 210.065582 1375.022461 161.055511
v 203.913849 1379.541626 160.907669
v 197.746078 1375.363647 162.953522
v 208.944992 1374.303101 156.876556
v 203.144318 1377.667114 156.645828
v 197.428848 1374.479004 158.512344
v 16.099556 1177.248291 261.008331
v 18.998966 1175.420776 265.510773
v 17.092539 1175.892700 249.273331
v 7.553237 1177.088867 254.041611
v 12.141474 1177.801514 257.068848
v 6.700224 1145.076660 265.989960
v -1.056619 1151.287598 276.175110
v -5.014694 1151.841064 272.235565
v -0.529559 1147.683960 257.906403
v -7.914108 1153.668213 267.733185
v -9.528539 1156.534058 263.124634
v -3.013059 1155.180786 249.717926
v -9.631663 1160.203125 258.866760
v -8.285792 1164.286987 255.349503
v 7.818677 1179.927368 282.087006
v 9.769689 1183.930420 272.960968
v 4.254839 1193.327515 269.413940
v 5.944145 1185.234741 263.347382
v 3.355490 1194.194580 259.677429
v -2.196777 1183.341187 256.918549
v -2.486632 1192.023804 251.771912
v -16.683052 1180.458740 277.169769
v -16.651295 1168.492432 280.022278
v -22.525166 1178.288086 269.264221
v -20.476851 1169.796265 270.408752
v -23.424520 1179.154907 259.527802
v -18.525837 1173.799683 261.282654
v -6.717217 1220.793457 228.186493
v -20.183277 1211.488770 235.745651
v -4.301917 1222.176147 219.656403
v -4.969779 1221.873779 224.020599
v -6.460027 1220.331543 211.999725
v -4.834735 1221.631226 215.521393
v -12.367229 1215.963623 208.141434
v -9.069586 1218.369263 209.475250
v -23.480917 1209.083496 234.411774
v -26.090479 1207.121338 231.887329
v -27.715769 1205.821655 228.365692
v -28.248587 1205.276611 224.230743
v -27.580729 1205.578979 219.866547
v -25.833296 1206.659302 215.700623
v 2.620229 1145.635742 262.176086
v -2.492776 1150.954590 253.610550
v -2.109617 1159.913574 246.580978
v 12.516353 1174.980469 246.257568
v 21.172533 1175.333496 253.087234
v 26.285545 1170.014771 261.652771
v 25.902382 1161.055908 268.682312
v -29.974041 1243.627319 187.051682
v -32.433868 1239.825317 182.957443
v -31.035906 1239.043701 176.168640
v -14.694050 1251.838135 164.753937
v -12.234223 1255.640137 168.848160
v -13.632194 1256.421753 175.637054
v -27.546350 1246.237305 187.553696
v -190.034164 508.409485 -167.282913
v -164.973007 455.319000 -83.477821
v -170.695969 502.340240 -105.580276
v -174.641205 460.700684 -160.231247
v -186.995575 516.023621 -242.423645
v -160.087173 465.726776 -231.315399
v -161.184341 521.062683 -295.634369
v -119.721390 469.219238 -282.255280
v -112.304169 524.651672 -338.352783
v -57.628765 471.644470 -318.353943
v -49.572987 526.332825 -361.134064
v 18.760096 526.015808 -360.068176
v 16.326029 472.372345 -330.160095
v 92.767319 472.475616 -315.597107
v 81.572090 524.847656 -335.902435
v 155.161575 476.757477 -278.807343
v 124.732903 527.788879 -294.340942
v 196.379532 489.337006 -218.043365
v 150.523987 534.690674 -231.926361
v 151.711990 538.333740 -158.488770
v 209.953033 504.800995 -142.998306
v 190.739700 511.666199 -59.133930
v 124.048065 534.501099 -76.971161
v 147.963852 505.256592 21.142628
v 71.948906 523.019043 -20.684296
v 80.373970 486.446625 68.012634
v 3.603040 508.385925 2.712898
v -73.980148 499.295319 -11.370791
v -4.061221 466.596893 70.597389
v -77.552040 455.765503 36.732059
v -131.949203 498.868683 -52.924706
v -130.961090 452.677032 -18.464710
v -156.785370 407.537537 -72.985115
v -130.543472 405.179932 4.790938
v -147.872528 366.971252 -85.313377
v -156.481964 411.699829 -163.393799
v -136.555588 369.637939 -173.479233
v -129.338440 414.691711 -227.482117
v -94.312202 371.554260 -236.365555
v -73.573692 417.093872 -277.692413
v -23.489491 372.928986 -277.837189
v 1.860813 418.373932 -302.966797
v 86.522217 419.085052 -302.102875
v 170.311249 378.309021 -265.687958
v 170.223938 423.795868 -267.805298
v 246.898804 386.874695 -215.077240
v 230.982147 432.818115 -209.473053
v 304.247498 391.724640 -120.637253
v 266.113373 447.811554 -117.414444
v 246.156693 473.198883 -48.353661
v 302.288971 422.258850 -31.073015
v 258.825867 453.654968 28.323200
v 210.699783 482.782196 33.447617
v 230.273422 458.300629 105.453949
v 165.266281 471.522156 104.520264
v 154.630981 433.712097 170.346954
v 70.400520 445.317993 134.054520
v -10.205141 428.864288 115.912491
v 50.374657 422.549103 184.741898
v -13.871993 400.588562 168.159378
v -73.310509 409.900696 81.883652
v -83.400787 365.232147 100.748688
v -2.607863 731.700378 -6.494599
v 5.074986 751.585327 -30.639103
v -19.260504 716.089050 19.248947
v -39.006226 709.776672 45.003410
v -64.235626 709.298096 65.161942
v -118.312897 696.730713 64.676544
v -153.630539 702.583252 47.321594
v -176.084229 714.979553 21.365240
v -187.325394 730.809326 -11.361422
v -185.491135 751.567871 -51.969238
v -170.360321 767.421631 -80.780090
v -142.094894 780.862244 -103.901146
v -106.440071 788.017822 -116.256706
v -68.393669 787.603394 -115.575409
v -34.050682 779.388550 -102.219620
v -10.325958 766.816956 -77.045914
v 19.669197 644.110352 -164.042145
v 18.625067 666.052734 -212.791077
v 0.837158 622.885254 -113.023804
v -34.890369 610.329468 -79.792564
v -82.528587 604.636780 -64.304695
v -137.570557 605.680908 -67.442841
v -179.530685 614.113953 -90.200119
v -207.932022 627.586975 -124.066216
v -222.166824 645.976440 -166.790329
v -219.855957 670.296387 -219.791702
v -200.709137 688.397461 -257.395691
v -164.939453 702.913086 -288.313141
v -119.843346 710.144958 -308.835510
v -71.723831 709.555054 -307.947205
v -28.275986 700.753418 -286.104431
v 1.107526 686.432922 -255.930862
v 81.966156 1117.721924 138.445755
v 88.619331 1111.607910 155.333755
v 87.238808 1104.699341 174.416794
v 77.827408 1097.474121 194.383270
v 63.810604 1092.791138 207.389771
v 46.183002 1090.584106 213.589020
v 27.167315 1091.296631 212.304169
v 13.482804 1096.151001 203.634293
v 3.567505 1100.784668 190.149612
v -1.312547 1106.829224 173.534241
v -0.286155 1114.295288 153.674759
v 4.910544 1118.176392 138.049393
v 17.654379 1122.207520 126.052773
v 34.355961 1124.490723 119.745918
v 52.641335 1124.364624 120.094383
v 69.858177 1121.894165 126.920547
v -35.619995 1286.669189 127.711235
v -33.991413 1284.086548 126.077835
v -30.552439 1282.111450 127.042801
v -22.245605 1289.419678 126.851746
v -21.882004 1294.790894 126.233871
v -23.510618 1297.373169 127.867325
v -26.397648 1295.647461 131.347427
v 218.732132 1346.677490 173.655609
v 213.483154 1330.968872 187.883438
v 213.413528 1332.013428 181.166718
v 217.335327 1345.282715 179.856277
v 210.417999 1330.065063 194.871536
v 213.326355 1344.367798 185.045822
v 204.738220 1329.662964 199.368073
v 207.410980 1344.192261 187.873184
v 197.182419 1329.717163 201.443130
v 199.989380 1344.544312 188.600616
v 188.448837 1330.214966 200.949570
v 193.040909 1345.358276 186.941406
v 181.756775 1331.016602 197.759567
v 188.224686 1346.465210 183.399612
v 177.260849 1331.940552 193.056610
v 185.313782 1347.701050 178.818726
v 175.066269 1332.943970 187.151627
v 184.602600 1349.217651 172.803986
v 175.564896 1334.173584 179.818024
v 186.232513 1351.166016 167.016312
v 178.701675 1335.668701 174.443176
v 190.234756 1354.093750 162.433350
v 184.465897 1337.771606 169.883102
v 196.079803 1357.035278 158.896423
v 191.671829 1338.928467 167.425858
v 202.720856 1357.271118 157.893829
v 199.304337 1337.855103 167.795959
v 209.251144 1354.298340 159.686981
v 206.147690 1335.351196 170.728622
v 214.315292 1350.715576 163.231140
v 210.733170 1333.359741 175.122696
v 217.481598 1348.319214 167.974701
v 162.193207 1250.361938 216.325394
v 161.850845 1254.890259 204.322906
v 157.941208 1245.625610 228.877502
v 149.619171 1242.555664 237.015503
v 138.288132 1241.109131 240.851944
v 124.747353 1240.785767 240.257614
v 113.416656 1239.443604 235.575394
v 107.900406 1243.024170 227.497589
v 104.392128 1247.161743 216.660614
v 103.574631 1251.545410 203.774460
v 109.244759 1258.435669 193.458359
v 118.244560 1261.838379 185.841171
v 129.174271 1263.334961 181.886261
v 140.638916 1263.252808 182.124496
v 150.855560 1261.632935 186.436432
v 157.724670 1258.898071 193.696350
v 386.848175 231.717987 -147.362244
v 311.396576 17.701721 -286.895813
v 302.678375 17.193390 -291.260986
v 297.827240 0.996094 -295.523041
v 288.574188 18.041992 -296.210175
v 289.826263 19.686127 -305.840515
v 249.771469 210.294037 -256.180145
v 52.143059 204.196655 -280.688385
v -34.093498 179.536713 -279.508850
v -81.751732 217.043579 -241.758163
v -327.828369 106.720123 -92.273033
v -328.271820 104.072754 -83.882263
v -351.915344 110.140625 -93.462479
v -331.328979 107.364563 -74.944229
v -335.208954 114.667267 -70.694717
v 100.780800 241.050049 321.377136
v 379.421387 254.234711 262.749603
v 431.376831 223.361069 199.957474
v 458.208405 218.451126 116.029289
v 352.889069 185.581238 -185.964279
v 303.689026 176.463593 -222.737076
v -118.455635 184.251434 -225.748550
v -135.638885 182.625336 -185.343277
v 644.705261 -16.793488 436.964050
v 643.790161 -20.085785 439.681885
v 643.539001 -18.429230 441.180389
v 641.141663 -19.016022 443.012665
v 639.226501 -15.693665 443.088196
v 258.828461 376.395874 251.587204
v 193.665253 393.969604 231.976135
v 163.015305 362.227600 269.937073
v 311.788971 -4.029297 601.254883
v 316.016022 -7.039764 598.203491
v 310.879791 -9.732452 597.587830
v -59.389000 286.179993 214.737076
v -79.790848 312.480286 147.400558
v -95.085602 302.394928 114.691414
v -116.847816 321.870117 53.693180
v -121.465569 304.267029 19.075661
v -132.879318 320.609802 -51.646614
v -123.096458 290.127167 -119.664581
v -112.092514 264.461182 -172.300720
v -125.149490 320.200378 -153.388077
v -104.789864 291.966553 -187.008408
v -95.405075 266.229797 -206.468414
v -88.221718 321.509186 -220.737366
v -61.922531 290.918152 -235.046631
v -15.234140 322.430847 -265.965668
v 48.628445 295.088318 -269.826324
v 135.089249 322.784180 -264.138519
v 232.267502 297.938446 -255.267746
v 311.340424 24.803284 -317.442993
v 320.058655 25.311523 -313.077820
v 318.855347 7.774628 -307.557373
v 326.634674 24.463043 -300.824707
v 325.382568 22.818970 -291.194366
v 360.795807 318.327637 -153.432434
v 362.976990 334.317017 -103.299881
v 412.407623 299.399872 -31.256577
v 630.549194 2.303528 421.350311
v 625.877258 2.949951 426.421234
v 216.687897 446.735291 151.828064
v 96.051056 421.269073 194.598724
v -43.246563 373.332092 160.283386
v -113.787163 364.255035 51.629108
v -143.485565 365.520386 -34.751694
v -145.704544 368.466736 -134.418411
v -119.675041 370.621521 -206.220139
v -61.804531 372.351562 -261.157257
v 20.932077 373.218506 -286.870483
v 123.412315 374.319183 -282.094421
v 268.290222 337.014099 -232.579056
v 211.719086 383.151031 -242.387436
v 309.790527 345.932922 -199.258072
v 277.268799 389.669403 -176.809753
v 327.325592 393.690002 -54.201328
v 427.031464 254.734406 218.523621
v 404.626648 274.280029 239.646149
v 380.390778 298.247040 252.727707
v 332.919861 353.023163 251.262375
v 460.344666 234.144455 157.814987
v 445.988922 241.118027 190.545288
v 471.404083 241.994186 86.868721
v 468.944153 234.527176 122.436630
v 457.246307 276.180359 24.694916
v 421.665039 327.542786 -12.047191
v 441.609894 300.530090 2.398097
v 312.974945 380.035828 236.817108
v 297.338470 404.385590 214.520294
v 374.194061 382.318939 -13.512531
v 327.553375 425.831604 20.691542
v 349.958191 406.285950 -0.431021
v 294.240173 446.421539 81.400055
v 308.595917 439.447968 48.669827
v 285.640717 446.038788 116.778435
v 283.180756 438.571777 152.346344
v 445.862091 304.135986 215.947571
v 425.092072 387.713379 225.270401
v 462.282257 264.758972 176.540421
v 475.673248 251.417007 121.878105
v 482.717346 285.806946 43.433083
v 480.788055 309.204254 25.538223
v 421.165802 414.642212 213.676971
v 464.070343 393.369690 12.768747
v 456.091766 419.710510 23.267639
v 439.671631 459.087494 62.674675
v 426.280670 472.429413 117.336906
v 421.885773 467.970398 145.882874
v 465.116119 302.450256 209.493301
v 463.811401 380.720734 218.631134
v 472.281464 263.987366 172.415543
v 482.437683 249.083832 121.187866
v 497.294128 277.562775 47.935852
v 500.764954 298.545593 31.302292
v 466.121826 405.278442 207.912903
v 503.596375 376.363098 19.765476
v 501.770721 401.373779 29.721899
v 494.605438 439.836609 66.799553
v 484.449280 454.740143 118.027130
v 479.085358 451.879913 144.723083
v 510.230621 247.225281 197.981140
v 528.127136 306.283325 209.225189
v 511.019012 216.297913 166.102921
v 522.164001 202.158569 123.942123
v 551.194397 219.168869 66.106995
v 561.603821 233.885193 53.689030
v 537.737244 324.018616 201.766891
v 585.460876 291.395538 48.191559
v 589.110474 310.678528 57.474792
v 588.322205 341.605896 89.352966
v 577.177185 355.745209 131.513702
v 568.574707 355.167725 152.961349
v 543.873108 191.416931 223.381561
v 555.035583 235.920410 240.161377
v 556.004211 167.844330 199.315369
v 580.631287 156.783905 172.095123
v 626.089600 168.974396 141.023941
v 639.398254 179.907532 136.257782
v 565.882019 249.173538 238.830688
v 661.644226 223.075684 142.929031
v 661.407288 237.664230 151.706970
v 649.276245 261.236816 175.773117
v 624.649170 272.297119 202.993439
v 609.629089 272.083557 215.502686
v 565.437012 100.460663 382.558258
v 570.773193 129.294617 396.148407
v 576.866211 85.417786 367.520569
v 597.188782 78.600677 352.238220
v 632.149658 87.038971 337.539368
v 641.808716 94.257141 336.287384
v 578.305298 137.977264 396.927490
v 656.006104 122.371307 344.508972
v 654.677185 131.773682 350.656677
v 643.248047 146.816650 365.694366
v 622.925415 153.633667 380.976685
v 611.075317 153.304626 387.413849
v 611.767517 -15.313263 425.823273
v 611.513367 -8.581512 431.370361
v 615.405029 -17.294495 420.711853
v 620.787659 -16.561310 416.032990
v 628.949402 -10.994080 412.445496
v 630.938232 -8.412323 412.535522
v 612.898071 -5.916138 432.116211
v 632.908447 -0.879913 416.540741
v 628.431335 2.966003 423.939911
v 623.048706 2.232849 428.618835
v 620.144470 0.886230 430.394836
v 70.668121 247.747849 331.939606
v 40.615612 244.882370 320.792572
v 11.223055 251.842072 309.659576
v -34.219875 292.875549 292.151855
v 121.649811 280.698914 348.913818
v 98.531593 260.237427 341.597046
v 144.820190 337.722198 353.730469
v 131.328934 397.036652 344.549988
v 142.548828 368.565674 350.747467
v -44.639603 321.019684 286.187836
v -46.118992 350.771332 283.055237
v 85.859116 435.421631 325.254852
v 24.238594 436.077393 304.796173
v 55.181561 440.300812 314.882507
v -2.535466 424.030090 295.310791
v -23.960728 404.953339 287.804901
v 80.263496 245.726242 346.935944
v 52.508381 243.443466 335.815125
v 24.337711 251.227005 327.802979
v -21.948622 295.207306 326.020142
v 125.429008 274.974945 369.839203
v 105.325241 256.725586 358.660126
v 143.083710 326.253235 386.292206
v 126.484085 379.974457 390.010559
v 138.864227 354.139954 389.916290
v -31.128122 315.884949 321.953491
v -32.179668 339.404510 324.979218
v 80.090233 413.360901 381.078705
v 15.462584 405.107849 369.230743
v 46.779533 412.822357 376.109100
v -5.241504 392.028198 353.099884
v -18.573402 379.317810 341.164246
v 87.845909 206.804901 356.158051
v 8.188152 222.546188 375.599487
v 126.332291 220.968338 380.582092
v 128.614471 278.514526 448.987915
v -191.623199 -21.552277 306.565186
v 39.839298 304.904968 472.394440
v -195.642075 -22.041656 310.640839
v -194.292404 -23.242340 309.658539
v 125.102661 93.978699 432.605560
v 79.296669 80.689545 441.480896
v 144.584442 112.846313 450.040588
v 140.728638 136.749725 491.093628
v 130.597168 140.264557 503.486328
v 17.044624 196.584137 426.717041
v 67.624969 81.085297 451.809143
v 87.137390 133.353455 520.841736
v 72.949951 126.552063 518.125977
v 17.585672 233.859680 475.679352
v 55.061321 108.126038 502.193237
v 17.889498 220.280029 467.125519
v 52.725086 98.229279 490.490112
v 181.012955 31.533905 523.737305
v 167.002533 16.341309 517.167358
v 185.213135 45.984070 539.483215
v 177.998856 54.172394 558.390564
v 162.125702 52.971100 573.237366
v 132.660339 5.008209 537.129456
v 143.656555 42.839233 578.352783
v 129.646240 27.646637 571.782776
v 174.944244 23.654205 519.083130
v 148.533463 6.209564 522.282654
v 184.506073 39.218658 530.800415
v 170.800980 54.774139 566.719177
v 139.858215 4.406433 528.800781
v 126.153091 19.961914 564.719482
v 125.446030 13.196503 556.036804
v 62.401245 207.508331 353.952423
v -192.395889 -22.938721 307.503693
v 13.433710 300.973511 472.729950
v 67.036171 304.739685 470.135254
v 112.385086 290.990173 460.471710
v 138.897400 263.850586 433.730408
v 137.696060 233.558609 397.722015
v 109.239998 211.684830 366.200562
v -11.871372 219.163055 386.778900
v -16.557438 212.936829 438.471954
v -14.333229 209.327667 425.635223
v -22.301781 229.496277 458.724487
v -25.423775 241.298828 464.736572
v -19.061365 266.848358 364.082825
v -22.071064 279.945374 366.815155
v -25.193060 291.747986 372.827271
v -30.937405 308.307373 393.079865
v -33.161613 311.916534 405.916626
v -34.755199 312.089600 419.413727
v -33.309555 280.963776 462.362366
v -119.164642 128.724304 332.548126
v -130.683167 116.756561 357.554993
v -153.458008 122.434021 376.317200
v -161.292725 127.989929 379.004028
v -138.561218 165.855347 314.754425
v -162.250153 177.229492 328.550720
v -169.170837 177.088715 336.203461
v -178.333435 150.438446 374.009338
v -198.554169 0.940308 298.079651
v -186.635498 -7.034668 305.210327
v -208.008789 1.590515 303.150421
v -210.269501 0.853699 306.040253
v -209.278702 -7.202240 320.597656
v 376.435852 248.312088 -176.516113
v 372.652374 269.301056 -182.116913
v 272.751251 274.280640 -268.265533
v 296.131012 263.350159 -277.441620
v 275.306610 231.410370 -265.127716
v 359.551483 210.401337 -191.252396
v 369.539612 214.270966 -191.983795
v 319.586914 191.930786 -208.444626
v 338.358612 190.608307 -206.302887
v 294.174683 199.955475 -243.227478
v 306.521973 188.677124 -230.440735
v 291.918213 209.215179 -260.735077
v 288.560120 312.191345 -252.485886
v 304.820007 280.733459 -273.077271
v 316.694824 330.661926 -223.816010
v 328.472900 304.396149 -251.454254
v 346.408844 322.637207 -193.206833
v 352.781464 306.327332 -220.012436
v 368.460602 285.789276 -190.761520
v 377.759491 207.784760 -186.887848
v 392.067505 200.628052 -197.517456
v 322.150116 234.661240 -277.702484
v 343.420959 198.789276 -275.402527
v 308.846222 205.020905 -268.303528
v 360.855530 183.277283 -201.644241
v 373.203583 171.158081 -196.570892
v 326.277771 173.263855 -215.000458
v 349.452423 158.798981 -209.583786
v 309.601227 181.569122 -243.556351
v 325.149719 158.202271 -226.595612
v 322.423737 169.595886 -253.571365
v 344.431396 259.168671 -268.163208
v 354.703278 208.028595 -274.475372
v 367.179230 269.182159 -243.329330
v 377.379028 220.387665 -260.419037
v 381.704865 260.876892 -212.686584
v 393.078125 220.984406 -235.059799
v 395.804047 209.590729 -208.084076
v 374.526367 153.186066 -202.863251
v 377.757263 128.336853 -228.263809
v 352.555573 166.309540 -276.896332
v 348.405762 135.288849 -283.069305
v 334.691376 155.512421 -266.425751
v 363.631378 144.895233 -217.364441
v 359.381134 123.953033 -227.572708
v 335.711609 142.277618 -223.981339
v 341.645172 123.791412 -236.632416
v 327.435913 146.332916 -245.416885
v 323.516693 126.047424 -246.069992
v 325.841095 129.859314 -265.787048
v 374.205078 174.600372 -272.829285
v 358.299530 136.288422 -283.030823
v 391.370453 177.218018 -255.778122
v 376.035553 136.450012 -273.971069
v 397.495148 173.162628 -232.255783
v 385.560425 134.194000 -256.186096
v 383.236023 130.382141 -236.469116
v 340.654938 94.498779 -240.646942
v 332.238220 64.414185 -263.557129
v 329.823090 103.794006 -294.807068
v 310.432129 73.405457 -307.072998
v 314.001923 103.757721 -286.706787
v 333.930298 96.237640 -253.723068
v 318.553314 65.658325 -264.562622
v 310.715271 99.087524 -255.663803
v 304.468018 68.248718 -271.689148
v 305.881744 101.959930 -270.958252
v 288.788116 71.166412 -277.463104
v 291.423737 73.297089 -293.185455
v 347.302216 102.055145 -292.165161
v 318.478943 72.552979 -307.093658
v 359.762817 99.205261 -279.790161
v 332.564331 69.962646 -299.967133
v 362.445374 96.332886 -262.408844
v 339.640686 67.044861 -285.845795
v 337.004974 64.914215 -270.123444
v 313.422668 38.855255 -271.641052
v 303.857452 45.703369 -314.830383
v 291.338531 44.748474 -308.310059
v 310.242249 39.208130 -284.201904
v 289.459534 40.734070 -283.728943
v 285.017426 42.850311 -295.633209
v 317.792389 45.350464 -312.703766
v 327.820648 43.824554 -302.742462
v 330.111786 41.708344 -288.751312
v -139.224274 252.725830 -213.077560
v -115.796219 259.285065 -196.130997
v -115.173584 231.228073 -241.092773
v -140.716446 246.576630 -226.861359
v -126.344902 248.631561 -170.211578
v -142.540726 245.007568 -170.025482
v -136.635681 226.356491 -162.915924
v -140.208481 251.879333 -182.414352
v -125.464363 208.953003 -233.797104
v -150.173004 213.678040 -239.006943
v -136.013046 198.299500 -207.877686
v -155.692307 196.657349 -219.084061
v -140.640366 205.508270 -178.517715
v -156.676498 195.810883 -188.420837
v -152.549103 211.634354 -164.979446
v -210.324722 216.726776 -172.178513
v -171.578522 240.974945 -182.812622
v -181.920410 207.827087 -221.420578
v -214.014481 208.332886 -183.038589
v -166.811493 234.135559 -155.911057
v -194.261810 217.664688 -134.233734
v -166.328201 213.565903 -145.001373
v -199.668076 221.761353 -145.848083
v -181.437164 187.257446 -210.510895
v -212.633606 175.135406 -188.500336
v -176.670074 180.418091 -183.609299
v -202.933304 162.942230 -168.930618
v -170.411774 191.315430 -156.474350
v -192.276657 167.976837 -142.600159
v -186.906174 187.289948 -124.933014
v -261.187653 172.395874 -119.602104
v -232.026367 199.899658 -133.556946
v -241.017334 166.333557 -161.735245
v -263.711304 165.497345 -127.637405
v -219.996323 197.244080 -111.359024
v -247.956589 174.595062 -90.501038
v -211.690430 180.684967 -100.832893
v -252.687927 177.304138 -99.566872
v -232.711456 149.774414 -151.209137
v -260.475800 139.672089 -130.631439
v -220.681351 147.118805 -129.011215
v -251.681137 131.025604 -115.164673
v -211.974197 159.922455 -108.144669
v -243.181412 135.933838 -95.129440
v -239.955612 151.521606 -82.262070
v -314.034546 129.447845 -88.990402
v -286.899292 152.329437 -91.555443
v -286.346588 128.111908 -110.267120
v -312.507385 124.697479 -93.778442
v -282.084198 151.438995 -74.873932
v -314.623566 132.820221 -68.994194
v -277.040253 140.517426 -65.943031
v -315.176270 133.830017 -75.619202
v -281.302582 117.190369 -101.336212
v -306.894470 108.810638 -92.852165
v -276.487518 116.299896 -84.654694
v -305.078644 104.644623 -81.080498
v -274.722015 125.962341 -69.994370
v -306.220276 109.026855 -67.709297
v -309.650787 119.390289 -60.571175
v -328.726746 109.897125 -94.662750
v -337.819031 123.782959 -77.378334
v -336.740570 118.526031 -71.233299
v -327.648315 104.640228 -88.517700
v -329.548737 104.990051 -79.110008
v -333.314941 110.741791 -71.950584
v 214.664993 1365.699707 158.839600
v 215.702621 1364.990723 160.861130
v 216.390823 1364.213989 163.096710
v 212.308701 1365.759277 156.367661
v 213.358246 1366.343262 157.143250
v 207.750351 1369.578125 154.291092
v 210.336746 1368.142700 155.140060
v 202.370163 1370.834473 154.039932
v 205.066040 1370.506104 153.916351
v 197.261993 1369.559814 155.793259
v 199.749054 1370.471313 154.686050
v 193.205429 1365.967285 159.015381
v 194.968231 1368.243896 157.300156
v 191.814056 1366.240967 161.969147
v 192.572357 1366.719849 159.959702
v 191.513397 1365.049438 166.969604
v 191.454666 1365.676636 164.434265
v 192.895035 1363.651611 171.199051
v 192.009247 1364.382690 169.189728
v 195.095047 1360.741821 175.269669
v 194.123520 1362.832275 173.102020
v 199.554123 1362.517700 175.778137
v 196.981094 1362.327759 175.147919
v 205.617737 1362.572266 175.852448
v 202.546829 1362.642456 175.992477
v 210.981308 1361.588745 174.685822
v 208.425156 1362.178345 175.419556
v 215.081604 1359.214111 173.281006
v 213.298401 1360.931519 173.643188
v 216.436768 1362.413818 167.924652
v 215.712051 1361.314819 170.612717
v 216.649307 1363.367676 165.435272
v 210.651062 1367.109253 170.457077
v 207.610596 1373.473267 166.826477
v 205.176117 1369.198853 171.246811
v 199.246674 1367.801636 171.837708
v 195.618515 1368.321045 169.410019
v 201.704651 1373.630249 167.712143
v 213.593811 1367.455200 166.868271
v 213.357361 1370.212524 161.740158
v 210.361969 1373.699829 163.648773
v 206.949142 1378.270386 160.739792
v 204.294846 1377.850220 163.732956
v 200.865433 1378.423096 161.673935
v 198.142426 1374.041870 165.547775
v 194.497971 1370.814697 164.661484
v 211.950409 1370.647705 157.604828
v 209.578796 1375.185303 158.813583
v 206.018784 1376.737671 156.522980
v 203.532761 1379.389282 158.584412
v 200.294083 1376.807251 157.346893
v 197.517365 1375.456299 160.600998
v 194.509430 1371.002441 160.028275
v 208.207550 1372.490967 155.198013
v 202.741119 1374.649414 154.974747
v 197.453186 1372.591675 156.709564
v 418.734589 243.962296 -50.756901
v 374.558319 298.819092 -144.222595
v 400.740601 287.961365 -76.014641
v 430.243530 273.910706 -8.623849
v 308.323822 0.292023 -290.341675
v 313.121185 -3.464111 -304.952301
v 317.674438 3.563843 -295.941376
v 321.447754 19.825836 -286.205109
v 298.012360 0.981934 -306.263916
v 304.919403 22.161621 -317.101135
v 308.438416 4.253754 -312.906982
v 144.423538 271.773407 -265.894318
v 229.639267 274.679504 -260.855896
v 153.722549 227.296326 -266.796082
v 49.894047 267.462952 -267.638092
v -21.069313 228.095612 -255.038269
v -77.797775 258.966736 -224.209976
v -21.159054 263.648621 -250.344421
v -349.986816 112.969696 -97.487137
v -335.918579 123.433105 -86.786018
v -334.138367 121.058594 -90.951797
v -332.152496 117.681366 -93.945450
v -354.684753 115.369934 -92.169556
v -337.195496 124.350372 -82.013771
v -118.052063 257.765350 -143.854538
v -48.716839 262.143250 234.037659
v 316.382050 -5.583221 597.187927
v 313.656616 -7.757446 595.215820
v 314.565765 -2.054321 598.882874
v 238.488495 273.741699 301.342255
v 279.354309 347.236267 268.242615
v 221.358932 339.205017 274.011139
v 167.452789 333.172028 287.439606
v 639.778442 -19.470703 442.761993
v 637.425842 -18.639740 443.118347
v 642.401184 -20.818634 439.529938
v 641.392822 -20.670929 441.514160
v 642.936096 -19.787354 436.964111
v 91.822311 568.294861 -292.806549
v 45.708675 609.927368 -313.593964
v 32.964752 640.507324 -265.437347
v 66.151611 598.921143 -260.799988
v 61.627476 572.303101 -341.645050
v 11.393492 617.989441 -350.345123
v 7.522498 654.185913 -306.244049
v 14.434786 575.879150 -373.516266
v -39.334862 623.479004 -376.094879
v -32.372181 663.707947 -336.818726
v -45.529835 577.968750 -386.878876
v -95.492859 624.229126 -377.180511
v -83.311630 668.002319 -351.884064
v -105.672562 577.213013 -375.857452
v -148.124954 620.839233 -353.073029
v -134.687668 665.670959 -338.867065
v -157.860611 573.737732 -343.271271
v -189.908035 613.514893 -315.390045
v -179.503387 657.440063 -307.775452
v -192.995850 568.099670 -298.874359
v -212.271790 603.391602 -269.368591
v -209.794922 645.099243 -270.595276
v -206.358475 559.199463 -237.086029
v -214.951996 588.680847 -204.502991
v -221.356720 627.648560 -218.847061
v -198.615479 549.362061 -170.918411
v -198.307297 577.060425 -152.198807
v -214.697662 609.491333 -163.531342
v -171.477264 542.293701 -119.915642
v -165.156296 568.546997 -110.765358
v -191.313324 596.498840 -121.383217
v -127.417938 537.670898 -79.373146
v -116.199982 563.348572 -82.696632
v -153.414841 587.274902 -88.940300
v -64.128571 537.458435 -57.809391
v -51.927917 563.424927 -77.671173
v -99.252678 583.406189 -73.721588
v 3.539609 542.828369 -64.447701
v 3.835006 568.406189 -96.820824
v -41.663059 585.678040 -80.665237
v 57.630016 552.139160 -99.065826
v 45.785343 577.939453 -138.535568
v 4.067474 593.315491 -107.746223
v 93.351746 560.455139 -160.213074
v 67.437363 588.697815 -201.137192
v 34.252659 607.119080 -156.411942
v 104.543900 564.702759 -230.334839
v 43.734875 624.051331 -213.665543
v -2.543843 708.083984 -198.340881
v -15.214044 739.995605 -172.697906
v -3.064612 745.101196 -103.235474
v 0.622832 717.784729 -131.687164
v -24.466906 728.143494 -232.464981
v -41.067402 756.428711 -198.522491
v -23.945463 762.296631 -139.821014
v -58.572308 741.183716 -254.520752
v -79.053452 766.283691 -213.295044
v -54.578785 774.928589 -158.810287
v -102.138107 746.350281 -263.937469
v -121.135757 766.704712 -214.048599
v -93.712242 780.110474 -166.542526
v -146.089325 742.218445 -256.179626
v -160.572800 757.843567 -200.382416
v -133.193726 776.155884 -160.286118
v -184.408081 728.835938 -233.699646
v -191.836578 740.563965 -174.808716
v -167.612488 763.684570 -140.918533
v -210.293137 709.980225 -203.414612
v -208.572479 720.215332 -142.941635
v -190.860641 746.561890 -113.947342
v -220.183075 685.447937 -161.252258
v -210.601288 694.224609 -98.026192
v -199.744690 725.138428 -76.396698
v -214.509781 660.999573 -116.194702
v -198.167694 675.082275 -61.827904
v -194.651917 704.229675 -36.269413
v -194.523438 643.887939 -81.856339
v -173.332138 660.737122 -33.118061
v -176.700989 689.343933 -5.687345
v -162.096848 631.546082 -55.404472
v -135.918228 652.235291 -13.859242
v -147.571320 678.013794 17.875320
v -115.054665 626.918152 -43.267311
v -84.274521 655.568787 -11.918029
v -100.258675 679.433777 28.477240
v -65.896774 630.038696 -49.686859
v -46.814137 660.198242 -27.866526
v -56.359112 685.460876 19.383778
v -28.096466 639.455566 -72.012459
v -18.488150 672.232849 -56.010590
v -30.247618 689.838745 -4.018227
v -2.520063 658.602722 -110.815636
v -1.322570 693.923828 -94.777664
v -9.293220 703.799255 -34.523872
v 6.348682 683.614075 -156.067078
v 2.648767 724.404663 -64.906288
v 7.488385 798.013672 5.483857
v 25.613831 777.851929 28.877903
v 2.071581 773.335449 -15.313934
v -6.056369 790.636475 -21.900713
v -18.611368 783.940430 -54.395470
v -28.724476 799.209961 -45.613762
v -15.144775 806.725586 -27.857513
v -46.409321 792.716736 -71.669449
v -60.606140 804.778320 -58.139126
v -41.610348 813.073608 -44.601700
v -81.919899 796.432861 -78.703331
v -95.922585 805.079468 -58.777809
v -75.413620 815.680786 -51.420303
v -117.745804 793.512085 -73.012398
v -129.019394 799.953430 -47.193966
v -109.513649 813.578369 -45.906506
v -148.978546 784.625244 -55.394428
v -155.261597 790.568115 -25.510330
v -139.247559 807.101257 -28.829823
v -170.075348 772.543640 -30.859119
v -169.309097 778.999756 1.507848
v -159.336227 798.124146 -5.043859
v -178.136826 756.203125 3.299696
v -171.009552 762.714844 39.588955
v -167.009644 785.645752 28.068333
v -173.514694 739.032715 39.802906
v -160.570908 749.590576 70.281509
v -162.603455 772.311279 63.456600
v -157.225067 726.085876 67.622643
v -139.727631 739.181274 94.619865
v -147.093307 762.148682 90.424667
v -130.792709 716.113281 89.055855
v -106.737717 734.033569 111.314285
v -121.935799 754.318481 111.193497
v -83.007423 722.444824 98.946129
v -44.259052 739.563354 124.371582
v -79.387329 752.682495 123.395782
v 23.030539 888.072266 40.221336
v 28.464308 916.827637 26.082859
v 45.292862 945.752075 42.235706
v 38.444336 916.021179 55.052330
v 9.840834 891.348267 7.377220
v 11.826975 913.460876 -5.409758
v 29.495745 939.253052 13.102054
v -151.391342 1187.680298 -151.651230
v -153.264816 1195.938721 -149.457855
v -149.395126 1198.652222 -146.353455
v -147.102051 1185.596680 -148.620544
v -156.532120 1186.775635 -151.804413
v -158.074951 1196.180054 -148.444092
v -153.059784 1201.021606 -144.209564
v -161.575012 1185.645142 -150.037018
v -162.894318 1194.428833 -146.471512
v -157.866730 1200.618042 -142.742416
v -165.301147 1184.848511 -146.516159
v -165.384567 1183.141724 -141.909256
v -163.007767 1197.215332 -141.495071
v -107.805717 903.072937 32.596352
v -101.793739 919.327209 50.347301
v -83.100266 952.369507 38.298214
v -87.701332 937.554565 22.598085
v -121.898361 888.386230 66.912827
v -104.751076 915.457336 84.643700
v -87.519531 943.987427 67.747025
v -120.448570 887.711426 99.693451
v -100.485077 914.719727 111.676544
v -85.805870 941.940796 97.709320
v -111.282204 887.196960 124.666962
v -87.074921 914.043091 133.772812
v -76.581230 940.403687 120.516899
v -91.294823 886.800537 146.153549
v -63.348217 913.163513 154.088943
v -58.318024 939.110352 140.454880
v -61.172997 884.791687 163.943710
v -33.161434 911.707275 167.199219
v -32.691879 938.521790 156.525650
v -27.109028 884.269043 167.568817
v 0.505314 912.123291 157.868958
v -1.669310 938.559021 157.122833
v 0.153450 886.453369 145.860489
v 23.524921 913.403198 125.634102
v 26.023840 939.342957 136.273651
v 19.413376 887.545959 107.463768
v 38.571884 914.791138 86.857079
v 43.948429 941.320374 103.086693
v 28.658424 887.331421 71.343307
v 50.621445 943.718445 70.196434
v 56.165535 1026.673706 66.942734
v 59.059246 1051.807861 71.838112
v 70.321228 1071.982910 100.615730
v 63.425392 1046.690796 92.757805
v 47.805511 1028.436768 47.237392
v 48.703720 1055.298828 57.565643
v 62.121521 1076.660767 84.022491
v 33.188343 1030.303223 35.659241
v 31.519400 1057.366943 49.109409
v 47.744282 1079.660156 73.382271
v 13.854824 1033.784546 32.706211
v 11.238347 1057.472168 48.679157
v 28.784204 1080.881714 69.048859
v -7.948984 1034.006104 37.145897
v -8.588984 1055.562622 56.486416
v 9.240682 1079.894897 72.549164
v -28.223131 1030.808960 48.236916
v -24.638397 1051.981567 71.126495
v -8.042439 1076.836182 83.399200
v -41.273521 1026.829712 64.473686
v -33.221546 1047.521606 89.362282
v -19.533371 1072.574463 98.517868
v -45.820351 1022.183472 88.544868
v -34.679180 1041.234375 115.065208
v -24.001413 1066.642578 119.560028
v -43.480610 1016.852417 114.195572
v -29.114759 1036.166016 135.789520
v -21.930733 1060.301514 142.053329
v -34.443546 1012.790527 133.738708
v -18.054798 1032.150513 152.205688
v -13.687809 1055.470581 159.191956
v -20.235403 1009.665527 148.814941
v -2.563376 1029.455322 163.572617
v -0.687290 1051.752319 172.380142
v -1.811237 1008.229492 157.734589
v 16.493113 1029.095703 166.888947
v 16.823072 1050.043701 179.372345
v 18.267633 1008.932861 155.003937
v 35.017159 1030.940186 158.087509
v 36.044777 1050.881714 176.660431
v 36.484470 1011.511963 140.584015
v 50.312572 1034.860962 141.220551
v 52.817894 1053.950073 164.844635
v 50.228687 1016.166504 117.494949
v 60.605019 1040.908569 116.398880
v 65.578598 1059.485474 144.948151
v 57.065151 1021.684326 90.948242
v 71.963158 1066.048340 121.667511
v 86.126785 1114.839478 146.407532
v 88.094315 1133.325317 148.441650
v 94.646606 1127.273315 164.554504
v 76.584732 1120.041260 132.038818
v 76.428513 1137.455078 137.444046
v 61.662113 1123.376465 122.824814
v 59.942284 1139.900757 130.929031
v 42.455238 1140.025635 130.594147
v 58.996174 1153.241943 134.627304
v 25.683125 1123.637085 122.103935
v 26.461235 1137.765381 136.610580
v 10.501965 1120.235596 131.499084
v 14.756207 1134.517944 148.606079
v 1.564791 1116.484253 145.310226
v 12.929729 1135.035278 166.269485
v -1.393153 1110.745117 163.536148
v 12.116953 1127.782715 182.509262
v 20.910110 1147.142944 184.304642
v 16.480383 1121.830811 198.024826
v 22.202705 1139.296753 196.927078
v 8.017086 1098.453003 197.346207
v 25.362808 1117.742188 211.585388
v 28.965364 1136.114746 211.103210
v 19.699404 1093.482422 208.749649
v 36.123775 1108.024536 219.038300
v 54.334347 1106.462646 219.961227
v 52.538097 1120.475342 221.861160
v 55.379978 1091.377930 211.363708
v 71.372116 1108.647095 214.145447
v 71.307549 1094.789795 201.822983
v 84.767105 1113.282593 201.802628
v 83.326797 1100.943726 184.790527
v 93.580460 1120.434692 182.760880
v 100.319275 1137.481323 176.592407
v 120.534195 1199.035034 176.633850
v 145.453644 1238.632568 194.248749
v 114.446739 1203.260742 165.393677
v 139.814438 1242.301636 184.505707
v 104.741341 1205.970337 158.175552
v 130.908676 1244.654297 178.247528
v 119.325287 1245.612305 175.685013
v 92.000725 1207.074097 155.222809
v 78.605186 1206.182129 157.579147
v 107.319733 1244.837891 177.723618
v 66.369347 1203.418579 164.920242
v 96.536179 1242.438843 184.083420
v 55.129936 1190.929321 178.384201
v 87.451439 1234.174194 194.492752
v 51.893379 1180.533569 198.472260
v 85.125793 1226.204468 207.788269
v 88.853638 1222.568237 220.954941
v 58.148281 1177.582520 212.456757
v 59.601902 1169.966553 223.964981
v 92.001442 1217.132446 231.314209
v 68.356812 1171.892944 227.643784
v 100.336143 1217.800537 237.578934
v 114.923630 1221.424072 239.915451
v 85.606445 1179.215942 229.329117
v 100.865509 1179.974731 227.308243
v 128.465683 1222.083008 238.164703
v 112.671310 1182.746338 219.934799
v 138.953232 1224.489868 231.775482
v 120.468285 1187.746216 206.641983
v 145.767212 1228.830933 220.256271
v 147.876160 1233.978027 206.599884
v 123.052841 1193.674683 190.884186
v 175.282471 1275.024170 199.166275
v 188.019104 1295.248901 191.887131
v 203.050949 1313.764282 188.711960
v 191.575516 1293.149170 200.184784
v 170.041794 1277.911011 190.945679
v 182.084229 1296.728394 186.203171
v 198.887283 1314.852417 182.749969
v 161.850937 1279.776855 185.659866
v 173.294250 1297.674072 182.804703
v 192.322479 1315.958618 178.813980
v 183.897079 1316.771973 177.107025
v 151.350815 1280.557739 183.487061
v 163.523041 1297.843994 182.576584
v 140.683578 1279.983154 185.192963
v 154.317978 1297.197876 185.618256
v 175.348816 1316.782715 178.288895
v 131.312378 1278.133667 190.543564
v 146.990997 1295.857666 191.375885
v 167.848145 1316.066162 182.176849
v 124.763268 1274.938110 198.203857
v 143.060822 1294.119751 198.580368
v 162.752213 1315.144775 187.582367
v 122.395905 1270.901489 208.737625
v 142.555038 1291.605103 208.763580
v 160.747620 1314.089233 195.056030
v 161.808502 1312.977905 203.043411
v 124.108017 1267.169312 219.876724
v 145.554031 1289.534790 216.988205
v 128.885117 1263.989624 228.408783
v 151.538132 1287.847778 223.522552
v 165.746536 1312.047241 209.153809
v 137.005981 1262.119507 234.772705
v 160.338608 1286.653442 227.929794
v 172.175201 1311.232666 213.885284
v 181.250885 1310.677246 216.108917
v 148.660538 1261.641113 237.636780
v 171.542709 1286.361816 228.559540
v 160.534393 1262.120850 236.173813
v 181.119858 1286.974731 225.614029
v 190.770584 1310.535767 215.132477
v 169.793335 1263.975830 230.798035
v 188.205170 1288.451904 219.305069
v 198.268738 1310.830933 211.338837
v 175.775818 1267.354126 221.093872
v 191.848602 1290.826904 209.540146
v 203.213486 1311.617920 204.425659
v 204.795883 1312.679443 196.192596
v 177.564575 1271.375732 209.582474
v 55.224258 997.208618 93.743629
v 58.224796 977.242615 73.156219
v 57.248169 1001.619629 67.329239
v 51.982388 973.576294 102.510895
v 44.235813 992.595093 121.706291
v 35.528156 970.483765 129.769012
v 25.784039 989.603882 142.039215
v 11.883331 968.770020 147.544250
v 3.898462 988.197388 152.455170
v -18.234379 988.471924 147.045441
v -14.021037 968.302856 149.345123
v -37.408161 969.256958 137.390732
v -36.836185 990.527222 133.793259
v -55.151329 971.333130 120.125046
v -50.065762 993.590332 115.410652
v -56.748875 997.457153 92.253296
v -65.843063 974.031982 98.673866
v -68.693817 977.574463 70.517876
v -56.159996 1001.912109 63.458076
v -68.246368 979.887085 43.511894
v -50.846909 1004.005371 43.699760
v -53.917950 988.787476 30.292328
v -30.851143 1010.705688 33.952515
v -27.927084 994.790527 25.918612
v -6.364955 1011.293945 26.854319
v 15.789633 1003.949585 22.302275
v -2.523605 988.260986 18.675522
v 15.742861 970.963501 10.438603
v 32.570892 994.513550 23.848679
v 36.861256 969.176270 20.230917
v 50.198570 1003.353882 43.169979
v 54.271320 980.558105 46.806961
v -159.765244 1192.746338 -136.396103
v -153.634888 1194.270630 -136.212799
v -148.661041 1193.447876 -137.980194
v -145.973923 1191.919312 -141.531219
v 15.819250 863.236572 87.393097
v 26.139774 837.016907 81.131714
v 20.261585 861.911560 56.702671
v 13.167915 838.400269 107.780052
v -0.215937 861.514160 120.840149
v -3.376527 830.808350 132.294250
v -19.866089 854.836487 148.207504
v -20.421005 815.743042 148.058182
v -46.555828 847.910400 157.408325
v -84.527969 857.815857 151.204620
v -67.803276 820.424377 146.374420
v -106.044342 833.684143 138.445618
v -111.893440 860.844360 133.548462
v -128.855545 836.798218 118.247215
v -128.190979 862.633057 110.481926
v -135.019852 864.887817 81.728416
v -142.470139 840.839600 92.378998
v -146.182709 846.142334 58.427818
v -131.908142 869.854126 45.495815
v -137.847733 853.273071 26.092875
v -112.427643 883.264771 17.364441
v -118.750473 857.421265 3.316200
v -87.023911 904.168579 8.652084
v -92.236618 876.582153 0.246903
v -92.396149 857.458923 -12.384024
v -67.786400 887.337402 -2.254789
v -65.665741 870.185791 -10.035662
v -35.756855 869.841431 -12.663853
v -61.514084 857.309814 -18.023489
v -41.143890 880.810425 -9.658232
v -30.746029 857.120239 -12.693511
v -13.719292 886.350403 -11.660384
v -8.983444 873.628540 -5.014888
v -6.884961 855.002808 3.679507
v 8.340069 869.189880 21.562153
v 10.890258 845.143921 35.898872
v -26.158403 892.002319 -12.881382
v -13.859930 896.565918 -13.749939
v -3.035510 903.937012 -13.401262
v 6.984484 916.533813 -11.162657
v 12.511312 931.333008 -7.322669
v -51.882137 892.520752 -7.725298
v -39.129620 890.659973 -10.813607
v -73.314064 905.353394 0.685414
v -63.524529 897.566833 -3.795137
v -84.711517 927.061646 10.097145
v -80.508072 915.435730 5.424894
v -84.941216 942.552673 15.282048
v -70.814568 970.599182 21.851576
v -80.086433 957.543945 19.315950
v -45.571381 984.953857 21.723768
v -57.869854 980.390137 22.592331
v -19.847649 984.435059 16.567665
v -32.600174 986.296143 19.655983
v 1.584286 971.602295 8.156964
v -8.205261 979.388916 12.637506
v 12.981738 949.893921 -1.254736
v 8.778274 961.519836 3.417501
v -31.593788 914.329468 -50.550297
v -59.462551 910.870850 -92.343719
v -66.497002 924.381958 -134.157562
v -38.464600 920.866455 -91.084427
v -12.815012 931.264038 -47.628925
v -49.324047 938.246033 -126.656891
v -25.373037 943.052612 -82.019150
v -54.567123 909.175232 -48.243782
v -82.848671 910.549744 -87.944611
v -88.201691 919.718994 -133.595093
v -76.745178 914.828979 -41.984058
v -102.396797 920.048828 -79.065880
v -109.802032 922.003052 -126.552208
v -92.249153 929.802979 -33.448429
v -113.537598 936.911743 -68.086586
v -125.796509 931.498718 -114.644012
v -97.061935 952.623962 -24.071630
v -133.461029 948.658691 -99.618042
v -107.114326 971.727722 -52.114189
v -74.884064 984.855591 -16.430149
v -86.324867 983.825928 -50.109055
v -118.456100 975.244141 -82.843719
v -51.513371 990.020752 -18.736666
v -61.405499 984.123047 -54.508144
v -95.754883 980.531372 -83.327301
v -28.308786 984.350952 -24.996370
v -39.900188 974.552490 -63.386848
v -72.095619 977.392090 -90.605873
v -12.035373 969.365723 -33.531986
v -26.358301 957.678467 -74.366158
v -53.428982 966.667419 -102.729149
v -88.614944 953.847961 -157.088791
v -87.366196 991.926880 -167.002548
v -72.249840 959.146484 -152.752106
v -75.813614 994.105469 -153.003983
v -62.677662 969.176941 -137.956680
v -107.431274 953.161621 -154.343079
v -101.109726 992.198975 -168.882324
v -126.985695 949.536865 -145.334976
v -121.414520 981.885864 -160.035492
v -138.864471 955.660034 -130.661652
v -137.932602 974.702759 -147.584442
v -144.569244 977.781128 -128.964569
v -135.022095 973.676147 -104.553307
v -116.109810 981.244019 -98.141273
v -127.714363 985.750610 -104.660019
v -93.892082 983.312134 -101.126419
v -107.741554 989.344360 -102.206337
v -76.100456 980.292847 -111.445694
v -90.692337 991.159058 -108.444054
v -63.799168 973.726501 -126.433571
v -79.080750 990.708618 -121.701759
v -12.953986 916.763550 -28.231073
v 1.135411 940.369507 -22.989157
v 1.607713 956.422363 -17.749170
v -8.786644 975.155640 -9.627277
v -28.545771 986.229736 -2.369217
v -52.424210 986.677490 2.080257
v -75.117966 974.371338 2.192977
v -87.237343 936.719116 -7.953006
v -76.846069 917.985962 -16.074902
v -57.361744 906.911987 -23.332970
v -33.975616 906.464478 -27.782440
v -60.346451 1118.546997 -249.164474
v -63.606552 1133.864380 -251.368210
v -56.868195 1134.398071 -247.972412
v -55.415966 1119.059814 -243.423157
v -53.668690 1127.219360 -239.667633
v -67.609512 1120.210327 -250.826965
v -72.407654 1124.564575 -248.795609
v -134.914658 989.571777 -152.114487
v -116.186142 1006.139771 -165.978027
v -145.845505 987.616333 -136.495453
v -138.466782 991.679077 -107.256958
v -120.121864 995.282104 -98.960304
v -102.073395 998.233276 -100.571785
v -89.399529 1000.020142 -110.364685
v -81.612968 1001.149048 -126.265205
v -79.826889 1003.523193 -136.417542
v -108.434906 1045.376709 -98.011032
v -111.910721 1053.983032 -99.576439
v -98.838676 1049.594238 -90.391907
v -103.369759 1058.305664 -93.109154
v -120.066742 1042.812866 -99.330757
v -122.311813 1051.604004 -100.558945
v -131.234406 1042.129517 -95.080406
v -132.337494 1051.313477 -96.727333
v -138.930725 1043.509888 -86.398865
v -139.297653 1053.189209 -89.108284
v -140.786728 1047.097168 -74.218849
v -141.025452 1057.285767 -78.549248
v -128.117310 1054.284790 -59.074921
v -129.783020 1064.812988 -65.608444
v -116.383545 1056.848633 -57.755215
v -119.293602 1067.191895 -64.625961
v -105.256310 1057.531738 -62.005581
v -109.279488 1067.482300 -68.457596
v -97.618050 1056.151489 -70.687141
v -102.396667 1065.606567 -76.076653
v -124.342148 1080.813965 -123.973633
v -116.924789 1084.713501 -118.537041
v -133.317719 1078.738647 -124.752998
v -141.994492 1078.595581 -121.446068
v -148.031815 1080.423462 -114.938972
v -149.446426 1084.260620 -105.936447
v -147.566620 1086.707275 -101.323036
v -139.263504 1091.088379 -95.032150
v -129.831833 1093.163940 -94.252838
v -121.200615 1093.306885 -97.559753
v -115.650932 1091.478760 -104.066833
v -91.708923 1021.795654 -127.835388
v -101.148781 1029.552979 -115.290192
v -90.675629 1032.020874 -102.347923
v -90.689087 1034.410034 -89.376289
v -90.499290 1015.467773 -102.098015
v -96.994598 1035.807129 -75.726974
v -100.651543 1015.004761 -90.059341
v -108.907684 1035.141602 -67.539757
v -115.717979 1012.951172 -84.528297
v -123.363914 1032.850830 -65.974968
v -132.198563 1009.857422 -86.986938
v -137.624756 1029.163208 -72.556435
v -146.586487 1005.872559 -100.088715
v -149.517075 1004.243408 -109.308929
v -145.810089 1023.482788 -96.166939
v -146.014648 1002.669556 -126.594437
v -138.984039 1022.514893 -109.734070
v -131.021118 1006.405640 -144.373840
v -124.344810 1024.337402 -122.836807
v -116.457603 1022.530762 -141.540070
v -113.051239 1027.453247 -120.612617
v -106.770882 1025.301636 -134.098679
v -58.156559 1138.723511 -236.510681
v -71.130119 1138.591919 -245.295151
v -64.884407 1142.181152 -240.907211
v -74.870407 783.411621 136.275421
v -38.987576 786.334839 147.878464
v -93.803963 807.926514 138.447632
v -114.399170 792.798767 125.157227
v -123.519264 814.050903 122.933609
v -138.518951 798.342346 104.808647
v -142.684341 819.155212 99.560188
v -153.396622 805.537109 78.373817
v -152.298096 825.590576 70.060928
v -157.629227 814.977417 43.682327
v -150.743484 833.575684 33.471355
v -150.271500 823.811646 11.225887
v -137.819138 839.241333 7.511431
v -131.000366 830.157104 -12.091809
v -113.673149 843.787964 -13.327848
v -102.484100 834.713623 -28.828598
v -83.244011 846.217773 -24.446026
v -69.788361 836.185547 -34.230000
v -50.775555 846.083740 -23.833239
v -37.373119 834.366455 -27.546141
v -21.453083 843.457397 -11.796124
v -11.989429 829.898926 -11.134153
v -0.544264 837.967773 10.026088
v 29.839094 820.842163 53.067528
v 9.912908 821.180298 19.728945
v -44.747063 761.252563 140.419724
v -100.725067 770.733337 125.505455
v -131.623444 776.616028 108.776779
v -151.627625 784.372925 84.920853
v -161.653839 794.152710 54.824951
v -160.026306 806.287720 17.489601
v -146.540359 814.897522 -8.999450
v -121.346252 821.807007 -30.260908
v -89.583298 825.499390 -41.611916
v -55.690845 825.295776 -40.986183
v -25.088778 821.304565 -28.704948
v -2.846090 814.547058 -6.561807
v 30.850216 801.043579 36.678020
v -30.159464 723.971924 92.604477
v 17.253216 716.310181 113.220497
v 56.280048 706.309387 152.482254
v 6.503322 722.691650 136.705841
v -15.035757 723.167053 67.826599
v 31.758911 719.827148 90.170242
v 68.981224 704.783691 130.229080
v 1.621535 732.496094 44.713223
v 47.147381 732.545776 72.120407
v 83.496918 712.582642 110.281975
v 16.550108 750.083618 27.990314
v 60.370747 751.947144 62.645958
v 96.952118 728.161377 96.591667
v 68.809959 774.188599 63.623520
v 106.681839 748.434570 91.869751
v 55.178696 816.262329 117.613525
v 100.005013 797.416199 131.262207
v 65.928589 809.880920 94.128235
v 40.673004 812.745483 140.663818
v 87.303848 798.941895 153.515366
v 25.284533 800.026794 158.713608
v 72.788147 791.143005 173.462448
v 12.061166 780.625305 168.188004
v 59.332958 775.564209 187.152710
v 47.908997 716.857483 172.633957
v 1.638372 737.707520 155.974594
v 108.376076 786.868103 111.110489
v 70.793533 794.864990 74.859421
v 3.621950 758.383850 167.210510
v 49.603237 755.291016 191.874603
v 110.758995 769.386719 97.051476
v 45.526070 734.338806 186.692932
v 92.435753 698.796082 162.143097
v 108.396645 703.515869 191.334915
v 80.035339 705.264038 181.781860
v 106.670067 701.579102 141.676056
v 122.813675 701.411560 172.135742
v 119.918961 713.062012 124.434525
v 135.859970 708.199829 152.915024
v 129.558365 730.970337 113.833351
v 144.951538 722.536255 137.479599
v 133.679016 751.757202 111.972298
v 148.287689 741.581299 128.886688
v 110.953896 792.211487 153.779434
v 123.389099 789.103516 152.718628
v 123.354309 785.743530 134.140717
v 96.719582 789.428467 174.246445
v 108.972069 791.207886 171.917725
v 83.470673 777.945618 191.487991
v 95.925766 784.419556 191.138489
v 73.831299 760.037231 202.089081
v 86.834198 770.083191 206.573914
v 95.464317 714.096069 206.709839
v 71.924820 719.701965 196.702591
v 136.321411 778.523315 137.343735
v 131.464828 771.305603 119.219917
v 69.710625 739.250305 203.950211
v 83.498070 751.038147 215.166809
v 145.207626 761.562805 128.838211
v 86.578125 731.056519 215.215317
v 139.429276 713.560486 207.242706
v 159.917526 739.043213 241.739410
v 125.216064 719.177551 223.893021
v 151.726746 715.830322 187.654846
v 171.991959 737.870483 223.811493
v 159.672791 725.537476 169.009064
v 179.586304 743.341858 204.251083
v 161.693588 740.759521 154.998383
v 181.196426 754.373535 186.932251
v 157.388916 758.481201 148.397842
v 176.503418 768.780579 175.285263
v 120.084221 793.201416 177.580017
v 138.827377 803.787842 189.398407
v 134.297440 787.584351 160.929672
v 107.786751 790.931641 197.167831
v 126.752968 804.960571 207.326279
v 99.840698 781.224365 215.813629
v 119.158615 799.489197 226.886688
v 97.819893 766.002380 229.824249
v 117.548485 788.457520 244.205521
v 145.754562 746.627563 254.483887
v 111.902168 731.568970 234.307983
v 152.990356 796.203430 176.653854
v 147.611343 775.192871 150.514694
v 102.124603 748.280640 236.424866
v 122.241508 774.050415 255.852493
v 166.436813 783.709473 171.616959
v 132.308151 759.121582 259.520782
v 198.925980 775.521118 255.248199
v 233.100037 817.832153 283.653046
v 186.640671 779.350830 269.599426
v 207.626419 777.552185 237.471481
v 242.694397 817.046509 268.854340
v 211.018723 785.041626 219.790161
v 247.654724 821.182800 252.369583
v 208.430984 796.506226 205.706268
v 246.998535 829.070801 237.463791
v 200.375763 809.675110 198.009308
v 240.855804 838.914307 227.089264
v 162.726105 834.701660 220.658340
v 205.627151 865.692505 236.862274
v 175.011459 830.871948 206.307083
v 154.025696 832.670654 238.435043
v 195.900330 866.078918 251.829010
v 150.633392 825.181152 256.116364
v 191.074188 861.614014 268.576904
v 153.221115 813.716553 270.200226
v 191.558914 853.484619 283.228729
v 220.771881 823.186707 293.834656
v 173.203659 788.282715 277.682800
v 217.955307 860.162292 226.680649
v 188.448456 821.940063 198.223724
v 161.276382 800.547729 277.897247
v 197.567444 842.972290 293.340057
v 230.443130 850.231445 223.300812
v 208.151611 832.159119 297.382538
v 286.088348 851.076782 300.835327
v 320.288513 875.307983 326.839325
v 275.184814 852.936890 312.282074
v 291.817932 851.994934 285.957214
v 326.453217 874.148804 312.686737
v 291.239227 856.583374 270.594696
v 326.958069 876.090454 298.236298
v 284.466309 860.717896 257.790649
v 320.398895 877.562683 284.369385
v 272.840973 866.508301 250.080750
v 307.988312 876.858887 273.731384
v 233.976669 885.926392 266.019318
v 264.501099 896.579956 275.655823
v 245.542328 884.133362 253.732101
v 228.248642 882.527222 281.328522
v 256.130737 893.088501 289.676331
v 229.327103 877.806763 297.752930
v 255.973129 890.451294 305.692230
v 234.571442 871.358765 307.971191
v 261.924225 886.002808 318.057861
v 306.793365 877.203674 334.613831
v 261.267090 857.557068 318.030487
v 277.308716 894.012634 268.325836
v 258.797943 877.832886 248.824249
v 246.919998 864.131653 316.687927
v 272.815857 882.619690 328.297607
v 292.340027 883.662354 268.611176
v 290.208588 879.446167 335.563599
v 332.448212 888.984741 338.066498
v 325.003204 890.480591 332.159119
v 330.427643 882.902954 311.000885
v 329.631805 882.435791 316.076874
v 327.438019 883.415405 321.556702
v 327.198944 884.274109 300.245148
v 329.495392 883.590881 305.806458
v 318.895447 882.454712 290.640381
v 323.652496 883.526001 295.184998
v 306.561279 883.080322 283.734314
v 312.967255 882.168823 286.626068
v 285.454346 891.867981 285.172882
v 273.490784 891.766724 303.740234
v 273.020844 891.714661 298.098114
v 276.202789 893.036621 292.686707
v 272.081421 899.980225 308.785706
v 281.421753 899.149048 310.795624
v 281.249329 899.004700 308.252716
v 277.244354 897.379761 306.416595
v 282.039429 887.917114 320.871460
v 278.634827 888.310852 319.245117
v 278.009369 890.578613 316.577332
v 319.238007 893.416138 345.201385
v 315.041931 894.739990 337.539215
v 285.351349 889.931396 334.908051
v 289.338440 890.152710 328.336029
v 284.884094 890.776245 326.592224
v 294.772858 888.891785 282.766968
v 300.370972 885.601257 282.557739
v 302.427063 891.182007 343.362579
v 302.311096 892.025269 335.463165
v 322.906494 883.827942 325.353943
v 318.516174 876.812378 325.170868
v 327.207764 880.644165 311.184875
v 323.438843 877.412842 315.687805
v 319.651825 879.233643 298.485870
v 309.484955 880.223999 291.748718
v 281.092224 892.506836 288.427032
v 278.718719 885.047974 291.032776
v 273.618164 884.610596 300.157410
v 276.582397 891.123779 310.264862
v 273.501556 883.521484 310.837067
v 277.346008 882.259583 317.242462
v 313.599457 884.852112 330.355927
v 312.015015 877.148193 328.558136
v 289.952179 890.372314 283.878082
v 285.672913 884.451538 287.453339
v 288.751221 886.557983 324.630157
v 287.641449 879.910706 323.118225
v 297.379242 882.230713 287.901794
v 301.799286 885.373840 330.455536
v 300.377319 878.081787 327.561310
v 294.961090 877.489624 320.706696
v 307.635437 876.596313 324.076996
v 303.030365 876.894165 316.254395
v 323.782196 878.520020 305.706207
v 301.744202 879.615601 294.994324
v 306.228729 877.915833 303.686401
v 313.708313 878.563354 299.790741
v 311.091339 877.127014 312.099762
v 298.254089 877.676636 307.985016
v 280.219299 882.937500 296.614990
v 289.107269 882.234863 292.096466
v 285.219971 880.955688 304.023712
v 277.301208 882.064331 307.426422
v 282.528717 880.299805 315.897461
v 290.206848 878.795227 312.188904
v 293.527466 879.808411 299.771973
v 315.992798 876.333740 319.802612
v 318.840118 877.289490 308.668884
v 334.247253 886.965820 333.904968
v 326.459564 891.720764 342.352539
v 328.340973 888.077515 329.893768
v 320.487457 893.167358 335.390991
v 311.116302 893.445190 345.806946
v 308.904175 894.569214 337.823395
v 293.671631 889.164673 339.264313
v 281.352844 890.713074 331.152039
v 295.657654 889.691956 331.840179
v -93.507439 1015.913452 -179.539261
v -87.901199 1015.871094 -177.686020
v -83.040436 1016.720215 -174.451920
v -79.446022 1018.401978 -170.122940
v -77.428093 1020.769165 -165.076309
v -77.236748 1023.562744 -159.875000
v -82.086517 1029.333008 -150.937683
v -104.800720 1018.656494 -178.395279
v -99.328354 1016.887817 -179.756577
v -109.361336 1021.082153 -175.512726
v -89.236832 1032.673340 -147.263397
v -97.958656 1034.501831 -146.911102
v -114.194489 1026.852295 -166.575378
v -108.406235 1033.694824 -151.998444
v -111.982925 1031.994263 -156.358398
v -103.556198 1034.544189 -148.764343
v -132.593674 1125.561157 -137.900986
v -131.316772 1130.528076 -126.818565
v -135.189133 1131.893066 -121.841858
v -141.797821 1131.963501 -119.312683
v -149.478882 1130.462402 -119.908730
v -156.302338 1126.874878 -124.683403
v -157.889389 1124.890747 -128.201050
v -156.890182 1121.893188 -135.133728
v -152.152740 1120.618164 -140.110413
v -145.316422 1120.873413 -142.639603
v -138.308304 1122.568481 -142.043533
v -127.751183 1099.866699 -132.561691
v -122.679008 1104.088989 -125.390785
v -122.242241 1106.566895 -120.055687
v -125.283516 1108.929443 -113.400658
v -131.547455 1109.704346 -108.887253
v -140.126663 1108.684204 -107.724815
v -148.673584 1105.805542 -110.728889
v -153.807953 1099.442139 -122.730881
v -150.198807 1097.079346 -129.385864
v -143.328369 1096.304688 -133.899323
v -135.094589 1097.324585 -135.061722
v -66.670845 1077.072876 -214.525146
v -57.203266 1119.236450 -247.154480
v -55.056664 1118.590576 -238.717728
v -65.091629 1081.602661 -206.883743
v -56.945465 1133.023071 -233.587082
v -74.207031 1088.404541 -197.487381
v -84.923828 1089.311646 -198.580002
v -91.138817 1087.584839 -204.255539
v -75.670158 1129.635498 -242.715073
v -89.056473 1079.540649 -218.570740
v -71.981445 1116.657349 -246.949982
v -81.556633 1075.936646 -221.742447
v -63.905575 1118.978760 -250.438492
v -73.005280 1074.847046 -220.195023
v -69.367615 1075.537842 -217.778030
v -65.198242 1079.197144 -210.771011
v -68.820892 1086.177124 -200.204315
v -80.749458 1089.405273 -197.194962
v -88.520882 1088.693970 -200.997070
v -92.696014 1084.010254 -211.891312
v -85.647339 1077.514526 -220.725021
v -77.203064 1074.987305 -221.580063
v 88.833084 1148.756958 146.577377
v 97.435974 1143.786621 159.809891
v 95.671837 1130.508423 195.151611
v 85.013100 1124.627686 210.805161
v 70.408943 1121.367676 219.484573
v 39.492310 1128.908569 218.541382
v -35.494999 1288.373657 128.798416
v -25.207102 1297.467651 128.930984
v -22.404289 1296.421509 126.942635
v -32.225567 1283.563965 125.685387
v -21.937649 1292.658203 125.817940
v 23.893333 1150.278687 162.997971
v 28.613792 1148.942627 146.064407
v 42.726528 1152.192993 137.414764
v 75.467949 1151.943726 138.088699
v -35.120846 1285.180786 126.778755
v 47.886425 1156.874878 230.591248
v 32.099274 1141.141602 226.926178
v 48.767326 1166.276245 222.921402
v 49.129662 1161.835571 227.521713
v 43.691303 1171.891602 211.703903
v 46.869705 1169.722168 217.461319
v 34.815228 1171.568970 201.768936
v 39.486652 1172.502930 206.211594
v 27.427851 1140.207520 222.483490
v 23.223190 1140.818848 216.991211
v 20.044800 1142.988281 211.233795
v 18.147182 1146.434204 205.773727
v 17.784845 1150.874878 201.173447
v 19.028084 1155.835571 198.103912
v 19.370647 1164.802490 277.894470
v 26.805828 1165.788574 265.545380
v 20.613394 1172.554810 270.119354
v 20.716518 1168.885986 274.377167
v 24.322325 1173.285400 257.356873
v 57.906120 604.551147 -288.706207
v 30.497847 614.321594 -333.616089
v -12.484566 621.186462 -365.353577
v -67.355942 624.433350 -380.022369
v -122.690674 623.045959 -367.613800
v -170.971298 617.564209 -335.309296
v -203.613525 608.985046 -294.382996
v -216.066742 596.151489 -237.427429
v -208.881042 582.395813 -176.538651
v -183.684143 572.438660 -130.147842
v -142.868439 565.401917 -94.430977
v -84.530449 562.731995 -77.114326
v -22.460522 565.300110 -84.354378
v 26.921921 572.791748 -114.727394
v 59.410393 583.331970 -168.706833
v 69.506569 593.765442 -231.722580
v -5.572590 729.378052 -152.848267
v -26.768131 748.993103 -187.441071
v -58.944397 762.360718 -207.386780
v -100.048912 767.692139 -215.508469
v -141.518997 763.439697 -208.936966
v -177.671356 749.862427 -188.593903
v -202.090485 731.015747 -160.264221
v -211.421967 707.160400 -120.822227
v -206.072723 683.781860 -78.673798
v -187.217636 667.376160 -46.551365
v -156.620758 655.238953 -21.801901
v -110.059212 653.079529 -10.546454
v -63.794937 657.500122 -18.028454
v -31.525814 664.987976 -40.421043
v -8.259315 682.296448 -74.953735
v 1.838825 705.859924 -113.009560
v 4.940270 785.969971 0.386745
v -16.722448 795.147583 -36.219196
v -43.728962 802.530029 -53.129486
v -78.226257 805.625244 -60.015469
v -113.028404 803.149414 -54.445465
v -143.371124 795.609375 -37.198833
v -163.868622 785.280334 -13.178739
v -171.699844 770.979980 20.261332
v -167.206909 755.698364 55.997974
v -151.380524 744.051758 83.232658
v -125.704117 735.078369 104.211586
v -80.256302 738.337646 115.234444
v 34.467346 916.858154 40.797192
v 20.606844 915.063721 9.439180
v -151.016968 1195.021240 -149.740707
v -155.629272 1196.319336 -149.044937
v -160.569275 1195.536499 -147.596176
v -164.829651 1192.899658 -145.033722
v -95.235909 927.646240 35.064896
v -104.553047 916.064331 67.641418
v -103.552094 915.041870 99.096733
v -95.072731 914.393799 123.068130
v -76.244858 913.657471 144.288132
v -49.047562 912.379639 162.568680
v -15.808329 911.720154 165.653229
v 13.235471 912.699219 143.732254
v 32.496681 914.117920 106.013260
v 40.189575 915.384155 70.145432
v 62.043766 1049.395508 81.700050
v 54.705345 1053.748535 63.903816
v 40.776039 1056.539673 52.492035
v 21.530901 1057.676270 47.844139
v 1.069541 1056.758545 51.597363
v -17.350691 1053.912231 63.233994
v -29.874929 1049.945801 79.450348
v -34.839531 1044.425537 102.019035
v -32.690830 1038.524536 126.145386
v -24.191288 1034.028687 144.527634
v -10.839687 1030.569214 158.669724
v 6.756718 1028.979370 166.567276
v 26.018332 1029.758423 163.772812
v 43.174397 1032.613525 150.701675
v 56.254230 1037.765259 129.249420
v 62.970612 1043.872803 104.279533
v 92.156075 1130.472168 156.038162
v 82.893486 1135.621216 142.328217
v 68.574371 1138.922607 133.535294
v 51.143497 1140.267090 129.952347
v 34.154747 1139.180542 132.843338
v 19.593925 1135.813477 141.806625
v 13.151463 1135.071655 157.183685
v 12.241047 1131.969727 174.593521
v 13.588987 1124.381958 190.370163
v 20.614380 1120.191895 205.321701
v 30.097500 1112.758667 216.140259
v 44.746941 1106.323608 220.331360
v 63.253315 1107.248169 217.869644
v 78.558990 1110.625610 208.877411
v 89.949585 1116.717163 192.658173
v 95.133759 1123.940430 173.427536
v 190.135681 1294.253052 195.801575
v 185.387909 1296.062378 188.731445
v 177.950226 1297.280884 184.170898
v 168.424652 1297.862061 182.274704
v 158.771088 1297.619629 183.706055
v 150.312988 1296.588379 188.268280
v 144.587097 1295.072388 194.660645
v 142.371841 1292.887085 203.592743
v 143.645416 1290.504761 213.158463
v 148.192032 1288.644043 220.463501
v 155.571030 1287.161987 226.103561
v 165.888702 1286.389771 228.724396
v 176.622040 1286.560547 227.507477
v 185.029434 1287.593506 222.925125
v 190.501541 1289.585083 214.618164
v 192.176544 1292.010986 204.746674
v 57.333855 999.469849 80.202621
v 50.800789 994.810669 108.101288
v 35.701694 990.880371 132.989288
v 15.068450 988.702637 148.944870
v -7.382393 988.108887 151.318954
v -28.117743 989.321411 141.143814
v -44.193382 991.959961 125.172905
v -54.329765 995.389771 104.634377
v -57.086590 999.891357 77.676689
v -54.786179 1002.738403 52.151039
v -42.223961 1007.347290 38.048435
v -18.662275 1012.021973 30.167450
v 5.333206 1008.519531 24.174215
v 24.361752 997.834473 21.413639
v 41.938385 998.325195 31.947765
v 55.085785 1003.683105 54.974411
v 20.003721 862.095398 72.199791
v 8.657204 863.030518 104.093033
v -9.533692 858.724854 136.174942
v -31.783150 850.023193 155.048019
v -65.455086 852.123779 156.000381
v -99.821526 860.139282 143.401474
v -121.301369 861.681396 122.603104
v -132.707932 863.682373 97.101479
v -135.294281 866.307861 63.629326
v -123.238350 877.438232 30.019419
v -102.618790 881.538574 7.695173
v -79.706055 872.718201 -5.745078
v -50.754429 869.223938 -12.379739
v -21.457808 872.047241 -10.774548
v 0.540085 872.372803 6.312059
v 15.643802 864.989624 39.091244
v -48.281685 914.779846 -92.424065
v -29.770063 931.075806 -87.391121
v -71.255020 909.452637 -90.799767
v -93.433075 914.186523 -83.930763
v -109.128471 927.822632 -73.657661
v -115.502922 948.917358 -61.672764
v -113.408646 961.048340 -56.104809
v -97.230865 979.874023 -50.028713
v -73.963196 985.245605 -51.653019
v -49.911423 980.448120 -58.521976
v -31.790989 966.767700 -68.795067
v -79.878326 955.764038 -155.755051
v -65.813866 964.157776 -146.448547
v -97.777046 953.555298 -156.558899
v -117.644218 950.942322 -150.619064
v -134.025513 951.584839 -138.438797
v -141.534454 961.431274 -121.133514
v -140.506363 967.735718 -111.965218
v -126.334091 978.415649 -99.752953
v -104.884811 982.900146 -98.633583
v -84.364616 982.407959 -105.516319
v -68.897697 977.071533 -118.556923
v -3.926405 927.556885 -26.309803
v -2.213765 966.455017 -13.717231
v -17.784483 981.875122 -5.760767
v -40.409016 987.835693 0.295857
v -63.641376 982.739258 2.829782
v -83.355988 963.069824 0.005817
v -87.552856 950.109253 -3.480352
v -83.386314 926.686523 -11.984946
v -67.946144 911.266479 -19.941414
v -45.768093 905.306152 -25.998043
v -22.794754 910.402588 -28.531965
v -60.114929 1134.389648 -249.820389
v -54.217587 1131.596924 -243.898804
v -67.271523 1132.503418 -252.506088
v -125.567818 995.714966 -158.705658
v -141.634872 987.473999 -144.623367
v -147.218658 988.465820 -125.988037
v -144.866592 989.858887 -115.846123
v -129.446426 993.611084 -101.468513
v -110.713646 996.857056 -98.680000
v -95.052727 999.308105 -104.579803
v -84.861740 1000.307617 -117.587036
v -94.611618 1030.698486 -109.728065
v -93.040222 1035.451782 -81.680702
v -102.420021 1035.696045 -70.918739
v -116.048767 1034.166748 -65.873764
v -130.373779 1031.273193 -67.897575
v -143.000153 1026.994507 -79.373444
v -145.804245 1025.045288 -87.464615
v -143.508575 1022.700195 -102.829018
v -131.896622 1023.136963 -117.396301
v -118.427147 1025.887329 -123.076744
v -107.124779 1028.701660 -117.940887
v -71.276085 799.236572 140.689804
v -110.630836 812.038879 132.139084
v -134.231720 816.439209 112.000610
v -148.793167 822.150085 85.832420
v -152.939011 829.643311 51.489315
v -145.739120 836.655518 19.360767
v -126.876778 841.692139 -3.722799
v -98.969353 845.308899 -20.289640
v -66.975731 846.477295 -25.634842
v -35.254513 845.033325 -19.018356
v -10.411757 841.487244 -2.772468
v 9.735664 831.743896 28.573023
v -77.583099 767.800415 130.460098
v -118.167473 773.558594 118.175369
v -142.806137 780.245483 97.616669
v -158.000031 788.924194 70.915207
v -162.319427 800.311584 35.875332
v -154.803879 810.967896 3.091014
v -135.123947 818.621948 -20.460814
v -105.998871 824.118286 -37.367550
v -72.600990 825.893799 -42.825150
v -39.491737 823.699463 -36.073921
v -13.567103 818.310547 -19.495832
v 9.154872 809.843628 11.981906
v 11.260425 718.313232 125.205498
v 24.208794 716.844604 101.347031
v 39.535328 725.168457 80.275307
v 54.204426 741.636230 66.163788
v 65.310677 762.986267 61.807484
v 61.171482 814.259277 105.628540
v 48.223118 815.727905 129.487015
v 32.896587 807.404053 150.558731
v 18.227497 790.936340 164.670197
v 3.254801 729.283447 147.125259
v 69.177109 803.289062 83.708809
v 7.121239 769.586304 169.026520
v 70.654373 784.989868 68.069252
v 1.777543 747.582642 162.764771
v 85.843086 700.926392 172.317917
v 99.498528 699.037231 151.755966
v 113.588982 706.351196 132.423035
v 125.323654 721.419922 118.148247
v 132.378357 741.258667 111.758957
v 117.546555 790.081177 143.604630
v 103.891113 791.970459 164.166565
v 89.800659 784.656372 183.499496
v 78.065994 769.587769 197.774216
v 75.327271 711.644653 190.036346
v 128.062378 779.362854 125.886215
v 71.011299 749.748901 204.163513
v 133.355789 761.938232 114.520615
v 70.033859 729.069275 201.401901
v 132.387802 715.429382 216.155731
v 145.979660 713.713257 197.576660
v 156.358353 719.853821 177.974548
v 161.468292 732.634888 161.231781
v 160.297363 749.524902 150.664566
v 127.125694 791.332520 168.666977
v 113.533844 793.048645 187.246033
v 103.155128 786.908081 206.848175
v 98.045189 774.127075 223.590881
v 118.274849 724.662231 230.031891
v 141.238647 782.099609 154.790787
v 99.216141 757.237000 234.158096
v 153.077484 767.178650 148.365814
v 106.436020 739.583252 236.456879
v 193.086884 776.733398 263.045044
v 203.846130 775.811279 246.573273
v 210.046021 780.692322 228.394150
v 210.458496 790.409973 212.108337
v 205.001907 803.039307 200.941467
v 168.565231 833.489380 212.861496
v 157.805969 834.411621 229.333282
v 151.606110 829.530518 247.512360
v 151.193619 819.812866 263.798157
v 179.899200 783.276123 274.547119
v 181.752914 826.946655 201.359406
v 156.650192 807.183472 274.965057
v 194.757019 816.079102 197.105209
v 166.895111 794.143677 278.801331
v 281.161316 851.671570 307.143799
v 289.688965 851.087463 293.647247
v 292.329834 854.090576 278.143066
v 288.560730 858.682739 263.702240
v 279.128021 863.018677 253.184875
v 239.300949 885.652527 259.206543
v 230.243454 884.639954 273.375427
v 228.139481 880.321899 289.932220
v 231.222702 874.764404 303.357117
v 268.435608 854.937805 315.959656
v 252.026672 881.683655 250.390793
v 240.118454 867.753296 312.821838
v 265.900208 872.110413 248.674026
v 254.032349 860.677307 318.348755
v 301.355835 876.901123 322.625092
v 307.860168 878.981995 297.148224
v 304.636749 877.226135 309.998322
v 282.826324 883.336304 291.547089
v 278.386963 882.511963 301.933044
v 276.934021 881.599243 313.020294
v 288.611542 878.776245 318.461884
v 291.812103 879.131836 306.017273
v 295.453247 880.847290 293.277954
v 313.639648 876.161011 324.922394
v 317.749298 876.725830 314.331787
v 319.196014 877.976807 302.972839
v -124.578171 1101.903687 -129.418808
v -123.311134 1107.912476 -116.566498
v -128.049118 1109.535645 -110.788765
v -135.718048 1109.408813 -107.852509
v -144.339020 1107.565918 -108.544479
v -151.957901 1103.685059 -114.114410
v -153.706039 1101.513184 -118.209282
v -152.494293 1098.096313 -126.220032
v -147.062332 1096.473267 -131.997787
v -139.240372 1096.600220 -134.934036
v -131.187271 1098.442871 -134.242050
v -8.510402 1170.385376 286.451141
v 9.503548 1182.182861 277.816772
v 8.519288 1184.969604 267.977173
v 2.236059 1184.660278 259.553802
v -12.943220 1169.066650 283.815918
v -19.226442 1168.757324 275.392517
v -20.210711 1171.543945 265.552887
v -182.987015 505.074188 -134.618500
v -191.348541 512.304260 -205.476562
v -177.040573 518.832458 -271.348358
v -139.127731 523.046143 -318.665100
v -82.147194 525.748047 -352.609589
v -15.497839 526.403381 -363.625092
v 51.882645 525.226257 -350.449036
v 105.530693 525.692932 -317.563171
v 140.153229 531.162354 -265.145508
v 154.577560 537.251099 -196.632935
v 141.325394 537.428467 -116.717331
v 100.510422 529.517456 -44.902775
v 39.599945 515.547241 -4.487873
v -35.902370 502.818848 -0.055582
v -105.694183 498.264618 -29.810198
v -153.649933 500.249481 -78.265205
v -147.550827 405.883209 -33.335320
v -159.840546 409.623383 -118.982407
v -146.475113 413.326019 -198.285843
v -104.590324 415.986755 -254.806305
v -37.631489 417.895569 -293.574585
v 43.527752 418.510895 -306.383026
v 129.997116 420.874939 -288.405823
v 203.474213 427.763153 -242.814514
v 253.981979 439.002136 -163.820526
v 261.015839 460.742859 -81.812469
v 229.003220 480.582520 -8.377156
v 192.391006 479.686432 72.451233
v 120.515137 458.516327 125.541336
v 27.185467 436.576111 128.599792
v -42.846386 418.756104 102.727852
v -104.169785 405.947205 46.217632
v 3.458708 741.742859 -16.803017
v -10.327126 722.952759 5.905972
v -28.969412 711.698425 32.384583
v -48.923306 710.319641 56.795990
v -90.458145 702.682861 67.500923
v -138.521866 697.698486 57.552502
v -166.184357 708.381897 35.176647
v -183.231140 722.261536 6.134970
v -188.067368 741.204346 -31.971189
v -179.630829 760.020996 -67.630493
v -157.553619 774.627930 -93.243202
v -124.868454 785.347168 -111.635284
v -87.375565 788.809326 -117.576576
v -50.213184 784.281738 -110.233765
v -21.122791 773.467896 -92.200943
v -0.556634 759.733154 -53.622681
v 21.498137 655.172729 -189.033035
v 12.629883 632.876465 -137.541611
v -15.252012 615.550781 -93.981049
v -57.330650 606.677795 -69.837578
v -110.439949 604.247620 -63.382477
v -160.426239 609.107178 -76.857697
v -195.407532 620.288696 -106.043167
v -216.979340 635.964355 -143.948639
v -223.111755 658.179077 -193.691269
v -212.441360 680.052795 -240.232010
v -184.500549 696.279541 -273.666229
v -143.149689 707.511963 -300.605988
v -95.732353 710.880798 -311.292572
v -48.724834 706.003235 -298.769592
v -11.917892 694.333801 -272.296448
v 11.558352 676.739319 -235.593079
v 88.996498 1108.240967 164.634018
v 36.386986 1090.443848 213.909897
v 0.399316 1103.542969 182.308868
v 43.440655 1124.734619 119.072075
v 213.820282 1331.470825 184.447433
v 212.321671 1330.477539 191.519562
v 207.854095 1329.800293 197.455078
v 201.178589 1329.633911 200.708328
v 192.756943 1329.917480 201.539856
v 184.804901 1330.589844 199.623489
v 179.236145 1331.469360 195.555832
v 175.848663 1332.422607 190.306213
v 174.980270 1333.532593 183.439911
v 176.794296 1334.852295 176.932953
v 181.320236 1336.723145 172.007248
v 187.954636 1338.570923 168.328629
v 195.502838 1338.651855 167.256699
v 202.932892 1336.651978 169.018311
v 208.707901 1334.260742 172.731766
v 212.343094 1332.626953 177.996399
v 162.562241 1252.683350 210.172775
v 160.626312 1247.900146 222.849518
v 154.217667 1243.865967 233.541748
v 144.309174 1241.629272 239.471924
v 131.556549 1241.017090 241.096573
v 118.493538 1239.847656 238.387009
v 110.138321 1240.814453 231.913589
v 105.944824 1245.136963 222.423523
v 103.362846 1249.107788 210.178131
v 105.745125 1255.045044 198.248062
v 113.443962 1260.546021 189.264603
v 123.548431 1262.775391 183.362274
v 134.940842 1263.495239 181.471512
v 146.059341 1262.604858 183.851654
v 154.680832 1260.418457 189.662064
v 160.176498 1257.008667 198.707031
v 305.185608 5.048004 -291.650330
v 293.037079 5.634186 -301.890320
v -26.157267 209.965164 -263.036438
v -349.815277 110.553528 -95.983963
v -354.141968 112.800293 -91.086517
v 644.096924 -18.391724 437.042877
v 642.863770 -20.531128 441.722626
v 638.447815 -17.233063 443.399811
v 208.695755 368.272461 255.681839
v 313.858795 -3.128113 600.154419
v 312.904053 -9.117218 596.303467
v -75.923180 290.678772 165.807571
v -110.848785 306.521179 70.212212
v -125.188774 296.841797 -52.012524
v -116.266602 290.004883 -160.492798
v -88.756874 291.503937 -211.722656
v -18.041691 292.510315 -257.391479
v 143.830673 297.459869 -263.420227
v 314.563995 12.172638 -314.223755
v 322.410767 11.586395 -299.810059
v 384.137939 310.735413 -92.004822
v 632.068787 0.984772 418.828400
v 135.714890 35.526398 576.436890
v -132.969589 364.483032 8.679057
v 71.759293 373.152130 -288.722443
v 367.427795 291.182343 -173.393417
v 371.621124 227.755234 -183.361725
v 339.944122 198.151184 -198.353485
v 305.267761 192.666351 -225.305435
v 283.495850 213.395889 -256.502350
v 278.641388 294.837433 -262.463379
v 301.714874 324.441528 -239.124268
v 332.089447 329.926331 -207.998611
v 358.163147 309.196838 -180.975372
v 383.535309 237.425171 -188.982834
v 371.540527 194.242859 -193.584351
v 343.595306 176.117004 -207.458954
v 315.420593 175.220062 -228.240677
v 307.397186 191.894684 -257.324249
v 332.670959 248.203171 -275.179626
v 356.314392 266.329041 -257.131348
v 375.885559 267.225983 -228.002258
v 383.908936 250.551331 -198.918701
v 390.239716 163.983215 -211.246964
v 370.108490 148.503784 -209.350906
v 349.727966 142.776123 -220.439377
v 328.895447 143.530975 -233.395935
v 329.489136 150.480194 -256.777924
v 363.426178 170.991791 -276.669159
v 383.806702 176.719513 -265.580627
v 396.035645 175.964569 -244.276718
v 395.441925 169.015381 -220.894730
v 354.325226 94.535156 -246.660370
v 338.147522 95.178772 -246.884537
v 322.427063 97.588165 -254.769440
v 305.872284 100.592743 -262.046173
v 308.727356 103.045013 -279.441650
v 338.783264 103.114014 -294.829987
v 354.503693 100.704620 -286.945038
v 362.454926 97.699982 -271.320923
v 359.599792 95.247803 -253.925446
v 323.790680 39.810272 -276.074554
v 312.744446 38.868835 -277.883148
v 300.162109 39.855377 -284.230133
v 285.089935 41.767761 -288.459412
v 287.205933 43.875641 -302.461945
v 310.988373 45.689789 -314.848816
v 323.570740 44.703247 -308.501831
v 330.039307 42.790802 -295.925140
v 327.923279 40.683014 -281.922607
v -112.501122 257.805115 -211.506775
v -111.168900 252.076309 -225.490936
v -120.688637 255.946655 -181.683319
v -119.877663 219.403030 -240.245041
v -131.120636 201.637909 -222.325363
v -139.308167 199.779480 -192.501892
v -139.644089 214.916336 -168.244827
v -174.753799 237.488037 -197.420563
v -177.836868 230.077606 -209.947556
v -168.805557 239.677338 -168.267639
v -182.275650 196.502930 -218.553635
v -179.443085 181.715668 -198.154297
v -173.494827 183.904999 -169.001343
v -167.915344 201.788391 -148.172211
v -237.172134 195.077148 -144.994095
v -240.733566 187.096069 -154.423447
v -225.984283 200.552032 -121.760651
v -237.694824 156.832886 -158.462265
v -226.723480 146.466461 -140.807510
v -215.535645 151.941376 -117.574059
v -210.684982 170.050446 -102.371735
v -288.263092 148.539856 -99.737358
v -288.664795 142.667023 -106.215759
v -284.712830 153.272400 -82.828316
v -283.992981 121.729584 -107.199837
v -278.673950 115.356934 -93.381821
v -275.123718 120.089508 -76.472778
v -275.421936 133.154999 -66.377762
v 207.969788 1368.559570 170.871414
v 196.500198 1366.177979 171.959900
v 202.203537 1368.877441 171.584442
v 213.286484 1364.997314 170.002579
v 213.623260 1369.163086 164.147385
v 207.291672 1376.700439 163.490372
v 201.253998 1376.833618 164.437057
v 194.933517 1369.864990 167.010010
v 212.778442 1370.695312 159.546814
v 206.519196 1378.211670 158.451263
v 200.552780 1378.332520 159.337372
v 194.364670 1371.175781 162.265961
v 210.937241 1370.105225 155.951614
v 205.465042 1374.060669 154.852905
v 200.067352 1374.092407 155.621857
v 194.908112 1370.349487 158.153152
v -65.518005 187.105225 359.663513
v -75.274605 226.101349 339.151215
v -80.316132 236.061935 340.784790
v -85.794495 244.741150 345.134247
v -96.593781 255.930038 360.815308
v -101.166214 257.664215 371.060059
v -104.778809 256.669922 381.992493
v -105.821495 228.862686 418.185852
v -93.358246 197.805939 421.870300
v -87.879890 189.126678 417.520844
v -77.080635 177.937836 401.839844
v -72.508194 176.203674 391.595123
v -161.334366 60.844818 318.879211
v -171.789871 79.430145 306.088440
v -176.991974 83.397797 306.417023
v -182.602844 86.523254 308.234253
v -193.563751 89.410004 315.850555
v -198.154449 88.971191 321.121857
v -201.736206 87.316803 326.896606
v -202.240356 71.618134 347.303497
v -186.901688 42.347900 344.822449
v -182.309494 37.905823 342.987854
v -173.434143 35.148499 336.355713
v -169.587479 37.024292 332.060089
v 86.553169 149.718689 399.783844
v 43.742409 154.229462 416.177490
v 42.334793 141.446320 446.900421
v 38.484493 145.102631 460.502502
v 35.307293 161.866302 486.445099
v 36.323498 173.604462 496.573578
v 37.552143 212.144211 499.835449
v 56.394623 218.340103 502.897491
v 77.086784 221.658157 503.125793
v 114.920372 218.538742 494.465759
v 129.605820 212.001144 483.874451
v 139.813019 202.911774 470.049377
v 142.893768 180.549316 437.978363
v 135.458359 169.518921 422.948669
v 122.985825 159.993378 410.502991
v 106.474289 153.003387 402.019135
v 41.466305 229.436401 336.768005
v -8.387074 260.392609 345.528625
v -15.825869 245.389969 374.296082
v -70.884132 208.553101 348.381714
v -125.942390 145.393127 322.467438
v -167.084900 71.066742 311.844299
v -191.358826 -3.259583 301.221161
v -195.435242 -18.701416 301.898132
v -197.645813 -19.944000 302.841675
v -201.836411 -20.105286 306.079102
v -203.687164 -19.012848 308.110504
v -210.666183 -3.402405 314.341003
v -201.963089 80.252380 336.079712
v -176.391388 163.907257 357.818390
v -105.248024 244.156677 398.279510
v -34.104660 298.082947 438.740601
v 14.549590 356.130188 413.003143
v 43.656425 362.142334 416.635254
v 74.215912 362.364136 418.351929
v 120.139534 337.814331 418.915833
v 134.251846 317.991333 413.696259
v 141.199860 296.054840 404.837158
v 130.949188 254.220398 379.584229
v 114.778404 238.517609 365.722778
v 93.302925 228.290405 352.802795
v 68.410271 224.838928 342.167206
v 1.718914 243.313614 291.328918
v -42.193207 283.147644 260.189056
v -52.751774 309.032715 246.889877
v -54.648712 337.402466 235.843170
v -34.567936 394.736511 217.668060
v -8.770556 418.312103 225.377518
v 20.183369 431.761047 233.017593
v 52.537762 437.712250 243.305176
v 91.464684 434.812561 253.393982
v 142.018494 399.096039 292.287689
v 153.805389 372.254578 306.301727
v 157.268127 342.394470 317.270508
v 134.622620 279.749451 329.871857
v 99.768661 256.859253 330.476074
v 68.113091 243.316986 322.727844
v 35.352974 238.381454 310.748840
v -9.984957 -36.024841 430.440796
v -277.745728 -34.868744 251.881012
v -471.539612 -34.009277 -44.090237
v -458.045441 -34.113556 -104.415596
v -9.115369 20.618927 423.812073
v -263.817657 33.054077 246.937317
v -389.020752 28.482941 17.081490
v -431.038147 -12.220642 -88.756363
v 2.352882 161.617615 401.561676
v -172.876938 239.502869 274.126068
v -386.012909 214.263123 12.694903
v -289.592651 155.617310 -14.575427
v -29.360056 254.296387 344.545990
v -93.254341 306.899963 256.856964
v -296.691742 293.279297 11.393066
v -254.323563 278.056305 -22.382683
v -207.917801 -34.119781 -181.477203
v -190.932327 32.507507 -173.596359
v -137.199249 210.054016 -171.311798
v -127.314430 329.653931 -123.785553
v -87.665833 368.829193 -56.086994
v -32.743248 318.313873 110.801514
v 56.650520 224.929932 333.235229
v -148.885880 365.420654 -83.475578
v -114.875351 377.503265 -16.555418
v -47.335640 319.804871 169.592361
v 36.862766 245.433304 321.106049
v -180.154755 330.660583 -57.999348
v -191.410172 338.225647 16.241005
v -63.471912 326.997620 246.160675
v 5.449062 260.071533 321.384033
v -270.619415 -34.127869 -170.494568
v 59.989822 -34.017853 423.532928
v -397.316681 -34.009338 -138.235809
v 140.757172 26.238251 386.266632
v 67.993904 30.211945 416.129272
v 91.915054 175.949341 364.116577
v 50.347107 171.133636 394.325470
v -362.761200 5.791443 -112.177139
v -239.056305 12.638611 -157.564774
v -249.944717 177.746185 -52.406216
v -190.236359 196.024567 -117.227638
v -189.506271 -16.797363 -83.106743
v -253.639496 4.009094 -93.142319
v -296.619781 57.547150 -49.309078
v -337.199066 102.591919 -83.755859
v -205.673920 139.986969 -116.720818
v -338.513672 141.038361 -128.920990
v 319.122864 166.807037 -165.955872
v 251.929565 180.731323 -170.107330
v 34.243458 179.624695 -182.775391
v -191.756210 178.544342 -187.913010
v -334.570190 176.839508 -193.030060
v -293.722382 37.029053 -425.484650
v -193.730698 19.065948 -476.830719
v -23.633654 15.656464 -476.515259
v 148.436752 5.269867 -393.474762
v 223.919785 1.255035 -355.773041
v -332.682373 74.590210 -406.006104
v -185.045059 73.189301 -487.804016
v -22.927439 67.898682 -474.294098
v 153.117569 57.295624 -389.161926
v 251.705551 61.698578 -340.860657
v -355.111816 144.577423 -396.689941
v -206.481812 145.068787 -478.615601
v -20.721977 141.825500 -469.168854
v 155.321548 131.222565 -384.039032
v 289.559692 128.530548 -318.385773
v -357.020996 218.971466 -398.596588
v -188.433517 221.008255 -463.711151
v -18.531271 215.674240 -464.041901
v 156.901154 199.091858 -378.817352
v 308.127655 184.553558 -306.225403
v -354.310608 228.283401 -395.316132
v -196.225616 236.731140 -454.865234
v -32.893585 234.164612 -452.695984
v 119.143295 206.254791 -396.356201
v 305.849854 192.075500 -302.574463
v -356.281128 228.478363 -364.351257
v -204.509537 248.292618 -355.232971
v -26.166513 238.499207 -364.609375
v 180.697235 200.133545 -335.460663
v 310.174377 192.742188 -292.164337
v -355.759979 227.845291 -294.547363
v -205.304016 248.465714 -321.970367
v 12.783556 231.799271 -288.063385
v 218.217133 198.997131 -243.472214
v 312.094299 192.392273 -246.614563
v -355.304749 214.058243 -268.446411
v -195.872711 213.958771 -255.301132
v 21.857672 213.565018 -246.724319
v 228.427582 192.853699 -196.152267
v 315.214355 186.893951 -209.962021
v 223.919785 1.255035 -355.773041
v 199.041809 1.676208 -368.556763
v -210.991974 12.827820 -413.221405
v -304.828949 34.692200 -391.680420
v 242.593781 -7.434235 -255.425598
v -279.087158 11.804626 -309.089417
v -208.898697 -10.711121 -160.745438
v -260.582550 2.451935 -185.643234
v 258.642822 67.983154 -334.046539
v 285.149902 62.348206 -242.730347
v 297.149994 133.099274 -311.306213
v 321.201111 126.202057 -239.124634
v 313.799927 182.110321 -301.517975
v 318.217743 178.093262 -265.818237
v 330.310730 157.841187 -160.593964
v -314.319855 65.891144 -170.629013
v -330.717682 73.339966 -287.980499
v -343.625000 78.795135 -391.885284
v -366.030701 127.364044 -152.071472
v -363.351410 132.901367 -277.586731
v -372.621857 139.639282 -380.988220
v -354.220978 172.517853 -196.505264
v -382.333191 200.761322 -280.175659
v -370.639343 213.013214 -383.000275
v 341.212952 -19.964508 -294.972076
v 431.116180 -23.725891 -254.048462
v 488.992584 -27.106171 -130.365753
v 546.863403 -30.486237 -6.682411
v 559.614258 -31.691589 67.322021
v 341.497253 7.580658 -286.571930
v 435.220337 29.884979 -254.696426
v 493.240570 28.391907 -131.034851
v 551.104126 26.893738 -7.676507
v 559.507568 20.622681 65.957077
v 343.401642 64.034119 -264.722107
v 435.035583 113.072144 -230.263474
v 500.619751 124.773895 -132.199707
v 558.638611 123.281097 -8.539568
v 579.440552 152.228973 56.545242
v 370.829254 124.431213 -227.334671
v 437.476288 184.586975 -192.473633
v 508.347168 207.588470 -129.634491
v 566.018799 219.662704 -9.705133
v 590.015198 199.974731 65.198967
v 395.297546 187.920593 -189.187820
v 429.359863 217.020767 -167.354691
v 509.762848 232.659546 -102.847328
v 574.542297 265.387756 5.945060
v 585.015747 250.447205 37.896336
v 463.530487 262.988037 128.992538
v 455.888428 299.269928 102.219910
v 394.224548 285.635315 -6.805166
v 521.003113 248.828140 91.945702
v 500.573944 315.279602 65.507919
v 407.142822 296.500519 -39.106487
v 379.843323 247.170715 -121.851936
v 338.552429 181.093018 -170.448792
v 581.029785 247.466171 43.470276
v 550.269653 288.133423 21.207651
v 456.573547 265.502808 -70.559448
v 398.440826 236.082840 -141.208023
v 358.836823 178.459167 -183.623795
v 223.587738 -15.860809 -265.515137
v 553.117249 -32.456879 169.652832
v 286.171082 -17.914795 -294.326202
v 556.802246 -32.081696 117.594048
v 228.715775 33.836426 -261.594849
v 291.549957 18.765747 -279.765961
v 258.703003 80.532013 -231.222229
v 297.410919 77.174774 -248.947388
v 303.138947 130.553925 -200.683105
v 322.820129 133.016479 -210.792435
v 555.029297 15.266449 113.215248
v 547.682007 16.468292 167.508148
v 514.915771 21.355103 209.917114
v 563.506836 127.511597 89.209068
v 539.682068 110.339630 157.986862
v 505.552887 102.713348 199.631821
v 586.758423 196.690887 71.041115
v 551.231812 182.080872 109.703033
v 482.474304 166.750610 176.035797
v 753.657349 -5.844421 349.834900
v 702.687073 -5.651520 327.873993
v 628.410339 -10.930634 289.975159
v 612.908264 -14.410004 252.054306
v 571.481995 -12.428467 157.715164
v 734.356873 44.537201 366.590027
v 693.449219 34.281158 346.658844
v 636.202271 27.459137 304.657959
v 603.759033 37.371338 218.901169
v 566.570251 34.928467 176.345169
v 728.350830 77.601624 380.917450
v 687.402954 74.814514 364.308716
v 637.186768 71.056122 313.758728
v 600.020325 69.922791 232.147873
v 564.907471 65.363312 162.210831
v 738.730042 89.897308 369.476807
v 677.279480 112.497528 362.460114
v 647.384644 104.346558 315.729584
v 602.997864 103.284180 225.506989
v 574.915222 94.523590 172.079376
v 755.015503 125.922729 343.345062
v 690.221802 126.770111 339.374207
v 657.442383 121.431671 291.592865
v 611.547913 121.374542 213.496796
v 593.555481 124.700745 164.746185
v 668.766663 -3.351440 38.103359
v 699.990356 -21.034546 1.716988
v 812.443298 -14.363220 68.000412
v 836.194824 -17.636597 136.663834
v 830.468262 -21.135559 185.326752
v 654.313049 9.723206 61.420589
v 723.647034 18.038361 61.032780
v 792.983521 16.742828 95.342537
v 819.939880 4.493256 139.461945
v 821.604797 -9.021820 186.889160
v 653.462219 52.755890 86.491196
v 731.648682 59.127289 98.246727
v 770.735535 59.512817 129.274506
v 799.252991 72.442139 177.891357
v 805.410583 73.570007 205.516434
v 646.145996 95.377289 102.152336
v 724.863464 100.774445 115.489426
v 772.149353 132.066895 141.964401
v 811.572754 143.028595 174.767899
v 816.833374 145.457642 199.172180
v 657.070923 122.529602 115.911461
v 724.776550 138.649231 133.189423
v 795.714783 146.215179 148.802841
v 816.382385 149.222290 177.056595
v 821.026611 154.535370 197.823151
v 631.147949 133.211426 125.541405
v 688.854675 149.950073 134.379547
v 760.179810 151.660431 150.644775
v 820.357422 156.172852 202.320160
v 810.934082 151.139465 228.023163
v 614.244141 136.747955 132.179459
v 645.849304 157.689789 148.923416
v 712.251831 155.038300 201.269302
v 778.755066 155.841827 256.564148
v 795.120544 136.452515 309.533783
v 597.021667 130.688690 151.771484
v 626.765076 141.369873 185.191223
v 677.536865 144.662506 249.533844
v 738.796021 140.122833 309.465149
v 785.515686 137.142212 328.794952
v 817.607361 -15.794983 233.022232
v 661.940063 -20.093842 30.697454
v 625.854187 -3.202026 60.299946
v 790.418945 -14.413391 296.877380
v 570.637085 -12.224792 65.053345
v 767.106689 -13.224426 340.812134
v 589.233276 -20.535278 185.759659
v 565.864075 -10.121246 134.000214
v 802.904236 2.202545 247.521301
v 785.821655 1.083984 285.774445
v 740.421326 39.472687 350.768127
v 799.959778 66.744537 243.764130
v 784.107178 74.309662 303.114807
v 762.753540 83.626953 354.501007
v 800.972046 116.650726 260.710541
v 797.038269 119.555817 317.048676
v 779.172546 112.156433 353.230408
v 570.489319 32.769409 156.469620
v 581.612244 28.372955 82.351974
v 614.547241 23.837769 58.698544
v 563.989746 73.397614 151.572479
v 585.251221 68.975311 98.918709
v 621.025269 61.761230 82.717484
v 577.063293 101.897766 149.861542
v 598.183167 105.644836 116.291214
v 630.834290 99.280884 102.296684
v 524.442566 -8.439636 451.627808
v 474.330292 -8.439636 516.778687
v 363.226593 -8.439575 540.386780
v 252.125214 -8.439636 563.992126
v 183.154770 -8.439636 539.761780
v 514.337646 21.336609 438.352692
v 462.684418 49.475739 481.209717
v 350.821381 51.514648 502.480377
v 239.224319 53.538177 523.653137
v 174.285263 47.901733 505.374908
v 478.102051 82.464478 363.256592
v 411.962311 139.348297 374.530609
v 318.936951 155.634949 404.426056
v 207.800430 157.674103 427.956970
v 151.996185 190.388611 433.190582
v 442.854401 152.564911 317.229156
v 380.911438 216.893341 363.135895
v 316.434540 245.192474 408.003601
v 208.611130 261.794128 431.773712
v 144.025513 242.344177 440.204803
v 424.652985 219.679977 334.055878
v 363.547180 251.775284 351.181763
v 294.800873 272.543823 403.480103
v 194.928711 311.564819 434.594849
v 166.887543 296.229126 437.416168
v 97.478859 -7.097198 443.270966
v 150.189545 -8.439636 389.194458
v 550.274109 -11.316101 168.563553
v 72.758797 49.241669 410.777863
v 144.182220 59.606995 376.145233
v 553.409546 -11.234741 168.391815
v 72.340736 140.976501 389.723297
v 152.641541 144.686340 405.032196
v 536.967285 61.408325 141.023788
v 97.554230 204.873505 302.815125
v 157.040619 239.101654 322.925720
v 469.563873 115.122131 102.604347
v 141.647568 305.580200 292.485718
v 155.813583 302.575134 287.303986
v 434.635101 230.807816 133.199860
v 142.751968 305.817688 298.016541
v 150.609222 344.313690 246.954712
v 251.374588 325.986176 219.892395
v 327.403503 325.517883 62.687996
v 471.558563 265.890381 267.679993
v 148.994354 292.482513 418.611938
v 162.170471 362.970398 365.083832
v 268.420410 337.868744 319.840027
v 348.630524 282.747070 273.401764
v 479.199341 254.819733 291.453094
v 163.159988 292.916351 433.450989
v 187.433502 335.254639 411.507751
v 282.456604 306.129333 364.011444
v 356.459320 271.344666 317.951416
v 473.646393 236.147018 310.742981
v 595.901978 -8.439636 282.734253
v 95.128616 -7.992004 497.046478
v 620.556091 -8.439636 365.430969
v 108.112915 -8.439667 535.850586
v 561.389404 -8.439606 410.965820
v 149.585602 -8.439636 548.641113
v 584.180786 24.272552 256.553955
v 606.757568 45.349243 332.653717
v 545.339111 31.448639 390.720367
v 549.211792 79.160583 184.130676
v 555.095825 97.185303 270.968811
v 529.716736 94.937958 318.444153
v 503.408600 137.659607 227.369537
v 509.371613 167.865112 271.864532
v 503.709869 172.873169 288.113617
v 144.461044 42.452637 516.885437
v 101.287712 44.027924 498.794830
v 71.419365 48.424133 458.694366
v 129.403046 163.464966 418.430359
v 84.162376 144.736053 405.914703
v 64.280533 135.588531 394.059326
v 140.449020 238.737473 438.370544
v 125.573380 221.978027 433.649963
v 102.885590 203.399048 422.851685
v 842.572144 -26.084442 -24.813889
v 851.534729 -25.664307 -18.355480
v 858.925293 -30.250641 0.817293
v 867.033997 -27.689117 24.616066
v 867.696350 -19.668884 44.172237
v 843.670227 -22.566071 -23.604969
v 852.627502 -19.241455 -17.407337
v 865.786865 -16.529358 -1.105978
v 873.553833 -16.788239 25.706573
v 869.283875 -18.038269 43.148388
v 843.166748 -16.072052 -22.808668
v 852.123840 -12.747162 -16.610830
v 866.312683 -10.638519 -1.171826
v 871.699951 -1.316986 26.205231
v 870.527039 -4.891052 37.403633
v 842.682861 -9.915405 -22.057493
v 851.628479 -6.598633 -15.868649
v 857.536133 0.242188 0.472193
v 866.382507 2.860291 29.109142
v 865.926025 4.684174 36.664597
v 840.445190 -1.867737 -22.084061
v 848.911377 -1.247253 -16.658939
v 851.292908 4.025635 3.042819
v 860.411255 6.798798 32.248199
v 859.869812 8.547882 39.690517
v 819.676086 -33.038544 52.505966
v 808.326538 -33.644226 42.722343
v 796.926697 -33.846771 17.165371
v 794.175842 -33.781525 -8.037782
v 802.369629 -33.712830 -29.512764
v 817.603333 -22.502625 49.814621
v 811.206970 -19.383118 40.003941
v 797.056335 -17.177307 17.079082
v 796.993713 -18.937897 -7.079419
v 804.358704 -22.703522 -28.532167
v 819.201233 0.332214 46.116940
v 813.730957 2.475433 39.932140
v 804.378479 -4.968994 13.959971
v 798.236450 -13.397156 -6.920993
v 805.600647 -16.372009 -28.062325
v 815.298889 16.771851 43.948059
v 811.308350 18.470673 42.493427
v 811.437561 14.724701 19.704395
v 798.792114 -12.688049 -7.907234
v 806.700439 -10.878571 -27.711344
v 815.954529 29.776428 42.607094
v 813.245911 29.053406 40.476761
v 813.768005 27.853210 25.025860
v 801.238831 -11.077271 -9.483363
v 803.624817 -10.373779 -19.004066
v 826.862915 26.864166 43.748142
v 819.762817 30.069702 40.443466
v 815.234436 26.525635 21.981712
v 816.039368 -5.714325 -15.054322
v 808.157410 -8.557220 -28.586651
v 840.037109 20.757111 45.557434
v 832.381775 23.073334 37.983242
v 826.716614 20.562286 15.566548
v 832.445801 1.126190 -19.585373
v 820.892273 -4.285248 -31.003307
v 848.326843 15.998688 46.093254
v 846.643860 14.821930 35.185501
v 837.234253 12.531647 7.343055
v 839.125244 3.109467 -19.296478
v 829.351624 -3.152710 -28.314270
v 804.634766 -33.678986 -34.321186
v 831.938904 -33.491913 56.635410
v 817.292297 -33.303192 -34.970093
v 844.602173 -32.820831 59.695362
v 827.248718 -29.391388 -34.568432
v 839.913025 -31.898804 -21.203272
v 849.315186 -33.846771 3.209671
v 856.405762 -33.783356 30.185146
v 856.184265 -25.888702 52.652336
v 807.489929 -19.876770 -34.546722
v 817.892517 -16.743378 -35.441898
v 825.659668 -20.015747 -34.481285
v 808.151550 -14.354889 -32.706596
v 817.626099 -10.419952 -35.574780
v 824.436279 -13.697266 -34.170444
v 808.280518 -9.646393 -30.387342
v 819.370300 -7.453583 -35.526672
v 824.080688 -8.022919 -33.421234
v 860.130310 -20.940125 49.437786
v 843.852478 -19.066772 55.836884
v 832.832581 -20.333405 53.995670
v 856.572327 -2.721069 44.821548
v 842.247498 -0.977539 52.141045
v 833.303406 -3.125763 50.237843
v 852.264099 13.569153 43.895145
v 844.401611 14.501709 48.258575
v 831.160583 15.210510 45.984566
vt 0.028712 0.125053
vt 0.061661 0.115692
vt 0.075040 0.124449
vt 0.053251 0.128952
vt 0.088181 0.107334
vt 0.096220 0.118831
vt 0.933715 0.378803
vt 0.930157 0.384119
vt 0.928645 0.381336
vt 0.931706 0.376631
vt 0.925712 0.386103
vt 0.925623 0.383084
vt 0.920797 0.384783
vt 0.922925 0.381674
vt 0.917869 0.379594
vt 0.920609 0.377503
vt 0.179681 0.102539
vt 0.153364 0.104342
vt 0.150262 0.090999
vt 0.176455 0.089469
vt 0.210480 0.099926
vt 0.208387 0.088014
vt 0.232963 0.086923
vt 0.234570 0.097598
vt 0.251010 0.086252
vt 0.254922 0.095748
vt 0.933478 0.829059
vt 0.931590 0.835178
vt 0.929789 0.829643
vt 0.931147 0.829379
vt 0.930782 0.835684
vt 0.928394 0.829964
vt 0.929826 0.836189
vt 0.927032 0.830316
vt 0.923612 0.831533
vt 0.925761 0.830674
vt 0.364549 0.676546
vt 0.367658 0.677107
vt 0.377145 0.722687
vt 0.358562 0.675987
vt 0.370875 0.677655
vt 0.378084 0.723329
vt 0.379130 0.722697
vt 0.374209 0.678104
vt 0.384303 0.678605
vt 0.377621 0.678429
vt 0.426094 0.028715
vt 0.453919 0.031526
vt 0.449603 0.052809
vt 0.433294 0.050020
vt 0.482552 0.034348
vt 0.466967 0.054855
vt 0.204926 0.647295
vt 0.205525 0.648009
vt 0.198987 0.651476
vt 0.203824 0.645971
vt 0.206144 0.648780
vt 0.198623 0.652134
vt 0.206785 0.649564
vt 0.198519 0.652827
vt 0.188405 0.649004
vt 0.189026 0.648136
vt 0.195910 0.652344
vt 0.195862 0.653013
vt 0.195750 0.651488
vt 0.189609 0.647203
vt 0.191312 0.644603
vt 0.190199 0.646293
vt 0.183555 0.198238
vt 0.191243 0.194573
vt 0.199074 0.208018
vt 0.191848 0.212357
vt 0.198639 0.191825
vt 0.205949 0.204844
vt 0.211624 0.219458
vt 0.205451 0.222992
vt 0.199148 0.227773
vt 0.205324 0.190104
vt 0.212039 0.202762
vt 0.211889 0.189051
vt 0.218149 0.201251
vt 0.223268 0.214865
vt 0.217431 0.216908
vt 0.218942 0.188326
vt 0.224828 0.199914
vt 0.226161 0.187804
vt 0.231586 0.198866
vt 0.236339 0.210947
vt 0.229753 0.212764
vt 0.238147 0.198177
vt 0.242730 0.209698
vt 0.233325 0.187375
vt 0.240498 0.187056
vt 0.244681 0.197739
vt 0.249126 0.208892
vt 0.247711 0.186871
vt 0.251345 0.197511
vt 0.254995 0.186852
vt 0.258155 0.197339
vt 0.262459 0.208092
vt 0.255722 0.208462
vt 0.262416 0.186656
vt 0.264928 0.197138
vt 0.269631 0.186597
vt 0.271425 0.196953
vt 0.275315 0.206977
vt 0.269057 0.207560
vt 0.276328 0.186540
vt 0.277415 0.196785
vt 0.283429 0.186342
vt 0.283938 0.196454
vt 0.287257 0.205912
vt 0.281091 0.206441
vt 0.292305 0.185971
vt 0.292047 0.195997
vt 0.301798 0.185697
vt 0.300615 0.195605
vt 0.302755 0.204767
vt 0.294839 0.205310
vt 0.308343 0.195255
vt 0.309803 0.204346
vt 0.310405 0.185369
vt 0.318752 0.184914
vt 0.315846 0.194853
vt 0.316511 0.203968
vt 0.327524 0.184387
vt 0.323606 0.194489
vt 0.336909 0.183743
vt 0.331991 0.194092
vt 0.331095 0.203149
vt 0.323590 0.203559
vt 0.347016 0.182864
vt 0.341206 0.193747
vt 0.358024 0.182085
vt 0.351554 0.193580
vt 0.348192 0.202432
vt 0.339162 0.202800
vt 0.363483 0.193921
vt 0.358700 0.202287
vt 0.370344 0.181914
vt 0.382718 0.182210
vt 0.375759 0.194658
vt 0.369795 0.202677
vt 0.394010 0.183445
vt 0.387059 0.195769
vt 0.404592 0.185847
vt 0.397661 0.197529
vt 0.390061 0.204851
vt 0.380198 0.203510
vt 0.415039 0.189197
vt 0.407885 0.200127
vt 0.425215 0.193862
vt 0.417783 0.203861
vt 0.408892 0.209955
vt 0.399586 0.206869
vt 0.435296 0.199988
vt 0.427443 0.209031
vt 0.444405 0.206739
vt 0.436339 0.215099
vt 0.426512 0.220102
vt 0.418126 0.214559
vt 0.443463 0.221434
vt 0.433292 0.225956
vt 0.451779 0.213466
vt 0.457735 0.220379
vt 0.449261 0.228248
vt 0.438849 0.232254
vt 0.218157 0.256233
vt 0.222896 0.251363
vt 0.229526 0.264957
vt 0.225658 0.269956
vt 0.227788 0.247304
vt 0.233644 0.260263
vt 0.238196 0.273240
vt 0.234611 0.278497
vt 0.231088 0.283497
vt 0.232449 0.244242
vt 0.237755 0.256801
vt 0.237234 0.241707
vt 0.242133 0.254045
vt 0.246001 0.266554
vt 0.241890 0.269470
vt 0.242519 0.239281
vt 0.247102 0.251454
vt 0.248057 0.237077
vt 0.252419 0.249068
vt 0.256052 0.261145
vt 0.250805 0.263756
vt 0.257887 0.246956
vt 0.261535 0.258817
vt 0.253695 0.235135
vt 0.259392 0.233461
vt 0.263478 0.245070
vt 0.267216 0.256721
vt 0.265174 0.232128
vt 0.269184 0.243407
vt 0.271041 0.230887
vt 0.275004 0.241886
vt 0.279008 0.253139
vt 0.273047 0.254848
vt 0.276995 0.229624
vt 0.280977 0.240440
vt 0.282786 0.228391
vt 0.286815 0.239084
vt 0.291044 0.250120
vt 0.285112 0.251555
vt 0.288135 0.227328
vt 0.292186 0.237961
vt 0.293813 0.226435
vt 0.297823 0.237136
vt 0.302042 0.248315
vt 0.296453 0.249005
vt 0.300708 0.225567
vt 0.304575 0.236495
vt 0.307815 0.224777
vt 0.311465 0.236029
vt 0.315260 0.247939
vt 0.308629 0.247977
vt 0.317400 0.235917
vt 0.320883 0.248289
vt 0.314026 0.224273
vt 0.319839 0.223970
vt 0.322887 0.236056
vt 0.326020 0.248893
vt 0.325745 0.223774
vt 0.328420 0.236325
vt 0.331895 0.223637
vt 0.334122 0.236681
vt 0.336420 0.250462
vt 0.331163 0.249631
vt 0.338434 0.223553
vt 0.340111 0.237107
vt 0.345575 0.223450
vt 0.346676 0.237585
vt 0.347942 0.252489
vt 0.341885 0.251379
vt 0.354443 0.238200
vt 0.355436 0.254060
vt 0.353894 0.223236
vt 0.362461 0.223249
vt 0.362179 0.238837
vt 0.362635 0.255412
vt 0.370214 0.223449
vt 0.368561 0.238655
vt 0.377619 0.223777
vt 0.374371 0.238026
vt 0.372353 0.253305
vt 0.367882 0.254859
vt 0.385000 0.224576
vt 0.380289 0.237700
vt 0.392556 0.226134
vt 0.386482 0.237859
vt 0.382083 0.251170
vt 0.377071 0.252033
vt 0.400504 0.228870
vt 0.393140 0.238793
vt 0.407979 0.232530
vt 0.399605 0.240577
vt 0.392731 0.251222
vt 0.387447 0.250852
vt 0.405234 0.242914
vt 0.397473 0.252222
vt 0.414280 0.236571
vt 0.419887 0.241029
vt 0.410638 0.245573
vt 0.402382 0.253136
vt 0.246445 0.305992
vt 0.240858 0.310441
vt 0.239076 0.307248
vt 0.244662 0.302321
vt 0.232228 0.316085
vt 0.230575 0.313351
vt 0.229922 0.308732
vt 0.238385 0.301950
vt 0.243492 0.296558
vt 0.247670 0.292819
vt 0.249118 0.298823
vt 0.251988 0.290022
vt 0.253428 0.296080
vt 0.255024 0.300002
vt 0.250883 0.302713
vt 0.257041 0.287127
vt 0.258428 0.293170
vt 0.262592 0.284239
vt 0.263930 0.290233
vt 0.264961 0.294153
vt 0.259760 0.297095
vt 0.268415 0.281519
vt 0.269714 0.287437
vt 0.274440 0.278983
vt 0.275698 0.284818
vt 0.276138 0.288801
vt 0.270442 0.291371
vt 0.280568 0.276531
vt 0.281783 0.282405
vt 0.286780 0.274339
vt 0.287913 0.280216
vt 0.287819 0.284478
vt 0.281954 0.286495
vt 0.293019 0.272405
vt 0.294032 0.278367
vt 0.298951 0.270817
vt 0.299812 0.276940
vt 0.299196 0.281586
vt 0.293672 0.282818
vt 0.304236 0.269727
vt 0.304921 0.276020
vt 0.309583 0.269168
vt 0.310087 0.275614
vt 0.309070 0.280614
vt 0.304096 0.280854
vt 0.315773 0.269078
vt 0.316057 0.275706
vt 0.321832 0.269445
vt 0.321886 0.276243
vt 0.320538 0.281584
vt 0.314851 0.280885
vt 0.326835 0.270183
vt 0.326723 0.277079
vt 0.331281 0.271168
vt 0.331043 0.278127
vt 0.329596 0.283678
vt 0.325301 0.282534
vt 0.335585 0.272346
vt 0.335238 0.279355
vt 0.339851 0.273669
vt 0.339413 0.280723
vt 0.338027 0.286463
vt 0.333805 0.284998
vt 0.344180 0.275109
vt 0.343684 0.282185
vt 0.349050 0.277237
vt 0.348468 0.284375
vt 0.347302 0.290105
vt 0.342370 0.288042
vt 0.355607 0.280837
vt 0.354665 0.288125
vt 0.364287 0.286603
vt 0.363739 0.293642
vt 0.362630 0.297734
vt 0.353456 0.293178
vt 0.245116 0.339534
vt 0.249138 0.336928
vt 0.252205 0.345267
vt 0.248489 0.347603
vt 0.253427 0.334105
vt 0.255897 0.342417
vt 0.259047 0.350405
vt 0.255735 0.353568
vt 0.252249 0.355927
vt 0.258081 0.331378
vt 0.259808 0.338773
vt 0.262879 0.329142
vt 0.263444 0.335517
vt 0.264612 0.341271
vt 0.262151 0.345847
vt 0.706136 0.802795
vt 0.704173 0.804179
vt 0.701984 0.804028
vt 0.704550 0.802552
vt 0.704372 0.804914
vt 0.701588 0.804651
vt 0.700002 0.803283
vt 0.700776 0.803160
vt 0.703668 0.802022
vt 0.867496 0.798307
vt 0.868993 0.799703
vt 0.868569 0.800273
vt 0.867086 0.798814
vt 0.860422 0.806260
vt 0.857720 0.805243
vt 0.858021 0.804515
vt 0.860815 0.805637
vt 0.858303 0.803766
vt 0.861127 0.804912
vt 0.868144 0.800922
vt 0.866692 0.799357
vt 0.858563 0.803013
vt 0.861354 0.804073
vt 0.858813 0.802289
vt 0.861479 0.803161
vt 0.867697 0.801610
vt 0.867286 0.802332
vt 0.865841 0.800755
vt 0.866271 0.800012
vt 0.859068 0.801605
vt 0.861234 0.802296
vt 0.857515 0.799972
vt 0.859187 0.800212
vt 0.860319 0.799928
vt 0.862841 0.801755
vt 0.863779 0.802082
vt 0.292021 0.322554
vt 0.298065 0.318482
vt 0.297275 0.326789
vt 0.293194 0.329460
vt 0.303892 0.315824
vt 0.302208 0.325082
vt 0.301235 0.334419
vt 0.297278 0.335076
vt 0.294101 0.335787
vt 0.309356 0.316059
vt 0.307323 0.325467
vt 0.314236 0.317628
vt 0.312067 0.326832
vt 0.310408 0.336257
vt 0.305843 0.335026
vt 0.316051 0.328136
vt 0.314298 0.337519
vt 0.318253 0.319100
vt 0.321724 0.320621
vt 0.319495 0.329528
vt 0.317758 0.338877
vt 0.324967 0.322337
vt 0.322724 0.331133
vt 0.328231 0.324342
vt 0.326008 0.333046
vt 0.324459 0.342347
vt 0.321071 0.340467
vt 0.331755 0.326718
vt 0.329597 0.335326
vt 0.335561 0.329282
vt 0.333384 0.337766
vt 0.331975 0.346890
vt 0.328137 0.344536
vt 0.337277 0.340156
vt 0.335851 0.349284
vt 0.339652 0.331877
vt 0.343608 0.334443
vt 0.341035 0.342619
vt 0.339616 0.351759
vt 0.347110 0.337229
vt 0.344798 0.345420
vt 0.350646 0.339966
vt 0.348738 0.348269
vt 0.347876 0.357175
vt 0.343585 0.354486
vt 0.354996 0.342435
vt 0.353196 0.350899
vt 0.360276 0.344833
vt 0.358453 0.353343
vt 0.357399 0.361877
vt 0.352423 0.359634
vt 0.366031 0.347202
vt 0.364136 0.355659
vt 0.371599 0.349226
vt 0.369604 0.357640
vt 0.367638 0.365745
vt 0.362622 0.363947
vt 0.374327 0.359056
vt 0.372065 0.367149
vt 0.376377 0.350623
vt 0.380862 0.351738
vt 0.378704 0.360138
vt 0.376215 0.368292
vt 0.263088 0.379592
vt 0.265886 0.377337
vt 0.268448 0.385489
vt 0.265878 0.387692
vt 0.268360 0.375094
vt 0.270757 0.383424
vt 0.273121 0.392473
vt 0.270987 0.394546
vt 0.268638 0.396718
vt 0.270390 0.372804
vt 0.272752 0.381620
vt 0.272389 0.370799
vt 0.274690 0.379940
vt 0.276902 0.388884
vt 0.275010 0.390625
vt 0.274686 0.369405
vt 0.276836 0.378242
vt 0.277212 0.368294
vt 0.279160 0.376607
vt 0.281364 0.385433
vt 0.279036 0.387123
vt 0.281632 0.375109
vt 0.283831 0.383910
vt 0.279895 0.367122
vt 0.282738 0.365909
vt 0.284269 0.373756
vt 0.286444 0.382560
vt 0.285713 0.364679
vt 0.287074 0.372573
vt 0.288794 0.363481
vt 0.290045 0.371587
vt 0.292090 0.380473
vt 0.289198 0.381404
vt 0.291961 0.362383
vt 0.293197 0.370842
vt 0.295100 0.361648
vt 0.296345 0.370366
vt 0.298091 0.379319
vt 0.295108 0.379766
vt 0.298096 0.361519
vt 0.299284 0.370201
vt 0.301415 0.361869
vt 0.302458 0.370388
vt 0.303813 0.379335
vt 0.300853 0.379166
vt 0.305541 0.362570
vt 0.306351 0.370980
vt 0.309797 0.363522
vt 0.310349 0.371853
vt 0.311113 0.380628
vt 0.307426 0.379852
vt 0.313784 0.372864
vt 0.314250 0.381554
vt 0.313468 0.364614
vt 0.316795 0.365851
vt 0.316883 0.374014
vt 0.317058 0.382621
vt 0.320006 0.367243
vt 0.319860 0.375315
vt 0.323118 0.368767
vt 0.322727 0.376741
vt 0.322330 0.385183
vt 0.319745 0.383838
vt 0.326154 0.370399
vt 0.325504 0.378272
vt 0.329114 0.372137
vt 0.328204 0.379904
vt 0.327303 0.388182
vt 0.324837 0.386634
vt 0.330906 0.381651
vt 0.329852 0.389838
vt 0.332037 0.373996
vt 0.334941 0.375798
vt 0.333643 0.383345
vt 0.332471 0.391462
vt 0.338115 0.377446
vt 0.336599 0.384853
vt 0.341640 0.379048
vt 0.339809 0.386275
vt 0.338102 0.394256
vt 0.335210 0.392910
vt 0.345306 0.380615
vt 0.343133 0.387660
vt 0.349250 0.382194
vt 0.346712 0.389015
vt 0.344277 0.396790
vt 0.341061 0.395575
vt 0.353601 0.383794
vt 0.350729 0.390356
vt 0.357932 0.385291
vt 0.354763 0.391580
vt 0.351605 0.398917
vt 0.347917 0.397941
vt 0.358394 0.392562
vt 0.354954 0.399582
vt 0.361810 0.386574
vt 0.365358 0.387740
vt 0.361749 0.393370
vt 0.358084 0.399970
vt 0.272394 0.415393
vt 0.274737 0.413687
vt 0.276016 0.419322
vt 0.273511 0.420611
vt 0.276991 0.411948
vt 0.278352 0.417898
vt 0.279792 0.422296
vt 0.277505 0.423483
vt 0.275015 0.424509
vt 0.279084 0.410281
vt 0.280457 0.416449
vt 0.281221 0.408605
vt 0.282530 0.414910
vt 0.283709 0.419689
vt 0.281798 0.421052
vt 0.283579 0.406828
vt 0.284759 0.413224
vt 0.286055 0.405061
vt 0.287066 0.411512
vt 0.287725 0.416551
vt 0.285704 0.418152
vt 0.289366 0.409886
vt 0.289715 0.414987
vt 0.288553 0.403427
vt 0.291085 0.401951
vt 0.291685 0.408380
vt 0.291717 0.413500
vt 0.293663 0.400663
vt 0.294052 0.407030
vt 0.296307 0.399558
vt 0.296497 0.405860
vt 0.295924 0.410907
vt 0.293774 0.412128
vt 0.299028 0.398673
vt 0.299043 0.404898
vt 0.301660 0.398157
vt 0.301536 0.404612
vt 0.300601 0.409734
vt 0.298190 0.409871
vt 0.304030 0.398153
vt 0.303855 0.405438
vt 0.306529 0.398376
vt 0.306210 0.406377
vt 0.306826 0.413372
vt 0.303216 0.411163
vt 0.309501 0.398575
vt 0.308757 0.406482
vt 0.312467 0.398903
vt 0.311301 0.406398
vt 0.311239 0.411732
vt 0.309280 0.412124
vt 0.313683 0.406720
vt 0.313334 0.411902
vt 0.314984 0.399471
vt 0.317209 0.400253
vt 0.315908 0.407410
vt 0.315482 0.412496
vt 0.319280 0.401232
vt 0.317970 0.408433
vt 0.321269 0.402260
vt 0.320016 0.409260
vt 0.319154 0.415379
vt 0.317451 0.413554
vt 0.323246 0.403199
vt 0.322203 0.409356
vt 0.325189 0.404234
vt 0.324340 0.409542
vt 0.323679 0.414057
vt 0.321471 0.414389
vt 0.326372 0.410630
vt 0.325799 0.414964
vt 0.327214 0.405580
vt 0.329289 0.407076
vt 0.328364 0.412137
vt 0.327838 0.416464
vt 0.331330 0.408513
vt 0.330283 0.413589
vt 0.333410 0.409893
vt 0.332216 0.414986
vt 0.331686 0.419322
vt 0.329770 0.417914
vt 0.335620 0.411164
vt 0.334240 0.416330
vt 0.338077 0.412399
vt 0.336520 0.417655
vt 0.335911 0.422055
vt 0.333678 0.420692
vt 0.340964 0.413625
vt 0.339242 0.418992
vt 0.343997 0.414699
vt 0.342129 0.420195
vt 0.341367 0.424720
vt 0.338566 0.423443
vt 0.344885 0.421130
vt 0.344000 0.425756
vt 0.346834 0.415436
vt 0.349598 0.415853
vt 0.347598 0.421807
vt 0.346563 0.426606
vt 0.283125 0.442223
vt 0.285022 0.441358
vt 0.288436 0.457150
vt 0.286711 0.457806
vt 0.281004 0.442990
vt 0.284821 0.458340
vt 0.286610 0.440452
vt 0.288034 0.439443
vt 0.291220 0.455493
vt 0.289898 0.456398
vt 0.289457 0.438264
vt 0.290862 0.436988
vt 0.293829 0.453124
vt 0.292539 0.454378
vt 0.296355 0.450473
vt 0.295084 0.451808
vt 0.292253 0.435682
vt 0.293689 0.434380
vt 0.295216 0.433116
vt 0.296867 0.431922
vt 0.299104 0.447913
vt 0.297683 0.449162
vt 0.298660 0.430834
vt 0.300767 0.429372
vt 0.302328 0.445442
vt 0.300639 0.446762
vt 0.303579 0.427066
vt 0.307382 0.424073
vt 0.306504 0.442334
vt 0.304331 0.443686
vt 0.309917 0.425820
vt 0.311996 0.426718
vt 0.310659 0.442497
vt 0.308619 0.442169
vt 0.314494 0.442700
vt 0.312642 0.442676
vt 0.314203 0.427191
vt 0.316328 0.427166
vt 0.318168 0.426650
vt 0.319557 0.425399
vt 0.317487 0.442926
vt 0.316153 0.442562
vt 0.320266 0.428797
vt 0.321210 0.431581
vt 0.319348 0.446340
vt 0.318400 0.444441
vt 0.322135 0.449246
vt 0.320692 0.447892
vt 0.322867 0.433532
vt 0.324755 0.435013
vt 0.326464 0.436415
vt 0.328112 0.437756
vt 0.324653 0.451816
vt 0.323421 0.450549
vt 0.329814 0.439057
vt 0.331713 0.440336
vt 0.327383 0.454301
vt 0.325932 0.453063
vt 0.333970 0.441621
vt 0.336355 0.442796
vt 0.331071 0.456700
vt 0.329152 0.455551
vt 0.334825 0.458287
vt 0.332941 0.457603
vt 0.338607 0.443734
vt 0.340802 0.444476
vt 0.287341 0.471875
vt 0.289019 0.471886
vt 0.290133 0.478962
vt 0.288726 0.478872
vt 0.290619 0.471726
vt 0.291491 0.478899
vt 0.292458 0.485910
vt 0.291326 0.485909
vt 0.290177 0.485793
vt 0.292022 0.471389
vt 0.292725 0.478679
vt 0.293330 0.470832
vt 0.293918 0.478267
vt 0.294603 0.485536
vt 0.293525 0.485791
vt 0.294644 0.470012
vt 0.295158 0.477630
vt 0.295895 0.468980
vt 0.296373 0.476803
vt 0.296962 0.484567
vt 0.295775 0.485123
vt 0.299139 0.483051
vt 0.298090 0.483871
vt 0.297503 0.475825
vt 0.298550 0.474736
vt 0.297035 0.467793
vt 0.298094 0.466507
vt 0.299115 0.465179
vt 0.299531 0.473583
vt 0.300156 0.463860
vt 0.300482 0.472411
vt 0.300983 0.481138
vt 0.300096 0.482126
vt 0.301270 0.462602
vt 0.301444 0.471265
vt 0.302432 0.461448
vt 0.302407 0.470231
vt 0.302640 0.479197
vt 0.301831 0.480132
vt 0.303606 0.460433
vt 0.303344 0.469389
vt 0.304983 0.459617
vt 0.304437 0.468685
vt 0.304262 0.477738
vt 0.303399 0.478417
vt 0.306725 0.459045
vt 0.305872 0.468065
vt 0.308551 0.458693
vt 0.307407 0.467614
vt 0.306632 0.476635
vt 0.305400 0.477112
vt 0.308875 0.476325
vt 0.307767 0.476387
vt 0.308793 0.467415
vt 0.310114 0.467420
vt 0.310188 0.458546
vt 0.311713 0.458570
vt 0.313195 0.458729
vt 0.311443 0.467587
vt 0.314630 0.459105
vt 0.312784 0.467910
vt 0.311195 0.476623
vt 0.310014 0.476406
vt 0.316022 0.459777
vt 0.314141 0.468387
vt 0.317377 0.460682
vt 0.315492 0.469057
vt 0.313649 0.477502
vt 0.312408 0.476977
vt 0.316134 0.479066
vt 0.314926 0.478234
vt 0.316841 0.469958
vt 0.318094 0.470969
vt 0.318731 0.461766
vt 0.319987 0.462931
vt 0.321032 0.464085
vt 0.319144 0.471976
vt 0.321937 0.465242
vt 0.320039 0.472994
vt 0.318031 0.480751
vt 0.317157 0.479902
vt 0.322791 0.466422
vt 0.320839 0.474034
vt 0.323704 0.467654
vt 0.321621 0.475125
vt 0.319495 0.482540
vt 0.318795 0.481623
vt 0.324832 0.468974
vt 0.322515 0.476303
vt 0.326095 0.470260
vt 0.323492 0.477461
vt 0.320991 0.484524
vt 0.320228 0.483538
vt 0.322543 0.486160
vt 0.321744 0.485389
vt 0.324474 0.478466
vt 0.325516 0.479340
vt 0.327372 0.471363
vt 0.328712 0.472303
vt 0.361630 0.379884
vt 0.365615 0.381290
vt 0.364861 0.374572
vt 0.368933 0.375979
vt 0.372764 0.377272
vt 0.369298 0.382638
vt 0.355695 0.371156
vt 0.360349 0.372947
vt 0.357203 0.378282
vt 0.352704 0.376552
vt 0.346793 0.367182
vt 0.351159 0.369246
vt 0.348463 0.374779
vt 0.344376 0.372947
vt 0.338742 0.362681
vt 0.342605 0.364968
vt 0.340509 0.371058
vt 0.336992 0.369129
vt 0.330237 0.364996
vt 0.333663 0.367085
vt 0.331093 0.358117
vt 0.334975 0.360403
vt 0.323627 0.353863
vt 0.327303 0.355921
vt 0.326813 0.363044
vt 0.323400 0.361217
vt 0.316576 0.350347
vt 0.320083 0.351998
vt 0.319999 0.359524
vt 0.316564 0.357989
vt 0.309226 0.355445
vt 0.313057 0.356634
vt 0.309127 0.347663
vt 0.313013 0.348914
vt 0.300313 0.345472
vt 0.304644 0.346525
vt 0.304808 0.354403
vt 0.300553 0.353478
vt 0.293745 0.343372
vt 0.296892 0.344442
vt 0.297225 0.352641
vt 0.294457 0.352569
vt 0.288634 0.349716
vt 0.291391 0.347205
vt 0.291676 0.353930
vt 0.288705 0.355862
vt 0.281673 0.352818
vt 0.285346 0.351698
vt 0.285440 0.357462
vt 0.282015 0.358648
vt 0.275319 0.359559
vt 0.278588 0.359351
vt 0.274198 0.352269
vt 0.277872 0.353002
vt 0.267474 0.348076
vt 0.270901 0.350691
vt 0.272368 0.359260
vt 0.269825 0.359944
vt 0.263027 0.359834
vt 0.265167 0.354338
vt 0.267770 0.363174
vt 0.265761 0.367104
vt 0.257044 0.365489
vt 0.260267 0.363204
vt 0.263195 0.369914
vt 0.260210 0.372224
vt 0.861481 0.799544
vt 0.862837 0.799375
vt 0.863681 0.798883
vt 0.864149 0.798079
vt 0.864532 0.797302
vt 0.865257 0.796102
vt 0.864890 0.796670
vt 0.701571 0.800452
vt 0.702151 0.800912
vt 0.704619 0.800320
vt 0.373919 0.341716
vt 0.378474 0.343060
vt 0.375402 0.334244
vt 0.379402 0.335075
vt 0.384700 0.336500
vt 0.382834 0.344556
vt 0.367811 0.330320
vt 0.371459 0.332630
vt 0.368914 0.339679
vt 0.363955 0.337111
vt 0.362310 0.324120
vt 0.364715 0.327434
vt 0.359463 0.334234
vt 0.355678 0.331200
vt 0.357928 0.315503
vt 0.360662 0.320524
vt 0.352705 0.328022
vt 0.349235 0.325243
vt 0.338490 0.321403
vt 0.344012 0.323208
vt 0.341365 0.313567
vt 0.348056 0.314462
vt 0.332795 0.309689
vt 0.336627 0.311798
vt 0.334212 0.319181
vt 0.330542 0.316896
vt 0.325368 0.306061
vt 0.329077 0.307785
vt 0.327067 0.314901
vt 0.323614 0.313133
vt 0.315890 0.310040
vt 0.320002 0.311541
vt 0.317333 0.303071
vt 0.321566 0.304503
vt 0.307057 0.300934
vt 0.312303 0.301741
vt 0.310954 0.308544
vt 0.305526 0.308021
vt 0.297721 0.301673
vt 0.302287 0.301074
vt 0.299927 0.309530
vt 0.294785 0.311237
vt 0.288163 0.302856
vt 0.293027 0.302171
vt 0.290484 0.311109
vt 0.286215 0.310390
vt 0.288208 0.319322
vt 0.284349 0.317208
vt 0.278134 0.305806
vt 0.283166 0.304053
vt 0.281545 0.310458
vt 0.276709 0.311514
vt 0.280012 0.316065
vt 0.275667 0.316715
vt 0.267860 0.321123
vt 0.267914 0.316347
vt 0.272084 0.313548
vt 0.271471 0.318433
vt 0.268524 0.310966
vt 0.273211 0.308146
vt 0.259763 0.317020
vt 0.264060 0.314050
vt 0.264404 0.319660
vt 0.260990 0.322739
vt 0.265184 0.324458
vt 0.250804 0.322382
vt 0.255611 0.319682
vt 0.256839 0.325247
vt 0.252007 0.327823
vt 0.236102 0.329549
vt 0.244717 0.325399
vt 0.246811 0.330649
vt 0.242167 0.333415
vt 0.759482 0.714886
vt 0.763675 0.714876
vt 0.763126 0.717750
vt 0.759515 0.718307
vt 0.766793 0.715019
vt 0.766795 0.717143
vt 0.748881 0.718521
vt 0.754287 0.717231
vt 0.755188 0.719406
vt 0.750824 0.720582
vt 0.766821 0.715205
vt 0.769679 0.714370
vt 0.770165 0.717152
vt 0.773159 0.713721
vt 0.773675 0.716731
vt 0.776353 0.713035
vt 0.777260 0.716315
vt 0.779423 0.712501
vt 0.780839 0.715804
vt 0.782256 0.711801
vt 0.784389 0.715079
vt 0.785401 0.710366
vt 0.787876 0.714085
vt 0.790518 0.710609
vt 0.792048 0.712728
vt 0.795168 0.708766
vt 0.795934 0.710938
vt 0.800368 0.704560
vt 0.799702 0.708548
vt 0.804075 0.702683
vt 0.803760 0.706209
vt 0.807138 0.700951
vt 0.807194 0.704395
vt 0.810414 0.699371
vt 0.810793 0.702772
vt 0.813884 0.697976
vt 0.814560 0.701444
vt 0.817571 0.697067
vt 0.818460 0.700531
vt 0.821368 0.696604
vt 0.822413 0.700098
vt 0.735384 0.724856
vt 0.738337 0.722396
vt 0.742017 0.724201
vt 0.738796 0.726468
vt 0.741722 0.719871
vt 0.745477 0.722350
vt 0.764010 0.731200
vt 0.767561 0.730774
vt 0.772322 0.742486
vt 0.769193 0.742582
vt 0.771197 0.730365
vt 0.775503 0.742363
vt 0.778713 0.754201
vt 0.775983 0.754167
vt 0.773306 0.754113
vt 0.755637 0.732573
vt 0.759781 0.731799
vt 0.765437 0.742704
vt 0.761651 0.743005
vt 0.770154 0.754085
vt 0.766953 0.754242
vt 0.774887 0.729947
vt 0.778720 0.742190
vt 0.778574 0.729514
vt 0.781934 0.741969
vt 0.784323 0.754095
vt 0.781489 0.754189
vt 0.782201 0.729054
vt 0.785107 0.741660
vt 0.785740 0.728431
vt 0.788197 0.740872
vt 0.789904 0.752748
vt 0.787167 0.753570
vt 0.789127 0.727540
vt 0.791246 0.739987
vt 0.792382 0.726538
vt 0.794218 0.738970
vt 0.795372 0.750981
vt 0.792636 0.751897
vt 0.796151 0.725046
vt 0.797654 0.737528
vt 0.799652 0.723236
vt 0.800848 0.735731
vt 0.801619 0.748215
vt 0.798576 0.749752
vt 0.802937 0.721136
vt 0.803730 0.733601
vt 0.804316 0.746275
vt 0.806143 0.718916
vt 0.806548 0.731277
vt 0.808969 0.717111
vt 0.809222 0.729315
vt 0.809622 0.741929
vt 0.806948 0.744013
vt 0.812071 0.715434
vt 0.812314 0.727429
vt 0.815384 0.714024
vt 0.815718 0.725801
vt 0.816080 0.737695
vt 0.812726 0.739747
vt 0.818810 0.713005
vt 0.819276 0.724626
vt 0.822310 0.712383
vt 0.822943 0.723911
vt 0.823105 0.735122
vt 0.819529 0.736124
vt 0.744602 0.736817
vt 0.747704 0.735155
vt 0.753854 0.745080
vt 0.750536 0.746624
vt 0.750853 0.733878
vt 0.757092 0.743890
vt 0.763053 0.754911
vt 0.760068 0.756196
vt 0.756828 0.757636
vt 0.777573 0.764564
vt 0.775012 0.764555
vt 0.780184 0.764594
vt 0.781698 0.774985
vt 0.779223 0.774923
vt 0.776768 0.774877
vt 0.772043 0.764399
vt 0.769064 0.764028
vt 0.772573 0.773754
vt 0.768086 0.771710
vt 0.782834 0.764613
vt 0.785677 0.764259
vt 0.787581 0.775228
vt 0.784183 0.775038
vt 0.788558 0.762812
vt 0.791292 0.761211
vt 0.793385 0.767668
vt 0.790798 0.770540
vt 0.793874 0.759909
vt 0.796537 0.758809
vt 0.798329 0.764076
vt 0.795878 0.765717
vt 0.799477 0.757260
vt 0.802320 0.755513
vt 0.803832 0.759660
vt 0.801106 0.761950
vt 0.805055 0.753417
vt 0.806578 0.756948
vt 0.807825 0.750969
vt 0.810636 0.748482
vt 0.811926 0.751075
vt 0.809309 0.753918
vt 0.813658 0.745907
vt 0.816659 0.743564
vt 0.817196 0.746396
vt 0.814629 0.748503
vt 0.819547 0.741832
vt 0.822505 0.740737
vt 0.821865 0.743853
vt 0.819471 0.744864
vt 0.762591 0.764063
vt 0.759766 0.764830
vt 0.765402 0.763688
vt 0.765142 0.770165
vt 0.762342 0.769378
vt 0.759852 0.768981
vt 0.756748 0.725558
vt 0.752483 0.726571
vt 0.761135 0.724725
vt 0.747640 0.728168
vt 0.744569 0.729687
vt 0.741668 0.731536
vt 0.818579 0.706655
vt 0.815135 0.707608
vt 0.822041 0.706061
vt 0.811755 0.708917
vt 0.808509 0.710481
vt 0.805443 0.712191
vt 0.801872 0.714341
vt 0.798293 0.716449
vt 0.794559 0.718237
vt 0.790583 0.719706
vt 0.787195 0.720693
vt 0.783657 0.721554
vt 0.779976 0.722194
vt 0.776192 0.722742
vt 0.772364 0.723245
vt 0.768541 0.723679
vt 0.764806 0.724140
vt 0.783680 0.820042
vt 0.784648 0.820276
vt 0.781558 0.824670
vt 0.781161 0.823750
vt 0.785582 0.820705
vt 0.782101 0.825495
vt 0.776496 0.825757
vt 0.777195 0.825012
vt 0.777880 0.824312
vt 0.781555 0.818399
vt 0.782668 0.819311
vt 0.780961 0.822197
vt 0.780874 0.820556
vt 0.778466 0.822787
vt 0.778700 0.820994
vt 0.786644 0.820468
vt 0.788980 0.823462
vt 0.788783 0.824676
vt 0.787357 0.818504
vt 0.788529 0.820517
vt 0.790887 0.820369
vt 0.791879 0.823222
vt 0.793064 0.823921
vt 0.793447 0.773272
vt 0.790827 0.777393
vt 0.796056 0.769942
vt 0.802522 0.770100
vt 0.799381 0.773513
vt 0.795869 0.777722
vt 0.798525 0.767532
vt 0.800868 0.765678
vt 0.806896 0.766233
vt 0.804882 0.767759
vt 0.803530 0.763575
vt 0.806133 0.761403
vt 0.811872 0.763572
vt 0.809402 0.764830
vt 0.808754 0.758837
vt 0.814296 0.762032
vt 0.811319 0.756039
vt 0.813623 0.753525
vt 0.818361 0.758276
vt 0.816548 0.760131
vt 0.815852 0.751195
vt 0.817920 0.749173
vt 0.821387 0.754248
vt 0.819974 0.756270
vt 0.819675 0.747471
vt 0.821296 0.745930
vt 0.823353 0.750205
vt 0.822523 0.752229
vt 0.760246 0.771838
vt 0.758152 0.770594
vt 0.762804 0.773129
vt 0.756941 0.774777
vt 0.754619 0.773190
vt 0.752926 0.771605
vt 0.765848 0.774774
vt 0.760381 0.776606
vt 0.746796 0.782365
vt 0.747162 0.784130
vt 0.744310 0.785482
vt 0.743814 0.783934
vt 0.746216 0.780669
vt 0.743249 0.782448
vt 0.745177 0.778822
vt 0.742445 0.780756
vt 0.743876 0.777215
vt 0.741510 0.779148
vt 0.817473 0.778696
vt 0.818141 0.776912
vt 0.821141 0.778335
vt 0.820235 0.779689
vt 0.817246 0.780512
vt 0.819384 0.780989
vt 0.819112 0.775184
vt 0.820248 0.773570
vt 0.823173 0.775697
vt 0.822122 0.776988
vt 0.821477 0.772147
vt 0.822752 0.770935
vt 0.825349 0.773374
vt 0.824271 0.774501
vt 0.824379 0.769679
vt 0.825952 0.768533
vt 0.828035 0.770791
vt 0.826696 0.772058
vt 0.827481 0.767312
vt 0.829407 0.769506
vt 0.828941 0.766014
vt 0.830136 0.764876
vt 0.831959 0.767126
vt 0.830786 0.768216
vt 0.831308 0.763708
vt 0.832398 0.762456
vt 0.834354 0.764950
vt 0.833152 0.766032
vt 0.833420 0.761177
vt 0.834301 0.759823
vt 0.836886 0.763071
vt 0.835599 0.763955
vt 0.741225 0.774181
vt 0.742297 0.775401
vt 0.740272 0.777319
vt 0.739393 0.776091
vt 0.740115 0.772902
vt 0.738487 0.774850
vt 0.734922 0.792236
vt 0.734485 0.790923
vt 0.734076 0.789634
vt 0.733577 0.788101
vt 0.733017 0.786582
vt 0.830184 0.786278
vt 0.829321 0.787314
vt 0.828440 0.788335
vt 0.831764 0.784131
vt 0.830992 0.785205
vt 0.833249 0.782017
vt 0.832515 0.783069
vt 0.835120 0.779401
vt 0.834165 0.780698
vt 0.836183 0.778089
vt 0.838378 0.775780
vt 0.837333 0.776822
vt 0.840592 0.773831
vt 0.839478 0.774768
vt 0.842847 0.772411
vt 0.841705 0.773041
vt 0.732238 0.784821
vt 0.731627 0.783680
vt 0.730950 0.782565
vt 0.760166 0.779957
vt 0.753561 0.779028
vt 0.751867 0.777190
vt 0.759406 0.783087
vt 0.754516 0.781300
vt 0.748766 0.775027
vt 0.747031 0.773520
vt 0.745679 0.771936
vt 0.828524 0.756865
vt 0.827545 0.758673
vt 0.829175 0.754953
vt 0.826352 0.760398
vt 0.824945 0.761984
vt 0.823453 0.763456
vt 0.821543 0.764953
vt 0.819478 0.766163
vt 0.817334 0.767173
vt 0.815135 0.768325
vt 0.813445 0.769593
vt 0.811619 0.771438
vt 0.809430 0.774043
vt 0.807715 0.776593
vt 0.802692 0.780716
vt 0.801103 0.779559
vt 0.807733 0.778429
vt 0.808661 0.780051
vt 0.758726 0.784824
vt 0.754679 0.783157
vt 0.758254 0.786566
vt 0.754942 0.785019
vt 0.344685 0.301564
vt 0.351139 0.303233
vt 0.350053 0.308182
vt 0.343258 0.307203
vt 0.360857 0.305910
vt 0.360136 0.309982
vt 0.335541 0.297884
vt 0.339728 0.299734
vt 0.338346 0.305516
vt 0.334338 0.303546
vt 0.327389 0.294676
vt 0.331456 0.296200
vt 0.330421 0.301751
vt 0.326512 0.300119
vt 0.318702 0.292127
vt 0.323255 0.293323
vt 0.322533 0.298655
vt 0.318143 0.297332
vt 0.307880 0.290492
vt 0.313313 0.291110
vt 0.312938 0.296158
vt 0.307685 0.295369
vt 0.298669 0.290856
vt 0.303232 0.290425
vt 0.303199 0.295162
vt 0.298770 0.295466
vt 0.288138 0.293109
vt 0.293540 0.291762
vt 0.293799 0.296238
vt 0.288546 0.297450
vt 0.277344 0.297000
vt 0.282711 0.294863
vt 0.283304 0.299088
vt 0.278104 0.301148
vt 0.267052 0.302286
vt 0.272099 0.299498
vt 0.273015 0.303630
vt 0.268101 0.306459
vt 0.257742 0.308178
vt 0.262227 0.305263
vt 0.263342 0.309491
vt 0.258828 0.312429
vt 0.249183 0.313819
vt 0.253720 0.310853
vt 0.254724 0.315093
vt 0.250021 0.317909
vt 0.234673 0.325396
vt 0.243881 0.321269
vt 0.234231 0.322069
vt 0.243308 0.317513
vt 0.352281 0.298225
vt 0.346025 0.295851
vt 0.361691 0.301832
vt 0.341061 0.293900
vt 0.336757 0.292185
vt 0.332567 0.290615
vt 0.328400 0.289196
vt 0.324163 0.287951
vt 0.319489 0.286879
vt 0.313945 0.286021
vt 0.308339 0.285574
vt 0.303534 0.285655
vt 0.298808 0.286225
vt 0.293514 0.287288
vt 0.287891 0.288779
vt 0.282262 0.290656
vt 0.276689 0.292872
vt 0.271241 0.295400
vt 0.266006 0.298177
vt 0.261031 0.301128
vt 0.256464 0.304036
vt 0.252418 0.306726
vt 0.247964 0.309839
vt 0.242283 0.313885
vt 0.233431 0.318980
vt 0.710597 0.804833
vt 0.715031 0.808543
vt 0.707702 0.821995
vt 0.703859 0.821206
vt 0.718995 0.809961
vt 0.711587 0.822972
vt 0.707467 0.836671
vt 0.703777 0.835909
vt 0.700128 0.835290
vt 0.609711 0.786218
vt 0.614016 0.786109
vt 0.612593 0.800880
vt 0.608537 0.800991
vt 0.618341 0.786105
vt 0.616694 0.800943
vt 0.615684 0.816038
vt 0.611853 0.815942
vt 0.608024 0.815955
vt 0.622626 0.786179
vt 0.620769 0.801200
vt 0.626763 0.786338
vt 0.624753 0.801654
vt 0.623134 0.816707
vt 0.619461 0.816287
vt 0.630660 0.786610
vt 0.628591 0.802308
vt 0.635033 0.785136
vt 0.632270 0.803139
vt 0.630019 0.818083
vt 0.626663 0.817303
vt 0.638837 0.788720
vt 0.635773 0.804151
vt 0.642122 0.789885
vt 0.639149 0.805281
vt 0.636328 0.820088
vt 0.633228 0.819016
vt 0.656299 0.793827
vt 0.659679 0.797896
vt 0.656158 0.812086
vt 0.652582 0.810660
vt 0.663010 0.799436
vt 0.659831 0.813472
vt 0.655884 0.828637
vt 0.652280 0.827146
vt 0.648848 0.825594
vt 0.666542 0.800820
vt 0.663590 0.814746
vt 0.670156 0.801963
vt 0.667404 0.815849
vt 0.663572 0.831118
vt 0.659660 0.829983
vt 0.673720 0.802846
vt 0.671234 0.816763
vt 0.677178 0.803399
vt 0.675034 0.817497
vt 0.671523 0.832669
vt 0.667553 0.832011
vt 0.680508 0.803603
vt 0.678778 0.818059
vt 0.685198 0.801389
vt 0.682416 0.818580
vt 0.679102 0.833520
vt 0.675379 0.833171
vt 0.700649 0.804993
vt 0.704408 0.805542
vt 0.700123 0.820580
vt 0.696490 0.820091
vt 0.696552 0.834813
vt 0.693050 0.834456
vt 0.648632 0.792409
vt 0.651894 0.793725
vt 0.649128 0.809213
vt 0.645763 0.807829
vt 0.645570 0.824066
vt 0.642437 0.822625
vt 0.689792 0.803581
vt 0.685971 0.818961
vt 0.693344 0.804048
vt 0.689462 0.819330
vt 0.686160 0.833976
vt 0.682686 0.833771
vt 0.645380 0.791122
vt 0.642456 0.806513
vt 0.639376 0.821294
vt 0.696961 0.804508
vt 0.692951 0.819691
vt 0.689603 0.834190
vt 0.701718 0.844834
vt 0.698280 0.844031
vt 0.705222 0.845728
vt 0.702531 0.852955
vt 0.699199 0.851829
vt 0.695929 0.850744
vt 0.611415 0.826230
vt 0.607764 0.826324
vt 0.615039 0.826216
vt 0.614966 0.834359
vt 0.611479 0.834599
vt 0.607973 0.834925
vt 0.618588 0.826308
vt 0.622021 0.826517
vt 0.621687 0.834074
vt 0.618382 0.834187
vt 0.625306 0.826845
vt 0.628437 0.827294
vt 0.627894 0.834038
vt 0.624856 0.834022
vt 0.631429 0.827865
vt 0.634326 0.828562
vt 0.633731 0.834387
vt 0.630822 0.834136
vt 0.649793 0.834217
vt 0.646369 0.832858
vt 0.653487 0.835571
vt 0.653494 0.838932
vt 0.649667 0.837871
vt 0.646079 0.836877
vt 0.657446 0.836832
vt 0.661605 0.837932
vt 0.661611 0.841091
vt 0.657508 0.840017
vt 0.665851 0.838852
vt 0.670059 0.839613
vt 0.669644 0.843178
vt 0.665690 0.842145
vt 0.674116 0.840247
vt 0.677961 0.840774
vt 0.676959 0.845140
vt 0.673407 0.844180
vt 0.694922 0.843332
vt 0.691629 0.842729
vt 0.692740 0.849718
vt 0.689624 0.848752
vt 0.643188 0.831582
vt 0.640144 0.830412
vt 0.642736 0.836010
vt 0.639601 0.835293
vt 0.681602 0.841255
vt 0.685062 0.841717
vt 0.683460 0.846937
vt 0.680277 0.846031
vt 0.637215 0.829409
vt 0.636622 0.834758
vt 0.688364 0.842201
vt 0.686550 0.847834
vt 0.695067 0.860011
vt 0.692032 0.858806
vt 0.698192 0.861224
vt 0.692578 0.871537
vt 0.689743 0.870182
vt 0.687010 0.868852
vt 0.611960 0.844173
vt 0.608641 0.844832
vt 0.615307 0.843569
vt 0.616819 0.854614
vt 0.613635 0.855387
vt 0.610511 0.856161
vt 0.618629 0.843008
vt 0.621887 0.842486
vt 0.623210 0.853111
vt 0.620022 0.853851
vt 0.625058 0.842016
vt 0.628147 0.841614
vt 0.629501 0.851796
vt 0.626378 0.852418
vt 0.631222 0.841342
vt 0.634273 0.841158
vt 0.635628 0.850864
vt 0.632565 0.851259
vt 0.651377 0.843021
vt 0.647630 0.842254
vt 0.655208 0.843988
vt 0.655160 0.852875
vt 0.651827 0.851942
vt 0.648471 0.851254
vt 0.659028 0.845140
vt 0.662737 0.846436
vt 0.661535 0.855332
vt 0.658413 0.854022
vt 0.666262 0.847816
vt 0.669569 0.849221
vt 0.667300 0.858226
vt 0.664496 0.856742
vt 0.672653 0.850591
vt 0.675545 0.851897
vt 0.672440 0.861107
vt 0.669940 0.859690
vt 0.689113 0.857630
vt 0.686309 0.856488
vt 0.684399 0.867554
vt 0.681907 0.866282
vt 0.644039 0.841690
vt 0.640629 0.841320
vt 0.645148 0.850817
vt 0.641895 0.850620
vt 0.678294 0.853122
vt 0.680946 0.854250
vt 0.677179 0.863770
vt 0.674836 0.862464
vt 0.637389 0.841147
vt 0.638727 0.850644
vt 0.683602 0.855371
vt 0.679515 0.865027
vt 0.682700 0.883120
vt 0.680259 0.881731
vt 0.685210 0.884546
vt 0.677282 0.899782
vt 0.675024 0.898509
vt 0.672861 0.897194
vt 0.616298 0.869388
vt 0.613397 0.869937
vt 0.619233 0.868826
vt 0.620477 0.886047
vt 0.617886 0.886358
vt 0.615282 0.886592
vt 0.622154 0.868266
vt 0.625034 0.867721
vt 0.625533 0.885239
vt 0.623044 0.885676
vt 0.627828 0.867219
vt 0.630540 0.866784
vt 0.630124 0.884183
vt 0.627889 0.884726
vt 0.633174 0.866438
vt 0.635751 0.866200
vt 0.634443 0.883232
vt 0.632277 0.883658
vt 0.648841 0.867160
vt 0.646138 0.866659
vt 0.651568 0.867833
vt 0.648195 0.883741
vt 0.645814 0.883291
vt 0.643470 0.882996
vt 0.654291 0.868665
vt 0.656977 0.869635
vt 0.652891 0.885105
vt 0.650555 0.884335
vt 0.659596 0.870712
vt 0.662115 0.871835
vt 0.657358 0.887133
vt 0.655178 0.886076
vt 0.664531 0.873004
vt 0.666850 0.874194
vt 0.661328 0.889258
vt 0.659387 0.888162
vt 0.677907 0.880386
vt 0.675639 0.879086
vt 0.670803 0.895859
vt 0.668842 0.894521
vt 0.643479 0.866309
vt 0.640872 0.866123
vt 0.641219 0.882889
vt 0.638992 0.882902
vt 0.669084 0.875392
vt 0.671267 0.876600
vt 0.665109 0.891864
vt 0.663239 0.890525
vt 0.638305 0.866091
vt 0.636710 0.882997
vt 0.673438 0.877828
vt 0.666958 0.893192
vt 0.668205 0.915711
vt 0.666308 0.914331
vt 0.670267 0.916860
vt 0.664576 0.931919
vt 0.663086 0.929406
vt 0.661349 0.927932
vt 0.618373 0.904903
vt 0.616024 0.905041
vt 0.620690 0.904514
vt 0.620766 0.918261
vt 0.618728 0.918834
vt 0.616532 0.921133
vt 0.622981 0.903933
vt 0.625159 0.903099
vt 0.624684 0.916166
vt 0.622798 0.917408
vt 0.627074 0.901945
vt 0.628783 0.900602
vt 0.627369 0.912373
vt 0.626169 0.914418
vt 0.630422 0.899215
vt 0.632328 0.898052
vt 0.630285 0.908488
vt 0.628560 0.910256
vt 0.643791 0.896274
vt 0.641486 0.896253
vt 0.646141 0.896560
vt 0.644635 0.906751
vt 0.642299 0.905496
vt 0.639998 0.905641
vt 0.648387 0.897054
vt 0.650569 0.897933
vt 0.649149 0.908278
vt 0.647181 0.906244
vt 0.652672 0.899299
vt 0.654527 0.900760
vt 0.652656 0.912234
vt 0.651153 0.908974
vt 0.656016 0.901948
vt 0.657376 0.903294
vt 0.654570 0.914884
vt 0.654025 0.912218
vt 0.664578 0.912764
vt 0.663004 0.911055
vt 0.659847 0.926111
vt 0.658622 0.924006
vt 0.639396 0.896522
vt 0.637249 0.896942
vt 0.638001 0.906144
vt 0.635667 0.908029
vt 0.658800 0.905208
vt 0.660194 0.907308
vt 0.656892 0.919109
vt 0.655942 0.916308
vt 0.634758 0.897375
vt 0.632879 0.907467
vt 0.661559 0.909245
vt 0.657696 0.921669
vt 0.244742 0.067374
vt 0.243935 0.065226
vt 0.246743 0.065099
vt 0.247389 0.066781
vt 0.244117 0.063787
vt 0.246228 0.063828
vt 0.246825 0.060111
vt 0.248842 0.057680
vt 0.249222 0.060429
vt 0.247914 0.061589
vt 0.250794 0.056880
vt 0.250633 0.059898
vt 0.252876 0.056173
vt 0.252053 0.059266
vt 0.254978 0.055351
vt 0.253653 0.058510
vt 0.256980 0.054234
vt 0.255159 0.057491
vt 0.259115 0.053203
vt 0.256889 0.056597
vt 0.261461 0.052557
vt 0.258909 0.056050
vt 0.263949 0.052592
vt 0.260979 0.055990
vt 0.272495 0.058663
vt 0.273257 0.060870
vt 0.267036 0.061234
vt 0.266490 0.059729
vt 0.272457 0.063363
vt 0.267536 0.063068
vt 0.272752 0.065965
vt 0.267322 0.064929
vt 0.270717 0.067848
vt 0.266214 0.066157
vt 0.049210 0.028711
vt 0.050237 0.028890
vt 0.050888 0.031508
vt 0.049806 0.030664
vt 0.051293 0.029389
vt 0.051612 0.031331
vt 0.054334 0.029408
vt 0.055493 0.028717
vt 0.056859 0.033465
vt 0.055832 0.033622
vt 0.057596 0.030417
vt 0.057580 0.034307
vt 0.247788 0.070899
vt 0.246008 0.069320
vt 0.248362 0.068261
vt 0.249732 0.069421
vt 0.268464 0.055757
vt 0.271254 0.056974
vt 0.265543 0.058650
vt 0.264488 0.057571
vt 0.257329 0.073354
vt 0.255712 0.073440
vt 0.256064 0.071221
vt 0.257400 0.071670
vt 0.253024 0.072846
vt 0.253989 0.070813
vt 0.266580 0.053626
vt 0.262874 0.056574
vt 0.250251 0.072050
vt 0.251738 0.070268
vt 0.672024 0.063069
vt 0.673611 0.063221
vt 0.672423 0.065504
vt 0.670803 0.065159
vt 0.670624 0.062769
vt 0.669784 0.064738
vt 0.676190 0.065053
vt 0.676098 0.065098
vt 0.675163 0.063723
vt 0.676596 0.064044
vt 0.675501 0.066276
vt 0.674133 0.065860
vt 0.635253 0.054977
vt 0.637209 0.055260
vt 0.637152 0.057139
vt 0.635410 0.056975
vt 0.633385 0.055220
vt 0.634150 0.056929
vt 0.639219 0.055631
vt 0.641166 0.056007
vt 0.640960 0.057990
vt 0.639023 0.057534
vt 0.648731 0.057665
vt 0.650481 0.057939
vt 0.650747 0.060416
vt 0.649119 0.060042
vt 0.647379 0.057280
vt 0.647742 0.059484
vt 0.652144 0.058584
vt 0.653732 0.058896
vt 0.653815 0.061191
vt 0.652291 0.060759
vt 0.655776 0.059303
vt 0.657564 0.059632
vt 0.656728 0.061705
vt 0.655411 0.061665
vt 0.658364 0.060232
vt 0.659489 0.060408
vt 0.659275 0.062377
vt 0.657720 0.062050
vt 0.669204 0.062409
vt 0.668477 0.064647
vt 0.667632 0.062003
vt 0.666826 0.064256
vt 0.646075 0.057055
vt 0.646579 0.059386
vt 0.644743 0.056672
vt 0.644804 0.058940
vt 0.661752 0.060912
vt 0.663980 0.061337
vt 0.663093 0.063349
vt 0.661132 0.062851
vt 0.643001 0.056403
vt 0.642905 0.058459
vt 0.665916 0.061677
vt 0.665007 0.063824
vt 0.028712 0.028718
vt 0.028712 0.028718
vt 0.028712 0.028718
vt 0.028712 0.028718
vt 0.028712 0.028718
vt 0.028712 0.028718
vt 0.028712 0.028718
vt 0.028712 0.028718
vt 0.028712 0.028718
vt 0.677921 0.067863
vt 0.676575 0.067416
vt 0.677631 0.065690
vt 0.678959 0.066487
vt 0.676214 0.065041
vt 0.677498 0.064761
vt 0.028712 0.028718
vt 0.028712 0.028718
vt 0.028712 0.028718
vt 0.028712 0.028718
vt 0.028712 0.028718
vt 0.028712 0.028718
vt 0.028712 0.028718
vt 0.028712 0.028718
vt 0.028712 0.028718
vt 0.028712 0.028718
vt 0.028712 0.028718
vt 0.028712 0.028718
vt 0.028712 0.028718
vt 0.028712 0.028718
vt 0.028712 0.028718
vt 0.028712 0.028718
vt 0.028712 0.028718
vt 0.028712 0.028718
vt 0.028712 0.028718
vt 0.028712 0.028718
vt 0.028712 0.028718
vt 0.028712 0.028718
vt 0.028712 0.028718
vt 0.028712 0.028718
vt 0.028712 0.028718
vt 0.028712 0.028718
vt 0.028712 0.028718
vt 0.028712 0.028718
vt 0.028712 0.028718
vt 0.028712 0.028718
vt 0.028712 0.028718
vt 0.028712 0.028718
vt 0.028712 0.028718
vt 0.028712 0.028718
vt 0.028712 0.028718
vt 0.028712 0.028718
vt 0.028712 0.028718
vt 0.028712 0.028718
vt 0.028712 0.028718
vt 0.028712 0.028718
vt 0.028712 0.028718
vt 0.028712 0.028718
vt 0.028712 0.028718
vt 0.028712 0.028718
vt 0.028712 0.028718
vt 0.028712 0.028718
vt 0.028712 0.028718
vt 0.028712 0.028718
vt 0.028712 0.028718
vt 0.028712 0.028718
vt 0.028712 0.028718
vt 0.028712 0.028718
vt 0.028712 0.028718
vt 0.028712 0.028718
vt 0.028712 0.028718
vt 0.059458 0.028999
vt 0.061707 0.028712
vt 0.062932 0.034864
vt 0.060725 0.035496
vt 0.064535 0.029379
vt 0.064030 0.033918
vt 0.066670 0.028678
vt 0.066990 0.030380
vt 0.064596 0.031921
vt 0.064583 0.030550
vt 0.067397 0.031853
vt 0.064636 0.033723
vt 0.028712 0.028718
vt 0.028712 0.028718
vt 0.028712 0.028718
vt 0.028712 0.028718
vt 0.028712 0.028718
vt 0.028712 0.028718
vt 0.028712 0.028718
vt 0.028712 0.028718
vt 0.028712 0.028718
vt 0.028712 0.028718
vt 0.028712 0.028718
vt 0.028712 0.028718
vt 0.028712 0.028718
vt 0.028712 0.028718
vt 0.028712 0.028718
vt 0.028712 0.028718
vt 0.028712 0.028718
vt 0.028712 0.028718
vt 0.028712 0.028718
vt 0.028712 0.028718
vt 0.028712 0.028718
vt 0.028712 0.028718
vt 0.028712 0.028718
vt 0.028712 0.028718
vt 0.028712 0.028718
vt 0.028712 0.028718
vt 0.028712 0.028718
vt 0.028712 0.028718
vt 0.028712 0.028718
vt 0.028712 0.028718
vt 0.028712 0.028718
vt 0.028712 0.028718
vt 0.028712 0.028718
vt 0.028712 0.028718
vt 0.028712 0.028718
vt 0.028712 0.028718
vt 0.028712 0.028718
vt 0.028712 0.028718
vt 0.028712 0.028718
vt 0.028712 0.028718
vt 0.028712 0.028718
vt 0.028712 0.028718
vt 0.028712 0.028718
vt 0.028712 0.028718
vt 0.028712 0.028718
vt 0.028712 0.028718
vt 0.028712 0.028718
vt 0.028712 0.028718
vt 0.028712 0.028718
vt 0.028712 0.028718
vt 0.028712 0.028718
vt 0.028712 0.028718
vt 0.028712 0.028718
vt 0.028712 0.028718
vt 0.028712 0.028718
vt 0.028712 0.028718
vt 0.028712 0.028718
vt 0.028712 0.028718
vt 0.780374 0.782642
vt 0.778275 0.782611
vt 0.782469 0.782647
vt 0.776192 0.782608
vt 0.774110 0.782648
vt 0.772118 0.782924
vt 0.768311 0.783677
vt 0.784547 0.782650
vt 0.786605 0.782655
vt 0.788621 0.782664
vt 0.792508 0.782723
vt 0.765816 0.784799
vt 0.763545 0.786309
vt 0.796117 0.783312
vt 0.797756 0.783910
vt 0.762196 0.787470
vt 0.760928 0.788699
vt 0.721319 0.794941
vt 0.721910 0.796044
vt 0.720669 0.793856
vt 0.719843 0.792608
vt 0.719264 0.791813
vt 0.718661 0.791048
vt 0.850616 0.783459
vt 0.851224 0.782726
vt 0.849986 0.784236
vt 0.849298 0.785112
vt 0.848565 0.786024
vt 0.847784 0.786891
vt 0.846839 0.787870
vt 0.845873 0.788828
vt 0.844949 0.789717
vt 0.844052 0.790636
vt 0.843391 0.791390
vt 0.842745 0.792183
vt 0.842122 0.793030
vt 0.841534 0.793931
vt 0.840992 0.794878
vt 0.840513 0.795857
vt 0.722353 0.796994
vt 0.722752 0.797984
vt 0.728208 0.791517
vt 0.727599 0.790192
vt 0.728758 0.792854
vt 0.726782 0.788648
vt 0.726197 0.787653
vt 0.725574 0.786688
vt 0.845390 0.777949
vt 0.844514 0.778743
vt 0.846284 0.777232
vt 0.843600 0.779646
vt 0.842680 0.780612
vt 0.841791 0.781588
vt 0.840790 0.782743
vt 0.839828 0.783918
vt 0.838922 0.785057
vt 0.838031 0.786209
vt 0.837332 0.787132
vt 0.836629 0.788077
vt 0.835917 0.789048
vt 0.835192 0.790034
vt 0.834480 0.791046
vt 0.833791 0.792068
vt 0.729179 0.793983
vt 0.729584 0.795143
vt 0.778877 0.804403
vt 0.780200 0.804306
vt 0.781500 0.804271
vt 0.775010 0.805002
vt 0.777565 0.804592
vt 0.771451 0.806178
vt 0.773223 0.805476
vt 0.769269 0.807556
vt 0.770326 0.806799
vt 0.790403 0.803898
vt 0.792868 0.804002
vt 0.794104 0.804218
vt 0.786572 0.804063
vt 0.787862 0.804018
vt 0.784024 0.804197
vt 0.785284 0.804155
vt 0.782763 0.804237
vt 0.198455 0.342868
vt 0.199061 0.342264
vt 0.201909 0.343782
vt 0.202210 0.344688
vt 0.197855 0.342925
vt 0.202599 0.345201
vt 0.191893 0.344457
vt 0.196816 0.342698
vt 0.197007 0.343176
vt 0.191861 0.345011
vt 0.196983 0.343729
vt 0.192090 0.345473
vt 0.196284 0.342483
vt 0.192364 0.343914
vt 0.195846 0.341833
vt 0.192835 0.343017
vt 0.208139 0.266608
vt 0.218641 0.266374
vt 0.215912 0.269174
vt 0.208678 0.269557
vt 0.220399 0.265963
vt 0.217722 0.268990
vt 0.222387 0.266196
vt 0.219515 0.268843
vt 0.182443 0.266512
vt 0.183636 0.264919
vt 0.186102 0.268490
vt 0.184595 0.269759
vt 0.185029 0.263451
vt 0.187749 0.267272
vt 0.186571 0.262138
vt 0.189513 0.266232
vt 0.188469 0.260183
vt 0.191281 0.265511
vt 0.197945 0.259212
vt 0.197812 0.265502
vt 0.204048 0.264880
vt 0.205765 0.265978
vt 0.206641 0.269157
vt 0.204628 0.268519
vt 0.201172 0.262267
vt 0.202538 0.263605
vt 0.202760 0.267744
vt 0.201033 0.266903
vt 0.199841 0.261011
vt 0.199405 0.266101
vt 0.207835 0.281561
vt 0.213808 0.281518
vt 0.212883 0.284480
vt 0.207535 0.284357
vt 0.215304 0.281476
vt 0.214358 0.284784
vt 0.216841 0.281360
vt 0.215842 0.285271
vt 0.186355 0.282523
vt 0.187844 0.282075
vt 0.187554 0.284595
vt 0.185857 0.284520
vt 0.189368 0.281735
vt 0.189218 0.284722
vt 0.190929 0.281507
vt 0.190892 0.284950
vt 0.192519 0.281363
vt 0.192615 0.285243
vt 0.198596 0.281334
vt 0.198605 0.285535
vt 0.204674 0.281604
vt 0.206246 0.281568
vt 0.206050 0.284418
vt 0.204555 0.284562
vt 0.201628 0.281593
vt 0.203137 0.281623
vt 0.203054 0.284776
vt 0.201550 0.285039
vt 0.200124 0.281495
vt 0.200041 0.285314
vt 0.212120 0.289401
vt 0.207001 0.288855
vt 0.211528 0.293266
vt 0.206646 0.291627
vt 0.213234 0.290011
vt 0.214177 0.290962
vt 0.212564 0.295433
vt 0.212124 0.294264
vt 0.188707 0.288355
vt 0.187217 0.287988
vt 0.190191 0.288941
vt 0.191005 0.293267
vt 0.189851 0.292211
vt 0.188961 0.291022
vt 0.191805 0.289591
vt 0.193545 0.290246
vt 0.193944 0.294661
vt 0.192401 0.294097
vt 0.199653 0.290752
vt 0.199682 0.294118
vt 0.205696 0.288970
vt 0.204413 0.289151
vt 0.205147 0.291533
vt 0.203739 0.291557
vt 0.203172 0.289420
vt 0.201991 0.289795
vt 0.202511 0.291809
vt 0.201487 0.292363
vt 0.200871 0.290252
vt 0.200617 0.293209
vt 0.208702 0.307754
vt 0.204365 0.304567
vt 0.209352 0.308898
vt 0.209927 0.310002
vt 0.190248 0.309227
vt 0.189421 0.308275
vt 0.191227 0.309940
vt 0.192371 0.310331
vt 0.193624 0.310388
vt 0.198039 0.307542
vt 0.203029 0.304361
vt 0.201777 0.304467
vt 0.200675 0.304907
vt 0.199732 0.305627
vt 0.198896 0.306548
vt 0.202452 0.321696
vt 0.201450 0.321297
vt 0.200500 0.321201
vt 0.199618 0.321432
vt 0.198787 0.321946
vt 0.197965 0.322696
vt 0.197101 0.323593
vt 0.193193 0.326842
vt 0.192173 0.327165
vt 0.191222 0.327201
vt 0.190352 0.326931
vt 0.189525 0.326394
vt 0.207304 0.327487
vt 0.206653 0.326545
vt 0.205948 0.325487
vt 0.309035 0.172570
vt 0.318437 0.171529
vt 0.317305 0.155564
vt 0.327138 0.153070
vt 0.336447 0.149859
vt 0.327377 0.169986
vt 0.294073 0.157932
vt 0.305677 0.157173
vt 0.298352 0.173075
vt 0.288115 0.173377
vt 0.274733 0.157685
vt 0.284266 0.158040
vt 0.279723 0.173420
vt 0.271718 0.173177
vt 0.253026 0.157186
vt 0.264139 0.157299
vt 0.262958 0.172986
vt 0.253897 0.173032
vt 0.230516 0.158003
vt 0.241827 0.157400
vt 0.244868 0.173162
vt 0.235849 0.173559
vt 0.217849 0.175017
vt 0.226821 0.174200
vt 0.207804 0.160224
vt 0.219139 0.158985
vt 0.185777 0.163013
vt 0.196519 0.161541
vt 0.208963 0.175862
vt 0.200467 0.176820
vt 0.166527 0.167686
vt 0.176091 0.164883
vt 0.192690 0.178098
vt 0.184934 0.180084
vt 0.146423 0.177848
vt 0.156249 0.172104
vt 0.176608 0.183206
vt 0.168185 0.187280
vt 0.451450 0.190643
vt 0.458627 0.198458
vt 0.459862 0.170692
vt 0.467221 0.178812
vt 0.473374 0.187007
vt 0.464342 0.206093
vt 0.442346 0.152304
vt 0.451282 0.161498
vt 0.442519 0.182308
vt 0.432875 0.174367
vt 0.423968 0.138097
vt 0.433510 0.144380
vt 0.423058 0.167984
vt 0.412921 0.163104
vt 0.400929 0.131622
vt 0.412866 0.133765
vt 0.402422 0.159642
vt 0.391276 0.157915
vt 0.367107 0.159665
vt 0.379150 0.158133
vt 0.376964 0.134451
vt 0.388748 0.132194
vt 0.356374 0.141516
vt 0.366370 0.137589
vt 0.356295 0.162361
vt 0.346213 0.165412
vt 0.346322 0.145864
vt 0.336602 0.167960
vt 0.323169 0.137084
vt 0.333596 0.133257
vt 0.327497 0.121213
vt 0.338364 0.116420
vt 0.349303 0.110455
vt 0.343872 0.128547
vt 0.300211 0.127638
vt 0.314165 0.125156
vt 0.310595 0.140029
vt 0.297733 0.141722
vt 0.276142 0.129052
vt 0.288006 0.128745
vt 0.286682 0.142324
vt 0.275903 0.142266
vt 0.249113 0.129181
vt 0.262991 0.129084
vt 0.263874 0.142047
vt 0.251166 0.141998
vt 0.219756 0.130250
vt 0.234922 0.129530
vt 0.238225 0.142267
vt 0.225040 0.142972
vt 0.198344 0.145543
vt 0.211754 0.144122
vt 0.186558 0.133229
vt 0.203171 0.131509
vt 0.156286 0.138033
vt 0.171053 0.135366
vt 0.184482 0.147221
vt 0.170975 0.149179
vt 0.128090 0.144706
vt 0.142622 0.140774
vt 0.158695 0.151571
vt 0.146238 0.155122
vt 0.091318 0.159693
vt 0.110439 0.151200
vt 0.132185 0.160895
vt 0.120098 0.168525
vt 0.468818 0.150644
vt 0.478022 0.156432
vt 0.476365 0.133893
vt 0.487124 0.136464
vt 0.500234 0.137695
vt 0.485978 0.163869
vt 0.459657 0.122006
vt 0.466944 0.128996
vt 0.459671 0.143070
vt 0.451455 0.134480
vt 0.450538 0.101246
vt 0.454928 0.113216
vt 0.444611 0.125699
vt 0.436315 0.118201
vt 0.415995 0.090735
vt 0.432567 0.096902
vt 0.423510 0.113211
vt 0.409582 0.110886
vt 0.387314 0.113901
vt 0.397825 0.111862
vt 0.396569 0.096792
vt 0.404810 0.094570
vt 0.379975 0.092912
vt 0.388827 0.096179
vt 0.377586 0.114820
vt 0.367469 0.117004
vt 0.362641 0.102464
vt 0.355760 0.122486
vt 0.382628 0.275453
vt 0.387279 0.263453
vt 0.391426 0.264255
vt 0.385905 0.276483
vt 0.395898 0.264085
vt 0.390250 0.277679
vt 0.382821 0.263371
vt 0.378375 0.264065
vt 0.379370 0.275347
vt 0.376265 0.276223
vt 0.374230 0.265457
vt 0.370435 0.267433
vt 0.373397 0.278008
vt 0.370775 0.280514
vt 0.367019 0.269826
vt 0.362668 0.270795
vt 0.368386 0.283498
vt 0.348835 0.266209
vt 0.355954 0.268803
vt 0.343386 0.264534
vt 0.338543 0.263257
vt 0.333817 0.262100
vt 0.329117 0.261072
vt 0.319027 0.259613
vt 0.324339 0.260214
vt 0.312669 0.259410
vt 0.306272 0.259594
vt 0.300791 0.260204
vt 0.295425 0.261316
vt 0.289477 0.262845
vt 0.283298 0.264614
vt 0.277213 0.266573
vt 0.271246 0.268718
vt 0.259835 0.273595
vt 0.265429 0.271052
vt 0.254521 0.276377
vt 0.249695 0.279268
vt 0.245596 0.282176
vt 0.241880 0.286041
vt 0.237980 0.291554
vt 0.233924 0.296259
vt 0.416925 0.225886
vt 0.423504 0.231039
vt 0.429085 0.236584
vt 0.408935 0.221050
vt 0.400232 0.217140
vt 0.391672 0.214650
vt 0.383061 0.213110
vt 0.374241 0.212150
vt 0.365051 0.211645
vt 0.346161 0.212010
vt 0.355334 0.211620
vt 0.338143 0.212431
vt 0.330849 0.212777
vt 0.324170 0.213115
vt 0.317798 0.213486
vt 0.305048 0.214447
vt 0.311596 0.213912
vt 0.297628 0.215187
vt 0.290464 0.215989
vt 0.284597 0.216757
vt 0.279082 0.217607
vt 0.273095 0.218578
vt 0.266828 0.219518
vt 0.260495 0.220309
vt 0.254263 0.221176
vt 0.242186 0.224041
vt 0.248193 0.222405
vt 0.236083 0.226256
vt 0.230143 0.228702
vt 0.224754 0.231101
vt 0.219567 0.233862
vt 0.214039 0.237610
vt 0.208506 0.242442
vt 0.197322 0.342802
vt 0.191391 0.344701
vt 0.190882 0.344792
vt 0.318090 0.497800
vt 0.317769 0.497000
vt 0.319560 0.491823
vt 0.320134 0.492596
vt 0.317424 0.496186
vt 0.319012 0.490993
vt 0.318437 0.490070
vt 0.317848 0.489152
vt 0.317016 0.495304
vt 0.316542 0.494443
vt 0.317229 0.488326
vt 0.316510 0.487559
vt 0.315979 0.493688
vt 0.315298 0.493010
vt 0.315670 0.486831
vt 0.314681 0.486136
vt 0.314496 0.492387
vt 0.313556 0.491812
vt 0.312466 0.491281
vt 0.313522 0.485469
vt 0.311341 0.490865
vt 0.312312 0.484911
vt 0.311165 0.484555
vt 0.310066 0.484364
vt 0.310294 0.490646
vt 0.309317 0.490584
vt 0.309030 0.484298
vt 0.308048 0.484361
vt 0.308402 0.490637
vt 0.307555 0.490807
vt 0.306772 0.491092
vt 0.307120 0.484555
vt 0.306015 0.491527
vt 0.306201 0.484919
vt 0.305233 0.485494
vt 0.304362 0.486195
vt 0.305235 0.492149
vt 0.304549 0.492878
vt 0.303723 0.486927
vt 0.303178 0.487751
vt 0.304066 0.493627
vt 0.303675 0.494471
vt 0.302606 0.488739
vt 0.301979 0.489763
vt 0.303281 0.495482
vt 0.302833 0.496507
vt 0.301264 0.490699
vt 0.300421 0.491481
vt 0.302283 0.497414
vt 0.301587 0.498117
vt 0.300708 0.498530
vt 0.299424 0.492048
vt 0.299696 0.498683
vt 0.298315 0.492421
vt 0.297130 0.492621
vt 0.295980 0.492697
vt 0.298600 0.498601
vt 0.297536 0.498400
vt 0.294960 0.492699
vt 0.293997 0.492635
vt 0.296608 0.498188
vt 0.295750 0.497979
vt 0.293012 0.492514
vt 0.292039 0.492321
vt 0.294884 0.497789
vt 0.294020 0.497594
vt 0.328543 0.463507
vt 0.330140 0.464539
vt 0.331783 0.465370
vt 0.326931 0.462260
vt 0.325474 0.460949
vt 0.324309 0.459689
vt 0.323283 0.458452
vt 0.322266 0.457220
vt 0.321156 0.455976
vt 0.318548 0.453396
vt 0.319858 0.454702
vt 0.317389 0.452051
vt 0.316183 0.451006
vt 0.314784 0.450619
vt 0.313220 0.450577
vt 0.309719 0.450554
vt 0.311538 0.450550
vt 0.307732 0.450610
vt 0.305776 0.450998
vt 0.304033 0.452037
vt 0.302496 0.453368
vt 0.301074 0.454604
vt 0.299739 0.455837
vt 0.298514 0.457156
vt 0.297359 0.458519
vt 0.295052 0.461175
vt 0.296223 0.459877
vt 0.293794 0.462358
vt 0.292475 0.463350
vt 0.291141 0.464085
vt 0.289674 0.464612
vt 0.287970 0.464977
vt 0.286117 0.465179
vt 0.929395 0.387339
vt 0.932047 0.384056
vt 0.932287 0.386785
vt 0.934537 0.379950
vt 0.936303 0.379556
vt 0.935783 0.382401
vt 0.937327 0.384776
vt 0.918071 0.384157
vt 0.916269 0.380152
vt 0.920210 0.388476
vt 0.917795 0.386768
vt 0.912940 0.383209
vt 0.914062 0.381666
vt 0.914121 0.379051
vt 0.233311 0.080815
vt 0.251751 0.082039
vt 0.208279 0.080836
vt 0.208524 0.069701
vt 0.233442 0.070237
vt 0.254847 0.075232
vt 0.931790 0.836319
vt 0.932365 0.835267
vt 0.932935 0.836122
vt 0.934591 0.829165
vt 0.935734 0.829517
vt 0.936916 0.830157
vt 0.938090 0.831014
vt 0.941200 0.835399
vt 0.933651 0.837967
vt 0.933677 0.837139
vt 0.940789 0.834274
vt 0.932520 0.837376
vt 0.939176 0.832040
vt 0.940111 0.833146
vt 0.192554 0.643236
vt 0.196302 0.650833
vt 0.196087 0.651219
vt 0.191898 0.643876
vt 0.196712 0.651459
vt 0.196349 0.652085
vt 0.197891 0.652577
vt 0.198194 0.652063
vt 0.196437 0.652748
vt 0.197130 0.652024
vt 0.197191 0.651915
vt 0.197735 0.651614
vt 0.198601 0.651289
vt 0.203213 0.645338
vt 0.198318 0.650942
vt 0.202509 0.644716
vt 0.446370 0.063292
vt 0.432483 0.060081
vt 0.461397 0.065018
vt 0.456843 0.075785
vt 0.442554 0.074077
vt 0.429521 0.069923
vt 0.390599 0.678020
vt 0.380293 0.722303
vt 0.379628 0.722661
vt 0.387513 0.678384
vt 0.381140 0.723370
vt 0.380854 0.723947
vt 0.380467 0.724257
vt 0.417560 0.688158
vt 0.382519 0.724368
vt 0.382301 0.723845
vt 0.415769 0.685774
vt 0.382163 0.723102
vt 0.413556 0.683614
vt 0.364937 0.072585
vt 0.376640 0.062731
vt 0.376998 0.072359
vt 0.364177 0.081153
vt 0.354418 0.084438
vt 0.353152 0.091544
vt 0.343249 0.098868
vt 0.344876 0.092510
vt 0.332218 0.104450
vt 0.333068 0.098218
vt 0.314675 0.101895
vt 0.317428 0.108953
vt 0.294936 0.102937
vt 0.301248 0.111593
vt 0.270594 0.098170
vt 0.276508 0.097090
vt 0.282157 0.104269
vt 0.272837 0.105365
vt 0.284852 0.093981
vt 0.287738 0.113214
vt 0.275428 0.114103
vt 0.264024 0.097863
vt 0.262713 0.105465
vt 0.250338 0.105437
vt 0.262212 0.114398
vt 0.248045 0.114589
vt 0.233656 0.106291
vt 0.210974 0.107936
vt 0.232568 0.115155
vt 0.212046 0.115955
vt 0.182532 0.117486
vt 0.179824 0.110157
vt 0.150130 0.119521
vt 0.152280 0.111496
vt 0.923714 0.379020
vt 0.925817 0.379787
vt 0.921957 0.376222
vt 0.922880 0.374191
vt 0.924263 0.375298
vt 0.926052 0.375205
vt 0.927953 0.378589
vt 0.930226 0.375335
vt 0.927781 0.374808
vt 0.929380 0.373420
vt 0.083602 0.128877
vt 0.063867 0.133131
vt 0.102381 0.123257
vt 0.112220 0.128114
vt 0.091779 0.134660
vt 0.073520 0.139371
vt 0.196298 0.642402
vt 0.195210 0.642318
vt 0.194202 0.642437
vt 0.197422 0.642679
vt 0.198559 0.642817
vt 0.199677 0.643124
vt 0.200729 0.643574
vt 0.402329 0.678019
vt 0.399325 0.677531
vt 0.396353 0.677445
vt 0.405325 0.678929
vt 0.408254 0.680191
vt 0.131782 0.126905
vt 0.139581 0.124022
vt 0.123798 0.127828
vt 0.283068 0.478188
vt 0.280048 0.494895
vt 0.268879 0.500229
vt 0.268571 0.488697
vt 0.277375 0.507266
vt 0.268381 0.511425
vt 0.274657 0.452618
vt 0.263567 0.465835
vt 0.275092 0.519820
vt 0.267934 0.522042
vt 0.090205 0.522030
vt 0.101496 0.515126
vt 0.105815 0.519544
vt 0.096705 0.525541
vt 0.111601 0.508432
vt 0.114678 0.513641
vt 0.119943 0.493249
vt 0.122432 0.504897
vt 0.132626 0.468398
vt 0.135011 0.482767
vt 0.138034 0.456406
vt 0.141075 0.471041
vt 0.144601 0.445142
vt 0.147737 0.459735
vt 0.261037 0.432094
vt 0.268566 0.441962
vt 0.258321 0.455373
vt 0.251314 0.445923
vt 0.162721 0.421801
vt 0.164806 0.441238
vt 0.175232 0.416356
vt 0.175090 0.434238
vt 0.186717 0.412267
vt 0.186256 0.429205
vt 0.199261 0.409985
vt 0.198003 0.426394
vt 0.212218 0.409543
vt 0.209955 0.425864
vt 0.224887 0.410973
vt 0.221701 0.427702
vt 0.240071 0.413277
vt 0.232812 0.431766
vt 0.255406 0.517294
vt 0.252588 0.508431
vt 0.249589 0.499662
vt 0.241143 0.484493
vt 0.111622 0.524022
vt 0.104696 0.529451
vt 0.258698 0.525546
vt 0.125876 0.509114
vt 0.118862 0.517443
vt 0.139559 0.492784
vt 0.153670 0.478244
vt 0.146604 0.484995
vt 0.235550 0.478142
vt 0.229352 0.472686
vt 0.168215 0.468427
vt 0.183840 0.462980
vt 0.175939 0.465107
vt 0.199766 0.462057
vt 0.191813 0.461989
vt 0.215254 0.465334
vt 0.207612 0.463161
vt 0.252246 0.521751
vt 0.247878 0.514442
vt 0.243932 0.507094
vt 0.235027 0.494889
vt 0.113987 0.525109
vt 0.107463 0.529796
vt 0.257233 0.528337
vt 0.127216 0.511738
vt 0.120657 0.518855
vt 0.140942 0.498536
vt 0.154068 0.487659
vt 0.147566 0.492683
vt 0.229770 0.489740
vt 0.223877 0.485404
vt 0.167234 0.480725
vt 0.181183 0.476691
vt 0.174074 0.478211
vt 0.195839 0.476343
vt 0.188473 0.476107
vt 0.210346 0.479026
vt 0.203169 0.477355
vt 0.249814 0.542279
vt 0.244429 0.538338
vt 0.239175 0.533952
vt 0.228787 0.525135
vt 0.127452 0.538888
vt 0.121872 0.541915
vt 0.255556 0.545451
vt 0.137149 0.530654
vt 0.132405 0.534802
vt 0.145741 0.522215
vt 0.155075 0.515393
vt 0.150276 0.518546
vt 0.223234 0.521077
vt 0.217366 0.517491
vt 0.165443 0.510680
vt 0.177603 0.508581
vt 0.171358 0.509348
vt 0.190952 0.509379
vt 0.184181 0.508701
vt 0.204602 0.512393
vt 0.197803 0.510628
vt 0.247352 0.562685
vt 0.242426 0.560821
vt 0.237739 0.558487
vt 0.228611 0.553038
vt 0.143182 0.563700
vt 0.138802 0.566920
vt 0.252568 0.563884
vt 0.151444 0.557099
vt 0.147359 0.560367
vt 0.159419 0.551185
vt 0.167612 0.546296
vt 0.163457 0.548562
vt 0.223853 0.550313
vt 0.218871 0.547797
vt 0.176407 0.542885
vt 0.186289 0.541260
vt 0.181222 0.541908
vt 0.197134 0.541598
vt 0.191618 0.541216
vt 0.208310 0.543837
vt 0.202735 0.542470
vt 0.227549 0.615981
vt 0.225100 0.614103
vt 0.222946 0.612159
vt 0.219063 0.607971
vt 0.165570 0.619919
vt 0.162501 0.622262
vt 0.230408 0.617729
vt 0.171709 0.614576
vt 0.168642 0.617285
vt 0.177430 0.609265
vt 0.182641 0.604581
vt 0.180094 0.606818
vt 0.216768 0.605964
vt 0.214161 0.604101
vt 0.187840 0.601061
vt 0.194110 0.599314
vt 0.190859 0.599987
vt 0.201109 0.599308
vt 0.197555 0.599032
vt 0.208104 0.601002
vt 0.204663 0.599964
vt 0.345598 0.578154
vt 0.352209 0.565727
vt 0.357789 0.569938
vt 0.350833 0.579571
vt 0.362446 0.545405
vt 0.369240 0.552591
vt 0.367592 0.535016
vt 0.374713 0.544353
vt 0.373995 0.524636
vt 0.380676 0.536388
vt 0.462599 0.507445
vt 0.469792 0.514544
vt 0.461464 0.522924
vt 0.453978 0.517698
vt 0.475722 0.522437
vt 0.468191 0.529353
vt 0.392959 0.503095
vt 0.396263 0.520594
vt 0.408130 0.498907
vt 0.407380 0.516375
vt 0.419777 0.495832
vt 0.416935 0.513173
vt 0.431172 0.494626
vt 0.426350 0.511237
vt 0.444272 0.493465
vt 0.436709 0.509728
vt 0.324402 0.579867
vt 0.333632 0.583051
vt 0.338453 0.586782
vt 0.328275 0.585910
vt 0.343616 0.584041
vt 0.348180 0.587370
vt 0.305888 0.575046
vt 0.308489 0.584600
vt 0.353089 0.582155
vt 0.357421 0.586162
vt 0.361306 0.577014
vt 0.365916 0.583198
vt 0.374680 0.563848
vt 0.379530 0.573795
vt 0.380688 0.556994
vt 0.385225 0.568579
vt 0.386810 0.550588
vt 0.390837 0.563618
vt 0.447773 0.530987
vt 0.455571 0.534255
vt 0.453496 0.546284
vt 0.446750 0.544882
vt 0.463020 0.539003
vt 0.459147 0.549986
vt 0.400158 0.539914
vt 0.403308 0.555277
vt 0.407943 0.535957
vt 0.411980 0.553367
vt 0.416068 0.532897
vt 0.420714 0.551721
vt 0.423867 0.530556
vt 0.428204 0.548434
vt 0.431617 0.529241
vt 0.434006 0.546162
vt 0.349705 0.599919
vt 0.356461 0.600492
vt 0.362748 0.621597
vt 0.356832 0.621520
vt 0.342497 0.599337
vt 0.350728 0.621452
vt 0.325667 0.602677
vt 0.337300 0.622516
vt 0.363190 0.600516
vt 0.369848 0.600034
vt 0.374472 0.621005
vt 0.368650 0.621442
vt 0.382874 0.597631
vt 0.385567 0.619390
vt 0.389467 0.596299
vt 0.396099 0.594897
vt 0.396721 0.617883
vt 0.391120 0.618575
vt 0.445201 0.620601
vt 0.462010 0.616445
vt 0.446790 0.634996
vt 0.437554 0.637773
vt 0.440441 0.619153
vt 0.433498 0.636336
vt 0.410044 0.592338
vt 0.408306 0.617441
vt 0.418083 0.591691
vt 0.425890 0.591401
vt 0.420684 0.618476
vt 0.414647 0.617729
vt 0.429216 0.610027
vt 0.432205 0.613763
vt 0.425906 0.631687
vt 0.422770 0.628757
vt 0.355611 0.641877
vt 0.360278 0.641486
vt 0.364990 0.641255
vt 0.345764 0.643347
vt 0.369769 0.641179
vt 0.374668 0.641226
vt 0.384787 0.641617
vt 0.390052 0.641967
vt 0.395335 0.642458
vt 0.431962 0.653910
vt 0.435928 0.655841
vt 0.440049 0.657929
vt 0.405811 0.643700
vt 0.410836 0.644521
vt 0.415504 0.645716
vt 0.419786 0.647539
vt 0.423892 0.649700
vt 0.335594 0.591176
vt 0.317622 0.591522
vt 0.911977 0.268169
vt 0.911380 0.269116
vt 0.905871 0.267540
vt 0.905852 0.266873
vt 0.910628 0.269917
vt 0.908954 0.270713
vt 0.912463 0.265916
vt 0.906263 0.265596
vt 0.911996 0.263600
vt 0.912341 0.264735
vt 0.906615 0.264935
vt 0.910669 0.262163
vt 0.415010 0.570280
vt 0.406099 0.571809
vt 0.423776 0.569060
vt 0.391864 0.577573
vt 0.385558 0.580995
vt 0.379451 0.584523
vt 0.366805 0.591031
vt 0.359490 0.592987
vt 0.351681 0.593584
vt 0.343700 0.592930
vt 0.447775 0.611019
vt 0.458478 0.611218
vt 0.445045 0.609607
vt 0.441621 0.604558
vt 0.440866 0.601407
vt 0.440365 0.590752
vt 0.458003 0.563328
vt 0.453915 0.563714
vt 0.461948 0.564152
vt 0.316817 0.600966
vt 0.312804 0.596135
vt 0.446417 0.567856
vt 0.443604 0.571268
vt 0.441698 0.575140
vt 0.441362 0.582144
vt 0.879524 0.167169
vt 0.882738 0.164637
vt 0.886789 0.188430
vt 0.883637 0.189754
vt 0.869105 0.172785
vt 0.873752 0.192454
vt 0.889057 0.159357
vt 0.892797 0.185498
vt 0.892436 0.156836
vt 0.903843 0.151394
vt 0.905207 0.180328
vt 0.895807 0.183995
vt 0.938371 0.161981
vt 0.941779 0.164594
vt 0.937134 0.185491
vt 0.934255 0.183850
vt 0.934995 0.159379
vt 0.931343 0.182366
vt 0.948307 0.168191
vt 0.942381 0.188379
vt 0.928049 0.154748
vt 0.925282 0.180083
vt 0.924282 0.152905
vt 0.922032 0.179344
vt 0.920312 0.151490
vt 0.918656 0.178905
vt 0.912620 0.179452
vt 0.912836 0.151243
vt 0.888552 0.217957
vt 0.891523 0.217668
vt 0.898284 0.246015
vt 0.896518 0.245928
vt 0.879810 0.217683
vt 0.889073 0.241641
vt 0.897136 0.216518
vt 0.901327 0.244856
vt 0.899769 0.215661
vt 0.907038 0.212741
vt 0.908523 0.236459
vt 0.902817 0.243679
vt 0.930832 0.210247
vt 0.933343 0.211300
vt 0.926869 0.236452
vt 0.925221 0.235526
vt 0.928187 0.209493
vt 0.923428 0.234804
vt 0.937113 0.214139
vt 0.929198 0.238677
vt 0.922653 0.208883
vt 0.919531 0.234048
vt 0.919820 0.209022
vt 0.917485 0.233992
vt 0.917016 0.209401
vt 0.915457 0.234146
vt 0.912330 0.235214
vt 0.912537 0.210855
vt 0.957810 0.284518
vt 0.964315 0.295900
vt 0.954849 0.302996
vt 0.950304 0.289821
vt 0.954608 0.309444
vt 0.950639 0.297346
vt 0.890931 0.296991
vt 0.895199 0.283844
vt 0.905564 0.291213
vt 0.899801 0.303329
vt 0.909791 0.297842
vt 0.903082 0.307109
vt 0.964938 0.301957
vt 0.956547 0.310498
vt 0.966783 0.309671
vt 0.960087 0.317743
vt 0.959741 0.322302
vt 0.957029 0.315940
vt 0.967767 0.320015
vt 0.964354 0.325012
vt 0.971288 0.327737
vt 0.968113 0.331309
vt 0.967183 0.333632
vt 0.963359 0.328354
vt 0.884478 0.330184
vt 0.888533 0.322435
vt 0.893049 0.323455
vt 0.889601 0.329176
vt 0.889049 0.311510
vt 0.896214 0.317260
vt 0.898075 0.318462
vt 0.895099 0.323886
vt 0.891857 0.328737
vt 0.890255 0.303225
vt 0.898161 0.310291
vt 0.900571 0.312641
vt 0.899381 0.277970
vt 0.910079 0.286252
vt 0.904760 0.271769
vt 0.915513 0.282398
vt 0.918957 0.291375
vt 0.914083 0.294210
vt 0.915632 0.271303
vt 0.921620 0.279924
vt 0.923944 0.270459
vt 0.928063 0.278881
vt 0.929931 0.288687
vt 0.924301 0.289484
vt 0.932205 0.271249
vt 0.934484 0.279436
vt 0.943859 0.273211
vt 0.940573 0.281463
vt 0.941191 0.290498
vt 0.935628 0.289021
vt 0.952582 0.279598
vt 0.946005 0.284881
vt 0.946389 0.293194
vt 0.953850 0.317060
vt 0.951413 0.308073
vt 0.951658 0.324524
vt 0.948526 0.318803
vt 0.912955 0.308586
vt 0.905736 0.315881
vt 0.915681 0.320745
vt 0.908553 0.326266
vt 0.955070 0.321867
vt 0.956698 0.326712
vt 0.952788 0.331573
vt 0.951828 0.327888
vt 0.959836 0.331428
vt 0.963530 0.335476
vt 0.959234 0.338512
vt 0.955775 0.335207
vt 0.896733 0.328747
vt 0.893045 0.332097
vt 0.899901 0.324713
vt 0.901604 0.332120
vt 0.897766 0.334442
vt 0.893970 0.336492
vt 0.902737 0.320255
vt 0.905115 0.329298
vt 0.917289 0.305766
vt 0.922007 0.303584
vt 0.923825 0.316712
vt 0.919637 0.318497
vt 0.927039 0.302143
vt 0.932228 0.301463
vt 0.932696 0.314758
vt 0.928204 0.315462
vt 0.937461 0.301662
vt 0.942578 0.302765
vt 0.941412 0.315329
vt 0.937151 0.314711
vt 0.947406 0.304859
vt 0.945310 0.316697
vt 0.948837 0.332373
vt 0.944709 0.328744
vt 0.945741 0.341848
vt 0.941668 0.339310
vt 0.917565 0.331210
vt 0.910947 0.334601
vt 0.918455 0.341362
vt 0.912594 0.343105
vt 0.949095 0.334809
vt 0.950027 0.337624
vt 0.948195 0.345609
vt 0.946764 0.343576
vt 0.953011 0.340349
vt 0.956223 0.343001
vt 0.953871 0.350103
vt 0.950982 0.347845
vt 0.900110 0.338663
vt 0.896912 0.339678
vt 0.903686 0.337600
vt 0.906350 0.344155
vt 0.903327 0.344260
vt 0.900771 0.344022
vt 0.907367 0.336213
vt 0.909469 0.343746
vt 0.920859 0.329635
vt 0.924243 0.328321
vt 0.924085 0.339446
vt 0.921276 0.340366
vt 0.927750 0.327343
vt 0.931336 0.326728
vt 0.929901 0.338209
vt 0.926955 0.338708
vt 0.934930 0.326528
vt 0.938439 0.326778
vt 0.935908 0.338088
vt 0.932903 0.337999
vt 0.941726 0.327513
vt 0.938850 0.338521
vt 0.943095 0.353392
vt 0.939139 0.351191
vt 0.940585 0.364573
vt 0.936936 0.362636
vt 0.918163 0.352901
vt 0.913111 0.354194
vt 0.917817 0.363704
vt 0.913451 0.364869
vt 0.944578 0.354769
vt 0.946318 0.356447
vt 0.943711 0.367604
vt 0.942065 0.365961
vt 0.949063 0.358537
vt 0.951851 0.360626
vt 0.949101 0.371516
vt 0.946371 0.369568
vt 0.905374 0.354524
vt 0.903221 0.353948
vt 0.907899 0.354690
vt 0.909009 0.365599
vt 0.906777 0.365734
vt 0.904785 0.365653
vt 0.910492 0.354568
vt 0.911239 0.365314
vt 0.920659 0.352130
vt 0.923147 0.351365
vt 0.922240 0.362453
vt 0.920015 0.363069
vt 0.925677 0.350702
vt 0.928283 0.350224
vt 0.926908 0.361549
vt 0.924529 0.361922
vt 0.930974 0.350007
vt 0.933718 0.350075
vt 0.931916 0.361522
vt 0.929383 0.361405
vt 0.936463 0.350474
vt 0.934456 0.361939
vt 0.937227 0.372489
vt 0.934415 0.370647
vt 0.918738 0.371637
vt 0.915174 0.373091
vt 0.938234 0.374086
vt 0.939354 0.375772
vt 0.941545 0.377756
vt 0.943970 0.379727
vt 0.909519 0.375046
vt 0.907782 0.375786
vt 0.911472 0.374409
vt 0.913350 0.373769
vt 0.920557 0.370964
vt 0.922411 0.370359
vt 0.924320 0.369842
vt 0.926274 0.369508
vt 0.928288 0.369399
vt 0.930353 0.369540
vt 0.932427 0.369953
vt 0.922977 0.739653
vt 0.928383 0.736563
vt 0.930456 0.741919
vt 0.925632 0.743510
vt 0.934997 0.731675
vt 0.935196 0.741497
vt 0.935615 0.749592
vt 0.931348 0.749408
vt 0.926941 0.750249
vt 0.945051 0.733173
vt 0.943056 0.744005
vt 0.942148 0.752457
vt 0.913156 0.756141
vt 0.918177 0.749663
vt 0.919318 0.754757
vt 0.913669 0.760177
vt 0.910100 0.747085
vt 0.918092 0.743189
vt 0.921379 0.746260
vt 0.922837 0.752119
vt 0.948916 0.735479
vt 0.946307 0.746427
vt 0.954756 0.740508
vt 0.949316 0.749611
vt 0.946671 0.757540
vt 0.944546 0.754733
vt 0.957237 0.749497
vt 0.952246 0.753589
vt 0.959748 0.755170
vt 0.955122 0.757950
vt 0.951981 0.764141
vt 0.949061 0.760761
vt 0.962999 0.760940
vt 0.957699 0.762147
vt 0.961240 0.764918
vt 0.959762 0.769236
vt 0.955622 0.767197
vt 0.965036 0.765948
vt 0.968779 0.765583
vt 0.967655 0.769278
vt 0.963905 0.769899
vt 0.930160 0.761035
vt 0.925885 0.761379
vt 0.934294 0.761402
vt 0.932827 0.775025
vt 0.928895 0.774535
vt 0.924786 0.774540
vt 0.940928 0.763940
vt 0.939192 0.777356
vt 0.918324 0.764295
vt 0.912524 0.768188
vt 0.917167 0.776178
vt 0.911157 0.778986
vt 0.921850 0.762521
vt 0.920801 0.775120
vt 0.943390 0.765975
vt 0.945683 0.768416
vt 0.944450 0.781108
vt 0.941810 0.779102
vt 0.948332 0.771104
vt 0.951573 0.773728
vt 0.950977 0.785094
vt 0.947478 0.783192
vt 0.955400 0.775843
vt 0.959482 0.777171
vt 0.958815 0.787360
vt 0.954851 0.786529
vt 0.963431 0.777419
vt 0.966919 0.776573
vt 0.965994 0.786758
vt 0.962573 0.787403
vt 0.927715 0.787032
vt 0.923872 0.786979
vt 0.931374 0.787540
vt 0.930490 0.799703
vt 0.927217 0.799341
vt 0.923823 0.799360
vt 0.937331 0.789698
vt 0.935875 0.801563
vt 0.916670 0.788253
vt 0.911106 0.790759
vt 0.917552 0.800591
vt 0.912816 0.802871
vt 0.920115 0.787410
vt 0.920537 0.799804
vt 0.939889 0.791277
vt 0.942566 0.793017
vt 0.940699 0.804418
vt 0.938224 0.802944
vt 0.945657 0.794728
vt 0.949160 0.796209
vt 0.946690 0.807034
vt 0.943536 0.805822
vt 0.952905 0.797296
vt 0.956619 0.797941
vt 0.953191 0.808636
vt 0.949988 0.807972
vt 0.960078 0.798099
vt 0.963271 0.797873
vt 0.958867 0.809149
vt 0.956143 0.808994
vt 0.927899 0.811941
vt 0.925110 0.812116
vt 0.930594 0.812066
vt 0.930923 0.822507
vt 0.928754 0.822679
vt 0.926551 0.823020
vt 0.935141 0.813289
vt 0.934691 0.822789
vt 0.919993 0.813304
vt 0.916009 0.815114
vt 0.922481 0.824027
vt 0.919254 0.825277
vt 0.922436 0.812602
vt 0.924422 0.823484
vt 0.937170 0.814300
vt 0.939269 0.815403
vt 0.938047 0.823929
vt 0.936372 0.823270
vt 0.941594 0.816502
vt 0.944105 0.817550
vt 0.941589 0.825729
vt 0.939797 0.824760
vt 0.946676 0.818513
vt 0.949155 0.819354
vt 0.944977 0.827920
vt 0.943343 0.826801
vt 0.951441 0.820054
vt 0.953570 0.820646
vt 0.947768 0.830141
vt 0.946454 0.829028
vt 0.297677 0.502304
vt 0.296957 0.502186
vt 0.298379 0.502388
vt 0.299043 0.502434
vt 0.299381 0.502160
vt 0.300276 0.502569
vt 0.301190 0.502617
vt 0.302032 0.502482
vt 0.302776 0.502157
vt 0.303389 0.501621
vt 0.303887 0.500923
vt 0.304287 0.500112
vt 0.304420 0.499125
vt 0.304798 0.499098
vt 0.305196 0.498622
vt 0.305694 0.498114
vt 0.306237 0.497637
vt 0.306764 0.497250
vt 0.307316 0.496928
vt 0.307925 0.496652
vt 0.308536 0.496021
vt 0.308939 0.496677
vt 0.309679 0.497002
vt 0.310500 0.497431
vt 0.311340 0.497874
vt 0.312140 0.498254
vt 0.312905 0.498606
vt 0.313635 0.498966
vt 0.314395 0.498926
vt 0.314369 0.499952
vt 0.314594 0.500819
vt 0.314764 0.501593
vt 0.314904 0.502312
vt 0.028712 0.028718
vt 0.028712 0.028718
vt 0.028712 0.028718
vt 0.028712 0.028718
vt 0.028712 0.028718
vt 0.028712 0.028718
vt 0.028712 0.028718
vt 0.028712 0.028718
vt 0.028712 0.028718
vt 0.028712 0.028718
vt 0.028712 0.028718
vt 0.028712 0.028718
vt 0.028712 0.028718
vt 0.028712 0.028718
vt 0.028712 0.028718
vt 0.028712 0.028718
vt 0.028712 0.028718
vt 0.028712 0.028718
vt 0.028712 0.028718
vt 0.028712 0.028718
vt 0.028712 0.028718
vt 0.028712 0.028718
vt 0.028712 0.028718
vt 0.028712 0.028718
vt 0.028712 0.028718
vt 0.028712 0.028718
vt 0.028712 0.028718
vt 0.028712 0.028718
vt 0.028712 0.028718
vt 0.028712 0.028718
vt 0.028712 0.028718
vt 0.028712 0.028718
vt 0.028712 0.028718
vt 0.028712 0.028718
vt 0.028712 0.028718
vt 0.028712 0.028718
vt 0.028712 0.028718
vt 0.028712 0.028718
vt 0.028712 0.028718
vt 0.028712 0.028718
vt 0.028712 0.028718
vt 0.028712 0.028718
vt 0.028712 0.028718
vt 0.028712 0.028718
vt 0.028712 0.028718
vt 0.028712 0.028718
vt 0.028712 0.028718
vt 0.028712 0.028718
vt 0.028712 0.028718
vt 0.028712 0.028718
vt 0.028712 0.028718
vt 0.028712 0.028718
vt 0.028712 0.028718
vt 0.028712 0.028718
vt 0.028712 0.028718
vt 0.028712 0.028718
vt 0.028712 0.028718
vt 0.028712 0.028718
vt 0.028712 0.028718
vt 0.028712 0.028718
vt 0.028712 0.028718
vt 0.028712 0.028718
vt 0.028712 0.028718
vt 0.028712 0.028718
vt 0.028712 0.028718
vt 0.028712 0.028718
vt 0.028712 0.028718
vt 0.028712 0.028718
vt 0.028712 0.028718
vt 0.028712 0.028718
vt 0.028712 0.028718
vt 0.028712 0.028718
vt 0.028712 0.028718
vt 0.028712 0.028718
vt 0.028712 0.028718
vt 0.028712 0.028718
vt 0.028712 0.028718
vt 0.028712 0.028718
vt 0.028712 0.028718
vt 0.028712 0.028718
vt 0.028712 0.028718
vt 0.028712 0.028718
vt 0.028712 0.028718
vt 0.028712 0.028718
vt 0.028712 0.028718
vt 0.028712 0.028718
vt 0.028712 0.028718
vt 0.028712 0.028718
vt 0.028712 0.028718
vt 0.028712 0.028718
vt 0.028712 0.028718
vt 0.028712 0.028718
vt 0.028712 0.028718
vt 0.921310 0.260966
vt 0.919769 0.260114
vt 0.918741 0.259825
vt 0.917655 0.259625
vt 0.915372 0.259494
vt 0.914192 0.259534
vt 0.913022 0.259640
vt 0.911137 0.260038
vt 0.908820 0.260493
vt 0.904094 0.265160
vt 0.903666 0.265655
vt 0.902824 0.265871
vt 0.902301 0.265670
vt 0.899081 0.262214
vt 0.321128 0.607810
vt 0.955958 0.172697
vt 0.948713 0.192075
vt 0.941762 0.217781
vt 0.932005 0.241461
vt 0.923155 0.262015
vt 0.906788 0.271553
vt 0.903932 0.267492
vt 0.903720 0.266792
vt 0.305427 0.564962
vt 0.323239 0.573139
vt 0.341644 0.581606
vt 0.331944 0.579459
vt 0.395776 0.483607
vt 0.488851 0.441206
vt 0.501486 0.456639
vt 0.400469 0.499969
vt 0.549361 0.375128
vt 0.586284 0.369595
vt 0.581574 0.352039
vt 0.592876 0.353604
vt 0.383344 0.442519
vt 0.434123 0.403621
vt 0.506003 0.355835
vt 0.518307 0.332053
vt 0.389818 0.411471
vt 0.410174 0.385855
vt 0.480645 0.338546
vt 0.480826 0.324391
vt 0.448340 0.295081
vt 0.432316 0.308195
vt 0.427567 0.294279
vt 0.454407 0.280837
vt 0.399792 0.358151
vt 0.396769 0.340433
vt 0.369094 0.406166
vt 0.360743 0.410220
vt 0.459688 0.305300
vt 0.452180 0.326131
vt 0.402298 0.379354
vt 0.379309 0.404583
vt 0.370324 0.483151
vt 0.377683 0.502605
vt 0.354851 0.434912
vt 0.369188 0.439495
vt 0.346422 0.483265
vt 0.571867 0.329492
vt 0.588818 0.332232
vt 0.559123 0.288872
vt 0.576015 0.292561
vt 0.549225 0.274848
vt 0.569662 0.274102
vt 0.510601 0.315279
vt 0.501001 0.289554
vt 0.492534 0.267798
vt 0.042215 0.368922
vt 0.071525 0.409591
vt 0.061114 0.429181
vt 0.028712 0.394166
vt 0.150364 0.400501
vt 0.169788 0.352106
vt 0.184403 0.359616
vt 0.164185 0.394770
vt 0.169149 0.299113
vt 0.184654 0.297879
vt 0.151676 0.240242
vt 0.167268 0.236841
vt 0.136521 0.210166
vt 0.157182 0.210958
vt 0.132242 0.394834
vt 0.148832 0.353526
vt 0.147881 0.300558
vt 0.129497 0.245969
vt 0.112193 0.206455
vt 0.118261 0.383706
vt 0.127567 0.344337
vt 0.125792 0.302136
vt 0.109249 0.251852
vt 0.094765 0.207507
vt 0.115974 0.382820
vt 0.122327 0.346115
vt 0.119866 0.306208
vt 0.111682 0.263072
vt 0.092579 0.208480
vt 0.109361 0.385534
vt 0.094213 0.352829
vt 0.094241 0.304206
vt 0.096050 0.244373
vt 0.089987 0.206177
vt 0.095044 0.393372
vt 0.084692 0.355489
vt 0.072174 0.293574
vt 0.070631 0.229435
vt 0.078975 0.200697
vt 0.089195 0.397731
vt 0.063546 0.360399
vt 0.059142 0.290262
vt 0.057541 0.223533
vt 0.067804 0.197084
vt 0.038465 0.284495
vt 0.050934 0.214643
vt 0.052856 0.193964
vt 0.157182 0.210957
vt 0.160779 0.219397
vt 0.189196 0.383215
vt 0.161265 0.409226
vt 0.095810 0.501986
vt 0.088511 0.482713
vt 0.112563 0.467782
vt 0.112629 0.485630
vt 0.133384 0.208222
vt 0.125471 0.180643
vt 0.150372 0.180150
vt 0.109126 0.204240
vt 0.102286 0.183127
vt 0.093820 0.205842
vt 0.087408 0.197421
vt 0.054574 0.184891
vt 0.066074 0.472370
vt 0.094041 0.448967
vt 0.123607 0.427953
vt 0.144169 0.440213
vt 0.145607 0.403668
vt 0.063338 0.451450
vt 0.073282 0.430886
vt 0.106285 0.417038
vt 0.128277 0.399682
vt 0.077046 0.413800
vt 0.096969 0.402366
vt 0.116100 0.387583
vt 0.209343 0.676382
vt 0.181579 0.665501
vt 0.189243 0.652128
vt 0.214666 0.669848
vt 0.143724 0.648212
vt 0.149718 0.632852
vt 0.102983 0.635350
vt 0.107340 0.619298
vt 0.080294 0.629148
vt 0.083387 0.614166
vt 0.197684 0.689997
vt 0.166704 0.685029
vt 0.134252 0.674304
vt 0.096240 0.661956
vt 0.074925 0.666986
vt 0.177980 0.700655
vt 0.150570 0.701231
vt 0.124925 0.695778
vt 0.090425 0.688013
vt 0.070886 0.679866
vt 0.157542 0.711252
vt 0.143346 0.711071
vt 0.116570 0.701576
vt 0.082914 0.698606
vt 0.076030 0.693284
vt 0.066559 0.723428
vt 0.107206 0.740584
vt 0.099042 0.747926
vt 0.061008 0.740123
vt 0.074256 0.692894
vt 0.078221 0.707032
vt 0.054077 0.699084
vt 0.112491 0.722202
vt 0.140919 0.723879
vt 0.138609 0.732351
vt 0.165598 0.718783
vt 0.166829 0.726035
vt 0.227898 0.706637
vt 0.218137 0.689287
vt 0.226803 0.681331
vt 0.239471 0.697378
vt 0.210482 0.713995
vt 0.204051 0.703338
vt 0.188890 0.719012
vt 0.184908 0.713892
vt 0.066097 0.625270
vt 0.067782 0.611383
vt 0.049540 0.623054
vt 0.052262 0.608551
vt 0.065995 0.658906
vt 0.045852 0.651387
vt 0.030402 0.647958
vt 0.033293 0.623077
vt 0.069197 0.678993
vt 0.055972 0.674958
vt 0.028712 0.670774
vt 0.034639 0.704768
vt 0.920928 0.457349
vt 0.910560 0.447053
vt 0.916250 0.434868
vt 0.931070 0.443308
vt 0.891949 0.434119
vt 0.891293 0.421469
vt 0.864712 0.426873
vt 0.878844 0.415093
vt 0.847746 0.423552
vt 0.844744 0.409695
vt 0.914341 0.468508
vt 0.905506 0.459008
vt 0.888778 0.446844
vt 0.865117 0.437050
vt 0.843141 0.430966
vt 0.911347 0.475339
vt 0.897633 0.465221
vt 0.886215 0.456780
vt 0.860885 0.445998
vt 0.845575 0.439238
vt 0.899381 0.488165
vt 0.892659 0.471073
vt 0.879049 0.462310
vt 0.856952 0.451364
vt 0.843122 0.448280
vt 0.152222 0.049788
vt 0.131916 0.047128
vt 0.144222 0.028717
vt 0.149933 0.041835
vt 0.109699 0.048001
vt 0.108653 0.034707
vt 0.094942 0.049625
vt 0.091592 0.042423
vt 0.081407 0.051686
vt 0.080251 0.047418
vt 0.148839 0.062983
vt 0.125390 0.062860
vt 0.110160 0.065951
vt 0.094149 0.074104
vt 0.085727 0.076728
vt 0.149867 0.075474
vt 0.126060 0.076134
vt 0.112403 0.088836
vt 0.098632 0.095287
vt 0.091769 0.097493
vt 0.146123 0.083581
vt 0.126543 0.087962
vt 0.107154 0.094989
vt 0.097852 0.097566
vt 0.092606 0.100305
vt 0.829764 0.457314
vt 0.832818 0.474933
vt 0.830435 0.485885
vt 0.823621 0.463032
vt 0.838118 0.496280
vt 0.838372 0.507376
vt 0.854938 0.512096
vt 0.847845 0.512395
vt 0.862094 0.510227
vt 0.853840 0.512762
vt 0.833787 0.454033
vt 0.838148 0.463967
vt 0.853193 0.482145
vt 0.871191 0.499970
vt 0.888511 0.503743
vt 0.839507 0.449789
vt 0.848665 0.458038
vt 0.867061 0.471059
vt 0.886868 0.486653
vt 0.894392 0.499568
vt 0.154082 0.037919
vt 0.161016 0.050680
vt 0.836453 0.408581
vt 0.855892 0.408611
vt 0.065929 0.060616
vt 0.068524 0.053430
vt 0.054370 0.063997
vt 0.050344 0.059785
vt 0.035372 0.080913
vt 0.036420 0.064147
vt 0.031044 0.083797
vt 0.032928 0.067891
vt 0.073553 0.078171
vt 0.056517 0.085514
vt 0.041539 0.093270
vt 0.028712 0.094209
vt 0.072652 0.093654
vt 0.057632 0.099527
vt 0.046534 0.100720
vt 0.033691 0.096976
vt 0.083838 0.100993
vt 0.060599 0.103691
vt 0.054383 0.106240
vt 0.043054 0.108119
vt 0.841650 0.421811
vt 0.818836 0.421907
vt 0.813471 0.409620
vt 0.807256 0.426095
vt 0.800043 0.421820
vt 0.795873 0.430567
vt 0.787116 0.428655
vt 0.840114 0.432954
vt 0.824202 0.433414
vt 0.813649 0.437909
vt 0.805187 0.443232
vt 0.839416 0.441011
vt 0.828837 0.444631
vt 0.820026 0.450008
vt 0.816598 0.453003
vt 0.581847 0.097849
vt 0.566128 0.112324
vt 0.553083 0.096902
vt 0.577178 0.088748
vt 0.542513 0.136584
vt 0.527780 0.121011
vt 0.518063 0.161678
vt 0.502626 0.146110
vt 0.507227 0.179814
vt 0.492313 0.166816
vt 0.602214 0.121574
vt 0.594294 0.146848
vt 0.572334 0.167821
vt 0.545831 0.191560
vt 0.541942 0.211296
vt 0.614763 0.144536
vt 0.603417 0.171278
vt 0.587751 0.187452
vt 0.567017 0.208488
vt 0.553092 0.220039
vt 0.617944 0.165441
vt 0.608391 0.183372
vt 0.588727 0.196884
vt 0.573698 0.218630
vt 0.567040 0.221703
vt 0.493803 0.228615
vt 0.489241 0.251508
vt 0.469406 0.242569
vt 0.476019 0.219380
vt 0.519343 0.237315
vt 0.512907 0.263036
vt 0.544217 0.256366
vt 0.551792 0.273366
vt 0.576115 0.262299
vt 0.576378 0.266874
vt 0.575795 0.260707
vt 0.597823 0.265987
vt 0.564935 0.227787
vt 0.583333 0.238513
vt 0.608291 0.222409
vt 0.628011 0.241042
vt 0.628782 0.202543
vt 0.680108 0.242751
vt 0.639860 0.164828
vt 0.646258 0.169554
vt 0.566075 0.222830
vt 0.578439 0.225159
vt 0.599061 0.208569
vt 0.617735 0.192276
vt 0.633009 0.161082
vt 0.674014 0.080319
vt 0.645283 0.086622
vt 0.638515 0.075396
vt 0.674401 0.079477
vt 0.622371 0.088516
vt 0.612455 0.072590
vt 0.599146 0.095724
vt 0.592689 0.083011
vt 0.679770 0.102965
vt 0.665865 0.106112
vt 0.639389 0.110743
vt 0.623034 0.115263
vt 0.694531 0.126424
vt 0.655281 0.129074
vt 0.641228 0.137180
vt 0.636197 0.139682
vt 0.686227 0.161904
vt 0.498944 0.185723
vt 0.484911 0.175203
vt 0.493936 0.199403
vt 0.479068 0.187910
vt 0.493926 0.214584
vt 0.478157 0.201164
vt 0.531832 0.216212
vt 0.522146 0.228099
vt 0.517682 0.234451
vt 0.551834 0.220581
vt 0.546224 0.222828
vt 0.539529 0.227116
vt 0.250347 0.040965
vt 0.247226 0.040133
vt 0.248398 0.038722
vt 0.251273 0.040290
vt 0.241847 0.038196
vt 0.243698 0.034313
vt 0.234971 0.035654
vt 0.236249 0.032451
vt 0.230405 0.034580
vt 0.230090 0.034020
vt 0.249298 0.042675
vt 0.246280 0.041789
vt 0.241170 0.039696
vt 0.233761 0.039561
vt 0.231218 0.038203
vt 0.248239 0.044248
vt 0.245311 0.043319
vt 0.240158 0.043541
vt 0.232606 0.041090
vt 0.230617 0.040892
vt 0.247129 0.046550
vt 0.245041 0.044991
vt 0.239292 0.045590
vt 0.231378 0.042735
vt 0.229328 0.042351
vt 0.033549 0.044911
vt 0.037039 0.043914
vt 0.037114 0.048273
vt 0.032556 0.048004
vt 0.045145 0.042922
vt 0.045870 0.047714
vt 0.052071 0.041706
vt 0.053496 0.045909
vt 0.058746 0.040438
vt 0.059958 0.043498
vt 0.033676 0.038008
vt 0.036223 0.037484
vt 0.044845 0.038781
vt 0.051593 0.040093
vt 0.058095 0.038654
vt 0.034791 0.033352
vt 0.035942 0.033061
vt 0.042119 0.033294
vt 0.051822 0.039771
vt 0.057554 0.037102
vt 0.035573 0.029889
vt 0.036270 0.030255
vt 0.040051 0.029965
vt 0.052177 0.038850
vt 0.054953 0.037886
vt 0.032713 0.029142
vt 0.035398 0.028718
vt 0.040963 0.029660
vt 0.053706 0.034096
vt 0.057666 0.036262
vt 0.225807 0.047698
vt 0.227488 0.050937
vt 0.225786 0.054850
vt 0.225161 0.052136
vt 0.234678 0.053737
vt 0.232024 0.057341
vt 0.246934 0.049544
vt 0.248729 0.054694
vt 0.251683 0.050259
vt 0.254346 0.053105
vt 0.226679 0.045195
vt 0.229533 0.046813
vt 0.237678 0.050072
vt 0.245955 0.047849
vt 0.249866 0.048654
vt 0.252339 0.038189
vt 0.256194 0.043330
vt 0.245319 0.031520
vt 0.235361 0.028707
vt 0.226594 0.031634
vt 0.060302 0.038925
vt 0.061411 0.042910
vt 0.257975 0.050166
vt 0.255441 0.048270
vt 0.259174 0.045020
vt 0.261682 0.047952
vt 0.254640 0.045743
vt 0.059321 0.037518
vt 0.256358 0.051336
vt 0.254045 0.049515
vt 0.253540 0.047374
vt 0.058257 0.036418
vt 0.254859 0.052528
vt 0.253158 0.049657
vt 0.252342 0.048671
vt 0.227655 0.033300
vt 0.222391 0.034318
vt 0.222215 0.030002
vt 0.219086 0.034801
vt 0.218313 0.030719
vt 0.028901 0.043891
vt 0.028712 0.047879
vt 0.227057 0.039127
vt 0.222875 0.040535
vt 0.220229 0.040944
vt 0.029293 0.038582
vt 0.227568 0.044202
vt 0.225457 0.045182
vt 0.222608 0.047856
vt 0.030463 0.032736
vn 0.839922 -0.342869 -0.420681
vn 0.938628 0.130012 -0.319492
vn 0.916438 0.250284 -0.312249
vn 0.912415 0.027853 -0.408318
vn 0.938628 0.130012 -0.319492
vn 0.928637 0.203392 -0.310265
vn 0.904523 0.311219 -0.291515
vn 0.916438 0.250284 -0.312249
vn 0.063091 -0.472634 0.878998
vn 0.256855 -0.638829 0.725205
vn 0.695672 -0.594963 0.402566
vn 0.628742 -0.443479 0.638756
vn 0.256855 -0.638829 0.725205
vn -0.092415 -0.995122 0.034530
vn 0.398547 -0.863860 -0.308069
vn 0.695672 -0.594963 0.402566
vn -0.092415 -0.995122 0.034530
vn -0.505231 -0.556973 -0.659183
vn -0.117676 -0.477621 -0.870650
vn 0.398547 -0.863860 -0.308069
vn -0.505231 -0.556973 -0.659183
vn -0.579329 -0.121678 -0.805960
vn -0.330013 -0.079526 -0.940621
vn -0.117676 -0.477621 -0.870650
vn 0.046701 0.047469 -0.997780
vn 0.008743 0.071218 -0.997422
vn -0.015073 -0.039766 -0.999095
vn 0.046028 0.028608 -0.998530
vn -0.074925 0.006937 -0.997165
vn 0.046701 0.047469 -0.997780
vn 0.046028 0.028608 -0.998530
vn -0.085780 0.132978 -0.987400
vn -0.085780 0.132978 -0.987400
vn -0.240078 0.255780 -0.936450
vn -0.292629 0.028857 -0.955791
vn -0.074925 0.006937 -0.997165
vn -0.240078 0.255780 -0.936450
vn -0.228031 0.341850 -0.911669
vn -0.383364 0.248370 -0.889575
vn -0.292629 0.028857 -0.955791
vn 0.000052 -0.101558 -0.994830
vn -0.131482 0.355826 -0.925257
vn -0.167484 0.692414 -0.701792
vn -0.042251 0.349417 -0.936014
vn -0.131482 0.355826 -0.925257
vn -0.343131 0.777996 -0.526293
vn -0.288098 0.870840 -0.398293
vn -0.167484 0.692414 -0.701792
vn -0.343131 0.777996 -0.526293
vn -0.753062 0.643404 0.137583
vn -0.476840 0.878339 0.033825
vn -0.288098 0.870840 -0.398293
vn -0.753062 0.643404 0.137583
vn -0.552558 0.382696 0.740421
vn -0.533414 0.719679 0.444446
vn -0.476840 0.878339 0.033825
vn 0.228054 -0.653430 -0.721818
vn 0.477888 -0.455312 -0.751208
vn 0.405608 -0.407290 -0.818289
vn -0.009805 -0.801724 -0.597614
vn 0.477888 -0.455312 -0.751208
vn 0.718601 -0.003402 -0.695414
vn 0.528394 0.347518 -0.774617
vn 0.405608 -0.407290 -0.818289
vn 0.506927 0.782363 -0.361846
vn 0.528394 0.347518 -0.774617
vn 0.718601 -0.003402 -0.695414
vn 0.762514 0.423402 -0.489187
vn 0.688420 0.721933 0.069925
vn 0.506927 0.782363 -0.361846
vn 0.762514 0.423402 -0.489187
vn 0.755319 0.625353 -0.196029
vn 0.418511 0.133874 0.898291
vn 0.129563 0.357373 0.924931
vn 0.114331 0.406149 0.906626
vn 0.381199 0.342430 0.858737
vn 0.129563 0.357373 0.924931
vn 0.258819 0.336721 0.905335
vn 0.162263 0.407794 0.898540
vn 0.114331 0.406149 0.906626
vn -0.855593 -0.239877 0.458715
vn -0.900925 -0.431818 0.043204
vn -0.417379 -0.628159 0.656666
vn -0.678201 -0.051004 0.733104
vn -0.900925 -0.431818 0.043204
vn -0.825021 -0.516644 -0.228954
vn -0.266244 -0.927160 0.263607
vn -0.417379 -0.628159 0.656666
vn -0.825021 -0.516644 -0.228954
vn -0.708882 -0.569666 -0.415892
vn -0.169614 -0.981179 0.092294
vn -0.266244 -0.927160 0.263607
vn -0.708882 -0.569666 -0.415892
vn -0.565890 -0.601061 -0.564353
vn 0.000204 -0.991138 -0.132839
vn -0.169614 -0.981179 0.092294
vn 0.354877 -0.836502 -0.417524
vn 0.000204 -0.991138 -0.132839
vn -0.565890 -0.601061 -0.564353
vn -0.387439 -0.626831 -0.675998
vn 0.069146 -0.615966 -0.784732
vn 0.354877 -0.836502 -0.417524
vn -0.387439 -0.626831 -0.675998
vn -0.142508 -0.634985 -0.759266
vn 0.644265 0.755422 -0.119415
vn 0.702187 0.661896 -0.262349
vn 0.736310 0.654483 -0.171755
vn 0.735261 0.676365 -0.043842
vn 0.702187 0.661896 -0.262349
vn 0.715677 0.548279 -0.432663
vn 0.705241 0.634017 -0.317267
vn 0.736310 0.654483 -0.171755
vn 0.736310 0.654483 -0.171755
vn 0.705241 0.634017 -0.317267
vn 0.737141 0.624465 -0.258200
vn 0.790921 0.599134 -0.124431
vn 0.735261 0.676365 -0.043842
vn 0.736310 0.654483 -0.171755
vn 0.790921 0.599134 -0.124431
vn 0.817374 0.576102 0.002396
vn 0.715677 0.548279 -0.432663
vn 0.661194 0.401000 -0.634051
vn 0.631346 0.607672 -0.481806
vn 0.705241 0.634017 -0.317267
vn 0.661194 0.401000 -0.634051
vn 0.543324 0.240333 -0.804387
vn 0.534026 0.568502 -0.625797
vn 0.631346 0.607672 -0.481806
vn 0.631346 0.607672 -0.481806
vn 0.534026 0.568502 -0.625797
vn 0.541257 0.660028 -0.520964
vn 0.645943 0.648794 -0.402274
vn 0.705241 0.634017 -0.317267
vn 0.631346 0.607672 -0.481806
vn 0.645943 0.648794 -0.402274
vn 0.737141 0.624465 -0.258200
vn 0.543324 0.240333 -0.804387
vn 0.396188 0.093838 -0.913362
vn 0.418881 0.515620 -0.747445
vn 0.534026 0.568502 -0.625797
vn 0.396188 0.093838 -0.913362
vn 0.214328 -0.047806 -0.975591
vn 0.244550 0.443686 -0.862171
vn 0.418881 0.515620 -0.747445
vn 0.418881 0.515620 -0.747445
vn 0.244550 0.443686 -0.862171
vn 0.249679 0.653153 -0.714879
vn 0.425253 0.661774 -0.617426
vn 0.534026 0.568502 -0.625797
vn 0.418881 0.515620 -0.747445
vn 0.425253 0.661774 -0.617426
vn 0.541257 0.660028 -0.520964
vn 0.249679 0.653153 -0.714879
vn 0.244550 0.443686 -0.862171
vn 0.018434 0.361461 -0.932205
vn 0.019865 0.621700 -0.783003
vn 0.244550 0.443686 -0.862171
vn 0.214328 -0.047806 -0.975591
vn 0.014885 -0.165279 -0.986135
vn 0.018434 0.361461 -0.932205
vn 0.018434 0.361461 -0.932205
vn 0.014885 -0.165279 -0.986135
vn -0.174426 -0.242390 -0.954370
vn -0.213763 0.285793 -0.934146
vn 0.019865 0.621700 -0.783003
vn 0.018434 0.361461 -0.932205
vn -0.213763 0.285793 -0.934146
vn -0.217950 0.565535 -0.795404
vn -0.174426 -0.242390 -0.954370
vn -0.343947 -0.287166 -0.894000
vn -0.413386 0.226426 -0.881954
vn -0.213763 0.285793 -0.934146
vn -0.343947 -0.287166 -0.894000
vn -0.485569 -0.313133 -0.816193
vn -0.559736 0.179810 -0.808928
vn -0.413386 0.226426 -0.881954
vn -0.413386 0.226426 -0.881954
vn -0.559736 0.179810 -0.808928
vn -0.559227 0.439376 -0.703003
vn -0.418610 0.498910 -0.758851
vn -0.213763 0.285793 -0.934146
vn -0.413386 0.226426 -0.881954
vn -0.418610 0.498910 -0.758851
vn -0.217950 0.565535 -0.795404
vn -0.485569 -0.313133 -0.816193
vn -0.602053 -0.334350 -0.725081
vn -0.675744 0.128201 -0.725902
vn -0.559736 0.179810 -0.808928
vn -0.602053 -0.334350 -0.725081
vn -0.703952 -0.351898 -0.616944
vn -0.784068 0.061871 -0.617584
vn -0.675744 0.128201 -0.725902
vn -0.675744 0.128201 -0.725902
vn -0.784068 0.061871 -0.617584
vn -0.786016 0.301932 -0.539459
vn -0.672800 0.379600 -0.635015
vn -0.559736 0.179810 -0.808928
vn -0.675744 0.128201 -0.725902
vn -0.672800 0.379600 -0.635015
vn -0.559227 0.439376 -0.703003
vn -0.703952 -0.351898 -0.616944
vn -0.811486 -0.358438 -0.461534
vn -0.891363 -0.027960 -0.452427
vn -0.784068 0.061871 -0.617584
vn -0.811486 -0.358438 -0.461534
vn -0.900180 -0.345221 -0.265517
vn -0.959996 -0.121431 -0.252312
vn -0.891363 -0.027960 -0.452427
vn -0.891363 -0.027960 -0.452427
vn -0.959996 -0.121431 -0.252312
vn -0.977081 0.041052 -0.208872
vn -0.902842 0.181941 -0.389581
vn -0.784068 0.061871 -0.617584
vn -0.891363 -0.027960 -0.452427
vn -0.902842 0.181941 -0.389581
vn -0.786016 0.301932 -0.539459
vn -0.900180 -0.345221 -0.265517
vn -0.942048 -0.319753 -0.101505
vn -0.977838 -0.186369 -0.095387
vn -0.959996 -0.121431 -0.252312
vn -0.942048 -0.319753 -0.101505
vn -0.959186 -0.278119 0.051104
vn -0.971110 -0.234661 0.043350
vn -0.977838 -0.186369 -0.095387
vn -0.977838 -0.186369 -0.095387
vn -0.971110 -0.234661 0.043350
vn -0.985251 -0.160586 0.059097
vn -0.995508 -0.065804 -0.068070
vn -0.959996 -0.121431 -0.252312
vn -0.977838 -0.186369 -0.095387
vn -0.995508 -0.065804 -0.068070
vn -0.977081 0.041052 -0.208872
vn -0.985251 -0.160586 0.059097
vn -0.971110 -0.234661 0.043350
vn -0.937955 -0.272988 0.213816
vn -0.940319 -0.267228 0.210688
vn -0.971110 -0.234661 0.043350
vn -0.959186 -0.278119 0.051104
vn -0.950475 -0.188439 0.247158
vn -0.937955 -0.272988 0.213816
vn -0.937955 -0.272988 0.213816
vn -0.950475 -0.188439 0.247158
vn -0.894527 -0.054751 0.443648
vn -0.876161 -0.286702 0.387485
vn -0.940319 -0.267228 0.210688
vn -0.937955 -0.272988 0.213816
vn -0.876161 -0.286702 0.387485
vn -0.862112 -0.359808 0.356794
vn -0.894527 -0.054751 0.443648
vn -0.795173 0.101542 0.597820
vn -0.793246 -0.271288 0.545127
vn -0.876161 -0.286702 0.387485
vn -0.795173 0.101542 0.597820
vn -0.655370 0.277964 0.702301
vn -0.684205 -0.219145 0.695586
vn -0.793246 -0.271288 0.545127
vn -0.793246 -0.271288 0.545127
vn -0.684205 -0.219145 0.695586
vn -0.644449 -0.471507 0.601968
vn -0.763520 -0.427418 0.484099
vn -0.876161 -0.286702 0.387485
vn -0.793246 -0.271288 0.545127
vn -0.763520 -0.427418 0.484099
vn -0.862112 -0.359808 0.356794
vn -0.655370 0.277964 0.702301
vn -0.476703 0.466435 0.745112
vn -0.530941 -0.111661 0.840020
vn -0.684205 -0.219145 0.695586
vn -0.476703 0.466435 0.745112
vn -0.279822 0.637640 0.717715
vn -0.308220 0.074182 0.948418
vn -0.530941 -0.111661 0.840020
vn -0.530941 -0.111661 0.840020
vn -0.308220 0.074182 0.948418
vn -0.283748 -0.447735 0.847951
vn -0.492022 -0.485461 0.722663
vn -0.684205 -0.219145 0.695586
vn -0.530941 -0.111661 0.840020
vn -0.492022 -0.485461 0.722663
vn -0.644449 -0.471507 0.601968
vn -0.283748 -0.447735 0.847951
vn -0.308220 0.074182 0.948418
vn -0.095530 0.275744 0.956472
vn -0.072238 -0.353109 0.932789
vn -0.308220 0.074182 0.948418
vn -0.279822 0.637640 0.717715
vn -0.138299 0.749068 0.647897
vn -0.095530 0.275744 0.956472
vn -0.095530 0.275744 0.956472
vn -0.138299 0.749068 0.647897
vn -0.043371 0.821666 0.568317
vn 0.072247 0.441539 0.894329
vn -0.072238 -0.353109 0.932789
vn -0.095530 0.275744 0.956472
vn 0.072247 0.441539 0.894329
vn 0.121056 -0.221728 0.967565
vn -0.043371 0.821666 0.568317
vn 0.033811 0.870128 0.491665
vn 0.217893 0.564261 0.796324
vn 0.072247 0.441539 0.894329
vn 0.033811 0.870128 0.491665
vn 0.102778 0.899524 0.424610
vn 0.330619 0.644508 0.689420
vn 0.217893 0.564261 0.796324
vn 0.217893 0.564261 0.796324
vn 0.330619 0.644508 0.689420
vn 0.496401 0.114403 0.860522
vn 0.321718 -0.056025 0.945177
vn 0.072247 0.441539 0.894329
vn 0.217893 0.564261 0.796324
vn 0.321718 -0.056025 0.945177
vn 0.121056 -0.221728 0.967565
vn 0.102778 0.899524 0.424610
vn 0.182545 0.915541 0.358417
vn 0.427719 0.700337 0.571476
vn 0.330619 0.644508 0.689420
vn 0.182545 0.915541 0.358417
vn 0.283440 0.918132 0.276939
vn 0.523912 0.733095 0.433691
vn 0.427719 0.700337 0.571476
vn 0.427719 0.700337 0.571476
vn 0.523912 0.733095 0.433691
vn 0.726971 0.407749 0.552497
vn 0.632367 0.274857 0.724269
vn 0.330619 0.644508 0.689420
vn 0.427719 0.700337 0.571476
vn 0.632367 0.274857 0.724269
vn 0.496401 0.114403 0.860522
vn 0.283440 0.918132 0.276939
vn 0.380655 0.903690 0.196075
vn 0.603746 0.733245 0.312798
vn 0.523912 0.733095 0.433691
vn 0.380655 0.903690 0.196075
vn 0.470088 0.875307 0.113378
vn 0.665138 0.718379 0.203771
vn 0.603746 0.733245 0.312798
vn 0.603746 0.733245 0.312798
vn 0.665138 0.718379 0.203771
vn 0.810668 0.518144 0.272660
vn 0.779659 0.480196 0.401924
vn 0.523912 0.733095 0.433691
vn 0.603746 0.733245 0.312798
vn 0.779659 0.480196 0.401924
vn 0.726971 0.407749 0.552497
vn 0.810668 0.518144 0.272660
vn 0.665138 0.718379 0.203771
vn 0.710878 0.698509 0.082078
vn 0.824296 0.549384 0.136797
vn 0.665138 0.718379 0.203771
vn 0.470088 0.875307 0.113378
vn 0.561330 0.827559 0.007396
vn 0.710878 0.698509 0.082078
vn 0.710878 0.698509 0.082078
vn 0.561330 0.827559 0.007396
vn 0.644265 0.755422 -0.119415
vn 0.735261 0.676365 -0.043842
vn 0.824296 0.549384 0.136797
vn 0.710878 0.698509 0.082078
vn 0.735261 0.676365 -0.043842
vn 0.817374 0.576102 0.002396
vn 0.935257 0.353773 -0.011783
vn 0.877850 0.465828 -0.111279
vn 0.907334 0.395508 -0.142542
vn 0.975697 0.209320 -0.064807
vn 0.877850 0.465828 -0.111279
vn 0.799171 0.564666 -0.206102
vn 0.814965 0.544149 -0.199336
vn 0.907334 0.395508 -0.142542
vn 0.907334 0.395508 -0.142542
vn 0.814965 0.544149 -0.199336
vn 0.807497 0.555790 -0.197604
vn 0.910826 0.380885 -0.159133
vn 0.975697 0.209320 -0.064807
vn 0.907334 0.395508 -0.142542
vn 0.910826 0.380885 -0.159133
vn 0.988233 0.130704 -0.079451
vn 0.799171 0.564666 -0.206102
vn 0.679371 0.664910 -0.310402
vn 0.678622 0.688495 -0.255826
vn 0.814965 0.544149 -0.199336
vn 0.679371 0.664910 -0.310402
vn 0.531857 0.747289 -0.398355
vn 0.511432 0.805034 -0.300595
vn 0.678622 0.688495 -0.255826
vn 0.678622 0.688495 -0.255826
vn 0.511432 0.805034 -0.300595
vn 0.487932 0.840314 -0.236209
vn 0.661790 0.715639 -0.223372
vn 0.814965 0.544149 -0.199336
vn 0.678622 0.688495 -0.255826
vn 0.661790 0.715639 -0.223372
vn 0.807497 0.555790 -0.197604
vn 0.531857 0.747289 -0.398355
vn 0.380892 0.803868 -0.456856
vn 0.350209 0.877925 -0.326498
vn 0.511432 0.805034 -0.300595
vn 0.380892 0.803868 -0.456856
vn 0.206396 0.842819 -0.497049
vn 0.183737 0.923256 -0.337400
vn 0.350209 0.877925 -0.326498
vn 0.350209 0.877925 -0.326498
vn 0.183737 0.923256 -0.337400
vn 0.170096 0.958207 -0.230015
vn 0.327971 0.914423 -0.237203
vn 0.511432 0.805034 -0.300595
vn 0.350209 0.877925 -0.326498
vn 0.327971 0.914423 -0.237203
vn 0.487932 0.840314 -0.236209
vn 0.170096 0.958207 -0.230015
vn 0.183737 0.923256 -0.337400
vn 0.013853 0.942678 -0.333415
vn 0.014784 0.976402 -0.215454
vn 0.183737 0.923256 -0.337400
vn 0.206396 0.842819 -0.497049
vn 0.013576 0.855955 -0.516873
vn 0.013853 0.942678 -0.333415
vn 0.013853 0.942678 -0.333415
vn 0.013576 0.855955 -0.516873
vn -0.176906 0.839105 -0.514400
vn -0.146884 0.937146 -0.316517
vn 0.014784 0.976402 -0.215454
vn 0.013853 0.942678 -0.333415
vn -0.146884 0.937146 -0.316517
vn -0.127230 0.972337 -0.195891
vn -0.176906 0.839105 -0.514400
vn -0.355246 0.796869 -0.488672
vn -0.302233 0.908932 -0.287224
vn -0.146884 0.937146 -0.316517
vn -0.355246 0.796869 -0.488672
vn -0.513154 0.736950 -0.439975
vn -0.453417 0.857040 -0.244735
vn -0.302233 0.908932 -0.287224
vn -0.302233 0.908932 -0.287224
vn -0.453417 0.857040 -0.244735
vn -0.403893 0.903903 -0.140817
vn -0.264720 0.948980 -0.171346
vn -0.146884 0.937146 -0.316517
vn -0.302233 0.908932 -0.287224
vn -0.264720 0.948980 -0.171346
vn -0.127230 0.972337 -0.195891
vn -0.513154 0.736950 -0.439975
vn -0.644644 0.667075 -0.373422
vn -0.583859 0.788305 -0.194122
vn -0.453417 0.857040 -0.244735
vn -0.644644 0.667075 -0.373422
vn -0.755490 0.585579 -0.293823
vn -0.693619 0.706767 -0.139187
vn -0.583859 0.788305 -0.194122
vn -0.583859 0.788305 -0.194122
vn -0.693619 0.706767 -0.139187
vn -0.641268 0.763993 -0.071345
vn -0.529883 0.841215 -0.107617
vn -0.453417 0.857040 -0.244735
vn -0.583859 0.788305 -0.194122
vn -0.529883 0.841215 -0.107617
vn -0.403893 0.903903 -0.140817
vn -0.755490 0.585579 -0.293823
vn -0.868304 0.459917 -0.185808
vn -0.811410 0.580981 -0.063837
vn -0.693619 0.706767 -0.139187
vn -0.868304 0.459917 -0.185808
vn -0.952241 0.299637 -0.058782
vn -0.910216 0.413136 0.028719
vn -0.811410 0.580981 -0.063837
vn -0.811410 0.580981 -0.063837
vn -0.910216 0.413136 0.028719
vn -0.880477 0.470060 0.061682
vn -0.767012 0.641468 -0.014536
vn -0.693619 0.706767 -0.139187
vn -0.811410 0.580981 -0.063837
vn -0.767012 0.641468 -0.014536
vn -0.641268 0.763993 -0.071345
vn -0.952241 0.299637 -0.058782
vn -0.984754 0.168319 0.043903
vn -0.957969 0.266264 0.106763
vn -0.910216 0.413136 0.028719
vn -0.984754 0.168319 0.043903
vn -0.989336 0.040344 0.139952
vn -0.975808 0.116152 0.185221
vn -0.957969 0.266264 0.106763
vn -0.957969 0.266264 0.106763
vn -0.975808 0.116152 0.185221
vn -0.968789 0.145460 0.200720
vn -0.941300 0.311935 0.129036
vn -0.910216 0.413136 0.028719
vn -0.957969 0.266264 0.106763
vn -0.941300 0.311935 0.129036
vn -0.880477 0.470060 0.061682
vn -0.968789 0.145460 0.200720
vn -0.975808 0.116152 0.185221
vn -0.955600 -0.080410 0.283483
vn -0.953501 -0.073663 0.292250
vn -0.975808 0.116152 0.185221
vn -0.989336 0.040344 0.139952
vn -0.958769 -0.125489 0.254979
vn -0.955600 -0.080410 0.283483
vn -0.955600 -0.080410 0.283483
vn -0.958769 -0.125489 0.254979
vn -0.884566 -0.291510 0.364095
vn -0.884096 -0.277453 0.376024
vn -0.953501 -0.073663 0.292250
vn -0.955600 -0.080410 0.283483
vn -0.884096 -0.277453 0.376024
vn -0.879966 -0.291353 0.375197
vn -0.884566 -0.291510 0.364095
vn -0.779291 -0.432706 0.453289
vn -0.775818 -0.443943 0.448353
vn -0.884096 -0.277453 0.376024
vn -0.779291 -0.432706 0.453289
vn -0.646688 -0.552758 0.525598
vn -0.638345 -0.583630 0.501888
vn -0.775818 -0.443943 0.448353
vn -0.775818 -0.443943 0.448353
vn -0.638345 -0.583630 0.501888
vn -0.625091 -0.618525 0.476118
vn -0.766654 -0.471678 0.435617
vn -0.884096 -0.277453 0.376024
vn -0.775818 -0.443943 0.448353
vn -0.766654 -0.471678 0.435617
vn -0.879966 -0.291353 0.375197
vn -0.646688 -0.552758 0.525598
vn -0.472474 -0.655375 0.589281
vn -0.445154 -0.710020 0.545628
vn -0.638345 -0.583630 0.501888
vn -0.472474 -0.655375 0.589281
vn -0.237141 -0.726700 0.644726
vn -0.173613 -0.800099 0.574195
vn -0.445154 -0.710020 0.545628
vn -0.445154 -0.710020 0.545628
vn -0.173613 -0.800099 0.574195
vn -0.090099 -0.852715 0.514548
vn -0.407046 -0.759764 0.507023
vn -0.638345 -0.583630 0.501888
vn -0.445154 -0.710020 0.545628
vn -0.407046 -0.759764 0.507023
vn -0.625091 -0.618525 0.476118
vn -0.090099 -0.852715 0.514548
vn -0.173613 -0.800099 0.574195
vn 0.039049 -0.812825 0.581198
vn 0.121168 -0.852795 0.507995
vn -0.173613 -0.800099 0.574195
vn -0.237141 -0.726700 0.644726
vn -0.027680 -0.737011 0.675314
vn 0.039049 -0.812825 0.581198
vn 0.039049 -0.812825 0.581198
vn -0.027680 -0.737011 0.675314
vn 0.136978 -0.711973 0.688718
vn 0.175406 -0.794632 0.581199
vn 0.121168 -0.852795 0.507995
vn 0.039049 -0.812825 0.581198
vn 0.175406 -0.794632 0.581199
vn 0.224989 -0.831122 0.508542
vn 0.136978 -0.711973 0.688718
vn 0.322107 -0.655221 0.683324
vn 0.329210 -0.758755 0.562061
vn 0.175406 -0.794632 0.581199
vn 0.322107 -0.655221 0.683324
vn 0.520987 -0.551734 0.651277
vn 0.510066 -0.687849 0.516426
vn 0.329210 -0.758755 0.562061
vn 0.329210 -0.758755 0.562061
vn 0.510066 -0.687849 0.516426
vn 0.512987 -0.733259 0.446291
vn 0.344793 -0.798473 0.493516
vn 0.175406 -0.794632 0.581199
vn 0.329210 -0.758755 0.562061
vn 0.344793 -0.798473 0.493516
vn 0.224989 -0.831122 0.508542
vn 0.520987 -0.551734 0.651277
vn 0.709650 -0.396766 0.582214
vn 0.681162 -0.578141 0.449190
vn 0.510066 -0.687849 0.516426
vn 0.709650 -0.396766 0.582214
vn 0.861716 -0.201188 0.465800
vn 0.830698 -0.430217 0.353347
vn 0.681162 -0.578141 0.449190
vn 0.681162 -0.578141 0.449190
vn 0.830698 -0.430217 0.353347
vn 0.793485 -0.524099 0.309356
vn 0.664291 -0.640054 0.386068
vn 0.510066 -0.687849 0.516426
vn 0.681162 -0.578141 0.449190
vn 0.664291 -0.640054 0.386068
vn 0.512987 -0.733259 0.446291
vn 0.861716 -0.201188 0.465800
vn 0.938040 -0.036060 0.344647
vn 0.923412 -0.288457 0.253186
vn 0.830698 -0.430217 0.353347
vn 0.938040 -0.036060 0.344647
vn 0.968192 0.091138 0.233018
vn 0.973352 -0.165511 0.158720
vn 0.923412 -0.288457 0.253186
vn 0.923412 -0.288457 0.253186
vn 0.973352 -0.165511 0.158720
vn 0.936076 -0.319170 0.147958
vn 0.881067 -0.414558 0.227736
vn 0.830698 -0.430217 0.353347
vn 0.923412 -0.288457 0.253186
vn 0.881067 -0.414558 0.227736
vn 0.793485 -0.524099 0.309356
vn 0.936076 -0.319170 0.147958
vn 0.973352 -0.165511 0.158720
vn 0.998852 -0.004477 0.047688
vn 0.986873 -0.155254 0.044481
vn 0.973352 -0.165511 0.158720
vn 0.968192 0.091138 0.233018
vn 0.969201 0.220766 0.109140
vn 0.998852 -0.004477 0.047688
vn 0.998852 -0.004477 0.047688
vn 0.969201 0.220766 0.109140
vn 0.935257 0.353773 -0.011783
vn 0.975697 0.209320 -0.064807
vn 0.986873 -0.155254 0.044481
vn 0.998852 -0.004477 0.047688
vn 0.975697 0.209320 -0.064807
vn 0.988233 0.130704 -0.079451
vn 0.841477 0.186008 -0.507265
vn 0.825100 0.105136 -0.555119
vn 0.868837 0.085081 -0.487733
vn 0.863502 0.276986 -0.421477
vn 0.825100 0.105136 -0.555119
vn 0.708369 0.088012 -0.700334
vn 0.714874 -0.042855 -0.697938
vn 0.868837 0.085081 -0.487733
vn 0.868837 0.085081 -0.487733
vn 0.714874 -0.042855 -0.697938
vn 0.859849 -0.143977 -0.489827
vn 0.910246 0.287130 -0.298344
vn 0.863502 0.276986 -0.421477
vn 0.868837 0.085081 -0.487733
vn 0.910246 0.287130 -0.298344
vn 0.819679 0.499320 -0.280725
vn 0.819679 0.499320 -0.280725
vn 0.665397 0.678288 -0.311723
vn 0.729111 0.466445 -0.500825
vn 0.863502 0.276986 -0.421477
vn 0.665397 0.678288 -0.311723
vn 0.482707 0.812425 -0.327047
vn 0.544620 0.613748 -0.571580
vn 0.729111 0.466445 -0.500825
vn 0.729111 0.466445 -0.500825
vn 0.544620 0.613748 -0.571580
vn 0.554157 0.446894 -0.702279
vn 0.727604 0.326298 -0.603425
vn 0.863502 0.276986 -0.421477
vn 0.729111 0.466445 -0.500825
vn 0.727604 0.326298 -0.603425
vn 0.841477 0.186008 -0.507265
vn 0.482707 0.812425 -0.327047
vn 0.320019 0.892656 -0.317416
vn 0.371129 0.711570 -0.596600
vn 0.544620 0.613748 -0.571580
vn 0.320019 0.892656 -0.317416
vn 0.165489 0.939946 -0.298523
vn 0.195804 0.779794 -0.594628
vn 0.371129 0.711570 -0.596600
vn 0.371129 0.711570 -0.596600
vn 0.195804 0.779794 -0.594628
vn 0.203988 0.597663 -0.775363
vn 0.382559 0.531716 -0.755597
vn 0.544620 0.613748 -0.571580
vn 0.371129 0.711570 -0.596600
vn 0.382559 0.531716 -0.755597
vn 0.554157 0.446894 -0.702279
vn 0.165489 0.939946 -0.298523
vn 0.015788 0.960577 -0.277567
vn 0.018602 0.818031 -0.574873
vn 0.195804 0.779794 -0.594628
vn 0.015788 0.960577 -0.277567
vn -0.122491 0.958787 -0.256366
vn -0.149449 0.826799 -0.542281
vn 0.018602 0.818031 -0.574873
vn 0.018602 0.818031 -0.574873
vn -0.149449 0.826799 -0.542281
vn -0.159786 0.662565 -0.731763
vn 0.018989 0.642441 -0.766100
vn 0.195804 0.779794 -0.594628
vn 0.018602 0.818031 -0.574873
vn 0.018989 0.642441 -0.766100
vn 0.203988 0.597663 -0.775363
vn -0.122491 0.958787 -0.256366
vn -0.256053 0.937881 -0.234130
vn -0.308773 0.809602 -0.499204
vn -0.149449 0.826799 -0.542281
vn -0.256053 0.937881 -0.234130
vn -0.389087 0.897189 -0.208959
vn -0.458127 0.769502 -0.444957
vn -0.308773 0.809602 -0.499204
vn -0.308773 0.809602 -0.499204
vn -0.458127 0.769502 -0.444957
vn -0.485683 0.634868 -0.600878
vn -0.329358 0.659218 -0.675984
vn -0.149449 0.826799 -0.542281
vn -0.308773 0.809602 -0.499204
vn -0.329358 0.659218 -0.675984
vn -0.159786 0.662565 -0.731763
vn -0.389087 0.897189 -0.208959
vn -0.514054 0.838363 -0.181373
vn -0.588973 0.711884 -0.382533
vn -0.458127 0.769502 -0.444957
vn -0.514054 0.838363 -0.181373
vn -0.632964 0.760659 -0.144064
vn -0.705203 0.639696 -0.305741
vn -0.588973 0.711884 -0.382533
vn -0.588973 0.711884 -0.382533
vn -0.705203 0.639696 -0.305741
vn -0.732609 0.542334 -0.411288
vn -0.618827 0.594718 -0.513190
vn -0.458127 0.769502 -0.444957
vn -0.588973 0.711884 -0.382533
vn -0.618827 0.594718 -0.513190
vn -0.485683 0.634868 -0.600878
vn -0.632964 0.760659 -0.144064
vn -0.770957 0.632950 -0.070709
vn -0.828333 0.530303 -0.180675
vn -0.705203 0.639696 -0.305741
vn -0.770957 0.632950 -0.070709
vn -0.887962 0.458905 0.030500
vn -0.918995 0.393237 -0.028500
vn -0.828333 0.530303 -0.180675
vn -0.828333 0.530303 -0.180675
vn -0.918995 0.393237 -0.028500
vn -0.929847 0.359845 -0.076787
vn -0.848012 0.462549 -0.258698
vn -0.705203 0.639696 -0.305741
vn -0.828333 0.530303 -0.180675
vn -0.848012 0.462549 -0.258698
vn -0.732609 0.542334 -0.411288
vn -0.887962 0.458905 0.030500
vn -0.944455 0.307092 0.117046
vn -0.955206 0.281745 0.090566
vn -0.918995 0.393237 -0.028500
vn -0.944455 0.307092 0.117046
vn -0.966166 0.150972 0.209119
vn -0.962023 0.175024 0.209471
vn -0.955206 0.281745 0.090566
vn -0.955206 0.281745 0.090566
vn -0.962023 0.175024 0.209471
vn -0.961587 0.193263 0.194936
vn -0.959743 0.273708 0.063072
vn -0.918995 0.393237 -0.028500
vn -0.955206 0.281745 0.090566
vn -0.959743 0.273708 0.063072
vn -0.929847 0.359845 -0.076787
vn -0.966166 0.150972 0.209119
vn -0.945566 -0.040244 0.322932
vn -0.934048 0.050900 0.353502
vn -0.962023 0.175024 0.209471
vn -0.945566 -0.040244 0.322932
vn -0.876801 -0.221696 0.426698
vn -0.869666 -0.066277 0.489171
vn -0.934048 0.050900 0.353502
vn -0.934048 0.050900 0.353502
vn -0.869666 -0.066277 0.489171
vn -0.864175 0.011006 0.503072
vn -0.930183 0.100167 0.353165
vn -0.962023 0.175024 0.209471
vn -0.934048 0.050900 0.353502
vn -0.930183 0.100167 0.353165
vn -0.961587 0.193263 0.194936
vn -0.876801 -0.221696 0.426698
vn -0.773693 -0.376321 0.509688
vn -0.777533 -0.169049 0.605694
vn -0.869666 -0.066277 0.489171
vn -0.773693 -0.376321 0.509688
vn -0.642815 -0.506968 0.574257
vn -0.658279 -0.261055 0.706059
vn -0.777533 -0.169049 0.605694
vn -0.777533 -0.169049 0.605694
vn -0.658279 -0.261055 0.706059
vn -0.654905 -0.138833 0.742849
vn -0.772599 -0.067425 0.631304
vn -0.869666 -0.066277 0.489171
vn -0.777533 -0.169049 0.605694
vn -0.772599 -0.067425 0.631304
vn -0.864175 0.011006 0.503072
vn -0.642815 -0.506968 0.574257
vn -0.393721 -0.669831 0.629532
vn -0.452720 -0.385051 0.804227
vn -0.658279 -0.261055 0.706059
vn -0.393721 -0.669831 0.629532
vn -0.030271 -0.784842 0.618957
vn -0.150788 -0.530930 0.833892
vn -0.452720 -0.385051 0.804227
vn -0.452720 -0.385051 0.804227
vn -0.150788 -0.530930 0.833892
vn -0.265177 -0.331492 0.905425
vn -0.483322 -0.221704 0.846904
vn -0.658279 -0.261055 0.706059
vn -0.452720 -0.385051 0.804227
vn -0.483322 -0.221704 0.846904
vn -0.654905 -0.138833 0.742849
vn -0.030271 -0.784842 0.618957
vn 0.106889 -0.835671 0.538729
vn -0.073879 -0.665117 0.743076
vn -0.150788 -0.530930 0.833892
vn 0.106889 -0.835671 0.538729
vn -0.074249 -0.902269 0.424733
vn -0.297467 -0.751622 0.588709
vn -0.073879 -0.665117 0.743076
vn -0.073879 -0.665117 0.743076
vn -0.297467 -0.751622 0.588709
vn -0.385258 -0.536262 0.750999
vn -0.222679 -0.445677 0.867056
vn -0.150788 -0.530930 0.833892
vn -0.073879 -0.665117 0.743076
vn -0.222679 -0.445677 0.867056
vn -0.265177 -0.331492 0.905425
vn 0.928521 -0.327829 -0.174291
vn 0.890602 -0.315082 -0.327951
vn 0.887565 -0.331046 -0.320369
vn 0.917104 -0.348857 -0.192923
vn 0.890602 -0.315082 -0.327951
vn 0.860024 -0.327358 -0.391403
vn 0.868880 -0.316412 -0.380697
vn 0.887565 -0.331046 -0.320369
vn 0.887565 -0.331046 -0.320369
vn 0.868880 -0.316412 -0.380697
vn 0.872088 -0.205634 -0.444047
vn 0.909133 -0.245314 -0.336597
vn 0.917104 -0.348857 -0.192923
vn 0.887565 -0.331046 -0.320369
vn 0.909133 -0.245314 -0.336597
vn 0.943108 -0.270109 -0.193877
vn 0.860024 -0.327358 -0.391403
vn 0.815572 -0.354632 -0.457251
vn 0.848001 -0.298136 -0.438188
vn 0.868880 -0.316412 -0.380697
vn 0.815572 -0.354632 -0.457251
vn 0.667230 -0.347957 -0.658582
vn 0.777662 -0.270890 -0.567327
vn 0.848001 -0.298136 -0.438188
vn 0.848001 -0.298136 -0.438188
vn 0.777662 -0.270890 -0.567327
vn 0.766670 -0.050759 -0.640032
vn 0.824467 -0.133119 -0.550031
vn 0.868880 -0.316412 -0.380697
vn 0.848001 -0.298136 -0.438188
vn 0.824467 -0.133119 -0.550031
vn 0.872088 -0.205634 -0.444047
vn 0.572633 -0.000907 -0.819811
vn 0.281066 -0.032102 -0.959151
vn 0.519348 0.309540 -0.796532
vn 0.808105 0.115535 -0.577597
vn 0.281066 -0.032102 -0.959151
vn 0.072808 -0.085262 -0.993695
vn -0.012978 0.469539 -0.882816
vn 0.519348 0.309540 -0.796532
vn 0.519348 0.309540 -0.796532
vn -0.012978 0.469539 -0.882816
vn 0.533987 0.843483 -0.058259
vn 0.785836 0.523438 -0.329354
vn 0.808105 0.115535 -0.577597
vn 0.519348 0.309540 -0.796532
vn 0.785836 0.523438 -0.329354
vn 0.898040 0.188043 -0.397698
vn 0.533987 0.843483 -0.058259
vn -0.012978 0.469539 -0.882816
vn -0.167787 0.496255 -0.851809
vn 0.303236 0.950120 0.072934
vn -0.012978 0.469539 -0.882816
vn 0.072808 -0.085262 -0.993695
vn -0.122725 -0.110491 -0.986271
vn -0.167787 0.496255 -0.851809
vn -0.167787 0.496255 -0.851809
vn -0.122725 -0.110491 -0.986271
vn -0.316381 -0.132678 -0.939308
vn -0.325974 0.500887 -0.801781
vn 0.303236 0.950120 0.072934
vn -0.167787 0.496255 -0.851809
vn -0.325974 0.500887 -0.801781
vn 0.044311 0.981934 0.183961
vn -0.316381 -0.132678 -0.939308
vn -0.507037 -0.152253 -0.848371
vn -0.481919 0.479527 -0.733354
vn -0.325974 0.500887 -0.801781
vn -0.507037 -0.152253 -0.848371
vn -0.690194 -0.166401 -0.704232
vn -0.643441 0.429233 -0.633831
vn -0.481919 0.479527 -0.733354
vn -0.481919 0.479527 -0.733354
vn -0.643441 0.429233 -0.633831
vn -0.440304 0.844587 0.304641
vn -0.202549 0.947267 0.248311
vn -0.325974 0.500887 -0.801781
vn -0.481919 0.479527 -0.733354
vn -0.202549 0.947267 0.248311
vn 0.044311 0.981934 0.183961
vn -0.690194 -0.166401 -0.704232
vn -0.860451 -0.144645 -0.488572
vn -0.969008 0.233552 -0.080482
vn -0.643441 0.429233 -0.633831
vn -0.860451 -0.144645 -0.488572
vn -0.985961 -0.140496 -0.090236
vn -0.941356 -0.012317 0.337189
vn -0.969008 0.233552 -0.080482
vn -0.969008 0.233552 -0.080482
vn -0.941356 -0.012317 0.337189
vn -0.823006 0.059214 0.564938
vn -0.775442 0.504280 0.379988
vn -0.643441 0.429233 -0.633831
vn -0.969008 0.233552 -0.080482
vn -0.775442 0.504280 0.379988
vn -0.440304 0.844587 0.304641
vn -0.772962 0.359771 -0.522584
vn -0.827729 0.485705 -0.280991
vn -0.874058 0.444071 -0.197039
vn -0.897354 0.360624 -0.254374
vn -0.827729 0.485705 -0.280991
vn -0.844872 0.522698 -0.113922
vn -0.860815 0.502888 -0.078116
vn -0.874058 0.444071 -0.197039
vn -0.874058 0.444071 -0.197039
vn -0.860815 0.502888 -0.078116
vn -0.873521 0.486601 -0.013475
vn -0.884403 0.464521 -0.045299
vn -0.897354 0.360624 -0.254374
vn -0.874058 0.444071 -0.197039
vn -0.884403 0.464521 -0.045299
vn -0.880000 0.467456 -0.084172
vn -0.844872 0.522698 -0.113922
vn -0.852728 0.522047 -0.017966
vn -0.851884 0.523616 -0.010939
vn -0.860815 0.502888 -0.078116
vn -0.852728 0.522047 -0.017966
vn -0.859719 0.506910 0.062647
vn -0.845161 0.531696 0.054782
vn -0.851884 0.523616 -0.010939
vn -0.851884 0.523616 -0.010939
vn -0.845161 0.531696 0.054782
vn -0.852114 0.515724 0.089055
vn -0.863874 0.503299 0.020275
vn -0.860815 0.502888 -0.078116
vn -0.851884 0.523616 -0.010939
vn -0.863874 0.503299 0.020275
vn -0.873521 0.486601 -0.013475
vn -0.852114 0.515724 0.089055
vn -0.845161 0.531696 0.054782
vn -0.829550 0.534713 0.161022
vn -0.823701 0.527035 0.209167
vn -0.845161 0.531696 0.054782
vn -0.859719 0.506910 0.062647
vn -0.860778 0.476872 0.177918
vn -0.829550 0.534713 0.161022
vn -0.829550 0.534713 0.161022
vn -0.860778 0.476872 0.177918
vn -0.836403 0.431238 0.338324
vn -0.790790 0.527575 0.310348
vn -0.823701 0.527035 0.209167
vn -0.829550 0.534713 0.161022
vn -0.790790 0.527575 0.310348
vn -0.771127 0.528570 0.354932
vn -0.836403 0.431238 0.338324
vn -0.774505 0.373603 0.510453
vn -0.724559 0.504664 0.469391
vn -0.790790 0.527575 0.310348
vn -0.774505 0.373603 0.510453
vn -0.685978 0.309575 0.658482
vn -0.645220 0.469586 0.602645
vn -0.724559 0.504664 0.469391
vn -0.724559 0.504664 0.469391
vn -0.645220 0.469586 0.602645
vn -0.620609 0.490778 0.611541
vn -0.699124 0.514458 0.496547
vn -0.790790 0.527575 0.310348
vn -0.724559 0.504664 0.469391
vn -0.699124 0.514458 0.496547
vn -0.771127 0.528570 0.354932
vn -0.685978 0.309575 0.658482
vn -0.583541 0.230504 0.778683
vn -0.567599 0.427680 0.703507
vn -0.645220 0.469586 0.602645
vn -0.583541 0.230504 0.778683
vn -0.469554 0.115614 0.875301
vn -0.486237 0.376378 0.788615
vn -0.567599 0.427680 0.703507
vn -0.567599 0.427680 0.703507
vn -0.486237 0.376378 0.788615
vn -0.456958 0.443254 0.771178
vn -0.542849 0.466618 0.698271
vn -0.645220 0.469586 0.602645
vn -0.567599 0.427680 0.703507
vn -0.542849 0.466618 0.698271
vn -0.620609 0.490778 0.611541
vn -0.456958 0.443254 0.771178
vn -0.486237 0.376378 0.788615
vn -0.350230 0.304166 0.885902
vn -0.309192 0.396933 0.864202
vn -0.486237 0.376378 0.788615
vn -0.469554 0.115614 0.875301
vn -0.325328 -0.011835 0.945527
vn -0.350230 0.304166 0.885902
vn -0.350230 0.304166 0.885902
vn -0.325328 -0.011835 0.945527
vn -0.080310 -0.122155 0.989257
vn -0.082181 0.194276 0.977498
vn -0.309192 0.396933 0.864202
vn -0.350230 0.304166 0.885902
vn -0.082181 0.194276 0.977498
vn -0.018445 0.285694 0.958143
vn -0.080310 -0.122155 0.989257
vn 0.272694 -0.212913 0.938246
vn 0.272104 0.050613 0.960936
vn -0.082181 0.194276 0.977498
vn 0.272694 -0.212913 0.938246
vn 0.598949 -0.308080 0.739153
vn 0.602035 -0.127413 0.788238
vn 0.272104 0.050613 0.960936
vn 0.272104 0.050613 0.960936
vn 0.602035 -0.127413 0.788238
vn 0.611780 -0.027543 0.790548
vn 0.327731 0.132319 0.935459
vn -0.082181 0.194276 0.977498
vn 0.272104 0.050613 0.960936
vn 0.327731 0.132319 0.935459
vn -0.018445 0.285694 0.958143
vn 0.598949 -0.308080 0.739153
vn 0.769883 -0.380429 0.512401
vn 0.783446 -0.278668 0.555478
vn 0.602035 -0.127413 0.788238
vn 0.769883 -0.380429 0.512401
vn 0.819190 -0.405198 0.405885
vn 0.838364 -0.345949 0.421267
vn 0.783446 -0.278668 0.555478
vn 0.783446 -0.278668 0.555478
vn 0.838364 -0.345949 0.421267
vn 0.857024 -0.246184 0.452662
vn 0.781659 -0.166426 0.601092
vn 0.602035 -0.127413 0.788238
vn 0.783446 -0.278668 0.555478
vn 0.781659 -0.166426 0.601092
vn 0.611780 -0.027543 0.790548
vn 0.819190 -0.405198 0.405885
vn 0.846651 -0.403769 0.346630
vn 0.870431 -0.366742 0.328405
vn 0.838364 -0.345949 0.421267
vn 0.846651 -0.403769 0.346630
vn 0.890604 -0.387831 0.237513
vn 0.909165 -0.371664 0.187844
vn 0.870431 -0.366742 0.328405
vn 0.870431 -0.366742 0.328405
vn 0.909165 -0.371664 0.187844
vn 0.943137 -0.284727 0.171533
vn 0.903931 -0.277320 0.325581
vn 0.838364 -0.345949 0.421267
vn 0.870431 -0.366742 0.328405
vn 0.903931 -0.277320 0.325581
vn 0.857024 -0.246184 0.452662
vn 0.943137 -0.284727 0.171533
vn 0.909165 -0.371664 0.187844
vn 0.930985 -0.364958 -0.008573
vn 0.959311 -0.281805 -0.017558
vn 0.909165 -0.371664 0.187844
vn 0.890604 -0.387831 0.237513
vn 0.932440 -0.358235 0.047153
vn 0.930985 -0.364958 -0.008573
vn 0.930985 -0.364958 -0.008573
vn 0.932440 -0.358235 0.047153
vn 0.928521 -0.327829 -0.174291
vn 0.917104 -0.348857 -0.192923
vn 0.959311 -0.281805 -0.017558
vn 0.930985 -0.364958 -0.008573
vn 0.917104 -0.348857 -0.192923
vn 0.943108 -0.270109 -0.193877
vn 0.993050 -0.090827 -0.074851
vn 0.972989 -0.014105 -0.230421
vn 0.962815 -0.113175 -0.245312
vn 0.966944 -0.230673 -0.108671
vn 0.972989 -0.014105 -0.230421
vn 0.902804 0.081980 -0.422167
vn 0.917340 0.029007 -0.397047
vn 0.962815 -0.113175 -0.245312
vn 0.962815 -0.113175 -0.245312
vn 0.917340 0.029007 -0.397047
vn 0.885182 0.144116 -0.442361
vn 0.950879 -0.039582 -0.307021
vn 0.966944 -0.230673 -0.108671
vn 0.962815 -0.113175 -0.245312
vn 0.950879 -0.039582 -0.307021
vn 0.964311 -0.204921 -0.167664
vn 0.902804 0.081980 -0.422167
vn 0.758924 0.187315 -0.623656
vn 0.798707 0.200545 -0.567318
vn 0.917340 0.029007 -0.397047
vn 0.758924 0.187315 -0.623656
vn 0.582243 0.269795 -0.766945
vn 0.618456 0.355558 -0.700779
vn 0.798707 0.200545 -0.567318
vn 0.798707 0.200545 -0.567318
vn 0.618456 0.355558 -0.700779
vn 0.560725 0.506070 -0.655348
vn 0.745816 0.343869 -0.570537
vn 0.917340 0.029007 -0.397047
vn 0.798707 0.200545 -0.567318
vn 0.745816 0.343869 -0.570537
vn 0.885182 0.144116 -0.442361
vn 0.582243 0.269795 -0.766945
vn 0.386354 0.342091 -0.856565
vn 0.426303 0.466793 -0.774835
vn 0.618456 0.355558 -0.700779
vn 0.386354 0.342091 -0.856565
vn 0.177417 0.399224 -0.899524
vn 0.222290 0.549073 -0.805671
vn 0.426303 0.466793 -0.774835
vn 0.426303 0.466793 -0.774835
vn 0.222290 0.549073 -0.805671
vn 0.197057 0.681324 -0.704958
vn 0.379975 0.610876 -0.694585
vn 0.618456 0.355558 -0.700779
vn 0.426303 0.466793 -0.774835
vn 0.379975 0.610876 -0.694585
vn 0.560725 0.506070 -0.655348
vn 0.197057 0.681324 -0.704958
vn 0.222290 0.549073 -0.805671
vn 0.020642 0.603452 -0.797132
vn 0.014457 0.723809 -0.689849
vn 0.222290 0.549073 -0.805671
vn 0.177417 0.399224 -0.899524
vn -0.010335 0.436031 -0.899872
vn 0.020642 0.603452 -0.797132
vn 0.020642 0.603452 -0.797132
vn -0.010335 0.436031 -0.899872
vn -0.170433 0.470790 -0.865627
vn -0.160911 0.633847 -0.756536
vn 0.014457 0.723809 -0.689849
vn 0.020642 0.603452 -0.797132
vn -0.160911 0.633847 -0.756536
vn -0.156806 0.741406 -0.652479
vn -0.170433 0.470790 -0.865627
vn -0.312960 0.513277 -0.799126
vn -0.322845 0.647675 -0.690137
vn -0.160911 0.633847 -0.756536
vn -0.312960 0.513277 -0.799126
vn -0.444521 0.560711 -0.698573
vn -0.465904 0.648085 -0.602428
vn -0.322845 0.647675 -0.690137
vn -0.322845 0.647675 -0.690137
vn -0.465904 0.648085 -0.602428
vn -0.458259 0.719997 -0.521156
vn -0.314977 0.739072 -0.595452
vn -0.160911 0.633847 -0.756536
vn -0.322845 0.647675 -0.690137
vn -0.314977 0.739072 -0.595452
vn -0.156806 0.741406 -0.652479
vn -0.444521 0.560711 -0.698573
vn -0.566434 0.596583 -0.568543
vn -0.586263 0.636108 -0.501660
vn -0.465904 0.648085 -0.602428
vn -0.566434 0.596583 -0.568543
vn -0.687412 0.599685 -0.409686
vn -0.691457 0.609423 -0.387931
vn -0.586263 0.636108 -0.501660
vn -0.586263 0.636108 -0.501660
vn -0.691457 0.609423 -0.387931
vn -0.689369 0.642457 -0.334694
vn -0.580700 0.687965 -0.435307
vn -0.465904 0.648085 -0.602428
vn -0.586263 0.636108 -0.501660
vn -0.580700 0.687965 -0.435307
vn -0.458259 0.719997 -0.521156
vn -0.687412 0.599685 -0.409686
vn -0.803792 0.551956 -0.221953
vn -0.798358 0.554021 -0.235977
vn -0.691457 0.609423 -0.387931
vn -0.803792 0.551956 -0.221953
vn -0.873856 0.481845 -0.064817
vn -0.875490 0.477579 -0.073725
vn -0.798358 0.554021 -0.235977
vn -0.798358 0.554021 -0.235977
vn -0.875490 0.477579 -0.073725
vn -0.878180 0.475994 -0.047215
vn -0.799518 0.567896 -0.195613
vn -0.691457 0.609423 -0.387931
vn -0.798358 0.554021 -0.235977
vn -0.799518 0.567896 -0.195613
vn -0.689369 0.642457 -0.334694
vn -0.873856 0.481845 -0.064817
vn -0.902142 0.429120 0.044673
vn -0.909275 0.413405 0.048125
vn -0.875490 0.477579 -0.073725
vn -0.902142 0.429120 0.044673
vn -0.912639 0.376067 0.160196
vn -0.922923 0.348065 0.164513
vn -0.909275 0.413405 0.048125
vn -0.909275 0.413405 0.048125
vn -0.922923 0.348065 0.164513
vn -0.931660 0.319476 0.173044
vn -0.914104 0.400396 0.064000
vn -0.875490 0.477579 -0.073725
vn -0.909275 0.413405 0.048125
vn -0.914104 0.400396 0.064000
vn -0.878180 0.475994 -0.047215
vn -0.931660 0.319476 0.173044
vn -0.922923 0.348065 0.164513
vn -0.915906 0.258507 0.307066
vn -0.928298 0.205873 0.309644
vn -0.922923 0.348065 0.164513
vn -0.912639 0.376067 0.160196
vn -0.903250 0.299982 0.306839
vn -0.915906 0.258507 0.307066
vn -0.915906 0.258507 0.307066
vn -0.903250 0.299982 0.306839
vn -0.867760 0.211789 0.449597
vn -0.880693 0.159690 0.445958
vn -0.928298 0.205873 0.309644
vn -0.915906 0.258507 0.307066
vn -0.880693 0.159690 0.445958
vn -0.892712 0.080469 0.443385
vn -0.867760 0.211789 0.449597
vn -0.808513 0.119447 0.576228
vn -0.820240 0.061070 0.568750
vn -0.880693 0.159690 0.445958
vn -0.808513 0.119447 0.576228
vn -0.720928 0.019536 0.692734
vn -0.730574 -0.043313 0.681458
vn -0.820240 0.061070 0.568750
vn -0.820240 0.061070 0.568750
vn -0.730574 -0.043313 0.681458
vn -0.735084 -0.164557 0.657702
vn -0.828169 -0.042147 0.558891
vn -0.880693 0.159690 0.445958
vn -0.820240 0.061070 0.568750
vn -0.828169 -0.042147 0.558891
vn -0.892712 0.080469 0.443385
vn -0.720928 0.019536 0.692734
vn -0.600501 -0.083236 0.795280
vn -0.601776 -0.156009 0.783280
vn -0.730574 -0.043313 0.681458
vn -0.600501 -0.083236 0.795280
vn -0.439691 -0.181226 0.879675
vn -0.416289 -0.276470 0.866180
vn -0.601776 -0.156009 0.783280
vn -0.601776 -0.156009 0.783280
vn -0.416289 -0.276470 0.866180
vn -0.383402 -0.448383 0.807438
vn -0.599784 -0.296780 0.743089
vn -0.730574 -0.043313 0.681458
vn -0.601776 -0.156009 0.783280
vn -0.599784 -0.296780 0.743089
vn -0.735084 -0.164557 0.657702
vn -0.383402 -0.448383 0.807438
vn -0.416289 -0.276470 0.866180
vn -0.166465 -0.395041 0.903456
vn -0.122039 -0.570678 0.812055
vn -0.416289 -0.276470 0.866180
vn -0.439691 -0.181226 0.879675
vn -0.208556 -0.275627 0.938368
vn -0.166465 -0.395041 0.903456
vn -0.166465 -0.395041 0.903456
vn -0.208556 -0.275627 0.938368
vn 0.126863 -0.364717 0.922435
vn 0.142183 -0.498573 0.855107
vn -0.122039 -0.570678 0.812055
vn -0.166465 -0.395041 0.903456
vn 0.142183 -0.498573 0.855107
vn 0.130482 -0.643554 0.754197
vn 0.126863 -0.364717 0.922435
vn 0.424019 -0.403416 0.810841
vn 0.400009 -0.549156 0.733771
vn 0.142183 -0.498573 0.855107
vn 0.424019 -0.403416 0.810841
vn 0.596749 -0.398646 0.696399
vn 0.558084 -0.557467 0.614632
vn 0.400009 -0.549156 0.733771
vn 0.400009 -0.549156 0.733771
vn 0.558084 -0.557467 0.614632
vn 0.502749 -0.669326 0.547035
vn 0.345714 -0.672679 0.654205
vn 0.142183 -0.498573 0.855107
vn 0.400009 -0.549156 0.733771
vn 0.345714 -0.672679 0.654205
vn 0.130482 -0.643554 0.754197
vn 0.596749 -0.398646 0.696399
vn 0.725437 -0.371607 0.579352
vn 0.680707 -0.542007 0.492814
vn 0.558084 -0.557467 0.614632
vn 0.725437 -0.371607 0.579352
vn 0.838573 -0.322638 0.438976
vn 0.786355 -0.503438 0.358043
vn 0.680707 -0.542007 0.492814
vn 0.680707 -0.542007 0.492814
vn 0.786355 -0.503438 0.358043
vn 0.748193 -0.588170 0.307024
vn 0.634798 -0.640954 0.431521
vn 0.558084 -0.557467 0.614632
vn 0.680707 -0.542007 0.492814
vn 0.634798 -0.640954 0.431521
vn 0.502749 -0.669326 0.547035
vn 0.838573 -0.322638 0.438976
vn 0.912432 -0.267961 0.309298
vn 0.856748 -0.455503 0.241869
vn 0.786355 -0.503438 0.358043
vn 0.912432 -0.267961 0.309298
vn 0.956505 -0.216857 0.195120
vn 0.904847 -0.402107 0.139864
vn 0.856748 -0.455503 0.241869
vn 0.856748 -0.455503 0.241869
vn 0.904847 -0.402107 0.139864
vn 0.885154 -0.454811 0.098235
vn 0.826047 -0.527024 0.199730
vn 0.786355 -0.503438 0.358043
vn 0.856748 -0.455503 0.241869
vn 0.826047 -0.527024 0.199730
vn 0.748193 -0.588170 0.307024
vn 0.885154 -0.454811 0.098235
vn 0.904847 -0.402107 0.139864
vn 0.944052 -0.328964 0.023429
vn 0.936651 -0.349366 -0.025072
vn 0.904847 -0.402107 0.139864
vn 0.956505 -0.216857 0.195120
vn 0.984998 -0.158930 0.067239
vn 0.944052 -0.328964 0.023429
vn 0.944052 -0.328964 0.023429
vn 0.984998 -0.158930 0.067239
vn 0.993050 -0.090827 -0.074851
vn 0.966944 -0.230673 -0.108671
vn 0.936651 -0.349366 -0.025072
vn 0.944052 -0.328964 0.023429
vn 0.966944 -0.230673 -0.108671
vn 0.964311 -0.204921 -0.167664
vn 0.960111 -0.218501 -0.174480
vn 0.944743 -0.055604 -0.323061
vn 0.897185 -0.163098 -0.410436
vn 0.935659 -0.256480 -0.242405
vn 0.944743 -0.055604 -0.323061
vn 0.879760 0.120494 -0.459896
vn 0.824468 -0.062066 -0.562494
vn 0.897185 -0.163098 -0.410436
vn 0.897185 -0.163098 -0.410436
vn 0.824468 -0.062066 -0.562494
vn 0.806803 -0.170636 -0.565644
vn 0.875518 -0.237206 -0.420952
vn 0.935659 -0.256480 -0.242405
vn 0.897185 -0.163098 -0.410436
vn 0.875518 -0.237206 -0.420952
vn 0.916742 -0.294828 -0.269555
vn 0.879760 0.120494 -0.459896
vn 0.747175 0.311457 -0.587132
vn 0.704816 0.056533 -0.707134
vn 0.824468 -0.062066 -0.562494
vn 0.747175 0.311457 -0.587132
vn 0.567259 0.474773 -0.672910
vn 0.551767 0.175799 -0.815259
vn 0.704816 0.056533 -0.707134
vn 0.704816 0.056533 -0.707134
vn 0.551767 0.175799 -0.815259
vn 0.548542 0.022162 -0.835829
vn 0.695014 -0.080998 -0.714419
vn 0.824468 -0.062066 -0.562494
vn 0.704816 0.056533 -0.707134
vn 0.695014 -0.080998 -0.714419
vn 0.806803 -0.170636 -0.565644
vn 0.567259 0.474773 -0.672910
vn 0.389931 0.585806 -0.710482
vn 0.393572 0.280581 -0.875429
vn 0.551767 0.175799 -0.815259
vn 0.389931 0.585806 -0.710482
vn 0.209267 0.664061 -0.717796
vn 0.217169 0.381553 -0.898474
vn 0.393572 0.280581 -0.875429
vn 0.393572 0.280581 -0.875429
vn 0.217169 0.381553 -0.898474
vn 0.206134 0.237545 -0.949253
vn 0.390137 0.124892 -0.912247
vn 0.551767 0.175799 -0.815259
vn 0.393572 0.280581 -0.875429
vn 0.390137 0.124892 -0.912247
vn 0.548542 0.022162 -0.835829
vn 0.206134 0.237545 -0.949253
vn 0.217169 0.381553 -0.898474
vn 0.020854 0.475713 -0.879353
vn 0.001944 0.352769 -0.935708
vn 0.217169 0.381553 -0.898474
vn 0.209267 0.664061 -0.717796
vn 0.023020 0.715152 -0.698589
vn 0.020854 0.475713 -0.879353
vn 0.020854 0.475713 -0.879353
vn 0.023020 0.715152 -0.698589
vn -0.154634 0.739772 -0.654848
vn -0.175120 0.551471 -0.815606
vn 0.001944 0.352769 -0.935708
vn 0.020854 0.475713 -0.879353
vn -0.175120 0.551471 -0.815606
vn -0.199685 0.454143 -0.868263
vn -0.154634 0.739772 -0.654848
vn -0.319654 0.741650 -0.589726
vn -0.355970 0.602582 -0.714269
vn -0.175120 0.551471 -0.815606
vn -0.319654 0.741650 -0.589726
vn -0.468004 0.724096 -0.506614
vn -0.509968 0.628041 -0.587790
vn -0.355970 0.602582 -0.714269
vn -0.355970 0.602582 -0.714269
vn -0.509968 0.628041 -0.587790
vn -0.528449 0.580270 -0.619700
vn -0.380021 0.530996 -0.757382
vn -0.175120 0.551471 -0.815606
vn -0.355970 0.602582 -0.714269
vn -0.380021 0.530996 -0.757382
vn -0.199685 0.454143 -0.868263
vn -0.468004 0.724096 -0.506614
vn -0.593970 0.691402 -0.411294
vn -0.636274 0.633543 -0.440203
vn -0.509968 0.628041 -0.587790
vn -0.593970 0.691402 -0.411294
vn -0.708296 0.641202 -0.295258
vn -0.739221 0.617226 -0.269414
vn -0.636274 0.633543 -0.440203
vn -0.636274 0.633543 -0.440203
vn -0.739221 0.617226 -0.269414
vn -0.757641 0.615363 -0.217506
vn -0.663555 0.610208 -0.432828
vn -0.509968 0.628041 -0.587790
vn -0.636274 0.633543 -0.440203
vn -0.663555 0.610208 -0.432828
vn -0.528449 0.580270 -0.619700
vn -0.708296 0.641202 -0.295258
vn -0.816202 0.560371 -0.140708
vn -0.809924 0.577706 -0.101387
vn -0.739221 0.617226 -0.269414
vn -0.816202 0.560371 -0.140708
vn -0.879052 0.476726 0.000685
vn -0.849056 0.528072 0.015625
vn -0.809924 0.577706 -0.101387
vn -0.809924 0.577706 -0.101387
vn -0.849056 0.528072 0.015625
vn -0.772089 0.630172 -0.082226
vn -0.792562 0.607672 -0.050803
vn -0.739221 0.617226 -0.269414
vn -0.809924 0.577706 -0.101387
vn -0.792562 0.607672 -0.050803
vn -0.757641 0.615363 -0.217506
vn -0.879052 0.476726 0.000685
vn -0.906038 0.409845 0.105459
vn -0.874075 0.464746 0.141432
vn -0.849056 0.528072 0.015625
vn -0.906038 0.409845 0.105459
vn -0.917718 0.331140 0.219409
vn -0.870880 0.411623 0.268578
vn -0.874075 0.464746 0.141432
vn -0.874075 0.464746 0.141432
vn -0.870880 0.411623 0.268578
vn -0.973870 0.165469 0.155554
vn -0.944534 0.328398 -0.003339
vn -0.849056 0.528072 0.015625
vn -0.874075 0.464746 0.141432
vn -0.944534 0.328398 -0.003339
vn -0.772089 0.630172 -0.082226
vn -0.973870 0.165469 0.155554
vn -0.870880 0.411623 0.268578
vn -0.850485 0.359447 0.384023
vn -0.957088 0.046267 0.286082
vn -0.870880 0.411623 0.268578
vn -0.917718 0.331140 0.219409
vn -0.907352 0.225873 0.354534
vn -0.850485 0.359447 0.384023
vn -0.850485 0.359447 0.384023
vn -0.907352 0.225873 0.354534
vn -0.870090 0.111748 0.480059
vn -0.821697 0.296828 0.486526
vn -0.957088 0.046267 0.286082
vn -0.850485 0.359447 0.384023
vn -0.821697 0.296828 0.486526
vn -0.906069 -0.061013 0.418707
vn -0.870090 0.111748 0.480059
vn -0.806479 -0.003024 0.591255
vn -0.767544 0.212275 0.604827
vn -0.821697 0.296828 0.486526
vn -0.806479 -0.003024 0.591255
vn -0.716086 -0.120050 0.687611
vn -0.647838 0.116999 0.752740
vn -0.767544 0.212275 0.604827
vn -0.767544 0.212275 0.604827
vn -0.647838 0.116999 0.752740
vn -0.085647 -0.402881 0.911236
vn -0.762396 -0.182551 0.620828
vn -0.821697 0.296828 0.486526
vn -0.767544 0.212275 0.604827
vn -0.762396 -0.182551 0.620828
vn -0.906069 -0.061013 0.418707
vn -0.716086 -0.120050 0.687611
vn -0.572777 -0.268878 0.774359
vn -0.505759 0.030412 0.862139
vn -0.647838 0.116999 0.752740
vn -0.572777 -0.268878 0.774359
vn -0.337024 -0.440670 0.832001
vn -0.305045 -0.106510 0.946363
vn -0.505759 0.030412 0.862139
vn -0.505759 0.030412 0.862139
vn -0.305045 -0.106510 0.946363
vn -0.191876 -0.026309 0.981067
vn -0.310253 0.000070 0.950654
vn -0.647838 0.116999 0.752740
vn -0.505759 0.030412 0.862139
vn -0.310253 0.000070 0.950654
vn -0.085647 -0.402881 0.911236
vn -0.191876 -0.026309 0.981067
vn -0.305045 -0.106510 0.946363
vn -0.064120 -0.231533 0.970712
vn -0.045221 -0.100014 0.993958
vn -0.305045 -0.106510 0.946363
vn -0.337024 -0.440670 0.832001
vn -0.080817 -0.558817 0.825343
vn -0.064120 -0.231533 0.970712
vn -0.064120 -0.231533 0.970712
vn -0.080817 -0.558817 0.825343
vn 0.144346 -0.623961 0.768009
vn 0.142439 -0.321729 0.936056
vn -0.045221 -0.100014 0.993958
vn -0.064120 -0.231533 0.970712
vn 0.142439 -0.321729 0.936056
vn 0.118747 -0.184945 0.975548
vn 0.144346 -0.623961 0.768009
vn 0.338354 -0.655759 0.674905
vn 0.343409 -0.401463 0.849057
vn 0.142439 -0.321729 0.936056
vn 0.338354 -0.655759 0.674905
vn 0.494067 -0.658076 0.568184
vn 0.523596 -0.454405 0.720668
vn 0.343409 -0.401463 0.849057
vn 0.343409 -0.401463 0.849057
vn 0.523596 -0.454405 0.720668
vn 0.524136 -0.365785 0.769079
vn 0.326837 -0.285256 0.901003
vn 0.142439 -0.321729 0.936056
vn 0.343409 -0.401463 0.849057
vn 0.326837 -0.285256 0.901003
vn 0.118747 -0.184945 0.975548
vn 0.494067 -0.658076 0.568184
vn 0.629059 -0.634149 0.449600
vn 0.677081 -0.477615 0.559862
vn 0.523596 -0.454405 0.720668
vn 0.629059 -0.634149 0.449600
vn 0.743545 -0.585894 0.322288
vn 0.793168 -0.471127 0.385908
vn 0.677081 -0.477615 0.559862
vn 0.677081 -0.477615 0.559862
vn 0.793168 -0.471127 0.385908
vn 0.815302 -0.433265 0.384142
vn 0.691834 -0.416772 0.589632
vn 0.523596 -0.454405 0.720668
vn 0.677081 -0.477615 0.559862
vn 0.691834 -0.416772 0.589632
vn 0.524136 -0.365785 0.769079
vn 0.743545 -0.585894 0.322288
vn 0.823339 -0.527213 0.210143
vn 0.863648 -0.444205 0.238314
vn 0.793168 -0.471127 0.385908
vn 0.823339 -0.527213 0.210143
vn 0.882663 -0.458180 0.104769
vn 0.909590 -0.402950 0.101374
vn 0.863648 -0.444205 0.238314
vn 0.863648 -0.444205 0.238314
vn 0.909590 -0.402950 0.101374
vn 0.917874 -0.392109 0.061298
vn 0.882528 -0.420592 0.210349
vn 0.793168 -0.471127 0.385908
vn 0.863648 -0.444205 0.238314
vn 0.882528 -0.420592 0.210349
vn 0.815302 -0.433265 0.384142
vn 0.917874 -0.392109 0.061298
vn 0.909590 -0.402950 0.101374
vn 0.938276 -0.340298 -0.061937
vn 0.931562 -0.348825 -0.102531
vn 0.909590 -0.402950 0.101374
vn 0.882663 -0.458180 0.104769
vn 0.933567 -0.357610 -0.023811
vn 0.938276 -0.340298 -0.061937
vn 0.938276 -0.340298 -0.061937
vn 0.933567 -0.357610 -0.023811
vn 0.960111 -0.218501 -0.174480
vn 0.935659 -0.256480 -0.242405
vn 0.931562 -0.348825 -0.102531
vn 0.938276 -0.340298 -0.061937
vn 0.935659 -0.256480 -0.242405
vn 0.916742 -0.294828 -0.269555
vn 0.862513 -0.280681 -0.421058
vn 0.808200 -0.207442 -0.551163
vn 0.774928 -0.312891 -0.549169
vn 0.812818 -0.388434 -0.434103
vn 0.893935 -0.341021 -0.290835
vn 0.862513 -0.280681 -0.421058
vn 0.812818 -0.388434 -0.434103
vn 0.834095 -0.446916 -0.323343
vn 0.713016 -0.105446 -0.693174
vn 0.575884 0.016951 -0.817356
vn 0.580952 -0.056775 -0.811955
vn 0.701281 -0.201851 -0.683711
vn 0.808200 -0.207442 -0.551163
vn 0.713016 -0.105446 -0.693174
vn 0.701281 -0.201851 -0.683711
vn 0.774928 -0.312891 -0.549169
vn 0.418846 0.138114 -0.897492
vn 0.234785 0.263795 -0.935568
vn 0.246574 0.253731 -0.935319
vn 0.430594 0.095963 -0.897430
vn 0.575884 0.016951 -0.817356
vn 0.418846 0.138114 -0.897492
vn 0.430594 0.095963 -0.897430
vn 0.580952 -0.056775 -0.811955
vn -0.165452 0.522496 -0.836435
vn 0.036390 0.403848 -0.914102
vn 0.028512 0.386895 -0.921683
vn -0.172729 0.489458 -0.854749
vn 0.036390 0.403848 -0.914102
vn 0.246574 0.253731 -0.935319
vn 0.234785 0.263795 -0.935568
vn 0.028512 0.386895 -0.921683
vn -0.352291 0.564381 -0.746569
vn -0.500107 0.610764 -0.613890
vn -0.482967 0.653710 -0.582586
vn -0.341290 0.604629 -0.719684
vn -0.172729 0.489458 -0.854749
vn -0.352291 0.564381 -0.746569
vn -0.341290 0.604629 -0.719684
vn -0.165452 0.522496 -0.836435
vn -0.645155 0.637316 -0.421429
vn -0.766825 0.622960 -0.154597
vn -0.744442 0.655567 -0.126644
vn -0.620548 0.678400 -0.393311
vn -0.500107 0.610764 -0.613890
vn -0.645155 0.637316 -0.421429
vn -0.620548 0.678400 -0.393311
vn -0.482967 0.653710 -0.582586
vn -0.800219 0.599295 0.022244
vn -0.758465 0.651255 0.024455
vn -0.802947 0.571821 0.168215
vn -0.795638 0.601955 0.067896
vn -0.766825 0.622960 -0.154597
vn -0.800219 0.599295 0.022244
vn -0.795638 0.601955 0.067896
vn -0.744442 0.655567 -0.126644
vn -0.734035 0.613113 0.292035
vn -0.720704 0.561165 0.407037
vn -0.775525 0.499213 0.386455
vn -0.789204 0.531302 0.308019
vn -0.758465 0.651255 0.024455
vn -0.734035 0.613113 0.292035
vn -0.789204 0.531302 0.308019
vn -0.802947 0.571821 0.168215
vn -0.751164 0.472260 0.461218
vn -0.766871 0.481620 0.424207
vn -0.719064 0.536781 0.441377
vn -0.714060 0.518634 0.470252
vn -0.766871 0.481620 0.424207
vn -0.775525 0.499213 0.386455
vn -0.720704 0.561165 0.407037
vn -0.719064 0.536781 0.441377
vn -0.655963 0.455753 0.601666
vn -0.170032 -0.062459 0.983457
vn -0.480973 0.227389 0.846734
vn -0.709491 0.435865 0.553755
vn -0.714060 0.518634 0.470252
vn -0.655963 0.455753 0.601666
vn -0.709491 0.435865 0.553755
vn -0.751164 0.472260 0.461218
vn -0.216288 -0.039324 0.975537
vn -0.098481 -0.114380 0.988544
vn -0.121223 -0.082948 0.989154
vn -0.231048 0.020432 0.972728
vn -0.170032 -0.062459 0.983457
vn -0.216288 -0.039324 0.975537
vn -0.231048 0.020432 0.972728
vn -0.480973 0.227389 0.846734
vn 0.151878 -0.288981 0.945211
vn -0.012174 -0.174630 0.984559
vn -0.009686 -0.168636 0.985631
vn 0.144343 -0.252523 0.956764
vn -0.012174 -0.174630 0.984559
vn -0.121223 -0.082948 0.989154
vn -0.098481 -0.114380 0.988544
vn -0.009686 -0.168636 0.985631
vn 0.354472 -0.357942 0.863844
vn 0.545820 -0.437095 0.714863
vn 0.541952 -0.508664 0.668991
vn 0.359197 -0.414455 0.836184
vn 0.144343 -0.252523 0.956764
vn 0.354472 -0.357942 0.863844
vn 0.359197 -0.414455 0.836184
vn 0.151878 -0.288981 0.945211
vn 0.703422 -0.482412 0.521993
vn 0.813838 -0.490569 0.311465
vn 0.780926 -0.577758 0.237381
vn 0.686282 -0.563551 0.459813
vn 0.545820 -0.437095 0.714863
vn 0.703422 -0.482412 0.521993
vn 0.686282 -0.563551 0.459813
vn 0.541952 -0.508664 0.668991
vn 0.869736 -0.472565 0.142271
vn 0.897235 -0.441554 0.000293
vn 0.840435 -0.537452 -0.069381
vn 0.823167 -0.564038 0.065246
vn 0.813838 -0.490569 0.311465
vn 0.869736 -0.472565 0.142271
vn 0.823167 -0.564038 0.065246
vn 0.780926 -0.577758 0.237381
vn 0.834095 -0.446916 -0.323343
vn 0.843940 -0.497419 -0.200845
vn 0.906256 -0.396203 -0.147390
vn 0.893935 -0.341021 -0.290835
vn 0.843940 -0.497419 -0.200845
vn 0.840435 -0.537452 -0.069381
vn 0.897235 -0.441554 0.000293
vn 0.906256 -0.396203 -0.147390
vn 0.721914 -0.595330 -0.352735
vn 0.673962 -0.575470 -0.463259
vn 0.673004 -0.596261 -0.437652
vn 0.738154 -0.595647 -0.316754
vn 0.673962 -0.575470 -0.463259
vn 0.617810 -0.541437 -0.570225
vn 0.600506 -0.580783 -0.549622
vn 0.673004 -0.596261 -0.437652
vn 0.673004 -0.596261 -0.437652
vn 0.600506 -0.580783 -0.549622
vn 0.596159 -0.592873 -0.541383
vn 0.690312 -0.591160 -0.417132
vn 0.738154 -0.595647 -0.316754
vn 0.673004 -0.596261 -0.437652
vn 0.690312 -0.591160 -0.417132
vn 0.773212 -0.568940 -0.280089
vn 0.617810 -0.541437 -0.570225
vn 0.539532 -0.482562 -0.689956
vn 0.507722 -0.543338 -0.668583
vn 0.600506 -0.580783 -0.549622
vn 0.539532 -0.482562 -0.689956
vn 0.439006 -0.396737 -0.806147
vn 0.400052 -0.483511 -0.778572
vn 0.507722 -0.543338 -0.668583
vn 0.507722 -0.543338 -0.668583
vn 0.400052 -0.483511 -0.778572
vn 0.355945 -0.532759 -0.767770
vn 0.479428 -0.572824 -0.664847
vn 0.600506 -0.580783 -0.549622
vn 0.507722 -0.543338 -0.668583
vn 0.479428 -0.572824 -0.664847
vn 0.596159 -0.592873 -0.541383
vn 0.439006 -0.396737 -0.806147
vn 0.327978 -0.293293 -0.898003
vn 0.292045 -0.410238 -0.863953
vn 0.400052 -0.483511 -0.778572
vn 0.327978 -0.293293 -0.898003
vn 0.192661 -0.162383 -0.967736
vn 0.170011 -0.316846 -0.933116
vn 0.292045 -0.410238 -0.863953
vn 0.292045 -0.410238 -0.863953
vn 0.170011 -0.316846 -0.933116
vn 0.135594 -0.426671 -0.894185
vn 0.246018 -0.483997 -0.839775
vn 0.400052 -0.483511 -0.778572
vn 0.292045 -0.410238 -0.863953
vn 0.246018 -0.483997 -0.839775
vn 0.355945 -0.532759 -0.767770
vn -0.127432 -0.265092 -0.955765
vn 0.011687 -0.355070 -0.934767
vn 0.023248 -0.194001 -0.980726
vn -0.143437 -0.043152 -0.988718
vn 0.011687 -0.355070 -0.934767
vn 0.135594 -0.426671 -0.894185
vn 0.170011 -0.316846 -0.933116
vn 0.023248 -0.194001 -0.980726
vn 0.023248 -0.194001 -0.980726
vn 0.170011 -0.316846 -0.933116
vn 0.192661 -0.162383 -0.967736
vn 0.024625 0.001913 -0.999695
vn -0.143437 -0.043152 -0.988718
vn 0.023248 -0.194001 -0.980726
vn 0.024625 0.001913 -0.999695
vn -0.161403 0.183663 -0.969648
vn -0.161403 0.183663 -0.969648
vn -0.343831 0.360014 -0.867278
vn -0.321160 0.130395 -0.938005
vn -0.143437 -0.043152 -0.988718
vn -0.343831 0.360014 -0.867278
vn -0.496293 0.505288 -0.705958
vn -0.486433 0.305834 -0.818443
vn -0.321160 0.130395 -0.938005
vn -0.321160 0.130395 -0.938005
vn -0.486433 0.305834 -0.818443
vn -0.462157 0.010054 -0.886741
vn -0.288280 -0.144855 -0.946526
vn -0.143437 -0.043152 -0.988718
vn -0.321160 0.130395 -0.938005
vn -0.288280 -0.144855 -0.946526
vn -0.127432 -0.265092 -0.955765
vn -0.496293 0.505288 -0.705958
vn -0.605307 0.605498 -0.516697
vn -0.609897 0.451132 -0.651541
vn -0.486433 0.305834 -0.818443
vn -0.605307 0.605498 -0.516697
vn -0.681383 0.668264 -0.298564
vn -0.690589 0.559412 -0.458416
vn -0.609897 0.451132 -0.651541
vn -0.609897 0.451132 -0.651541
vn -0.690589 0.559412 -0.458416
vn -0.724208 0.341145 -0.599285
vn -0.615278 0.181011 -0.767247
vn -0.486433 0.305834 -0.818443
vn -0.609897 0.451132 -0.651541
vn -0.615278 0.181011 -0.767247
vn -0.462157 0.010054 -0.886741
vn -0.681383 0.668264 -0.298564
vn -0.720826 0.690532 -0.059795
vn -0.736068 0.641687 -0.215503
vn -0.690589 0.559412 -0.458416
vn -0.720826 0.690532 -0.059795
vn -0.724436 0.680665 0.109032
vn -0.735921 0.677053 0.004442
vn -0.736068 0.641687 -0.215503
vn -0.736068 0.641687 -0.215503
vn -0.735921 0.677053 0.004442
vn -0.790775 0.604420 -0.096701
vn -0.791712 0.497811 -0.354085
vn -0.690589 0.559412 -0.458416
vn -0.736068 0.641687 -0.215503
vn -0.791712 0.497811 -0.354085
vn -0.724208 0.341145 -0.599285
vn -0.724436 0.680665 0.109032
vn -0.714828 0.665226 0.215627
vn -0.717113 0.681459 0.146162
vn -0.735921 0.677053 0.004442
vn -0.714828 0.665226 0.215627
vn -0.691536 0.647324 0.320546
vn -0.684872 0.676560 0.270587
vn -0.717113 0.681459 0.146162
vn -0.717113 0.681459 0.146162
vn -0.684872 0.676560 0.270587
vn -0.706970 0.673356 0.216300
vn -0.756755 0.649545 0.073574
vn -0.735921 0.677053 0.004442
vn -0.717113 0.681459 0.146162
vn -0.756755 0.649545 0.073574
vn -0.790775 0.604420 -0.096701
vn -0.550363 0.680749 0.483406
vn -0.632571 0.683910 0.363485
vn -0.630003 0.663333 0.403838
vn -0.563761 0.643056 0.518317
vn -0.632571 0.683910 0.363485
vn -0.706970 0.673356 0.216300
vn -0.684872 0.676560 0.270587
vn -0.630003 0.663333 0.403838
vn -0.630003 0.663333 0.403838
vn -0.684872 0.676560 0.270587
vn -0.691536 0.647324 0.320546
vn -0.647949 0.624027 0.436752
vn -0.563761 0.643056 0.518317
vn -0.630003 0.663333 0.403838
vn -0.647949 0.624027 0.436752
vn -0.591198 0.597635 0.541588
vn -0.591198 0.597635 0.541588
vn -0.525963 0.566878 0.634044
vn -0.492601 0.618146 0.612568
vn -0.563761 0.643056 0.518317
vn -0.525963 0.566878 0.634044
vn -0.451673 0.531028 0.716938
vn -0.414169 0.588659 0.694223
vn -0.492601 0.618146 0.612568
vn -0.492601 0.618146 0.612568
vn -0.414169 0.588659 0.694223
vn -0.382741 0.651368 0.655155
vn -0.468483 0.669215 0.576780
vn -0.563761 0.643056 0.518317
vn -0.492601 0.618146 0.612568
vn -0.468483 0.669215 0.576780
vn -0.550363 0.680749 0.483406
vn -0.451673 0.531028 0.716938
vn -0.350555 0.479019 0.804768
vn -0.315146 0.548688 0.774355
vn -0.414169 0.588659 0.694223
vn -0.350555 0.479019 0.804768
vn -0.202134 0.390082 0.898319
vn -0.178644 0.487004 0.854935
vn -0.315146 0.548688 0.774355
vn -0.315146 0.548688 0.774355
vn -0.178644 0.487004 0.854935
vn -0.151540 0.581710 0.799155
vn -0.281309 0.624274 0.728799
vn -0.414169 0.588659 0.694223
vn -0.315146 0.548688 0.774355
vn -0.281309 0.624274 0.728799
vn -0.382741 0.651368 0.655155
vn 0.102541 0.477649 0.872546
vn -0.023090 0.533128 0.845719
vn -0.036406 0.416122 0.908580
vn 0.105900 0.337099 0.935494
vn -0.023090 0.533128 0.845719
vn -0.151540 0.581710 0.799155
vn -0.178644 0.487004 0.854935
vn -0.036406 0.416122 0.908580
vn -0.036406 0.416122 0.908580
vn -0.178644 0.487004 0.854935
vn -0.202134 0.390082 0.898319
vn -0.044303 0.286625 0.957018
vn 0.105900 0.337099 0.935494
vn -0.036406 0.416122 0.908580
vn -0.044303 0.286625 0.957018
vn 0.115856 0.174175 0.977876
vn 0.115856 0.174175 0.977876
vn 0.310446 0.024373 0.950278
vn 0.279761 0.225954 0.933102
vn 0.105900 0.337099 0.935494
vn 0.310446 0.024373 0.950278
vn 0.516938 -0.153492 0.842149
vn 0.477265 0.077363 0.875347
vn 0.279761 0.225954 0.933102
vn 0.279761 0.225954 0.933102
vn 0.477265 0.077363 0.875347
vn 0.434055 0.280461 0.856118
vn 0.255087 0.396387 0.881934
vn 0.105900 0.337099 0.935494
vn 0.279761 0.225954 0.933102
vn 0.255087 0.396387 0.881934
vn 0.102541 0.477649 0.872546
vn 0.516938 -0.153492 0.842149
vn 0.698686 -0.338838 0.630101
vn 0.680952 -0.114741 0.723284
vn 0.477265 0.077363 0.875347
vn 0.698686 -0.338838 0.630101
vn 0.803459 -0.488185 0.340776
vn 0.828507 -0.320047 0.459507
vn 0.680952 -0.114741 0.723284
vn 0.680952 -0.114741 0.723284
vn 0.828507 -0.320047 0.459507
vn 0.826250 -0.118611 0.550675
vn 0.640328 0.108833 0.760352
vn 0.477265 0.077363 0.875347
vn 0.680952 -0.114741 0.723284
vn 0.640328 0.108833 0.760352
vn 0.434055 0.280461 0.856118
vn 0.803459 -0.488185 0.340776
vn 0.820434 -0.562230 0.103856
vn 0.866219 -0.454325 0.207975
vn 0.828507 -0.320047 0.459507
vn 0.820434 -0.562230 0.103856
vn 0.802350 -0.593048 -0.067297
vn 0.848059 -0.529766 0.012043
vn 0.866219 -0.454325 0.207975
vn 0.866219 -0.454325 0.207975
vn 0.848059 -0.529766 0.012043
vn 0.898814 -0.427478 0.096935
vn 0.901063 -0.303873 0.309430
vn 0.828507 -0.320047 0.459507
vn 0.866219 -0.454325 0.207975
vn 0.901063 -0.303873 0.309430
vn 0.826250 -0.118611 0.550675
vn 0.773212 -0.568940 -0.280089
vn 0.849235 -0.517024 -0.107171
vn 0.800449 -0.575854 -0.166353
vn 0.738154 -0.595647 -0.316754
vn 0.849235 -0.517024 -0.107171
vn 0.898814 -0.427478 0.096935
vn 0.848059 -0.529766 0.012043
vn 0.800449 -0.575854 -0.166353
vn 0.800449 -0.575854 -0.166353
vn 0.848059 -0.529766 0.012043
vn 0.802350 -0.593048 -0.067297
vn 0.766785 -0.602822 -0.220561
vn 0.738154 -0.595647 -0.316754
vn 0.800449 -0.575854 -0.166353
vn 0.766785 -0.602822 -0.220561
vn 0.721914 -0.595330 -0.352735
vn 0.956505 -0.216857 0.195120
vn 0.975210 -0.043767 0.216909
vn 0.997582 -0.004721 0.069339
vn 0.984998 -0.158930 0.067239
vn 0.975210 -0.043767 0.216909
vn 0.972304 -0.143004 0.184862
vn 0.991641 -0.128482 0.011838
vn 0.997582 -0.004721 0.069339
vn 0.997582 -0.004721 0.069339
vn 0.991641 -0.128482 0.011838
vn 0.980304 -0.112354 -0.162422
vn 0.995346 0.032128 -0.090851
vn 0.984998 -0.158930 0.067239
vn 0.997582 -0.004721 0.069339
vn 0.995346 0.032128 -0.090851
vn 0.993050 -0.090827 -0.074851
vn 0.867092 -0.150935 0.474732
vn 0.930151 -0.153877 0.333378
vn 0.933494 -0.085251 0.348311
vn 0.860768 -0.134344 0.490948
vn 0.930151 -0.153877 0.333378
vn 0.972304 -0.143004 0.184862
vn 0.975210 -0.043767 0.216909
vn 0.933494 -0.085251 0.348311
vn 0.933494 -0.085251 0.348311
vn 0.975210 -0.043767 0.216909
vn 0.956505 -0.216857 0.195120
vn 0.912432 -0.267961 0.309298
vn 0.860768 -0.134344 0.490948
vn 0.933494 -0.085251 0.348311
vn 0.912432 -0.267961 0.309298
vn 0.838573 -0.322638 0.438976
vn 0.624563 -0.052137 0.779232
vn 0.770484 -0.116628 0.626699
vn 0.747650 -0.181409 0.638835
vn 0.614715 -0.211554 0.759849
vn 0.770484 -0.116628 0.626699
vn 0.867092 -0.150935 0.474732
vn 0.860768 -0.134344 0.490948
vn 0.747650 -0.181409 0.638835
vn 0.747650 -0.181409 0.638835
vn 0.860768 -0.134344 0.490948
vn 0.838573 -0.322638 0.438976
vn 0.725437 -0.371607 0.579352
vn 0.614715 -0.211554 0.759849
vn 0.747650 -0.181409 0.638835
vn 0.725437 -0.371607 0.579352
vn 0.596749 -0.398646 0.696399
vn 0.071366 0.136417 0.988078
vn 0.404016 0.025907 0.914385
vn 0.430776 -0.225036 0.873951
vn 0.111016 -0.198177 0.973859
vn 0.404016 0.025907 0.914385
vn 0.624563 -0.052137 0.779232
vn 0.614715 -0.211554 0.759849
vn 0.430776 -0.225036 0.873951
vn 0.430776 -0.225036 0.873951
vn 0.614715 -0.211554 0.759849
vn 0.596749 -0.398646 0.696399
vn 0.424019 -0.403416 0.810841
vn 0.111016 -0.198177 0.973859
vn 0.430776 -0.225036 0.873951
vn 0.424019 -0.403416 0.810841
vn 0.126863 -0.364717 0.922435
vn -0.439691 -0.181226 0.879675
vn -0.447761 -0.046123 0.892963
vn -0.237530 -0.121383 0.963767
vn -0.208556 -0.275627 0.938368
vn -0.447761 -0.046123 0.892963
vn -0.445353 0.307454 0.840912
vn -0.266267 0.252484 0.930244
vn -0.237530 -0.121383 0.963767
vn -0.237530 -0.121383 0.963767
vn -0.266267 0.252484 0.930244
vn 0.071366 0.136417 0.988078
vn 0.111016 -0.198177 0.973859
vn -0.208556 -0.275627 0.938368
vn -0.237530 -0.121383 0.963767
vn 0.111016 -0.198177 0.973859
vn 0.126863 -0.364717 0.922435
vn -0.641594 0.371576 0.671035
vn -0.550562 0.337323 0.763606
vn -0.585135 0.028797 0.810424
vn -0.696476 0.114265 0.708424
vn -0.550562 0.337323 0.763606
vn -0.445353 0.307454 0.840912
vn -0.447761 -0.046123 0.892963
vn -0.585135 0.028797 0.810424
vn -0.585135 0.028797 0.810424
vn -0.447761 -0.046123 0.892963
vn -0.439691 -0.181226 0.879675
vn -0.600501 -0.083236 0.795280
vn -0.696476 0.114265 0.708424
vn -0.585135 0.028797 0.810424
vn -0.600501 -0.083236 0.795280
vn -0.720928 0.019536 0.692734
vn -0.793629 0.442345 0.417712
vn -0.723692 0.409485 0.555511
vn -0.783209 0.201652 0.588149
vn -0.845064 0.281526 0.454543
vn -0.723692 0.409485 0.555511
vn -0.641594 0.371576 0.671035
vn -0.696476 0.114265 0.708424
vn -0.783209 0.201652 0.588149
vn -0.783209 0.201652 0.588149
vn -0.696476 0.114265 0.708424
vn -0.720928 0.019536 0.692734
vn -0.808513 0.119447 0.576228
vn -0.845064 0.281526 0.454543
vn -0.783209 0.201652 0.588149
vn -0.808513 0.119447 0.576228
vn -0.867760 0.211789 0.449597
vn -0.912639 0.376067 0.160196
vn -0.899423 0.409430 0.152989
vn -0.884818 0.352817 0.304332
vn -0.903250 0.299982 0.306839
vn -0.899423 0.409430 0.152989
vn -0.872458 0.472342 0.125340
vn -0.845382 0.463028 0.266334
vn -0.884818 0.352817 0.304332
vn -0.884818 0.352817 0.304332
vn -0.845382 0.463028 0.266334
vn -0.793629 0.442345 0.417712
vn -0.845064 0.281526 0.454543
vn -0.903250 0.299982 0.306839
vn -0.884818 0.352817 0.304332
vn -0.845064 0.281526 0.454543
vn -0.867760 0.211789 0.449597
vn -0.877332 0.479816 0.008099
vn -0.879192 0.474702 0.040979
vn -0.894252 0.445142 0.046503
vn -0.875978 0.481510 -0.028459
vn -0.879192 0.474702 0.040979
vn -0.872458 0.472342 0.125340
vn -0.899423 0.409430 0.152989
vn -0.894252 0.445142 0.046503
vn -0.894252 0.445142 0.046503
vn -0.899423 0.409430 0.152989
vn -0.912639 0.376067 0.160196
vn -0.902142 0.429120 0.044673
vn -0.875978 0.481510 -0.028459
vn -0.894252 0.445142 0.046503
vn -0.902142 0.429120 0.044673
vn -0.873856 0.481845 -0.064817
vn -0.765843 0.600739 -0.229341
vn -0.857150 0.512566 -0.050690
vn -0.824282 0.546142 -0.149292
vn -0.691073 0.605490 -0.394716
vn -0.857150 0.512566 -0.050690
vn -0.877332 0.479816 0.008099
vn -0.875978 0.481510 -0.028459
vn -0.824282 0.546142 -0.149292
vn -0.824282 0.546142 -0.149292
vn -0.875978 0.481510 -0.028459
vn -0.873856 0.481845 -0.064817
vn -0.803792 0.551956 -0.221953
vn -0.691073 0.605490 -0.394716
vn -0.824282 0.546142 -0.149292
vn -0.803792 0.551956 -0.221953
vn -0.687412 0.599685 -0.409686
vn -0.300453 0.551039 -0.778514
vn -0.479856 0.637347 -0.602932
vn -0.513926 0.575659 -0.636001
vn -0.380033 0.486339 -0.786797
vn -0.479856 0.637347 -0.602932
vn -0.765843 0.600739 -0.229341
vn -0.691073 0.605490 -0.394716
vn -0.513926 0.575659 -0.636001
vn -0.513926 0.575659 -0.636001
vn -0.691073 0.605490 -0.394716
vn -0.687412 0.599685 -0.409686
vn -0.566434 0.596583 -0.568543
vn -0.380033 0.486339 -0.786797
vn -0.513926 0.575659 -0.636001
vn -0.566434 0.596583 -0.568543
vn -0.444521 0.560711 -0.698573
vn -0.146851 0.416574 -0.897163
vn -0.210483 0.467798 -0.858407
vn -0.275348 0.397757 -0.875199
vn -0.181575 0.344517 -0.921053
vn -0.210483 0.467798 -0.858407
vn -0.300453 0.551039 -0.778514
vn -0.380033 0.486339 -0.786797
vn -0.275348 0.397757 -0.875199
vn -0.275348 0.397757 -0.875199
vn -0.380033 0.486339 -0.786797
vn -0.444521 0.560711 -0.698573
vn -0.312960 0.513277 -0.799126
vn -0.181575 0.344517 -0.921053
vn -0.275348 0.397757 -0.875199
vn -0.312960 0.513277 -0.799126
vn -0.170433 0.470790 -0.865627
vn 0.177417 0.399224 -0.899524
vn 0.068297 0.327099 -0.942519
vn -0.075569 0.327585 -0.941795
vn -0.010335 0.436031 -0.899872
vn 0.068297 0.327099 -0.942519
vn 0.028364 0.397608 -0.917117
vn -0.076909 0.399633 -0.913443
vn -0.075569 0.327585 -0.941795
vn -0.075569 0.327585 -0.941795
vn -0.076909 0.399633 -0.913443
vn -0.146851 0.416574 -0.897163
vn -0.181575 0.344517 -0.921053
vn -0.010335 0.436031 -0.899872
vn -0.075569 0.327585 -0.941795
vn -0.181575 0.344517 -0.921053
vn -0.170433 0.470790 -0.865627
vn 0.591365 0.175982 -0.786967
vn 0.231545 0.367855 -0.900594
vn 0.257814 0.312425 -0.914288
vn 0.492040 0.251687 -0.833397
vn 0.231545 0.367855 -0.900594
vn 0.028364 0.397608 -0.917117
vn 0.068297 0.327099 -0.942519
vn 0.257814 0.312425 -0.914288
vn 0.257814 0.312425 -0.914288
vn 0.068297 0.327099 -0.942519
vn 0.177417 0.399224 -0.899524
vn 0.386354 0.342091 -0.856565
vn 0.492040 0.251687 -0.833397
vn 0.257814 0.312425 -0.914288
vn 0.386354 0.342091 -0.856565
vn 0.582243 0.269795 -0.766945
vn 0.852264 -0.021337 -0.522677
vn 0.736694 0.051056 -0.674297
vn 0.686246 0.188879 -0.702418
vn 0.853011 0.132715 -0.504736
vn 0.736694 0.051056 -0.674297
vn 0.591365 0.175982 -0.786967
vn 0.492040 0.251687 -0.833397
vn 0.686246 0.188879 -0.702418
vn 0.686246 0.188879 -0.702418
vn 0.492040 0.251687 -0.833397
vn 0.582243 0.269795 -0.766945
vn 0.758924 0.187315 -0.623656
vn 0.853011 0.132715 -0.504736
vn 0.686246 0.188879 -0.702418
vn 0.758924 0.187315 -0.623656
vn 0.902804 0.081980 -0.422167
vn 0.980304 -0.112354 -0.162422
vn 0.938692 -0.076017 -0.336273
vn 0.958296 0.074274 -0.275956
vn 0.995346 0.032128 -0.090851
vn 0.938692 -0.076017 -0.336273
vn 0.852264 -0.021337 -0.522677
vn 0.853011 0.132715 -0.504736
vn 0.958296 0.074274 -0.275956
vn 0.958296 0.074274 -0.275956
vn 0.853011 0.132715 -0.504736
vn 0.902804 0.081980 -0.422167
vn 0.972989 -0.014105 -0.230421
vn 0.995346 0.032128 -0.090851
vn 0.958296 0.074274 -0.275956
vn 0.972989 -0.014105 -0.230421
vn 0.993050 -0.090827 -0.074851
vn 0.972304 -0.143004 0.184862
vn 0.943137 -0.284727 0.171533
vn 0.959311 -0.281805 -0.017558
vn 0.991641 -0.128482 0.011838
vn 0.991641 -0.128482 0.011838
vn 0.959311 -0.281805 -0.017558
vn 0.943108 -0.270109 -0.193877
vn 0.980304 -0.112354 -0.162422
vn 0.903931 -0.277320 0.325581
vn 0.943137 -0.284727 0.171533
vn 0.972304 -0.143004 0.184862
vn 0.930151 -0.153877 0.333378
vn 0.857024 -0.246184 0.452662
vn 0.903931 -0.277320 0.325581
vn 0.930151 -0.153877 0.333378
vn 0.867092 -0.150935 0.474732
vn 0.781659 -0.166426 0.601092
vn 0.857024 -0.246184 0.452662
vn 0.867092 -0.150935 0.474732
vn 0.770484 -0.116628 0.626699
vn 0.611780 -0.027543 0.790548
vn 0.781659 -0.166426 0.601092
vn 0.770484 -0.116628 0.626699
vn 0.624563 -0.052137 0.779232
vn 0.327731 0.132319 0.935459
vn 0.611780 -0.027543 0.790548
vn 0.624563 -0.052137 0.779232
vn 0.404016 0.025907 0.914385
vn -0.018445 0.285694 0.958143
vn 0.327731 0.132319 0.935459
vn 0.404016 0.025907 0.914385
vn 0.071366 0.136417 0.988078
vn -0.445353 0.307454 0.840912
vn -0.456958 0.443254 0.771178
vn -0.309192 0.396933 0.864202
vn -0.266267 0.252484 0.930244
vn -0.266267 0.252484 0.930244
vn -0.309192 0.396933 0.864202
vn -0.018445 0.285694 0.958143
vn 0.071366 0.136417 0.988078
vn -0.542849 0.466618 0.698271
vn -0.456958 0.443254 0.771178
vn -0.445353 0.307454 0.840912
vn -0.550562 0.337323 0.763606
vn -0.620609 0.490778 0.611541
vn -0.542849 0.466618 0.698271
vn -0.550562 0.337323 0.763606
vn -0.641594 0.371576 0.671035
vn -0.699124 0.514458 0.496547
vn -0.620609 0.490778 0.611541
vn -0.641594 0.371576 0.671035
vn -0.723692 0.409485 0.555511
vn -0.771127 0.528570 0.354932
vn -0.699124 0.514458 0.496547
vn -0.723692 0.409485 0.555511
vn -0.793629 0.442345 0.417712
vn -0.872458 0.472342 0.125340
vn -0.852114 0.515724 0.089055
vn -0.823701 0.527035 0.209167
vn -0.845382 0.463028 0.266334
vn -0.845382 0.463028 0.266334
vn -0.823701 0.527035 0.209167
vn -0.771127 0.528570 0.354932
vn -0.793629 0.442345 0.417712
vn -0.863874 0.503299 0.020275
vn -0.852114 0.515724 0.089055
vn -0.872458 0.472342 0.125340
vn -0.879192 0.474702 0.040979
vn -0.873521 0.486601 -0.013475
vn -0.863874 0.503299 0.020275
vn -0.879192 0.474702 0.040979
vn -0.877332 0.479816 0.008099
vn -0.884403 0.464521 -0.045299
vn -0.873521 0.486601 -0.013475
vn -0.877332 0.479816 0.008099
vn -0.857150 0.512566 -0.050690
vn -0.880000 0.467456 -0.084172
vn -0.884403 0.464521 -0.045299
vn -0.857150 0.512566 -0.050690
vn -0.765843 0.600739 -0.229341
vn -0.775442 0.504280 0.379988
vn -0.823006 0.059214 0.564938
vn -0.610747 0.131382 0.780850
vn -0.364578 0.225281 0.903511
vn -0.440304 0.844587 0.304641
vn -0.775442 0.504280 0.379988
vn -0.364578 0.225281 0.903511
vn -0.114028 0.295427 0.948536
vn -0.202549 0.947267 0.248311
vn -0.440304 0.844587 0.304641
vn -0.114028 0.295427 0.948536
vn 0.096708 0.334626 0.937376
vn 0.044311 0.981934 0.183961
vn -0.202549 0.947267 0.248311
vn 0.096708 0.334626 0.937376
vn 0.328116 0.359124 0.873711
vn 0.783673 0.352726 0.511314
vn 0.533987 0.843483 -0.058259
vn 0.303236 0.950120 0.072934
vn 0.582022 0.369540 0.724355
vn 0.582022 0.369540 0.724355
vn 0.303236 0.950120 0.072934
vn 0.044311 0.981934 0.183961
vn 0.328116 0.359124 0.873711
vn 0.785836 0.523438 -0.329354
vn 0.533987 0.843483 -0.058259
vn 0.783673 0.352726 0.511314
vn 0.919804 0.322000 0.224225
vn 0.898040 0.188043 -0.397698
vn 0.785836 0.523438 -0.329354
vn 0.919804 0.322000 0.224225
vn 0.970003 0.223244 -0.096214
vn 0.824467 -0.133119 -0.550031
vn 0.766670 -0.050759 -0.640032
vn 0.591365 0.175982 -0.786967
vn 0.736694 0.051056 -0.674297
vn 0.872088 -0.205634 -0.444047
vn 0.824467 -0.133119 -0.550031
vn 0.736694 0.051056 -0.674297
vn 0.852264 -0.021337 -0.522677
vn 0.909133 -0.245314 -0.336597
vn 0.872088 -0.205634 -0.444047
vn 0.852264 -0.021337 -0.522677
vn 0.938692 -0.076017 -0.336273
vn 0.943108 -0.270109 -0.193877
vn 0.909133 -0.245314 -0.336597
vn 0.938692 -0.076017 -0.336273
vn 0.980304 -0.112354 -0.162422
vn 0.890604 -0.387831 0.237513
vn 0.940576 -0.090832 0.327210
vn 0.995082 -0.044914 0.088289
vn 0.932440 -0.358235 0.047153
vn 0.940576 -0.090832 0.327210
vn 0.671853 0.690659 0.267588
vn 0.739688 0.672914 0.006942
vn 0.995082 -0.044914 0.088289
vn 0.995082 -0.044914 0.088289
vn 0.739688 0.672914 0.006942
vn 0.829967 0.474968 -0.292508
vn 0.969596 -0.097036 -0.224651
vn 0.932440 -0.358235 0.047153
vn 0.995082 -0.044914 0.088289
vn 0.969596 -0.097036 -0.224651
vn 0.928521 -0.327829 -0.174291
vn 0.552327 0.618364 0.559071
vn 0.609203 0.671105 0.422481
vn 0.892756 -0.143029 0.427235
vn 0.856867 -0.181788 0.482424
vn 0.609203 0.671105 0.422481
vn 0.671853 0.690659 0.267588
vn 0.940576 -0.090832 0.327210
vn 0.892756 -0.143029 0.427235
vn 0.892756 -0.143029 0.427235
vn 0.940576 -0.090832 0.327210
vn 0.890604 -0.387831 0.237513
vn 0.846651 -0.403769 0.346630
vn 0.856867 -0.181788 0.482424
vn 0.892756 -0.143029 0.427235
vn 0.846651 -0.403769 0.346630
vn 0.819190 -0.405198 0.405885
vn 0.343756 0.412918 0.843404
vn 0.477840 0.533734 0.697709
vn 0.798216 -0.210739 0.564305
vn 0.638438 -0.226961 0.735449
vn 0.477840 0.533734 0.697709
vn 0.552327 0.618364 0.559071
vn 0.856867 -0.181788 0.482424
vn 0.798216 -0.210739 0.564305
vn 0.798216 -0.210739 0.564305
vn 0.856867 -0.181788 0.482424
vn 0.819190 -0.405198 0.405885
vn 0.769883 -0.380429 0.512401
vn 0.638438 -0.226961 0.735449
vn 0.798216 -0.210739 0.564305
vn 0.769883 -0.380429 0.512401
vn 0.598949 -0.308080 0.739153
vn -0.166670 -0.023028 0.985744
vn 0.054798 0.226541 0.972459
vn 0.294579 -0.234133 0.926501
vn -0.051441 -0.254733 0.965642
vn 0.054798 0.226541 0.972459
vn 0.343756 0.412918 0.843404
vn 0.638438 -0.226961 0.735449
vn 0.294579 -0.234133 0.926501
vn 0.294579 -0.234133 0.926501
vn 0.638438 -0.226961 0.735449
vn 0.598949 -0.308080 0.739153
vn 0.272694 -0.212913 0.938246
vn -0.051441 -0.254733 0.965642
vn 0.294579 -0.234133 0.926501
vn 0.272694 -0.212913 0.938246
vn -0.080310 -0.122155 0.989257
vn -0.469554 0.115614 0.875301
vn -0.375254 -0.112386 0.920084
vn -0.228331 -0.221319 0.948094
vn -0.325328 -0.011835 0.945527
vn -0.375254 -0.112386 0.920084
vn -0.296065 -0.191678 0.935738
vn -0.181966 -0.218929 0.958623
vn -0.228331 -0.221319 0.948094
vn -0.228331 -0.221319 0.948094
vn -0.181966 -0.218929 0.958623
vn -0.166670 -0.023028 0.985744
vn -0.051441 -0.254733 0.965642
vn -0.325328 -0.011835 0.945527
vn -0.228331 -0.221319 0.948094
vn -0.051441 -0.254733 0.965642
vn -0.080310 -0.122155 0.989257
vn -0.668425 -0.004503 0.743766
vn -0.500725 -0.092676 0.860631
vn -0.543940 0.017906 0.838933
vn -0.687167 0.116093 0.717164
vn -0.500725 -0.092676 0.860631
vn -0.296065 -0.191678 0.935738
vn -0.375254 -0.112386 0.920084
vn -0.543940 0.017906 0.838933
vn -0.543940 0.017906 0.838933
vn -0.375254 -0.112386 0.920084
vn -0.469554 0.115614 0.875301
vn -0.583541 0.230504 0.778683
vn -0.687167 0.116093 0.717164
vn -0.543940 0.017906 0.838933
vn -0.583541 0.230504 0.778683
vn -0.685978 0.309575 0.658482
vn -0.866115 0.168878 0.470452
vn -0.782585 0.077515 0.617699
vn -0.791881 0.200387 0.576862
vn -0.863674 0.289841 0.412383
vn -0.782585 0.077515 0.617699
vn -0.668425 -0.004503 0.743766
vn -0.687167 0.116093 0.717164
vn -0.791881 0.200387 0.576862
vn -0.791881 0.200387 0.576862
vn -0.687167 0.116093 0.717164
vn -0.685978 0.309575 0.658482
vn -0.774505 0.373603 0.510453
vn -0.863674 0.289841 0.412383
vn -0.791881 0.200387 0.576862
vn -0.774505 0.373603 0.510453
vn -0.836403 0.431238 0.338324
vn -0.859719 0.506910 0.062647
vn -0.888329 0.446300 0.108109
vn -0.892975 0.376855 0.246121
vn -0.860778 0.476872 0.177918
vn -0.888329 0.446300 0.108109
vn -0.922459 0.355025 0.151746
vn -0.913282 0.266636 0.307931
vn -0.892975 0.376855 0.246121
vn -0.892975 0.376855 0.246121
vn -0.913282 0.266636 0.307931
vn -0.866115 0.168878 0.470452
vn -0.863674 0.289841 0.412383
vn -0.860778 0.476872 0.177918
vn -0.892975 0.376855 0.246121
vn -0.863674 0.289841 0.412383
vn -0.836403 0.431238 0.338324
vn -0.869373 0.480484 -0.115441
vn -0.905919 0.422831 0.022905
vn -0.870169 0.492754 0.000374
vn -0.843741 0.522691 -0.122048
vn -0.905919 0.422831 0.022905
vn -0.922459 0.355025 0.151746
vn -0.888329 0.446300 0.108109
vn -0.870169 0.492754 0.000374
vn -0.870169 0.492754 0.000374
vn -0.888329 0.446300 0.108109
vn -0.859719 0.506910 0.062647
vn -0.852728 0.522047 -0.017966
vn -0.843741 0.522691 -0.122048
vn -0.870169 0.492754 0.000374
vn -0.852728 0.522047 -0.017966
vn -0.844872 0.522698 -0.113922
vn -0.701157 0.523466 -0.484110
vn -0.802749 0.519045 -0.293575
vn -0.800603 0.521353 -0.295341
vn -0.700637 0.475307 -0.532157
vn -0.802749 0.519045 -0.293575
vn -0.869373 0.480484 -0.115441
vn -0.843741 0.522691 -0.122048
vn -0.800603 0.521353 -0.295341
vn -0.800603 0.521353 -0.295341
vn -0.843741 0.522691 -0.122048
vn -0.844872 0.522698 -0.113922
vn -0.827729 0.485705 -0.280991
vn -0.700637 0.475307 -0.532157
vn -0.800603 0.521353 -0.295341
vn -0.827729 0.485705 -0.280991
vn -0.772962 0.359771 -0.522584
vn -0.414275 0.548516 -0.726296
vn -0.563177 0.524470 -0.638563
vn -0.507911 0.422131 -0.750887
vn -0.348805 0.437499 -0.828812
vn -0.563177 0.524470 -0.638563
vn -0.701157 0.523466 -0.484110
vn -0.700637 0.475307 -0.532157
vn -0.507911 0.422131 -0.750887
vn -0.507911 0.422131 -0.750887
vn -0.700637 0.475307 -0.532157
vn -0.772962 0.359771 -0.522584
vn -0.526938 0.282227 -0.801676
vn -0.348805 0.437499 -0.828812
vn -0.507911 0.422131 -0.750887
vn -0.526938 0.282227 -0.801676
vn -0.360234 0.256647 -0.896863
vn -0.148145 0.572930 -0.806105
vn -0.276625 0.575932 -0.769273
vn -0.236137 0.463874 -0.853850
vn -0.149336 0.456989 -0.876846
vn -0.276625 0.575932 -0.769273
vn -0.414275 0.548516 -0.726296
vn -0.348805 0.437499 -0.828812
vn -0.236137 0.463874 -0.853850
vn -0.236137 0.463874 -0.853850
vn -0.348805 0.437499 -0.828812
vn -0.360234 0.256647 -0.896863
vn -0.272442 0.257909 -0.926962
vn -0.149336 0.456989 -0.876846
vn -0.236137 0.463874 -0.853850
vn -0.272442 0.257909 -0.926962
vn -0.208802 0.229699 -0.950600
vn -0.015718 -0.032134 -0.999360
vn 0.063533 0.159031 -0.985227
vn -0.066128 0.369235 -0.926980
vn -0.140619 0.134991 -0.980818
vn 0.063533 0.159031 -0.985227
vn 0.142109 0.367794 -0.918985
vn -0.016693 0.513080 -0.858178
vn -0.066128 0.369235 -0.926980
vn -0.066128 0.369235 -0.926980
vn -0.016693 0.513080 -0.858178
vn -0.148145 0.572930 -0.806105
vn -0.149336 0.456989 -0.876846
vn -0.140619 0.134991 -0.980818
vn -0.066128 0.369235 -0.926980
vn -0.149336 0.456989 -0.876846
vn -0.208802 0.229699 -0.950600
vn 0.579724 -0.025500 -0.814414
vn 0.346127 0.150978 -0.925960
vn 0.301900 -0.123719 -0.945278
vn 0.601903 -0.301683 -0.739392
vn 0.346127 0.150978 -0.925960
vn 0.142109 0.367794 -0.918985
vn 0.063533 0.159031 -0.985227
vn 0.301900 -0.123719 -0.945278
vn 0.301900 -0.123719 -0.945278
vn 0.063533 0.159031 -0.985227
vn -0.015718 -0.032134 -0.999360
vn 0.266936 -0.245057 -0.932037
vn 0.601903 -0.301683 -0.739392
vn 0.301900 -0.123719 -0.945278
vn 0.266936 -0.245057 -0.932037
vn 0.667230 -0.347957 -0.658582
vn 0.872169 -0.065393 -0.484815
vn 0.771691 -0.084818 -0.630316
vn 0.781311 -0.308398 -0.542627
vn 0.858473 -0.252406 -0.446448
vn 0.771691 -0.084818 -0.630316
vn 0.579724 -0.025500 -0.814414
vn 0.601903 -0.301683 -0.739392
vn 0.781311 -0.308398 -0.542627
vn 0.781311 -0.308398 -0.542627
vn 0.601903 -0.301683 -0.739392
vn 0.667230 -0.347957 -0.658582
vn 0.815572 -0.354632 -0.457251
vn 0.858473 -0.252406 -0.446448
vn 0.781311 -0.308398 -0.542627
vn 0.815572 -0.354632 -0.457251
vn 0.860024 -0.327358 -0.391403
vn 0.829967 0.474968 -0.292508
vn 0.905424 0.085190 -0.415873
vn 0.907901 -0.177747 -0.379634
vn 0.969596 -0.097036 -0.224651
vn 0.905424 0.085190 -0.415873
vn 0.872169 -0.065393 -0.484815
vn 0.858473 -0.252406 -0.446448
vn 0.907901 -0.177747 -0.379634
vn 0.907901 -0.177747 -0.379634
vn 0.858473 -0.252406 -0.446448
vn 0.860024 -0.327358 -0.391403
vn 0.890602 -0.315082 -0.327951
vn 0.969596 -0.097036 -0.224651
vn 0.907901 -0.177747 -0.379634
vn 0.890602 -0.315082 -0.327951
vn 0.928521 -0.327829 -0.174291
vn 0.667230 -0.347957 -0.658582
vn 0.266936 -0.245057 -0.932037
vn 0.267433 -0.479502 -0.835798
vn 0.499934 -0.382334 -0.777101
vn 0.266936 -0.245057 -0.932037
vn -0.015718 -0.032134 -0.999360
vn 0.043244 -0.527440 -0.848491
vn 0.267433 -0.479502 -0.835798
vn 0.766670 -0.050759 -0.640032
vn 0.777662 -0.270890 -0.567327
vn 0.674828 -0.231738 -0.700646
vn 0.772761 0.016467 -0.634483
vn 0.777662 -0.270890 -0.567327
vn 0.667230 -0.347957 -0.658582
vn 0.499934 -0.382334 -0.777101
vn 0.674828 -0.231738 -0.700646
vn -0.015718 -0.032134 -0.999360
vn -0.140619 0.134991 -0.980818
vn -0.156872 -0.541920 -0.825660
vn 0.043244 -0.527440 -0.848491
vn -0.140619 0.134991 -0.980818
vn -0.208802 0.229699 -0.950600
vn -0.350290 -0.522129 -0.777610
vn -0.156872 -0.541920 -0.825660
vn -0.208802 0.229699 -0.950600
vn -0.272442 0.257909 -0.926962
vn -0.535716 -0.468643 -0.702412
vn -0.350290 -0.522129 -0.777610
vn -0.272442 0.257909 -0.926962
vn -0.360234 0.256647 -0.896863
vn -0.704690 -0.374890 -0.602387
vn -0.535716 -0.468643 -0.702412
vn -0.360234 0.256647 -0.896863
vn -0.526938 0.282227 -0.801676
vn -0.856300 -0.221699 -0.466477
vn -0.704690 -0.374890 -0.602387
vn -0.526938 0.282227 -0.801676
vn -0.772962 0.359771 -0.522584
vn -0.972357 -0.025926 -0.232055
vn -0.856300 -0.221699 -0.466477
vn -0.772962 0.359771 -0.522584
vn -0.897354 0.360624 -0.254374
vn -0.985350 0.169578 0.018129
vn -0.972357 -0.025926 -0.232055
vn -0.897354 0.360624 -0.254374
vn -0.880000 0.467456 -0.084172
vn -0.898530 0.419552 0.128915
vn -0.985350 0.169578 0.018129
vn -0.880000 0.467456 -0.084172
vn -0.765843 0.600739 -0.229341
vn -0.743048 0.662591 0.094095
vn -0.898530 0.419552 0.128915
vn -0.765843 0.600739 -0.229341
vn -0.479856 0.637347 -0.602932
vn -0.503248 0.862533 -0.052700
vn -0.743048 0.662591 0.094095
vn -0.479856 0.637347 -0.602932
vn -0.300453 0.551039 -0.778514
vn -0.243372 0.955048 -0.169271
vn -0.503248 0.862533 -0.052700
vn -0.300453 0.551039 -0.778514
vn -0.210483 0.467798 -0.858407
vn -0.037466 0.959721 -0.278445
vn -0.243372 0.955048 -0.169271
vn -0.210483 0.467798 -0.858407
vn -0.146851 0.416574 -0.897163
vn 0.149358 0.913965 -0.377307
vn -0.037466 0.959721 -0.278445
vn -0.146851 0.416574 -0.897163
vn -0.076909 0.399633 -0.913443
vn 0.318221 0.828822 -0.460205
vn 0.149358 0.913965 -0.377307
vn -0.076909 0.399633 -0.913443
vn 0.028364 0.397608 -0.917117
vn 0.469497 0.706498 -0.529560
vn 0.318221 0.828822 -0.460205
vn 0.028364 0.397608 -0.917117
vn 0.231545 0.367855 -0.900594
vn 0.598977 0.537987 -0.593125
vn 0.469497 0.706498 -0.529560
vn 0.231545 0.367855 -0.900594
vn 0.591365 0.175982 -0.786967
vn 0.733851 0.263743 -0.626021
vn 0.598977 0.537987 -0.593125
vn 0.591365 0.175982 -0.786967
vn 0.766670 -0.050759 -0.640032
vn 0.772761 0.016467 -0.634483
vn 0.733851 0.263743 -0.626021
vn 0.673309 -0.665935 -0.321224
vn 0.432713 -0.870878 -0.233090
vn 0.423138 -0.862543 -0.277440
vn 0.666520 -0.653601 -0.358548
vn 0.432713 -0.870878 -0.233090
vn 0.210681 -0.966282 -0.148029
vn 0.203265 -0.958358 -0.200582
vn 0.423138 -0.862543 -0.277440
vn 0.423138 -0.862543 -0.277440
vn 0.203265 -0.958358 -0.200582
vn 0.149919 -0.807665 -0.570264
vn 0.384071 -0.698197 -0.604161
vn 0.666520 -0.653601 -0.358548
vn 0.423138 -0.862543 -0.277440
vn 0.384071 -0.698197 -0.604161
vn 0.628571 -0.488910 -0.604868
vn 0.906553 0.027020 -0.421227
vn 0.845443 -0.367016 -0.387977
vn 0.845896 -0.337140 -0.413275
vn 0.893825 0.094799 -0.438280
vn 0.845443 -0.367016 -0.387977
vn 0.673309 -0.665935 -0.321224
vn 0.666520 -0.653601 -0.358548
vn 0.845896 -0.337140 -0.413275
vn 0.845896 -0.337140 -0.413275
vn 0.666520 -0.653601 -0.358548
vn 0.628571 -0.488910 -0.604868
vn 0.812573 -0.193648 -0.549751
vn 0.893825 0.094799 -0.438280
vn 0.845896 -0.337140 -0.413275
vn 0.812573 -0.193648 -0.549751
vn 0.871816 0.200516 -0.446913
vn 0.210681 -0.966282 -0.148029
vn -0.011296 -0.998296 -0.057241
vn -0.009041 -0.992945 -0.118235
vn 0.203265 -0.958358 -0.200582
vn -0.011296 -0.998296 -0.057241
vn -0.224310 -0.973828 0.036649
vn -0.201109 -0.979083 -0.030865
vn -0.009041 -0.992945 -0.118235
vn -0.009041 -0.992945 -0.118235
vn -0.201109 -0.979083 -0.030865
vn -0.228748 -0.863721 -0.449067
vn -0.067654 -0.853938 -0.515958
vn 0.203265 -0.958358 -0.200582
vn -0.009041 -0.992945 -0.118235
vn -0.067654 -0.853938 -0.515958
vn 0.149919 -0.807665 -0.570264
vn -0.224310 -0.973828 0.036649
vn -0.422355 -0.896971 0.130613
vn -0.379270 -0.922812 0.067613
vn -0.201109 -0.979083 -0.030865
vn -0.422355 -0.896971 0.130613
vn -0.598490 -0.770008 0.221128
vn -0.550755 -0.816341 0.173947
vn -0.379270 -0.922812 0.067613
vn -0.379270 -0.922812 0.067613
vn -0.550755 -0.816341 0.173947
vn -0.566011 -0.807277 -0.167137
vn -0.377457 -0.861490 -0.339648
vn -0.201109 -0.979083 -0.030865
vn -0.379270 -0.922812 0.067613
vn -0.377457 -0.861490 -0.339648
vn -0.228748 -0.863721 -0.449067
vn -0.598490 -0.770008 0.221128
vn -0.741570 -0.598625 0.302857
vn -0.694822 -0.666073 0.271238
vn -0.550755 -0.816341 0.173947
vn -0.741570 -0.598625 0.302857
vn -0.850722 -0.361104 0.381937
vn -0.805451 -0.471738 0.358764
vn -0.694822 -0.666073 0.271238
vn -0.694822 -0.666073 0.271238
vn -0.805451 -0.471738 0.358764
vn -0.833785 -0.524799 0.171431
vn -0.730926 -0.682246 0.016957
vn -0.550755 -0.816341 0.173947
vn -0.694822 -0.666073 0.271238
vn -0.730926 -0.682246 0.016957
vn -0.566011 -0.807277 -0.167137
vn -0.850722 -0.361104 0.381937
vn -0.895932 -0.078373 0.437223
vn -0.874429 -0.224675 0.429995
vn -0.805451 -0.471738 0.358764
vn -0.895932 -0.078373 0.437223
vn -0.854053 0.264023 0.448203
vn -0.879591 0.127407 0.458352
vn -0.874429 -0.224675 0.429995
vn -0.874429 -0.224675 0.429995
vn -0.879591 0.127407 0.458352
vn -0.904248 -0.012659 0.426821
vn -0.892476 -0.328838 0.308790
vn -0.805451 -0.471738 0.358764
vn -0.874429 -0.224675 0.429995
vn -0.892476 -0.328838 0.308790
vn -0.833785 -0.524799 0.171431
vn -0.854053 0.264023 0.448203
vn -0.700174 0.604002 0.380708
vn -0.755815 0.530935 0.383213
vn -0.879591 0.127407 0.458352
vn -0.879591 0.127407 0.458352
vn -0.755815 0.530935 0.383213
vn -0.796566 0.416221 0.438456
vn -0.904248 -0.012659 0.426821
vn -0.700174 0.604002 0.380708
vn -0.459833 0.854326 0.242241
vn -0.502158 0.840782 0.202295
vn -0.755815 0.530935 0.383213
vn -0.459833 0.854326 0.242241
vn -0.198284 0.977269 0.075023
vn -0.225814 0.974148 0.006633
vn -0.502158 0.840782 0.202295
vn -0.502158 0.840782 0.202295
vn -0.225814 0.974148 0.006633
vn -0.241850 0.965176 0.099718
vn -0.538651 0.789702 0.293642
vn -0.755815 0.530935 0.383213
vn -0.502158 0.840782 0.202295
vn -0.538651 0.789702 0.293642
vn -0.796566 0.416221 0.438456
vn -0.198284 0.977269 0.075023
vn 0.004067 0.998760 -0.049615
vn -0.036425 0.992367 -0.117815
vn -0.225814 0.974148 0.006633
vn 0.004067 0.998760 -0.049615
vn 0.189193 0.969858 -0.153560
vn 0.128681 0.968926 -0.211243
vn -0.036425 0.992367 -0.117815
vn -0.036425 0.992367 -0.117815
vn 0.128681 0.968926 -0.211243
vn 0.108865 0.989207 -0.098074
vn -0.054342 0.998395 -0.015958
vn -0.225814 0.974148 0.006633
vn -0.036425 0.992367 -0.117815
vn -0.054342 0.998395 -0.015958
vn -0.241850 0.965176 0.099718
vn 0.189193 0.969858 -0.153560
vn 0.363359 0.900001 -0.240767
vn 0.285995 0.915243 -0.283790
vn 0.128681 0.968926 -0.211243
vn 0.363359 0.900001 -0.240767
vn 0.525521 0.792401 -0.309724
vn 0.436274 0.834738 -0.335972
vn 0.285995 0.915243 -0.283790
vn 0.285995 0.915243 -0.283790
vn 0.436274 0.834738 -0.335972
vn 0.419949 0.884723 -0.202258
vn 0.269379 0.949773 -0.159267
vn 0.128681 0.968926 -0.211243
vn 0.285995 0.915243 -0.283790
vn 0.269379 0.949773 -0.159267
vn 0.108865 0.989207 -0.098074
vn 0.525521 0.792401 -0.309724
vn 0.676657 0.641291 -0.361776
vn 0.587773 0.717570 -0.373654
vn 0.436274 0.834738 -0.335972
vn 0.676657 0.641291 -0.361776
vn 0.842360 0.351195 -0.408768
vn 0.792337 0.441407 -0.421144
vn 0.587773 0.717570 -0.373654
vn 0.587773 0.717570 -0.373654
vn 0.792337 0.441407 -0.421144
vn 0.771389 0.537610 -0.340492
vn 0.565839 0.788925 -0.239633
vn 0.436274 0.834738 -0.335972
vn 0.587773 0.717570 -0.373654
vn 0.565839 0.788925 -0.239633
vn 0.419949 0.884723 -0.202258
vn 0.842360 0.351195 -0.408768
vn 0.906553 0.027020 -0.421227
vn 0.893825 0.094799 -0.438280
vn 0.792337 0.441407 -0.421144
vn 0.792337 0.441407 -0.421144
vn 0.893825 0.094799 -0.438280
vn 0.871816 0.200516 -0.446913
vn 0.771389 0.537610 -0.340492
vn 0.628571 -0.488910 -0.604868
vn 0.384071 -0.698197 -0.604161
vn 0.332564 -0.347125 -0.876873
vn 0.613612 -0.163223 -0.772553
vn 0.384071 -0.698197 -0.604161
vn 0.149919 -0.807665 -0.570264
vn 0.088887 -0.434635 -0.896210
vn 0.332564 -0.347125 -0.876873
vn 0.332564 -0.347125 -0.876873
vn 0.088887 -0.434635 -0.896210
vn 0.095406 -0.324300 -0.941131
vn 0.367729 -0.265447 -0.891242
vn 0.613612 -0.163223 -0.772553
vn 0.332564 -0.347125 -0.876873
vn 0.367729 -0.265447 -0.891242
vn 0.696780 -0.135089 -0.704449
vn 0.871816 0.200516 -0.446913
vn 0.812573 -0.193648 -0.549751
vn 0.817181 0.079219 -0.570911
vn 0.880900 0.351576 -0.316874
vn 0.812573 -0.193648 -0.549751
vn 0.628571 -0.488910 -0.604868
vn 0.613612 -0.163223 -0.772553
vn 0.817181 0.079219 -0.570911
vn 0.817181 0.079219 -0.570911
vn 0.613612 -0.163223 -0.772553
vn 0.696780 -0.135089 -0.704449
vn 0.913923 0.066171 -0.400458
vn 0.880900 0.351576 -0.316874
vn 0.817181 0.079219 -0.570911
vn 0.913923 0.066171 -0.400458
vn 0.943679 0.328238 -0.041597
vn 0.149919 -0.807665 -0.570264
vn -0.067654 -0.853938 -0.515958
vn -0.132904 -0.459413 -0.878223
vn 0.088887 -0.434635 -0.896210
vn -0.067654 -0.853938 -0.515958
vn -0.228748 -0.863721 -0.449067
vn -0.239010 -0.457440 -0.856518
vn -0.132904 -0.459413 -0.878223
vn -0.132904 -0.459413 -0.878223
vn -0.239010 -0.457440 -0.856518
vn -0.345481 -0.265704 -0.900025
vn -0.166290 -0.331415 -0.928715
vn 0.088887 -0.434635 -0.896210
vn -0.132904 -0.459413 -0.878223
vn -0.166290 -0.331415 -0.928715
vn 0.095406 -0.324300 -0.941131
vn -0.228748 -0.863721 -0.449067
vn -0.377457 -0.861490 -0.339648
vn -0.326790 -0.501952 -0.800783
vn -0.239010 -0.457440 -0.856518
vn -0.377457 -0.861490 -0.339648
vn -0.566011 -0.807277 -0.167137
vn -0.545037 -0.547414 -0.635037
vn -0.326790 -0.501952 -0.800783
vn -0.326790 -0.501952 -0.800783
vn -0.545037 -0.547414 -0.635037
vn -0.521864 -0.255937 -0.813729
vn -0.344427 -0.244976 -0.906287
vn -0.239010 -0.457440 -0.856518
vn -0.326790 -0.501952 -0.800783
vn -0.344427 -0.244976 -0.906287
vn -0.345481 -0.265704 -0.900025
vn -0.566011 -0.807277 -0.167137
vn -0.730926 -0.682246 0.016957
vn -0.773057 -0.502016 -0.387766
vn -0.545037 -0.547414 -0.635037
vn -0.730926 -0.682246 0.016957
vn -0.833785 -0.524799 0.171431
vn -0.901220 -0.407612 -0.147158
vn -0.773057 -0.502016 -0.387766
vn -0.773057 -0.502016 -0.387766
vn -0.901220 -0.407612 -0.147158
vn -0.918290 -0.248076 -0.308547
vn -0.767368 -0.263696 -0.584475
vn -0.545037 -0.547414 -0.635037
vn -0.773057 -0.502016 -0.387766
vn -0.767368 -0.263696 -0.584475
vn -0.521864 -0.255937 -0.813729
vn -0.833785 -0.524799 0.171431
vn -0.892476 -0.328838 0.308790
vn -0.958677 -0.272784 0.080795
vn -0.901220 -0.407612 -0.147158
vn -0.892476 -0.328838 0.308790
vn -0.904248 -0.012659 0.426821
vn -0.943164 -0.034377 0.330545
vn -0.958677 -0.272784 0.080795
vn -0.958677 -0.272784 0.080795
vn -0.943164 -0.034377 0.330545
vn -0.929048 -0.129389 0.346596
vn -0.978213 -0.207264 -0.011865
vn -0.901220 -0.407612 -0.147158
vn -0.958677 -0.272784 0.080795
vn -0.978213 -0.207264 -0.011865
vn -0.918290 -0.248076 -0.308547
vn -0.904248 -0.012659 0.426821
vn -0.796566 0.416221 0.438456
vn -0.796386 0.311396 0.518460
vn -0.943164 -0.034377 0.330545
vn -0.943164 -0.034377 0.330545
vn -0.796386 0.311396 0.518460
vn -0.723538 -0.041408 0.689042
vn -0.929048 -0.129389 0.346596
vn -0.796566 0.416221 0.438456
vn -0.538651 0.789702 0.293642
vn -0.532802 0.644182 0.548773
vn -0.796386 0.311396 0.518460
vn -0.538651 0.789702 0.293642
vn -0.241850 0.965176 0.099718
vn -0.234268 0.846592 0.477912
vn -0.532802 0.644182 0.548773
vn -0.532802 0.644182 0.548773
vn -0.234268 0.846592 0.477912
vn -0.129409 0.042877 0.990664
vn -0.429100 0.014498 0.903141
vn -0.796386 0.311396 0.518460
vn -0.532802 0.644182 0.548773
vn -0.429100 0.014498 0.903141
vn -0.723538 -0.041408 0.689042
vn -0.241850 0.965176 0.099718
vn -0.054342 0.998395 -0.015958
vn -0.025039 0.909326 0.415331
vn -0.234268 0.846592 0.477912
vn -0.054342 0.998395 -0.015958
vn 0.108865 0.989207 -0.098074
vn 0.178716 0.919757 0.349438
vn -0.025039 0.909326 0.415331
vn -0.025039 0.909326 0.415331
vn 0.178716 0.919757 0.349438
vn 0.348990 0.192622 0.917117
vn 0.106953 0.082552 0.990831
vn -0.234268 0.846592 0.477912
vn -0.025039 0.909326 0.415331
vn 0.106953 0.082552 0.990831
vn -0.129409 0.042877 0.990664
vn 0.108865 0.989207 -0.098074
vn 0.269379 0.949773 -0.159267
vn 0.375671 0.886673 0.269597
vn 0.178716 0.919757 0.349438
vn 0.269379 0.949773 -0.159267
vn 0.419949 0.884723 -0.202258
vn 0.529860 0.827170 0.187184
vn 0.375671 0.886673 0.269597
vn 0.375671 0.886673 0.269597
vn 0.529860 0.827170 0.187184
vn 0.698425 0.449674 0.556773
vn 0.567226 0.337805 0.751094
vn 0.178716 0.919757 0.349438
vn 0.375671 0.886673 0.269597
vn 0.567226 0.337805 0.751094
vn 0.348990 0.192622 0.917117
vn 0.419949 0.884723 -0.202258
vn 0.565839 0.788925 -0.239633
vn 0.648412 0.754246 0.103322
vn 0.529860 0.827170 0.187184
vn 0.565839 0.788925 -0.239633
vn 0.771389 0.537610 -0.340492
vn 0.802218 0.590432 -0.088523
vn 0.648412 0.754246 0.103322
vn 0.648412 0.754246 0.103322
vn 0.802218 0.590432 -0.088523
vn 0.847701 0.499489 0.178647
vn 0.769555 0.513515 0.379589
vn 0.529860 0.827170 0.187184
vn 0.648412 0.754246 0.103322
vn 0.769555 0.513515 0.379589
vn 0.698425 0.449674 0.556773
vn 0.771389 0.537610 -0.340492
vn 0.871816 0.200516 -0.446913
vn 0.880900 0.351576 -0.316874
vn 0.802218 0.590432 -0.088523
vn 0.802218 0.590432 -0.088523
vn 0.880900 0.351576 -0.316874
vn 0.943679 0.328238 -0.041597
vn 0.847701 0.499489 0.178647
vn 0.772761 0.016467 -0.634483
vn 0.674828 -0.231738 -0.700646
vn 0.769169 -0.308992 -0.559377
vn 0.866991 0.005811 -0.498291
vn 0.674828 -0.231738 -0.700646
vn 0.499934 -0.382334 -0.777101
vn 0.598857 -0.556724 -0.575698
vn 0.769169 -0.308992 -0.559377
vn 0.769169 -0.308992 -0.559377
vn 0.598857 -0.556724 -0.575698
vn 0.673309 -0.665935 -0.321224
vn 0.845443 -0.367016 -0.387977
vn 0.866991 0.005811 -0.498291
vn 0.769169 -0.308992 -0.559377
vn 0.845443 -0.367016 -0.387977
vn 0.906553 0.027020 -0.421227
vn 0.733851 0.263743 -0.626021
vn 0.772761 0.016467 -0.634483
vn 0.866991 0.005811 -0.498291
vn 0.862214 0.281771 -0.420943
vn 0.862214 0.281771 -0.420943
vn 0.866991 0.005811 -0.498291
vn 0.906553 0.027020 -0.421227
vn 0.842360 0.351195 -0.408768
vn 0.469497 0.706498 -0.529560
vn 0.598977 0.537987 -0.593125
vn 0.760395 0.570743 -0.309922
vn 0.623967 0.750203 -0.218771
vn 0.598977 0.537987 -0.593125
vn 0.733851 0.263743 -0.626021
vn 0.862214 0.281771 -0.420943
vn 0.760395 0.570743 -0.309922
vn 0.760395 0.570743 -0.309922
vn 0.862214 0.281771 -0.420943
vn 0.842360 0.351195 -0.408768
vn 0.676657 0.641291 -0.361776
vn 0.623967 0.750203 -0.218771
vn 0.760395 0.570743 -0.309922
vn 0.676657 0.641291 -0.361776
vn 0.525521 0.792401 -0.309724
vn 0.149358 0.913965 -0.377307
vn 0.318221 0.828822 -0.460205
vn 0.451099 0.883964 -0.122952
vn 0.251936 0.967461 -0.023422
vn 0.318221 0.828822 -0.460205
vn 0.469497 0.706498 -0.529560
vn 0.623967 0.750203 -0.218771
vn 0.451099 0.883964 -0.122952
vn 0.451099 0.883964 -0.122952
vn 0.623967 0.750203 -0.218771
vn 0.525521 0.792401 -0.309724
vn 0.363359 0.900001 -0.240767
vn 0.251936 0.967461 -0.023422
vn 0.451099 0.883964 -0.122952
vn 0.363359 0.900001 -0.240767
vn 0.189193 0.969858 -0.153560
vn -0.243372 0.955048 -0.169271
vn -0.037466 0.959721 -0.278445
vn 0.036500 0.996201 0.079062
vn -0.189372 0.964914 0.181879
vn -0.037466 0.959721 -0.278445
vn 0.149358 0.913965 -0.377307
vn 0.251936 0.967461 -0.023422
vn 0.036500 0.996201 0.079062
vn 0.036500 0.996201 0.079062
vn 0.251936 0.967461 -0.023422
vn 0.189193 0.969858 -0.153560
vn 0.004067 0.998760 -0.049615
vn -0.189372 0.964914 0.181879
vn 0.036500 0.996201 0.079062
vn 0.004067 0.998760 -0.049615
vn -0.198284 0.977269 0.075023
vn -0.743048 0.662591 0.094095
vn -0.503248 0.862533 -0.052700
vn -0.454829 0.843114 0.286861
vn -0.686303 0.636199 0.352476
vn -0.503248 0.862533 -0.052700
vn -0.243372 0.955048 -0.169271
vn -0.189372 0.964914 0.181879
vn -0.454829 0.843114 0.286861
vn -0.454829 0.843114 0.286861
vn -0.189372 0.964914 0.181879
vn -0.198284 0.977269 0.075023
vn -0.459833 0.854326 0.242241
vn -0.686303 0.636199 0.352476
vn -0.454829 0.843114 0.286861
vn -0.459833 0.854326 0.242241
vn -0.700174 0.604002 0.380708
vn -0.898530 0.419552 0.128915
vn -0.743048 0.662591 0.094095
vn -0.686303 0.636199 0.352476
vn -0.862596 0.356417 0.359020
vn -0.862596 0.356417 0.359020
vn -0.686303 0.636199 0.352476
vn -0.700174 0.604002 0.380708
vn -0.854053 0.264023 0.448203
vn -0.972357 -0.025926 -0.232055
vn -0.985350 0.169578 0.018129
vn -0.951684 0.049977 0.302984
vn -0.949875 -0.237050 0.203826
vn -0.985350 0.169578 0.018129
vn -0.898530 0.419552 0.128915
vn -0.862596 0.356417 0.359020
vn -0.951684 0.049977 0.302984
vn -0.951684 0.049977 0.302984
vn -0.862596 0.356417 0.359020
vn -0.854053 0.264023 0.448203
vn -0.895932 -0.078373 0.437223
vn -0.949875 -0.237050 0.203826
vn -0.951684 0.049977 0.302984
vn -0.895932 -0.078373 0.437223
vn -0.850722 -0.361104 0.381937
vn -0.704690 -0.374890 -0.602387
vn -0.856300 -0.221699 -0.466477
vn -0.863104 -0.499836 0.072218
vn -0.726751 -0.684617 -0.055974
vn -0.856300 -0.221699 -0.466477
vn -0.972357 -0.025926 -0.232055
vn -0.949875 -0.237050 0.203826
vn -0.863104 -0.499836 0.072218
vn -0.863104 -0.499836 0.072218
vn -0.949875 -0.237050 0.203826
vn -0.850722 -0.361104 0.381937
vn -0.741570 -0.598625 0.302857
vn -0.726751 -0.684617 -0.055974
vn -0.863104 -0.499836 0.072218
vn -0.741570 -0.598625 0.302857
vn -0.598490 -0.770008 0.221128
vn -0.350290 -0.522129 -0.777610
vn -0.535716 -0.468643 -0.702412
vn -0.543757 -0.817941 -0.187887
vn -0.328832 -0.891401 -0.311888
vn -0.535716 -0.468643 -0.702412
vn -0.704690 -0.374890 -0.602387
vn -0.726751 -0.684617 -0.055974
vn -0.543757 -0.817941 -0.187887
vn -0.543757 -0.817941 -0.187887
vn -0.726751 -0.684617 -0.055974
vn -0.598490 -0.770008 0.221128
vn -0.422355 -0.896971 0.130613
vn -0.328832 -0.891401 -0.311888
vn -0.543757 -0.817941 -0.187887
vn -0.422355 -0.896971 0.130613
vn -0.224310 -0.973828 0.036649
vn 0.043244 -0.527440 -0.848491
vn -0.156872 -0.541920 -0.825660
vn -0.095893 -0.903282 -0.418195
vn 0.140732 -0.854391 -0.500210
vn -0.156872 -0.541920 -0.825660
vn -0.350290 -0.522129 -0.777610
vn -0.328832 -0.891401 -0.311888
vn -0.095893 -0.903282 -0.418195
vn -0.095893 -0.903282 -0.418195
vn -0.328832 -0.891401 -0.311888
vn -0.224310 -0.973828 0.036649
vn -0.011296 -0.998296 -0.057241
vn 0.140732 -0.854391 -0.500210
vn -0.095893 -0.903282 -0.418195
vn -0.011296 -0.998296 -0.057241
vn 0.210681 -0.966282 -0.148029
vn 0.499934 -0.382334 -0.777101
vn 0.267433 -0.479502 -0.835798
vn 0.367040 -0.748065 -0.552884
vn 0.598857 -0.556724 -0.575698
vn 0.267433 -0.479502 -0.835798
vn 0.043244 -0.527440 -0.848491
vn 0.140732 -0.854391 -0.500210
vn 0.367040 -0.748065 -0.552884
vn 0.367040 -0.748065 -0.552884
vn 0.140732 -0.854391 -0.500210
vn 0.210681 -0.966282 -0.148029
vn 0.432713 -0.870878 -0.233090
vn 0.598857 -0.556724 -0.575698
vn 0.367040 -0.748065 -0.552884
vn 0.432713 -0.870878 -0.233090
vn 0.673309 -0.665935 -0.321224
vn 0.675756 -0.430894 -0.598067
vn 0.403701 -0.496295 -0.768581
vn 0.374853 0.377178 -0.846890
vn 0.712165 0.387117 -0.585629
vn 0.403701 -0.496295 -0.768581
vn 0.111251 -0.481021 -0.869622
vn 0.196966 0.370951 -0.907524
vn 0.374853 0.377178 -0.846890
vn 0.374853 0.377178 -0.846890
vn 0.196966 0.370951 -0.907524
vn -0.592753 0.716292 0.368198
vn -0.353500 0.766165 0.536683
vn 0.712165 0.387117 -0.585629
vn 0.374853 0.377178 -0.846890
vn -0.353500 0.766165 0.536683
vn -0.011693 0.759463 0.650445
vn 0.971584 -0.236690 -0.001368
vn 0.862345 -0.376836 -0.338164
vn 0.952634 0.230821 -0.198017
vn 0.942604 0.054603 0.329419
vn 0.862345 -0.376836 -0.338164
vn 0.675756 -0.430894 -0.598067
vn 0.712165 0.387117 -0.585629
vn 0.952634 0.230821 -0.198017
vn 0.952634 0.230821 -0.198017
vn 0.712165 0.387117 -0.585629
vn -0.011693 0.759463 0.650445
vn 0.266011 0.627992 0.731344
vn 0.942604 0.054603 0.329419
vn 0.952634 0.230821 -0.198017
vn 0.266011 0.627992 0.731344
vn 0.753591 0.270565 0.599078
vn 0.111251 -0.481021 -0.869622
vn -0.172052 -0.395824 -0.902065
vn -0.403676 0.237567 -0.883520
vn 0.196966 0.370951 -0.907524
vn -0.172052 -0.395824 -0.902065
vn -0.536666 -0.321169 -0.780282
vn -0.818165 -0.010148 -0.574893
vn -0.403676 0.237567 -0.883520
vn -0.403676 0.237567 -0.883520
vn -0.818165 -0.010148 -0.574893
vn -0.945814 0.252233 -0.204486
vn -0.802829 0.589416 0.089744
vn 0.196966 0.370951 -0.907524
vn -0.403676 0.237567 -0.883520
vn -0.802829 0.589416 0.089744
vn -0.592753 0.716292 0.368198
vn -0.345481 -0.265704 -0.900025
vn -0.344427 -0.244976 -0.906287
vn -0.659425 0.146458 -0.737366
vn -0.727629 0.004491 -0.685956
vn -0.344427 -0.244976 -0.906287
vn -0.521864 -0.255937 -0.813729
vn -0.693630 0.208782 -0.689411
vn -0.659425 0.146458 -0.737366
vn -0.659425 0.146458 -0.737366
vn -0.693630 0.208782 -0.689411
vn -0.681429 0.543169 -0.490533
vn -0.694612 0.546021 -0.468375
vn -0.727629 0.004491 -0.685956
vn -0.659425 0.146458 -0.737366
vn -0.694612 0.546021 -0.468375
vn -0.829354 0.419151 -0.369438
vn -0.521864 -0.255937 -0.813729
vn -0.767368 -0.263696 -0.584475
vn -0.814003 0.160635 -0.558207
vn -0.693630 0.208782 -0.689411
vn -0.767368 -0.263696 -0.584475
vn -0.918290 -0.248076 -0.308547
vn -0.949990 0.008214 -0.312173
vn -0.814003 0.160635 -0.558207
vn -0.814003 0.160635 -0.558207
vn -0.949990 0.008214 -0.312173
vn -0.944843 0.234749 -0.228394
vn -0.764688 0.471005 -0.439779
vn -0.693630 0.208782 -0.689411
vn -0.814003 0.160635 -0.558207
vn -0.764688 0.471005 -0.439779
vn -0.681429 0.543169 -0.490533
vn -0.918290 -0.248076 -0.308547
vn -0.978213 -0.207264 -0.011865
vn -0.976331 -0.211578 0.044861
vn -0.949990 0.008214 -0.312173
vn -0.978213 -0.207264 -0.011865
vn -0.929048 -0.129389 0.346596
vn -0.797408 -0.430622 0.422736
vn -0.976331 -0.211578 0.044861
vn -0.976331 -0.211578 0.044861
vn -0.797408 -0.430622 0.422736
vn -0.761340 -0.433848 0.481806
vn -0.987330 -0.096581 0.125906
vn -0.949990 0.008214 -0.312173
vn -0.976331 -0.211578 0.044861
vn -0.987330 -0.096581 0.125906
vn -0.944843 0.234749 -0.228394
vn -0.929048 -0.129389 0.346596
vn -0.723538 -0.041408 0.689042
vn -0.494523 -0.563504 0.661748
vn -0.797408 -0.430622 0.422736
vn -0.797408 -0.430622 0.422736
vn -0.494523 -0.563504 0.661748
vn -0.447141 -0.600475 0.662944
vn -0.761340 -0.433848 0.481806
vn -0.723538 -0.041408 0.689042
vn -0.429100 0.014498 0.903141
vn -0.227752 -0.604993 0.762963
vn -0.494523 -0.563504 0.661748
vn -0.429100 0.014498 0.903141
vn -0.129409 0.042877 0.990664
vn -0.012160 -0.594176 0.804243
vn -0.227752 -0.604993 0.762963
vn -0.227752 -0.604993 0.762963
vn -0.012160 -0.594176 0.804243
vn 0.007739 -0.659463 0.751697
vn -0.194722 -0.654781 0.730305
vn -0.494523 -0.563504 0.661748
vn -0.227752 -0.604993 0.762963
vn -0.194722 -0.654781 0.730305
vn -0.447141 -0.600475 0.662944
vn -0.129409 0.042877 0.990664
vn 0.106953 0.082552 0.990831
vn 0.167742 -0.552405 0.816524
vn -0.012160 -0.594176 0.804243
vn 0.106953 0.082552 0.990831
vn 0.348990 0.192622 0.917117
vn 0.373434 -0.465505 0.802404
vn 0.167742 -0.552405 0.816524
vn 0.167742 -0.552405 0.816524
vn 0.373434 -0.465505 0.802404
vn 0.341745 -0.593530 0.728651
vn 0.171269 -0.637966 0.750778
vn -0.012160 -0.594176 0.804243
vn 0.167742 -0.552405 0.816524
vn 0.171269 -0.637966 0.750778
vn 0.007739 -0.659463 0.751697
vn 0.348990 0.192622 0.917117
vn 0.567226 0.337805 0.751094
vn 0.598672 -0.321719 0.733545
vn 0.373434 -0.465505 0.802404
vn 0.567226 0.337805 0.751094
vn 0.698425 0.449674 0.556773
vn 0.781825 -0.136509 0.608371
vn 0.598672 -0.321719 0.733545
vn 0.598672 -0.321719 0.733545
vn 0.781825 -0.136509 0.608371
vn 0.705114 -0.408159 0.579845
vn 0.525125 -0.519326 0.674200
vn 0.373434 -0.465505 0.802404
vn 0.598672 -0.321719 0.733545
vn 0.525125 -0.519326 0.674200
vn 0.341745 -0.593530 0.728651
vn 0.698425 0.449674 0.556773
vn 0.769555 0.513515 0.379589
vn 0.898846 0.094107 0.428041
vn 0.781825 -0.136509 0.608371
vn 0.769555 0.513515 0.379589
vn 0.847701 0.499489 0.178647
vn 0.923387 0.284603 0.257601
vn 0.898846 0.094107 0.428041
vn 0.898846 0.094107 0.428041
vn 0.923387 0.284603 0.257601
vn 0.978376 0.084626 0.188728
vn 0.879517 -0.221190 0.421338
vn 0.781825 -0.136509 0.608371
vn 0.898846 0.094107 0.428041
vn 0.879517 -0.221190 0.421338
vn 0.705114 -0.408159 0.579845
vn 0.847701 0.499489 0.178647
vn 0.943679 0.328238 -0.041597
vn 0.933355 0.263092 0.244195
vn 0.923387 0.284603 0.257601
vn 0.923387 0.284603 0.257601
vn 0.933355 0.263092 0.244195
vn 0.907870 0.385093 0.165755
vn 0.978376 0.084626 0.188728
vn 0.170494 0.623418 -0.763074
vn 0.027716 0.639606 -0.768203
vn 0.205496 -0.501747 -0.840251
vn 0.437017 -0.384731 -0.813018
vn 0.379561 0.606234 -0.698866
vn 0.170494 0.623418 -0.763074
vn 0.437017 -0.384731 -0.813018
vn 0.674290 -0.202037 -0.710292
vn 0.629349 0.543609 -0.555346
vn 0.379561 0.606234 -0.698866
vn 0.674290 -0.202037 -0.710292
vn 0.843436 0.014723 -0.537028
vn 0.901034 0.377202 -0.214143
vn 0.629349 0.543609 -0.555346
vn 0.843436 0.014723 -0.537028
vn 0.924658 0.252205 -0.285308
vn -0.156542 0.647342 -0.745951
vn -0.384138 0.607637 -0.695137
vn -0.271749 -0.606374 -0.747304
vn -0.034928 -0.576150 -0.816597
vn 0.027716 0.639606 -0.768203
vn -0.156542 0.647342 -0.745951
vn -0.034928 -0.576150 -0.816597
vn 0.205496 -0.501747 -0.840251
vn -0.555607 0.528471 -0.641887
vn -0.690736 0.439308 -0.574363
vn -0.696832 -0.531506 -0.481587
vn -0.495950 -0.592079 -0.635197
vn -0.384138 0.607637 -0.695137
vn -0.555607 0.528471 -0.641887
vn -0.495950 -0.592079 -0.635197
vn -0.271749 -0.606374 -0.747304
vn -0.835899 0.337848 -0.432587
vn -0.969004 0.206129 -0.136172
vn -0.970700 -0.238793 -0.026826
vn -0.857500 -0.424250 -0.291042
vn -0.690736 0.439308 -0.574363
vn -0.835899 0.337848 -0.432587
vn -0.857500 -0.424250 -0.291042
vn -0.696832 -0.531506 -0.481587
vn -0.974007 0.068474 0.215921
vn -0.832146 -0.030567 0.553714
vn -0.864751 0.205898 0.458052
vn -0.973344 -0.022511 0.228242
vn -0.969004 0.206129 -0.136172
vn -0.974007 0.068474 0.215921
vn -0.973344 -0.022511 0.228242
vn -0.970700 -0.238793 -0.026826
vn -0.832146 -0.030567 0.553714
vn -0.599191 -0.076286 0.796963
vn -0.672233 0.403742 0.620560
vn -0.864751 0.205898 0.458052
vn -0.348691 -0.080888 0.933741
vn -0.089465 -0.075017 0.993161
vn -0.204955 0.650184 0.731611
vn -0.446548 0.548232 0.707133
vn -0.599191 -0.076286 0.796963
vn -0.348691 -0.080888 0.933741
vn -0.446548 0.548232 0.707133
vn -0.672233 0.403742 0.620560
vn 0.136452 -0.052880 0.989234
vn 0.355547 -0.020619 0.934431
vn 0.224344 0.728945 0.646768
vn 0.009545 0.705023 0.709120
vn -0.089465 -0.075017 0.993161
vn 0.136452 -0.052880 0.989234
vn 0.009545 0.705023 0.709120
vn -0.204955 0.650184 0.731611
vn 0.561060 0.021224 0.827503
vn 0.741400 0.075556 0.666796
vn 0.619997 0.676308 0.397758
vn 0.433209 0.720111 0.542006
vn 0.355547 -0.020619 0.934431
vn 0.561060 0.021224 0.827503
vn 0.433209 0.720111 0.542006
vn 0.224344 0.728945 0.646768
vn 0.885094 0.145888 0.441956
vn 0.961834 0.251587 0.107604
vn 0.897897 0.437996 -0.044056
vn 0.772652 0.595641 0.219592
vn 0.741400 0.075556 0.666796
vn 0.885094 0.145888 0.441956
vn 0.772652 0.595641 0.219592
vn 0.619997 0.676308 0.397758
vn 0.961834 0.251587 0.107604
vn 0.901034 0.377202 -0.214143
vn 0.924658 0.252205 -0.285308
vn 0.897897 0.437996 -0.044056
vn 0.437017 -0.384731 -0.813018
vn 0.205496 -0.501747 -0.840251
vn 0.192740 -0.551525 -0.811586
vn 0.416893 -0.444532 -0.792838
vn 0.674290 -0.202037 -0.710292
vn 0.437017 -0.384731 -0.813018
vn 0.416893 -0.444532 -0.792838
vn 0.647932 -0.275468 -0.710142
vn 0.843436 0.014723 -0.537028
vn 0.674290 -0.202037 -0.710292
vn 0.647932 -0.275468 -0.710142
vn 0.827180 -0.068844 -0.557705
vn 0.924658 0.252205 -0.285308
vn 0.843436 0.014723 -0.537028
vn 0.827180 -0.068844 -0.557705
vn 0.928801 0.178723 -0.324634
vn -0.034928 -0.576150 -0.816597
vn -0.271749 -0.606374 -0.747304
vn -0.258460 -0.647006 -0.717343
vn -0.035104 -0.618725 -0.784823
vn 0.205496 -0.501747 -0.840251
vn -0.034928 -0.576150 -0.816597
vn -0.035104 -0.618725 -0.784823
vn 0.192740 -0.551525 -0.811586
vn -0.495950 -0.592079 -0.635197
vn -0.696832 -0.531506 -0.481587
vn -0.663360 -0.583758 -0.468166
vn -0.470665 -0.636208 -0.611321
vn -0.271749 -0.606374 -0.747304
vn -0.495950 -0.592079 -0.635197
vn -0.470665 -0.636208 -0.611321
vn -0.258460 -0.647006 -0.717343
vn -0.857500 -0.424250 -0.291042
vn -0.970700 -0.238793 -0.026826
vn -0.949362 -0.311489 -0.041076
vn -0.824810 -0.486119 -0.288749
vn -0.696832 -0.531506 -0.481587
vn -0.857500 -0.424250 -0.291042
vn -0.824810 -0.486119 -0.288749
vn -0.663360 -0.583758 -0.468166
vn -0.973344 -0.022511 0.228242
vn -0.864751 0.205898 0.458052
vn -0.880482 0.156867 0.447375
vn -0.972748 -0.092368 0.212672
vn -0.970700 -0.238793 -0.026826
vn -0.973344 -0.022511 0.228242
vn -0.972748 -0.092368 0.212672
vn -0.949362 -0.311489 -0.041076
vn -0.864751 0.205898 0.458052
vn -0.672233 0.403742 0.620560
vn -0.692351 0.381178 0.612661
vn -0.880482 0.156867 0.447375
vn -0.446548 0.548232 0.707133
vn -0.204955 0.650184 0.731611
vn -0.213171 0.661279 0.719213
vn -0.460958 0.548706 0.697452
vn -0.672233 0.403742 0.620560
vn -0.446548 0.548232 0.707133
vn -0.460958 0.548706 0.697452
vn -0.692351 0.381178 0.612661
vn 0.009545 0.705023 0.709120
vn 0.224344 0.728945 0.646768
vn 0.226298 0.744584 0.628000
vn 0.004640 0.720040 0.693917
vn -0.204955 0.650184 0.731611
vn 0.009545 0.705023 0.709120
vn 0.004640 0.720040 0.693917
vn -0.213171 0.661279 0.719213
vn 0.433209 0.720111 0.542006
vn 0.619997 0.676308 0.397758
vn 0.643054 0.672937 0.365565
vn 0.447008 0.729990 0.517010
vn 0.224344 0.728945 0.646768
vn 0.433209 0.720111 0.542006
vn 0.447008 0.729990 0.517010
vn 0.226298 0.744584 0.628000
vn 0.772652 0.595641 0.219592
vn 0.897897 0.437996 -0.044056
vn 0.919891 0.381320 -0.091631
vn 0.797834 0.574402 0.183095
vn 0.619997 0.676308 0.397758
vn 0.772652 0.595641 0.219592
vn 0.797834 0.574402 0.183095
vn 0.643054 0.672937 0.365565
vn 0.897897 0.437996 -0.044056
vn 0.924658 0.252205 -0.285308
vn 0.928801 0.178723 -0.324634
vn 0.919891 0.381320 -0.091631
vn 0.907870 0.385093 0.165755
vn 0.535240 0.831135 0.150777
vn 0.553488 0.716846 -0.424008
vn 0.897511 0.403936 -0.176948
vn 0.535240 0.831135 0.150777
vn 0.117781 0.974930 0.188785
vn 0.239733 0.852057 -0.465325
vn 0.553488 0.716846 -0.424008
vn 0.553488 0.716846 -0.424008
vn 0.239733 0.852057 -0.465325
vn 0.379561 0.606234 -0.698866
vn 0.629349 0.543609 -0.555346
vn 0.897511 0.403936 -0.176948
vn 0.553488 0.716846 -0.424008
vn 0.629349 0.543609 -0.555346
vn 0.901034 0.377202 -0.214143
vn 0.978376 0.084626 0.188728
vn 0.907870 0.385093 0.165755
vn 0.897511 0.403936 -0.176948
vn 0.989066 0.076358 0.126167
vn 0.989066 0.076358 0.126167
vn 0.897511 0.403936 -0.176948
vn 0.901034 0.377202 -0.214143
vn 0.961834 0.251587 0.107604
vn 0.705114 -0.408159 0.579845
vn 0.879517 -0.221190 0.421338
vn 0.872805 -0.209213 0.440954
vn 0.700276 -0.352374 0.620843
vn 0.879517 -0.221190 0.421338
vn 0.978376 0.084626 0.188728
vn 0.989066 0.076358 0.126167
vn 0.872805 -0.209213 0.440954
vn 0.872805 -0.209213 0.440954
vn 0.989066 0.076358 0.126167
vn 0.961834 0.251587 0.107604
vn 0.885094 0.145888 0.441956
vn 0.700276 -0.352374 0.620843
vn 0.872805 -0.209213 0.440954
vn 0.885094 0.145888 0.441956
vn 0.741400 0.075556 0.666796
vn 0.341745 -0.593530 0.728651
vn 0.525125 -0.519326 0.674200
vn 0.525857 -0.434462 0.731244
vn 0.349201 -0.486034 0.801143
vn 0.525125 -0.519326 0.674200
vn 0.705114 -0.408159 0.579845
vn 0.700276 -0.352374 0.620843
vn 0.525857 -0.434462 0.731244
vn 0.525857 -0.434462 0.731244
vn 0.700276 -0.352374 0.620843
vn 0.741400 0.075556 0.666796
vn 0.561060 0.021224 0.827503
vn 0.349201 -0.486034 0.801143
vn 0.525857 -0.434462 0.731244
vn 0.561060 0.021224 0.827503
vn 0.355547 -0.020619 0.934431
vn 0.007739 -0.659463 0.751697
vn 0.171269 -0.637966 0.750778
vn 0.171967 -0.516615 0.838771
vn -0.010871 -0.527485 0.849495
vn 0.171269 -0.637966 0.750778
vn 0.341745 -0.593530 0.728651
vn 0.349201 -0.486034 0.801143
vn 0.171967 -0.516615 0.838771
vn 0.171967 -0.516615 0.838771
vn 0.349201 -0.486034 0.801143
vn 0.355547 -0.020619 0.934431
vn 0.136452 -0.052880 0.989234
vn -0.010871 -0.527485 0.849495
vn 0.171967 -0.516615 0.838771
vn 0.136452 -0.052880 0.989234
vn -0.089465 -0.075017 0.993161
vn -0.447141 -0.600475 0.662944
vn -0.194722 -0.654781 0.730305
vn -0.241276 -0.506063 0.828062
vn -0.503548 -0.444958 0.740575
vn -0.194722 -0.654781 0.730305
vn 0.007739 -0.659463 0.751697
vn -0.010871 -0.527485 0.849495
vn -0.241276 -0.506063 0.828062
vn -0.241276 -0.506063 0.828062
vn -0.010871 -0.527485 0.849495
vn -0.089465 -0.075017 0.993161
vn -0.348691 -0.080888 0.933741
vn -0.503548 -0.444958 0.740575
vn -0.241276 -0.506063 0.828062
vn -0.348691 -0.080888 0.933741
vn -0.599191 -0.076286 0.796963
vn -0.761340 -0.433848 0.481806
vn -0.447141 -0.600475 0.662944
vn -0.503548 -0.444958 0.740575
vn -0.800984 -0.274555 0.532019
vn -0.800984 -0.274555 0.532019
vn -0.503548 -0.444958 0.740575
vn -0.599191 -0.076286 0.796963
vn -0.832146 -0.030567 0.553714
vn -0.944843 0.234749 -0.228394
vn -0.987330 -0.096581 0.125906
vn -0.985662 0.039869 0.163953
vn -0.919414 0.343973 -0.190685
vn -0.987330 -0.096581 0.125906
vn -0.761340 -0.433848 0.481806
vn -0.800984 -0.274555 0.532019
vn -0.985662 0.039869 0.163953
vn -0.985662 0.039869 0.163953
vn -0.800984 -0.274555 0.532019
vn -0.832146 -0.030567 0.553714
vn -0.974007 0.068474 0.215921
vn -0.919414 0.343973 -0.190685
vn -0.985662 0.039869 0.163953
vn -0.974007 0.068474 0.215921
vn -0.969004 0.206129 -0.136172
vn -0.681429 0.543169 -0.490533
vn -0.764688 0.471005 -0.439779
vn -0.732474 0.540024 -0.414555
vn -0.625596 0.617608 -0.476645
vn -0.764688 0.471005 -0.439779
vn -0.944843 0.234749 -0.228394
vn -0.919414 0.343973 -0.190685
vn -0.732474 0.540024 -0.414555
vn -0.732474 0.540024 -0.414555
vn -0.919414 0.343973 -0.190685
vn -0.969004 0.206129 -0.136172
vn -0.835899 0.337848 -0.432587
vn -0.625596 0.617608 -0.476645
vn -0.732474 0.540024 -0.414555
vn -0.835899 0.337848 -0.432587
vn -0.690736 0.439308 -0.574363
vn -0.829354 0.419151 -0.369438
vn -0.694612 0.546021 -0.468375
vn -0.578293 0.669534 -0.466157
vn -0.525785 0.740638 -0.418337
vn -0.694612 0.546021 -0.468375
vn -0.681429 0.543169 -0.490533
vn -0.625596 0.617608 -0.476645
vn -0.578293 0.669534 -0.466157
vn -0.578293 0.669534 -0.466157
vn -0.625596 0.617608 -0.476645
vn -0.690736 0.439308 -0.574363
vn -0.555607 0.528471 -0.641887
vn -0.525785 0.740638 -0.418337
vn -0.578293 0.669534 -0.466157
vn -0.555607 0.528471 -0.641887
vn -0.384138 0.607637 -0.695137
vn -0.358290 0.929207 0.090573
vn -0.645433 0.757829 -0.095453
vn -0.275824 0.861587 -0.426132
vn -0.066265 0.881920 -0.466719
vn -0.645433 0.757829 -0.095453
vn -0.829354 0.419151 -0.369438
vn -0.525785 0.740638 -0.418337
vn -0.275824 0.861587 -0.426132
vn -0.275824 0.861587 -0.426132
vn -0.525785 0.740638 -0.418337
vn -0.384138 0.607637 -0.695137
vn -0.156542 0.647342 -0.745951
vn -0.066265 0.881920 -0.466719
vn -0.275824 0.861587 -0.426132
vn -0.156542 0.647342 -0.745951
vn 0.027716 0.639606 -0.768203
vn 0.117781 0.974930 0.188785
vn -0.180155 0.974818 0.131431
vn 0.032507 0.875840 -0.481505
vn 0.239733 0.852057 -0.465325
vn -0.180155 0.974818 0.131431
vn -0.358290 0.929207 0.090573
vn -0.066265 0.881920 -0.466719
vn 0.032507 0.875840 -0.481505
vn 0.032507 0.875840 -0.481505
vn -0.066265 0.881920 -0.466719
vn 0.027716 0.639606 -0.768203
vn 0.170494 0.623418 -0.763074
vn 0.239733 0.852057 -0.465325
vn 0.032507 0.875840 -0.481505
vn 0.170494 0.623418 -0.763074
vn 0.379561 0.606234 -0.698866
vn -0.311521 -0.256359 0.915005
vn -0.274993 -0.244636 0.929802
vn -0.214769 -0.177897 0.960326
vn -0.284004 -0.226101 0.931783
vn -0.274993 -0.244636 0.929802
vn -0.396087 -0.182103 0.899974
vn -0.329590 -0.026122 0.943763
vn -0.214769 -0.177897 0.960326
vn -0.214769 -0.177897 0.960326
vn -0.329590 -0.026122 0.943763
vn -0.166670 -0.023028 0.985744
vn -0.181966 -0.218929 0.958623
vn -0.284004 -0.226101 0.931783
vn -0.214769 -0.177897 0.960326
vn -0.181966 -0.218929 0.958623
vn -0.296065 -0.191678 0.935738
vn -0.656028 -0.138236 0.741969
vn -0.494032 -0.207413 0.844341
vn -0.488436 -0.173474 0.855183
vn -0.658184 -0.100804 0.746078
vn -0.494032 -0.207413 0.844341
vn -0.311521 -0.256359 0.915005
vn -0.284004 -0.226101 0.931783
vn -0.488436 -0.173474 0.855183
vn -0.488436 -0.173474 0.855183
vn -0.284004 -0.226101 0.931783
vn -0.296065 -0.191678 0.935738
vn -0.500725 -0.092676 0.860631
vn -0.658184 -0.100804 0.746078
vn -0.488436 -0.173474 0.855183
vn -0.500725 -0.092676 0.860631
vn -0.668425 -0.004503 0.743766
vn -0.868667 0.015530 0.495153
vn -0.775768 -0.065191 0.627642
vn -0.777187 -0.024768 0.628782
vn -0.868301 0.059701 0.492432
vn -0.775768 -0.065191 0.627642
vn -0.656028 -0.138236 0.741969
vn -0.658184 -0.100804 0.746078
vn -0.777187 -0.024768 0.628782
vn -0.777187 -0.024768 0.628782
vn -0.658184 -0.100804 0.746078
vn -0.668425 -0.004503 0.743766
vn -0.782585 0.077515 0.617699
vn -0.868301 0.059701 0.492432
vn -0.777187 -0.024768 0.628782
vn -0.782585 0.077515 0.617699
vn -0.866115 0.168878 0.470452
vn -0.963271 0.203347 0.175382
vn -0.934408 0.107494 0.339598
vn -0.929785 0.154556 0.334083
vn -0.953386 0.249685 0.169446
vn -0.934408 0.107494 0.339598
vn -0.868667 0.015530 0.495153
vn -0.868301 0.059701 0.492432
vn -0.929785 0.154556 0.334083
vn -0.929785 0.154556 0.334083
vn -0.868301 0.059701 0.492432
vn -0.866115 0.168878 0.470452
vn -0.913282 0.266636 0.307931
vn -0.953386 0.249685 0.169446
vn -0.929785 0.154556 0.334083
vn -0.913282 0.266636 0.307931
vn -0.922459 0.355025 0.151746
vn -0.921949 0.373061 -0.104099
vn -0.957490 0.285817 0.039017
vn -0.943704 0.329216 0.032239
vn -0.905794 0.408681 -0.111879
vn -0.957490 0.285817 0.039017
vn -0.963271 0.203347 0.175382
vn -0.953386 0.249685 0.169446
vn -0.943704 0.329216 0.032239
vn -0.943704 0.329216 0.032239
vn -0.953386 0.249685 0.169446
vn -0.922459 0.355025 0.151746
vn -0.905919 0.422831 0.022905
vn -0.905794 0.408681 -0.111879
vn -0.943704 0.329216 0.032239
vn -0.905919 0.422831 0.022905
vn -0.869373 0.480484 -0.115441
vn -0.711819 0.550922 -0.435659
vn -0.832346 0.474495 -0.286451
vn -0.820913 0.489691 -0.293777
vn -0.707163 0.543769 -0.451926
vn -0.832346 0.474495 -0.286451
vn -0.921949 0.373061 -0.104099
vn -0.905794 0.408681 -0.111879
vn -0.820913 0.489691 -0.293777
vn -0.820913 0.489691 -0.293777
vn -0.905794 0.408681 -0.111879
vn -0.869373 0.480484 -0.115441
vn -0.802749 0.519045 -0.293575
vn -0.707163 0.543769 -0.451926
vn -0.820913 0.489691 -0.293777
vn -0.802749 0.519045 -0.293575
vn -0.701157 0.523466 -0.484110
vn -0.465067 0.635530 -0.616290
vn -0.596646 0.599652 -0.533321
vn -0.590134 0.581527 -0.559972
vn -0.455995 0.616515 -0.641855
vn -0.596646 0.599652 -0.533321
vn -0.711819 0.550922 -0.435659
vn -0.707163 0.543769 -0.451926
vn -0.590134 0.581527 -0.559972
vn -0.590134 0.581527 -0.559972
vn -0.707163 0.543769 -0.451926
vn -0.701157 0.523466 -0.484110
vn -0.563177 0.524470 -0.638563
vn -0.455995 0.616515 -0.641855
vn -0.590134 0.581527 -0.559972
vn -0.563177 0.524470 -0.638563
vn -0.414275 0.548516 -0.726296
vn -0.151938 0.656648 -0.738734
vn -0.313691 0.655721 -0.686752
vn -0.307356 0.638524 -0.705563
vn -0.153091 0.637173 -0.755363
vn -0.313691 0.655721 -0.686752
vn -0.465067 0.635530 -0.616290
vn -0.455995 0.616515 -0.641855
vn -0.307356 0.638524 -0.705563
vn -0.307356 0.638524 -0.705563
vn -0.455995 0.616515 -0.641855
vn -0.414275 0.548516 -0.726296
vn -0.276625 0.575932 -0.769273
vn -0.153091 0.637173 -0.755363
vn -0.307356 0.638524 -0.705563
vn -0.276625 0.575932 -0.769273
vn -0.148145 0.572930 -0.806105
vn 0.195127 0.595549 -0.779261
vn 0.017955 0.637002 -0.770653
vn 0.008802 0.606248 -0.795227
vn 0.183167 0.540352 -0.821261
vn 0.017955 0.637002 -0.770653
vn -0.151938 0.656648 -0.738734
vn -0.153091 0.637173 -0.755363
vn 0.008802 0.606248 -0.795227
vn 0.008802 0.606248 -0.795227
vn -0.153091 0.637173 -0.755363
vn -0.148145 0.572930 -0.806105
vn -0.016693 0.513080 -0.858178
vn 0.183167 0.540352 -0.821261
vn 0.008802 0.606248 -0.795227
vn -0.016693 0.513080 -0.858178
vn 0.142109 0.367794 -0.918985
vn 0.540552 0.452802 -0.709065
vn 0.369203 0.534154 -0.760506
vn 0.365540 0.443077 -0.818574
vn 0.553002 0.334263 -0.763188
vn 0.369203 0.534154 -0.760506
vn 0.195127 0.595549 -0.779261
vn 0.183167 0.540352 -0.821261
vn 0.365540 0.443077 -0.818574
vn 0.365540 0.443077 -0.818574
vn 0.183167 0.540352 -0.821261
vn 0.142109 0.367794 -0.918985
vn 0.346127 0.150978 -0.925960
vn 0.553002 0.334263 -0.763188
vn 0.365540 0.443077 -0.818574
vn 0.346127 0.150978 -0.925960
vn 0.579724 -0.025500 -0.814414
vn 0.822147 0.282590 -0.494183
vn 0.713617 0.348623 -0.607629
vn 0.739668 0.233874 -0.631026
vn 0.854184 0.194828 -0.482091
vn 0.713617 0.348623 -0.607629
vn 0.540552 0.452802 -0.709065
vn 0.553002 0.334263 -0.763188
vn 0.739668 0.233874 -0.631026
vn 0.739668 0.233874 -0.631026
vn 0.553002 0.334263 -0.763188
vn 0.579724 -0.025500 -0.814414
vn 0.771691 -0.084818 -0.630316
vn 0.854184 0.194828 -0.482091
vn 0.739668 0.233874 -0.631026
vn 0.771691 -0.084818 -0.630316
vn 0.872169 -0.065393 -0.484815
vn 0.829967 0.474968 -0.292508
vn 0.705262 0.564745 -0.428565
vn 0.841324 0.332185 -0.426411
vn 0.905424 0.085190 -0.415873
vn 0.705262 0.564745 -0.428565
vn 0.701976 0.468927 -0.536038
vn 0.804945 0.346791 -0.481456
vn 0.841324 0.332185 -0.426411
vn 0.841324 0.332185 -0.426411
vn 0.804945 0.346791 -0.481456
vn 0.822147 0.282590 -0.494183
vn 0.854184 0.194828 -0.482091
vn 0.905424 0.085190 -0.415873
vn 0.841324 0.332185 -0.426411
vn 0.854184 0.194828 -0.482091
vn 0.872169 -0.065393 -0.484815
vn -0.265177 -0.331492 0.905425
vn -0.222679 -0.445677 0.867056
vn -0.279199 -0.342518 0.897067
vn -0.309607 -0.289565 0.905702
vn -0.222679 -0.445677 0.867056
vn -0.385258 -0.536262 0.750999
vn -0.415686 -0.362829 0.834002
vn -0.279199 -0.342518 0.897067
vn -0.279199 -0.342518 0.897067
vn -0.415686 -0.362829 0.834002
vn -0.396087 -0.182103 0.899974
vn -0.274993 -0.244636 0.929802
vn -0.309607 -0.289565 0.905702
vn -0.279199 -0.342518 0.897067
vn -0.274993 -0.244636 0.929802
vn -0.311521 -0.256359 0.915005
vn -0.654905 -0.138833 0.742849
vn -0.483322 -0.221704 0.846904
vn -0.493692 -0.212866 0.843182
vn -0.655450 -0.138543 0.742422
vn -0.483322 -0.221704 0.846904
vn -0.265177 -0.331492 0.905425
vn -0.309607 -0.289565 0.905702
vn -0.493692 -0.212866 0.843182
vn -0.493692 -0.212866 0.843182
vn -0.309607 -0.289565 0.905702
vn -0.311521 -0.256359 0.915005
vn -0.494032 -0.207413 0.844341
vn -0.655450 -0.138543 0.742422
vn -0.493692 -0.212866 0.843182
vn -0.494032 -0.207413 0.844341
vn -0.656028 -0.138236 0.741969
vn -0.864175 0.011006 0.503072
vn -0.772599 -0.067425 0.631304
vn -0.774138 -0.066343 0.629531
vn -0.866361 0.013195 0.499245
vn -0.772599 -0.067425 0.631304
vn -0.654905 -0.138833 0.742849
vn -0.655450 -0.138543 0.742422
vn -0.774138 -0.066343 0.629531
vn -0.774138 -0.066343 0.629531
vn -0.655450 -0.138543 0.742422
vn -0.656028 -0.138236 0.741969
vn -0.775768 -0.065191 0.627642
vn -0.866361 0.013195 0.499245
vn -0.774138 -0.066343 0.629531
vn -0.775768 -0.065191 0.627642
vn -0.868667 0.015530 0.495153
vn -0.961587 0.193263 0.194936
vn -0.930183 0.100167 0.353165
vn -0.932256 0.103714 0.346615
vn -0.962460 0.198151 0.185492
vn -0.930183 0.100167 0.353165
vn -0.864175 0.011006 0.503072
vn -0.866361 0.013195 0.499245
vn -0.932256 0.103714 0.346615
vn -0.932256 0.103714 0.346615
vn -0.866361 0.013195 0.499245
vn -0.868667 0.015530 0.495153
vn -0.934408 0.107494 0.339598
vn -0.962460 0.198151 0.185492
vn -0.932256 0.103714 0.346615
vn -0.934408 0.107494 0.339598
vn -0.963271 0.203347 0.175382
vn -0.929847 0.359845 -0.076787
vn -0.959743 0.273708 0.063072
vn -0.958740 0.279592 0.051440
vn -0.926134 0.366293 -0.090029
vn -0.959743 0.273708 0.063072
vn -0.961587 0.193263 0.194936
vn -0.962460 0.198151 0.185492
vn -0.958740 0.279592 0.051440
vn -0.958740 0.279592 0.051440
vn -0.962460 0.198151 0.185492
vn -0.963271 0.203347 0.175382
vn -0.957490 0.285817 0.039017
vn -0.926134 0.366293 -0.090029
vn -0.958740 0.279592 0.051440
vn -0.957490 0.285817 0.039017
vn -0.921949 0.373061 -0.104099
vn -0.732609 0.542334 -0.411288
vn -0.848012 0.462549 -0.258698
vn -0.840509 0.468423 -0.272259
vn -0.722512 0.546550 -0.423391
vn -0.848012 0.462549 -0.258698
vn -0.929847 0.359845 -0.076787
vn -0.926134 0.366293 -0.090029
vn -0.840509 0.468423 -0.272259
vn -0.840509 0.468423 -0.272259
vn -0.926134 0.366293 -0.090029
vn -0.921949 0.373061 -0.104099
vn -0.832346 0.474495 -0.286451
vn -0.722512 0.546550 -0.423391
vn -0.840509 0.468423 -0.272259
vn -0.832346 0.474495 -0.286451
vn -0.711819 0.550922 -0.435659
vn -0.485683 0.634868 -0.600878
vn -0.618827 0.594718 -0.513190
vn -0.607931 0.596990 -0.523473
vn -0.475413 0.634718 -0.609193
vn -0.618827 0.594718 -0.513190
vn -0.732609 0.542334 -0.411288
vn -0.722512 0.546550 -0.423391
vn -0.607931 0.596990 -0.523473
vn -0.607931 0.596990 -0.523473
vn -0.722512 0.546550 -0.423391
vn -0.711819 0.550922 -0.435659
vn -0.596646 0.599652 -0.533321
vn -0.475413 0.634718 -0.609193
vn -0.607931 0.596990 -0.523473
vn -0.596646 0.599652 -0.533321
vn -0.465067 0.635530 -0.616290
vn -0.159786 0.662565 -0.731763
vn -0.329358 0.659218 -0.675984
vn -0.321434 0.656550 -0.682365
vn -0.155803 0.658308 -0.736448
vn -0.329358 0.659218 -0.675984
vn -0.485683 0.634868 -0.600878
vn -0.475413 0.634718 -0.609193
vn -0.321434 0.656550 -0.682365
vn -0.321434 0.656550 -0.682365
vn -0.475413 0.634718 -0.609193
vn -0.465067 0.635530 -0.616290
vn -0.313691 0.655721 -0.686752
vn -0.155803 0.658308 -0.736448
vn -0.321434 0.656550 -0.682365
vn -0.313691 0.655721 -0.686752
vn -0.151938 0.656648 -0.738734
vn 0.203988 0.597663 -0.775363
vn 0.018989 0.642441 -0.766100
vn 0.018409 0.638350 -0.769526
vn 0.199360 0.595535 -0.778199
vn 0.018989 0.642441 -0.766100
vn -0.159786 0.662565 -0.731763
vn -0.155803 0.658308 -0.736448
vn 0.018409 0.638350 -0.769526
vn 0.018409 0.638350 -0.769526
vn -0.155803 0.658308 -0.736448
vn -0.151938 0.656648 -0.738734
vn 0.017955 0.637002 -0.770653
vn 0.199360 0.595535 -0.778199
vn 0.018409 0.638350 -0.769526
vn 0.017955 0.637002 -0.770653
vn 0.195127 0.595549 -0.779261
vn 0.554157 0.446894 -0.702279
vn 0.382559 0.531716 -0.755597
vn 0.375682 0.532353 -0.758593
vn 0.547346 0.449607 -0.705880
vn 0.382559 0.531716 -0.755597
vn 0.203988 0.597663 -0.775363
vn 0.199360 0.595535 -0.778199
vn 0.375682 0.532353 -0.758593
vn 0.375682 0.532353 -0.758593
vn 0.199360 0.595535 -0.778199
vn 0.195127 0.595549 -0.779261
vn 0.369203 0.534154 -0.760506
vn 0.547346 0.449607 -0.705880
vn 0.375682 0.532353 -0.758593
vn 0.369203 0.534154 -0.760506
vn 0.540552 0.452802 -0.709065
vn 0.841477 0.186008 -0.507265
vn 0.727604 0.326298 -0.603425
vn 0.716485 0.340246 -0.609001
vn 0.821645 0.244325 -0.514980
vn 0.727604 0.326298 -0.603425
vn 0.554157 0.446894 -0.702279
vn 0.547346 0.449607 -0.705880
vn 0.716485 0.340246 -0.609001
vn 0.716485 0.340246 -0.609001
vn 0.547346 0.449607 -0.705880
vn 0.540552 0.452802 -0.709065
vn 0.713617 0.348623 -0.607629
vn 0.821645 0.244325 -0.514980
vn 0.716485 0.340246 -0.609001
vn 0.713617 0.348623 -0.607629
vn 0.822147 0.282590 -0.494183
vn 0.822147 0.282590 -0.494183
vn 0.804945 0.346791 -0.481456
vn 0.807817 0.238422 -0.539062
vn 0.821645 0.244325 -0.514980
vn 0.804945 0.346791 -0.481456
vn 0.701976 0.468927 -0.536038
vn 0.711715 0.291151 -0.639291
vn 0.807817 0.238422 -0.539062
vn 0.807817 0.238422 -0.539062
vn 0.711715 0.291151 -0.639291
vn 0.708369 0.088012 -0.700334
vn 0.825100 0.105136 -0.555119
vn 0.821645 0.244325 -0.514980
vn 0.807817 0.238422 -0.539062
vn 0.825100 0.105136 -0.555119
vn 0.841477 0.186008 -0.507265
vn -0.074249 -0.902269 0.424733
vn -0.076314 -0.972484 0.220118
vn -0.269186 -0.955147 0.123420
vn -0.358132 -0.882496 0.304863
vn -0.076314 -0.972484 0.220118
vn 0.049490 -0.995725 0.077994
vn -0.175233 -0.983738 -0.039411
vn -0.269186 -0.955147 0.123420
vn -0.269186 -0.955147 0.123420
vn -0.175233 -0.983738 -0.039411
vn -0.198839 -0.978914 -0.046801
vn -0.297825 -0.946991 0.120450
vn -0.358132 -0.882496 0.304863
vn -0.269186 -0.955147 0.123420
vn -0.297825 -0.946991 0.120450
vn -0.387860 -0.873599 0.293922
vn 0.049490 -0.995725 0.077994
vn 0.181696 -0.982445 -0.042286
vn -0.066652 -0.978897 -0.193180
vn -0.175233 -0.983738 -0.039411
vn 0.181696 -0.982445 -0.042286
vn 0.314066 -0.937420 -0.150356
vn 0.046997 -0.941002 -0.335121
vn -0.066652 -0.978897 -0.193180
vn -0.066652 -0.978897 -0.193180
vn 0.046997 -0.941002 -0.335121
vn 0.014199 -0.935084 -0.354143
vn -0.094359 -0.974137 -0.205312
vn -0.175233 -0.983738 -0.039411
vn -0.066652 -0.978897 -0.193180
vn -0.094359 -0.974137 -0.205312
vn -0.198839 -0.978914 -0.046801
vn 0.314066 -0.937420 -0.150356
vn 0.442784 -0.862825 -0.243877
vn 0.165231 -0.870364 -0.463859
vn 0.046997 -0.941002 -0.335121
vn 0.442784 -0.862825 -0.243877
vn 0.563548 -0.760108 -0.323496
vn 0.287162 -0.764515 -0.577109
vn 0.165231 -0.870364 -0.463859
vn 0.165231 -0.870364 -0.463859
vn 0.287162 -0.764515 -0.577109
vn 0.239876 -0.750947 -0.615255
vn 0.125994 -0.861493 -0.491889
vn 0.046997 -0.941002 -0.335121
vn 0.165231 -0.870364 -0.463859
vn 0.125994 -0.861493 -0.491889
vn 0.014199 -0.935084 -0.354143
vn 0.563548 -0.760108 -0.323496
vn 0.703469 -0.550277 -0.449807
vn 0.422763 -0.594702 -0.683813
vn 0.287162 -0.764515 -0.577109
vn 0.703469 -0.550277 -0.449807
vn 0.859849 -0.143977 -0.489827
vn 0.543435 -0.342055 -0.766601
vn 0.422763 -0.594702 -0.683813
vn 0.422763 -0.594702 -0.683813
vn 0.543435 -0.342055 -0.766601
vn 0.459490 -0.407540 -0.789164
vn 0.353022 -0.600052 -0.717853
vn 0.287162 -0.764515 -0.577109
vn 0.422763 -0.594702 -0.683813
vn 0.353022 -0.600052 -0.717853
vn 0.239876 -0.750947 -0.615255
vn 0.859849 -0.143977 -0.489827
vn 0.714874 -0.042855 -0.697938
vn 0.594743 -0.120069 -0.794899
vn 0.543435 -0.342055 -0.766601
vn 0.714874 -0.042855 -0.697938
vn 0.708369 0.088012 -0.700334
vn 0.626809 0.081358 -0.774914
vn 0.594743 -0.120069 -0.794899
vn 0.594743 -0.120069 -0.794899
vn 0.626809 0.081358 -0.774914
vn 0.611978 0.072585 -0.787537
vn 0.549719 -0.178110 -0.816141
vn 0.543435 -0.342055 -0.766601
vn 0.594743 -0.120069 -0.794899
vn 0.549719 -0.178110 -0.816141
vn 0.459490 -0.407540 -0.789164
vn 0.829967 0.474968 -0.292508
vn 0.739688 0.672914 0.006942
vn 0.492537 0.869433 -0.038642
vn 0.573168 0.781184 -0.247446
vn 0.739688 0.672914 0.006942
vn 0.671853 0.690659 0.267588
vn 0.391660 0.907375 0.152553
vn 0.492537 0.869433 -0.038642
vn 0.492537 0.869433 -0.038642
vn 0.391660 0.907375 0.152553
vn 0.325549 0.937754 0.120973
vn 0.421338 0.905563 -0.049296
vn 0.573168 0.781184 -0.247446
vn 0.492537 0.869433 -0.038642
vn 0.421338 0.905563 -0.049296
vn 0.507040 0.831749 -0.226064
vn 0.671853 0.690659 0.267588
vn 0.609203 0.671105 0.422481
vn 0.294903 0.903365 0.311390
vn 0.391660 0.907375 0.152553
vn 0.609203 0.671105 0.422481
vn 0.552327 0.618364 0.559071
vn 0.196066 0.865460 0.461017
vn 0.294903 0.903365 0.311390
vn 0.294903 0.903365 0.311390
vn 0.196066 0.865460 0.461017
vn 0.112958 0.894710 0.432127
vn 0.222323 0.933336 0.281879
vn 0.391660 0.907375 0.152553
vn 0.294903 0.903365 0.311390
vn 0.222323 0.933336 0.281879
vn 0.325549 0.937754 0.120973
vn 0.552327 0.618364 0.559071
vn 0.477840 0.533734 0.697709
vn 0.091890 0.792083 0.603457
vn 0.196066 0.865460 0.461017
vn 0.477840 0.533734 0.697709
vn 0.343756 0.412918 0.843404
vn -0.022713 0.677948 0.734759
vn 0.091890 0.792083 0.603457
vn 0.091890 0.792083 0.603457
vn -0.022713 0.677948 0.734759
vn -0.120277 0.711112 0.692714
vn -0.001787 0.821548 0.570137
vn 0.196066 0.865460 0.461017
vn 0.091890 0.792083 0.603457
vn -0.001787 0.821548 0.570137
vn 0.112958 0.894710 0.432127
vn 0.343756 0.412918 0.843404
vn 0.054798 0.226541 0.972459
vn -0.163222 0.500229 0.850370
vn -0.022713 0.677948 0.734759
vn 0.054798 0.226541 0.972459
vn -0.166670 -0.023028 0.985744
vn -0.306770 0.280361 0.909555
vn -0.163222 0.500229 0.850370
vn -0.163222 0.500229 0.850370
vn -0.306770 0.280361 0.909555
vn -0.350480 0.366369 0.861938
vn -0.238861 0.559933 0.793360
vn -0.022713 0.677948 0.734759
vn -0.163222 0.500229 0.850370
vn -0.238861 0.559933 0.793360
vn -0.120277 0.711112 0.692714
vn -0.385258 -0.536262 0.750999
vn -0.297467 -0.751622 0.588709
vn -0.438517 -0.753604 0.489678
vn -0.492511 -0.571191 0.656638
vn -0.297467 -0.751622 0.588709
vn -0.074249 -0.902269 0.424733
vn -0.358132 -0.882496 0.304863
vn -0.438517 -0.753604 0.489678
vn -0.438517 -0.753604 0.489678
vn -0.358132 -0.882496 0.304863
vn -0.387860 -0.873599 0.293922
vn -0.463046 -0.752798 0.467851
vn -0.492511 -0.571191 0.656638
vn -0.438517 -0.753604 0.489678
vn -0.463046 -0.752798 0.467851
vn -0.514192 -0.581399 0.630541
vn 0.701976 0.468927 -0.536038
vn 0.705262 0.564745 -0.428565
vn 0.613512 0.669594 -0.418625
vn 0.639426 0.524545 -0.562127
vn 0.705262 0.564745 -0.428565
vn 0.829967 0.474968 -0.292508
vn 0.573168 0.781184 -0.247446
vn 0.613512 0.669594 -0.418625
vn 0.613512 0.669594 -0.418625
vn 0.573168 0.781184 -0.247446
vn 0.507040 0.831749 -0.226064
vn 0.577162 0.710462 -0.402650
vn 0.639426 0.524545 -0.562127
vn 0.613512 0.669594 -0.418625
vn 0.577162 0.710462 -0.402650
vn 0.623659 0.538231 -0.566883
vn -0.166670 -0.023028 0.985744
vn -0.329590 -0.026122 0.943763
vn -0.410758 0.080139 0.908216
vn -0.306770 0.280361 0.909555
vn -0.329590 -0.026122 0.943763
vn -0.396087 -0.182103 0.899974
vn -0.478597 -0.135138 0.867573
vn -0.410758 0.080139 0.908216
vn -0.410758 0.080139 0.908216
vn -0.478597 -0.135138 0.867573
vn -0.507628 -0.116010 0.853730
vn -0.444265 0.135852 0.885535
vn -0.306770 0.280361 0.909555
vn -0.410758 0.080139 0.908216
vn -0.444265 0.135852 0.885535
vn -0.350480 0.366369 0.861938
vn 0.708369 0.088012 -0.700334
vn 0.711715 0.291151 -0.639291
vn 0.649933 0.316795 -0.690817
vn 0.626809 0.081358 -0.774914
vn 0.711715 0.291151 -0.639291
vn 0.701976 0.468927 -0.536038
vn 0.639426 0.524545 -0.562127
vn 0.649933 0.316795 -0.690817
vn 0.649933 0.316795 -0.690817
vn 0.639426 0.524545 -0.562127
vn 0.623659 0.538231 -0.566883
vn 0.637184 0.320088 -0.701100
vn 0.626809 0.081358 -0.774914
vn 0.649933 0.316795 -0.690817
vn 0.637184 0.320088 -0.701100
vn 0.611978 0.072585 -0.787537
vn -0.396087 -0.182103 0.899974
vn -0.415686 -0.362829 0.834002
vn -0.505947 -0.364752 0.781648
vn -0.478597 -0.135138 0.867573
vn -0.415686 -0.362829 0.834002
vn -0.385258 -0.536262 0.750999
vn -0.492511 -0.571191 0.656638
vn -0.505947 -0.364752 0.781648
vn -0.505947 -0.364752 0.781648
vn -0.492511 -0.571191 0.656638
vn -0.514192 -0.581399 0.630541
vn -0.531352 -0.363542 0.765181
vn -0.478597 -0.135138 0.867573
vn -0.505947 -0.364752 0.781648
vn -0.531352 -0.363542 0.765181
vn -0.507628 -0.116010 0.853730
vn -0.387860 -0.873599 0.293922
vn -0.297825 -0.946991 0.120450
vn -0.194329 -0.962710 0.188216
vn -0.302527 -0.888017 0.346270
vn -0.297825 -0.946991 0.120450
vn -0.198839 -0.978914 -0.046801
vn -0.083835 -0.995956 0.032294
vn -0.194329 -0.962710 0.188216
vn -0.194329 -0.962710 0.188216
vn -0.083835 -0.995956 0.032294
vn 0.125705 -0.974579 0.185454
vn -0.008322 -0.947023 0.321057
vn -0.302527 -0.888017 0.346270
vn -0.194329 -0.962710 0.188216
vn -0.008322 -0.947023 0.321057
vn -0.149636 -0.879560 0.451646
vn -0.198839 -0.978914 -0.046801
vn -0.094359 -0.974137 -0.205312
vn 0.026705 -0.992611 -0.118364
vn -0.083835 -0.995956 0.032294
vn -0.094359 -0.974137 -0.205312
vn 0.014199 -0.935084 -0.354143
vn 0.137129 -0.955074 -0.262734
vn 0.026705 -0.992611 -0.118364
vn 0.026705 -0.992611 -0.118364
vn 0.137129 -0.955074 -0.262734
vn 0.373399 -0.923723 -0.085497
vn 0.252497 -0.966346 0.049203
vn -0.083835 -0.995956 0.032294
vn 0.026705 -0.992611 -0.118364
vn 0.252497 -0.966346 0.049203
vn 0.125705 -0.974579 0.185454
vn 0.014199 -0.935084 -0.354143
vn 0.125994 -0.861493 -0.491889
vn 0.247283 -0.882884 -0.399209
vn 0.137129 -0.955074 -0.262734
vn 0.125994 -0.861493 -0.491889
vn 0.239876 -0.750947 -0.615255
vn 0.356256 -0.773259 -0.524549
vn 0.247283 -0.882884 -0.399209
vn 0.247283 -0.882884 -0.399209
vn 0.356256 -0.773259 -0.524549
vn 0.596459 -0.727770 -0.338508
vn 0.488642 -0.845301 -0.216091
vn 0.137129 -0.955074 -0.262734
vn 0.247283 -0.882884 -0.399209
vn 0.488642 -0.845301 -0.216091
vn 0.373399 -0.923723 -0.085497
vn 0.239876 -0.750947 -0.615255
vn 0.353022 -0.600052 -0.717853
vn 0.461308 -0.622138 -0.632566
vn 0.356256 -0.773259 -0.524549
vn 0.353022 -0.600052 -0.717853
vn 0.459490 -0.407540 -0.789164
vn 0.555956 -0.427950 -0.712581
vn 0.461308 -0.622138 -0.632566
vn 0.461308 -0.622138 -0.632566
vn 0.555956 -0.427950 -0.712581
vn 0.767087 -0.364549 -0.527903
vn 0.692286 -0.567292 -0.446005
vn 0.356256 -0.773259 -0.524549
vn 0.461308 -0.622138 -0.632566
vn 0.692286 -0.567292 -0.446005
vn 0.596459 -0.727770 -0.338508
vn 0.459490 -0.407540 -0.789164
vn 0.549719 -0.178110 -0.816141
vn 0.630666 -0.194652 -0.751247
vn 0.555956 -0.427950 -0.712581
vn 0.549719 -0.178110 -0.816141
vn 0.611978 0.072585 -0.787537
vn 0.673865 0.060800 -0.736348
vn 0.630666 -0.194652 -0.751247
vn 0.630666 -0.194652 -0.751247
vn 0.673865 0.060800 -0.736348
vn 0.811550 0.124647 -0.570833
vn 0.810064 -0.126898 -0.572445
vn 0.555956 -0.427950 -0.712581
vn 0.630666 -0.194652 -0.751247
vn 0.810064 -0.126898 -0.572445
vn 0.767087 -0.364549 -0.527903
vn 0.507040 0.831749 -0.226064
vn 0.421338 0.905563 -0.049296
vn 0.391766 0.917124 -0.073505
vn 0.493196 0.837538 -0.235134
vn 0.421338 0.905563 -0.049296
vn 0.325549 0.937754 0.120973
vn 0.278842 0.956892 0.081271
vn 0.391766 0.917124 -0.073505
vn 0.391766 0.917124 -0.073505
vn 0.278842 0.956892 0.081271
vn 0.073753 0.995021 -0.067042
vn 0.267783 0.951254 -0.152998
vn 0.493196 0.837538 -0.235134
vn 0.391766 0.917124 -0.073505
vn 0.267783 0.951254 -0.152998
vn 0.435911 0.865565 -0.246534
vn 0.325549 0.937754 0.120973
vn 0.222323 0.933336 0.281879
vn 0.154313 0.961498 0.227397
vn 0.278842 0.956892 0.081271
vn 0.222323 0.933336 0.281879
vn 0.112958 0.894710 0.432127
vn 0.020682 0.931171 0.363996
vn 0.154313 0.961498 0.227397
vn 0.154313 0.961498 0.227397
vn 0.020682 0.931171 0.363996
vn -0.330724 0.937562 0.107696
vn -0.135032 0.990694 0.017062
vn 0.278842 0.956892 0.081271
vn 0.154313 0.961498 0.227397
vn -0.135032 0.990694 0.017062
vn 0.073753 0.995021 -0.067042
vn 0.112958 0.894710 0.432127
vn -0.001787 0.821548 0.570137
vn -0.118018 0.862954 0.491306
vn 0.020682 0.931171 0.363996
vn -0.001787 0.821548 0.570137
vn -0.120277 0.711112 0.692714
vn -0.253638 0.752409 0.607905
vn -0.118018 0.862954 0.491306
vn -0.118018 0.862954 0.491306
vn -0.253638 0.752409 0.607905
vn -0.616721 0.715715 0.327729
vn -0.493863 0.843543 0.211031
vn 0.020682 0.931171 0.363996
vn -0.118018 0.862954 0.491306
vn -0.493863 0.843543 0.211031
vn -0.330724 0.937562 0.107696
vn -0.120277 0.711112 0.692714
vn -0.238861 0.559933 0.793360
vn -0.376775 0.596113 0.709006
vn -0.253638 0.752409 0.607905
vn -0.238861 0.559933 0.793360
vn -0.350480 0.366369 0.861938
vn -0.477331 0.393275 0.785805
vn -0.376775 0.596113 0.709006
vn -0.376775 0.596113 0.709006
vn -0.477331 0.393275 0.785805
vn -0.741081 0.352221 0.571612
vn -0.699782 0.553201 0.451967
vn -0.253638 0.752409 0.607905
vn -0.376775 0.596113 0.709006
vn -0.699782 0.553201 0.451967
vn -0.616721 0.715715 0.327729
vn -0.514192 -0.581399 0.630541
vn -0.463046 -0.752798 0.467851
vn -0.404222 -0.765234 0.501020
vn -0.490269 -0.590788 0.640785
vn -0.463046 -0.752798 0.467851
vn -0.387860 -0.873599 0.293922
vn -0.302527 -0.888017 0.346270
vn -0.404222 -0.765234 0.501020
vn -0.404222 -0.765234 0.501020
vn -0.302527 -0.888017 0.346270
vn -0.149636 -0.879560 0.451646
vn -0.297067 -0.765811 0.570338
vn -0.490269 -0.590788 0.640785
vn -0.404222 -0.765234 0.501020
vn -0.297067 -0.765811 0.570338
vn -0.443315 -0.601457 0.664621
vn 0.623659 0.538231 -0.566883
vn 0.577162 0.710462 -0.402650
vn 0.579250 0.712353 -0.396261
vn 0.644236 0.536073 -0.545515
vn 0.577162 0.710462 -0.402650
vn 0.507040 0.831749 -0.226064
vn 0.493196 0.837538 -0.235134
vn 0.579250 0.712353 -0.396261
vn 0.579250 0.712353 -0.396261
vn 0.493196 0.837538 -0.235134
vn 0.435911 0.865565 -0.246534
vn 0.574952 0.741313 -0.346246
vn 0.644236 0.536073 -0.545515
vn 0.579250 0.712353 -0.396261
vn 0.574952 0.741313 -0.346246
vn 0.687844 0.574410 -0.443761
vn -0.350480 0.366369 0.861938
vn -0.444265 0.135852 0.885535
vn -0.544392 0.151923 0.824959
vn -0.477331 0.393275 0.785805
vn -0.444265 0.135852 0.885535
vn -0.507628 -0.116010 0.853730
vn -0.569287 -0.111137 0.814592
vn -0.544392 0.151923 0.824959
vn -0.544392 0.151923 0.824959
vn -0.569287 -0.111137 0.814592
vn -0.678433 -0.139884 0.721222
vn -0.735137 0.116248 0.667878
vn -0.477331 0.393275 0.785805
vn -0.544392 0.151923 0.824959
vn -0.735137 0.116248 0.667878
vn -0.741081 0.352221 0.571612
vn 0.611978 0.072585 -0.787537
vn 0.637184 0.320088 -0.701100
vn 0.678171 0.313822 -0.664529
vn 0.673865 0.060800 -0.736348
vn 0.637184 0.320088 -0.701100
vn 0.623659 0.538231 -0.566883
vn 0.644236 0.536073 -0.545515
vn 0.678171 0.313822 -0.664529
vn 0.678171 0.313822 -0.664529
vn 0.644236 0.536073 -0.545515
vn 0.687844 0.574410 -0.443761
vn 0.768880 0.366309 -0.524062
vn 0.673865 0.060800 -0.736348
vn 0.678171 0.313822 -0.664529
vn 0.768880 0.366309 -0.524062
vn 0.811550 0.124647 -0.570833
vn -0.507628 -0.116010 0.853730
vn -0.531352 -0.363542 0.765181
vn -0.549354 -0.366993 0.750684
vn -0.569287 -0.111137 0.814592
vn -0.531352 -0.363542 0.765181
vn -0.514192 -0.581399 0.630541
vn -0.490269 -0.590788 0.640785
vn -0.549354 -0.366993 0.750684
vn -0.549354 -0.366993 0.750684
vn -0.490269 -0.590788 0.640785
vn -0.443315 -0.601457 0.664621
vn -0.576453 -0.387476 0.719419
vn -0.569287 -0.111137 0.814592
vn -0.549354 -0.366993 0.750684
vn -0.576453 -0.387476 0.719419
vn -0.678433 -0.139884 0.721222
vn -0.149636 -0.879560 0.451646
vn -0.008322 -0.947023 0.321057
vn 0.174575 -0.881338 0.439053
vn 0.015540 -0.829080 0.558914
vn -0.008322 -0.947023 0.321057
vn 0.125705 -0.974579 0.185454
vn 0.320370 -0.894952 0.310521
vn 0.174575 -0.881338 0.439053
vn 0.174575 -0.881338 0.439053
vn 0.320370 -0.894952 0.310521
vn 0.488287 -0.780204 0.390971
vn 0.355319 -0.767639 0.533366
vn 0.015540 -0.829080 0.558914
vn 0.174575 -0.881338 0.439053
vn 0.355319 -0.767639 0.533366
vn 0.203212 -0.719241 0.664378
vn 0.125705 -0.974579 0.185454
vn 0.252497 -0.966346 0.049203
vn 0.453126 -0.873570 0.177632
vn 0.320370 -0.894952 0.310521
vn 0.252497 -0.966346 0.049203
vn 0.373399 -0.923723 -0.085497
vn 0.573009 -0.818419 0.043027
vn 0.453126 -0.873570 0.177632
vn 0.453126 -0.873570 0.177632
vn 0.573009 -0.818419 0.043027
vn 0.697726 -0.711048 0.087112
vn 0.602541 -0.760704 0.241398
vn 0.320370 -0.894952 0.310521
vn 0.453126 -0.873570 0.177632
vn 0.602541 -0.760704 0.241398
vn 0.488287 -0.780204 0.390971
vn 0.373399 -0.923723 -0.085497
vn 0.488642 -0.845301 -0.216091
vn 0.679105 -0.728339 -0.091317
vn 0.573009 -0.818419 0.043027
vn 0.488642 -0.845301 -0.216091
vn 0.596459 -0.727770 -0.338508
vn 0.767484 -0.601510 -0.221706
vn 0.679105 -0.728339 -0.091317
vn 0.679105 -0.728339 -0.091317
vn 0.767484 -0.601510 -0.221706
vn 0.822441 -0.519884 -0.230892
vn 0.772446 -0.631085 -0.071123
vn 0.573009 -0.818419 0.043027
vn 0.679105 -0.728339 -0.091317
vn 0.772446 -0.631085 -0.071123
vn 0.697726 -0.711048 0.087112
vn 0.596459 -0.727770 -0.338508
vn 0.692286 -0.567292 -0.446005
vn 0.831917 -0.436107 -0.343110
vn 0.767484 -0.601510 -0.221706
vn 0.692286 -0.567292 -0.446005
vn 0.767087 -0.364549 -0.527903
vn 0.863045 -0.235784 -0.446721
vn 0.831917 -0.436107 -0.343110
vn 0.831917 -0.436107 -0.343110
vn 0.863045 -0.235784 -0.446721
vn 0.819584 -0.200943 -0.536566
vn 0.841128 -0.375901 -0.388848
vn 0.767484 -0.601510 -0.221706
vn 0.831917 -0.436107 -0.343110
vn 0.841128 -0.375901 -0.388848
vn 0.822441 -0.519884 -0.230892
vn 0.767087 -0.364549 -0.527903
vn 0.810064 -0.126898 -0.572445
vn 0.851698 -0.009255 -0.523951
vn 0.863045 -0.235784 -0.446721
vn 0.810064 -0.126898 -0.572445
vn 0.811550 0.124647 -0.570833
vn 0.792575 0.224542 -0.566926
vn 0.851698 -0.009255 -0.523951
vn 0.851698 -0.009255 -0.523951
vn 0.792575 0.224542 -0.566926
vn 0.626281 0.207999 -0.751338
vn 0.749001 -0.001237 -0.662568
vn 0.863045 -0.235784 -0.446721
vn 0.851698 -0.009255 -0.523951
vn 0.749001 -0.001237 -0.662568
vn 0.819584 -0.200943 -0.536566
vn 0.435911 0.865565 -0.246534
vn 0.267783 0.951254 -0.152998
vn -0.045211 0.934748 -0.352424
vn 0.160604 0.885043 -0.436928
vn 0.267783 0.951254 -0.152998
vn 0.073753 0.995021 -0.067042
vn -0.240692 0.937255 -0.252230
vn -0.045211 0.934748 -0.352424
vn -0.045211 0.934748 -0.352424
vn -0.240692 0.937255 -0.252230
vn -0.444000 0.825570 -0.348279
vn -0.301735 0.818107 -0.489548
vn 0.160604 0.885043 -0.436928
vn -0.045211 0.934748 -0.352424
vn -0.301735 0.818107 -0.489548
vn -0.133254 0.777876 -0.614127
vn 0.073753 0.995021 -0.067042
vn -0.135032 0.990694 0.017062
vn -0.412094 0.900663 -0.137783
vn -0.240692 0.937255 -0.252230
vn -0.135032 0.990694 0.017062
vn -0.330724 0.937562 0.107696
vn -0.552844 0.833212 -0.010983
vn -0.412094 0.900663 -0.137783
vn -0.412094 0.900663 -0.137783
vn -0.552844 0.833212 -0.010983
vn -0.649445 0.759655 -0.033850
vn -0.559477 0.805414 -0.195687
vn -0.240692 0.937255 -0.252230
vn -0.412094 0.900663 -0.137783
vn -0.559477 0.805414 -0.195687
vn -0.444000 0.825570 -0.348279
vn -0.330724 0.937562 0.107696
vn -0.493863 0.843543 0.211031
vn -0.661277 0.739445 0.126228
vn -0.552844 0.833212 -0.010983
vn -0.493863 0.843543 0.211031
vn -0.616721 0.715715 0.327729
vn -0.738139 0.617631 0.271444
vn -0.661277 0.739445 0.126228
vn -0.661277 0.739445 0.126228
vn -0.738139 0.617631 0.271444
vn -0.748785 0.586552 0.308670
vn -0.713229 0.687826 0.134906
vn -0.552844 0.833212 -0.010983
vn -0.661277 0.739445 0.126228
vn -0.713229 0.687826 0.134906
vn -0.649445 0.759655 -0.033850
vn -0.616721 0.715715 0.327729
vn -0.699782 0.553201 0.451967
vn -0.780317 0.464449 0.418800
vn -0.738139 0.617631 0.271444
vn -0.699782 0.553201 0.451967
vn -0.741081 0.352221 0.571612
vn -0.782033 0.276132 0.558726
vn -0.780317 0.464449 0.418800
vn -0.780317 0.464449 0.418800
vn -0.782033 0.276132 0.558726
vn -0.712156 0.284980 0.641577
vn -0.750741 0.452914 0.480892
vn -0.738139 0.617631 0.271444
vn -0.780317 0.464449 0.418800
vn -0.750741 0.452914 0.480892
vn -0.748785 0.586552 0.308670
vn -0.443315 -0.601457 0.664621
vn -0.297067 -0.765811 0.570338
vn -0.155202 -0.732837 0.662467
vn -0.330647 -0.588647 0.737677
vn -0.297067 -0.765811 0.570338
vn -0.149636 -0.879560 0.451646
vn 0.015540 -0.829080 0.558914
vn -0.155202 -0.732837 0.662467
vn -0.155202 -0.732837 0.662467
vn 0.015540 -0.829080 0.558914
vn 0.203212 -0.719241 0.664378
vn 0.033300 -0.630335 0.775609
vn -0.330647 -0.588647 0.737677
vn -0.155202 -0.732837 0.662467
vn 0.033300 -0.630335 0.775609
vn -0.148874 -0.497729 0.854460
vn 0.687844 0.574410 -0.443761
vn 0.574952 0.741313 -0.346246
vn 0.359587 0.785130 -0.504250
vn 0.538785 0.636548 -0.551831
vn 0.574952 0.741313 -0.346246
vn 0.435911 0.865565 -0.246534
vn 0.160604 0.885043 -0.436928
vn 0.359587 0.785130 -0.504250
vn 0.359587 0.785130 -0.504250
vn 0.160604 0.885043 -0.436928
vn -0.133254 0.777876 -0.614127
vn 0.057867 0.698084 -0.713674
vn 0.538785 0.636548 -0.551831
vn 0.359587 0.785130 -0.504250
vn 0.057867 0.698084 -0.713674
vn 0.260963 0.573746 -0.776346
vn -0.741081 0.352221 0.571612
vn -0.735137 0.116248 0.667878
vn -0.735766 0.058240 0.674727
vn -0.782033 0.276132 0.558726
vn -0.735137 0.116248 0.667878
vn -0.678433 -0.139884 0.721222
vn -0.638501 -0.175044 0.749451
vn -0.735766 0.058240 0.674727
vn -0.735766 0.058240 0.674727
vn -0.638501 -0.175044 0.749451
vn -0.496971 -0.121654 0.859197
vn -0.627485 0.088861 0.773541
vn -0.782033 0.276132 0.558726
vn -0.735766 0.058240 0.674727
vn -0.627485 0.088861 0.773541
vn -0.712156 0.284980 0.641577
vn 0.811550 0.124647 -0.570833
vn 0.768880 0.366309 -0.524062
vn 0.685728 0.446215 -0.575039
vn 0.792575 0.224542 -0.566926
vn 0.768880 0.366309 -0.524062
vn 0.687844 0.574410 -0.443761
vn 0.538785 0.636548 -0.551831
vn 0.685728 0.446215 -0.575039
vn 0.685728 0.446215 -0.575039
vn 0.538785 0.636548 -0.551831
vn 0.260963 0.573746 -0.776346
vn 0.457601 0.406448 -0.790823
vn 0.792575 0.224542 -0.566926
vn 0.685728 0.446215 -0.575039
vn 0.457601 0.406448 -0.790823
vn 0.626281 0.207999 -0.751338
vn -0.678433 -0.139884 0.721222
vn -0.576453 -0.387476 0.719419
vn -0.498150 -0.398082 0.770310
vn -0.638501 -0.175044 0.749451
vn -0.576453 -0.387476 0.719419
vn -0.443315 -0.601457 0.664621
vn -0.330647 -0.588647 0.737677
vn -0.498150 -0.398082 0.770310
vn -0.498150 -0.398082 0.770310
vn -0.330647 -0.588647 0.737677
vn -0.148874 -0.497729 0.854460
vn -0.331692 -0.323947 0.886024
vn -0.638501 -0.175044 0.749451
vn -0.498150 -0.398082 0.770310
vn -0.331692 -0.323947 0.886024
vn -0.496971 -0.121654 0.859197
vn 0.203212 -0.719241 0.664378
vn 0.355319 -0.767639 0.533366
vn 0.433938 -0.702833 0.563669
vn 0.291973 -0.645791 0.705482
vn 0.355319 -0.767639 0.533366
vn 0.488287 -0.780204 0.390971
vn 0.553330 -0.725984 0.408380
vn 0.433938 -0.702833 0.563669
vn 0.433938 -0.702833 0.563669
vn 0.553330 -0.725984 0.408380
vn 0.497626 -0.787660 0.363263
vn 0.389584 -0.759216 0.521360
vn 0.291973 -0.645791 0.705482
vn 0.433938 -0.702833 0.563669
vn 0.389584 -0.759216 0.521360
vn 0.259077 -0.695217 0.670487
vn 0.488287 -0.780204 0.390971
vn 0.602541 -0.760704 0.241398
vn 0.651276 -0.718720 0.243477
vn 0.553330 -0.725984 0.408380
vn 0.602541 -0.760704 0.241398
vn 0.697726 -0.711048 0.087112
vn 0.728053 -0.681861 0.070742
vn 0.651276 -0.718720 0.243477
vn 0.651276 -0.718720 0.243477
vn 0.728053 -0.681861 0.070742
vn 0.664089 -0.747603 0.008726
vn 0.588405 -0.784920 0.194112
vn 0.553330 -0.725984 0.408380
vn 0.651276 -0.718720 0.243477
vn 0.588405 -0.784920 0.194112
vn 0.497626 -0.787660 0.363263
vn 0.697726 -0.711048 0.087112
vn 0.772446 -0.631085 -0.071123
vn 0.781056 -0.615395 -0.106024
vn 0.728053 -0.681861 0.070742
vn 0.772446 -0.631085 -0.071123
vn 0.822441 -0.519884 -0.230892
vn 0.806485 -0.519357 -0.282578
vn 0.781056 -0.615395 -0.106024
vn 0.781056 -0.615395 -0.106024
vn 0.806485 -0.519357 -0.282578
vn 0.739608 -0.581317 -0.339192
vn 0.715384 -0.676811 -0.173646
vn 0.728053 -0.681861 0.070742
vn 0.781056 -0.615395 -0.106024
vn 0.715384 -0.676811 -0.173646
vn 0.664089 -0.747603 0.008726
vn 0.822441 -0.519884 -0.230892
vn 0.841128 -0.375901 -0.388848
vn 0.798868 -0.391021 -0.457070
vn 0.806485 -0.519357 -0.282578
vn 0.841128 -0.375901 -0.388848
vn 0.819584 -0.200943 -0.536566
vn 0.750225 -0.228761 -0.620348
vn 0.798868 -0.391021 -0.457070
vn 0.798868 -0.391021 -0.457070
vn 0.750225 -0.228761 -0.620348
vn 0.694839 -0.266410 -0.668000
vn 0.736602 -0.449612 -0.505239
vn 0.806485 -0.519357 -0.282578
vn 0.798868 -0.391021 -0.457070
vn 0.736602 -0.449612 -0.505239
vn 0.739608 -0.581317 -0.339192
vn 0.819584 -0.200943 -0.536566
vn 0.749001 -0.001237 -0.662568
vn 0.654414 -0.038858 -0.755137
vn 0.750225 -0.228761 -0.620348
vn 0.749001 -0.001237 -0.662568
vn 0.626281 0.207999 -0.751338
vn 0.514413 0.160763 -0.842339
vn 0.654414 -0.038858 -0.755137
vn 0.654414 -0.038858 -0.755137
vn 0.514413 0.160763 -0.842339
vn 0.482794 0.175072 -0.858056
vn 0.605314 -0.041897 -0.794883
vn 0.750225 -0.228761 -0.620348
vn 0.654414 -0.038858 -0.755137
vn 0.605314 -0.041897 -0.794883
vn 0.694839 -0.266410 -0.668000
vn -0.133254 0.777876 -0.614127
vn -0.301735 0.818107 -0.489548
vn -0.359019 0.780125 -0.512358
vn -0.210133 0.727978 -0.652604
vn -0.301735 0.818107 -0.489548
vn -0.444000 0.825570 -0.348279
vn -0.482515 0.800428 -0.355661
vn -0.359019 0.780125 -0.512358
vn -0.359019 0.780125 -0.512358
vn -0.482515 0.800428 -0.355661
vn -0.431955 0.853118 -0.292583
vn -0.312901 0.829562 -0.462515
vn -0.210133 0.727978 -0.652604
vn -0.359019 0.780125 -0.512358
vn -0.312901 0.829562 -0.462515
vn -0.171554 0.769429 -0.615263
vn -0.444000 0.825570 -0.348279
vn -0.559477 0.805414 -0.195687
vn -0.580363 0.792361 -0.187998
vn -0.482515 0.800428 -0.355661
vn -0.559477 0.805414 -0.195687
vn -0.649445 0.759655 -0.033850
vn -0.652002 0.758068 -0.015031
vn -0.580363 0.792361 -0.187998
vn -0.580363 0.792361 -0.187998
vn -0.652002 0.758068 -0.015031
vn -0.585143 0.809223 0.052580
vn -0.524607 0.843700 -0.113833
vn -0.482515 0.800428 -0.355661
vn -0.580363 0.792361 -0.187998
vn -0.524607 0.843700 -0.113833
vn -0.431955 0.853118 -0.292583
vn -0.649445 0.759655 -0.033850
vn -0.713229 0.687826 0.134906
vn -0.698357 0.697332 0.161324
vn -0.652002 0.758068 -0.015031
vn -0.713229 0.687826 0.134906
vn -0.748785 0.586552 0.308670
vn -0.717557 0.606757 0.341992
vn -0.698357 0.697332 0.161324
vn -0.698357 0.697332 0.161324
vn -0.717557 0.606757 0.341992
vn -0.648804 0.658113 0.382023
vn -0.624602 0.751758 0.211501
vn -0.652002 0.758068 -0.015031
vn -0.698357 0.697332 0.161324
vn -0.624602 0.751758 0.211501
vn -0.585143 0.809223 0.052580
vn -0.748785 0.586552 0.308670
vn -0.750741 0.452914 0.480892
vn -0.702531 0.482680 0.522944
vn -0.717557 0.606757 0.341992
vn -0.750741 0.452914 0.480892
vn -0.712156 0.284980 0.641577
vn -0.646267 0.327418 0.689302
vn -0.702531 0.482680 0.522944
vn -0.702531 0.482680 0.522944
vn -0.646267 0.327418 0.689302
vn -0.593542 0.353344 0.723087
vn -0.642764 0.517911 0.564467
vn -0.717557 0.606757 0.341992
vn -0.702531 0.482680 0.522944
vn -0.642764 0.517911 0.564467
vn -0.648804 0.658113 0.382023
vn -0.148874 -0.497729 0.854460
vn 0.033300 -0.630335 0.775609
vn 0.128757 -0.550993 0.824517
vn -0.050537 -0.416469 0.907744
vn 0.033300 -0.630335 0.775609
vn 0.203212 -0.719241 0.664378
vn 0.291973 -0.645791 0.705482
vn 0.128757 -0.550993 0.824517
vn 0.128757 -0.550993 0.824517
vn 0.291973 -0.645791 0.705482
vn 0.259077 -0.695217 0.670487
vn 0.108171 -0.590744 0.799575
vn -0.050537 -0.416469 0.907744
vn 0.128757 -0.550993 0.824517
vn 0.108171 -0.590744 0.799575
vn -0.057272 -0.443775 0.894306
vn 0.260963 0.573746 -0.776346
vn 0.057867 0.698084 -0.713674
vn -0.035744 0.638503 -0.768789
vn 0.154944 0.509801 -0.846224
vn 0.057867 0.698084 -0.713674
vn -0.133254 0.777876 -0.614127
vn -0.210133 0.727978 -0.652604
vn -0.035744 0.638503 -0.768789
vn -0.035744 0.638503 -0.768789
vn -0.210133 0.727978 -0.652604
vn -0.171554 0.769429 -0.615263
vn 0.000980 0.663936 -0.747789
vn 0.154944 0.509801 -0.846224
vn -0.035744 0.638503 -0.768789
vn 0.000980 0.663936 -0.747789
vn 0.186903 0.517121 -0.835256
vn -0.712156 0.284980 0.641577
vn -0.627485 0.088861 0.773541
vn -0.547490 0.147198 0.823764
vn -0.646267 0.327418 0.689302
vn -0.627485 0.088861 0.773541
vn -0.496971 -0.121654 0.859197
vn -0.407111 -0.050192 0.911999
vn -0.547490 0.147198 0.823764
vn -0.547490 0.147198 0.823764
vn -0.407111 -0.050192 0.911999
vn -0.389546 -0.032362 0.920438
vn -0.510985 0.176706 0.841231
vn -0.646267 0.327418 0.689302
vn -0.547490 0.147198 0.823764
vn -0.510985 0.176706 0.841231
vn -0.593542 0.353344 0.723087
vn 0.626281 0.207999 -0.751338
vn 0.457601 0.406448 -0.790823
vn 0.343574 0.347644 -0.872411
vn 0.514413 0.160763 -0.842339
vn 0.457601 0.406448 -0.790823
vn 0.260963 0.573746 -0.776346
vn 0.154944 0.509801 -0.846224
vn 0.343574 0.347644 -0.872411
vn 0.343574 0.347644 -0.872411
vn 0.154944 0.509801 -0.846224
vn 0.186903 0.517121 -0.835256
vn 0.347618 0.354265 -0.868135
vn 0.514413 0.160763 -0.842339
vn 0.343574 0.347644 -0.872411
vn 0.347618 0.354265 -0.868135
vn 0.482794 0.175072 -0.858056
vn -0.496971 -0.121654 0.859197
vn -0.331692 -0.323947 0.886024
vn -0.234923 -0.245581 0.940479
vn -0.407111 -0.050192 0.911999
vn -0.331692 -0.323947 0.886024
vn -0.148874 -0.497729 0.854460
vn -0.050537 -0.416469 0.907744
vn -0.234923 -0.245581 0.940479
vn -0.234923 -0.245581 0.940479
vn -0.050537 -0.416469 0.907744
vn -0.057272 -0.443775 0.894306
vn -0.229129 -0.254141 0.939634
vn -0.407111 -0.050192 0.911999
vn -0.234923 -0.245581 0.940479
vn -0.229129 -0.254141 0.939634
vn -0.389546 -0.032362 0.920438
vn 0.259077 -0.695217 0.670487
vn 0.389584 -0.759216 0.521360
vn 0.327056 -0.832361 0.447448
vn 0.212522 -0.774431 0.595896
vn 0.389584 -0.759216 0.521360
vn 0.497626 -0.787660 0.363263
vn 0.422357 -0.856353 0.297111
vn 0.327056 -0.832361 0.447448
vn 0.327056 -0.832361 0.447448
vn 0.422357 -0.856353 0.297111
vn 0.545912 -0.794941 0.264666
vn 0.323495 -0.836287 0.442690
vn 0.212522 -0.774431 0.595896
vn 0.327056 -0.832361 0.447448
vn 0.323495 -0.836287 0.442690
vn 0.218836 -0.768633 0.601094
vn 0.497626 -0.787660 0.363263
vn 0.588405 -0.784920 0.194112
vn 0.505090 -0.851310 0.141970
vn 0.422357 -0.856353 0.297111
vn 0.588405 -0.784920 0.194112
vn 0.664089 -0.747603 0.008726
vn 0.585791 -0.808917 -0.050024
vn 0.505090 -0.851310 0.141970
vn 0.505090 -0.851310 0.141970
vn 0.585791 -0.808917 -0.050024
vn 0.631602 -0.773480 -0.052986
vn 0.526761 -0.838211 0.141155
vn 0.422357 -0.856353 0.297111
vn 0.505090 -0.851310 0.141970
vn 0.526761 -0.838211 0.141155
vn 0.545912 -0.794941 0.264666
vn 0.664089 -0.747603 0.008726
vn 0.715384 -0.676811 -0.173646
vn 0.641545 -0.731229 -0.231786
vn 0.585791 -0.808917 -0.050024
vn 0.715384 -0.676811 -0.173646
vn 0.739608 -0.581317 -0.339192
vn 0.668373 -0.648511 -0.364295
vn 0.641545 -0.731229 -0.231786
vn 0.641545 -0.731229 -0.231786
vn 0.668373 -0.648511 -0.364295
vn 0.723246 -0.560999 -0.402736
vn 0.699225 -0.667154 -0.256883
vn 0.585791 -0.808917 -0.050024
vn 0.641545 -0.731229 -0.231786
vn 0.699225 -0.667154 -0.256883
vn 0.631602 -0.773480 -0.052986
vn 0.739608 -0.581317 -0.339192
vn 0.736602 -0.449612 -0.505239
vn 0.679823 -0.527427 -0.509570
vn 0.668373 -0.648511 -0.364295
vn 0.736602 -0.449612 -0.505239
vn 0.694839 -0.266410 -0.668000
vn 0.658990 -0.305805 -0.687180
vn 0.679823 -0.527427 -0.509570
vn 0.679823 -0.527427 -0.509570
vn 0.658990 -0.305805 -0.687180
vn 0.689132 -0.105862 -0.716861
vn 0.726028 -0.424152 -0.541275
vn 0.668373 -0.648511 -0.364295
vn 0.679823 -0.527427 -0.509570
vn 0.726028 -0.424152 -0.541275
vn 0.723246 -0.560999 -0.402736
vn 0.694839 -0.266410 -0.668000
vn 0.605314 -0.041897 -0.794883
vn 0.577419 0.000257 -0.816448
vn 0.658990 -0.305805 -0.687180
vn 0.605314 -0.041897 -0.794883
vn 0.482794 0.175072 -0.858056
vn 0.478882 0.239535 -0.844568
vn 0.577419 0.000257 -0.816448
vn 0.577419 0.000257 -0.816448
vn 0.478882 0.239535 -0.844568
vn 0.485486 0.448921 -0.750183
vn 0.561743 0.276626 -0.779694
vn 0.658990 -0.305805 -0.687180
vn 0.577419 0.000257 -0.816448
vn 0.561743 0.276626 -0.779694
vn 0.689132 -0.105862 -0.716861
vn -0.171554 0.769429 -0.615263
vn -0.312901 0.829562 -0.462515
vn -0.239095 0.904079 -0.354224
vn -0.099935 0.839797 -0.533623
vn -0.312901 0.829562 -0.462515
vn -0.431955 0.853118 -0.292583
vn -0.355890 0.921927 -0.152948
vn -0.239095 0.904079 -0.354224
vn -0.239095 0.904079 -0.354224
vn -0.355890 0.921927 -0.152948
vn -0.163998 0.984708 0.058773
vn -0.111893 0.973859 -0.197684
vn -0.099935 0.839797 -0.533623
vn -0.239095 0.904079 -0.354224
vn -0.111893 0.973859 -0.197684
vn 0.029713 0.938952 -0.342763
vn -0.431955 0.853118 -0.292583
vn -0.524607 0.843700 -0.113833
vn -0.433287 0.900888 0.025754
vn -0.355890 0.921927 -0.152948
vn -0.524607 0.843700 -0.113833
vn -0.585143 0.809223 0.052580
vn -0.472081 0.870230 0.140849
vn -0.433287 0.900888 0.025754
vn -0.433287 0.900888 0.025754
vn -0.472081 0.870230 0.140849
vn -0.309871 0.946043 0.094773
vn -0.319821 0.936095 0.146424
vn -0.355890 0.921927 -0.152948
vn -0.433287 0.900888 0.025754
vn -0.319821 0.936095 0.146424
vn -0.163998 0.984708 0.058773
vn -0.585143 0.809223 0.052580
vn -0.624602 0.751758 0.211501
vn -0.512282 0.818166 0.261096
vn -0.472081 0.870230 0.140849
vn -0.624602 0.751758 0.211501
vn -0.648804 0.658113 0.382023
vn -0.555214 0.707943 0.436526
vn -0.512282 0.818166 0.261096
vn -0.512282 0.818166 0.261096
vn -0.555214 0.707943 0.436526
vn -0.423130 0.696439 0.579598
vn -0.469643 0.836852 0.281274
vn -0.472081 0.870230 0.140849
vn -0.512282 0.818166 0.261096
vn -0.469643 0.836852 0.281274
vn -0.309871 0.946043 0.094773
vn -0.648804 0.658113 0.382023
vn -0.642764 0.517911 0.564467
vn -0.567567 0.532418 0.628012
vn -0.555214 0.707943 0.436526
vn -0.642764 0.517911 0.564467
vn -0.593542 0.353344 0.723087
vn -0.540691 0.371588 0.754702
vn -0.567567 0.532418 0.628012
vn -0.567567 0.532418 0.628012
vn -0.540691 0.371588 0.754702
vn -0.486402 0.570605 0.661682
vn -0.480497 0.574069 0.662999
vn -0.555214 0.707943 0.436526
vn -0.567567 0.532418 0.628012
vn -0.480497 0.574069 0.662999
vn -0.423130 0.696439 0.579598
vn -0.057272 -0.443775 0.894306
vn 0.108171 -0.590744 0.799575
vn 0.081523 -0.679338 0.729284
vn -0.065961 -0.538143 0.840268
vn 0.108171 -0.590744 0.799575
vn 0.259077 -0.695217 0.670487
vn 0.212522 -0.774431 0.595896
vn 0.081523 -0.679338 0.729284
vn 0.081523 -0.679338 0.729284
vn 0.212522 -0.774431 0.595896
vn 0.218836 -0.768633 0.601094
vn 0.108803 -0.693938 0.711766
vn -0.065961 -0.538143 0.840268
vn 0.081523 -0.679338 0.729284
vn 0.108803 -0.693938 0.711766
vn -0.028552 -0.592148 0.805324
vn 0.186903 0.517121 -0.835256
vn 0.000980 0.663936 -0.747789
vn 0.085989 0.711153 -0.697759
vn 0.278442 0.530954 -0.800348
vn 0.000980 0.663936 -0.747789
vn -0.171554 0.769429 -0.615263
vn -0.099935 0.839797 -0.533623
vn 0.085989 0.711153 -0.697759
vn 0.085989 0.711153 -0.697759
vn -0.099935 0.839797 -0.533623
vn 0.029713 0.938952 -0.342763
vn 0.204736 0.805375 -0.556287
vn 0.278442 0.530954 -0.800348
vn 0.085989 0.711153 -0.697759
vn 0.204736 0.805375 -0.556287
vn 0.408604 0.685347 -0.602778
vn -0.593542 0.353344 0.723087
vn -0.510985 0.176706 0.841231
vn -0.491546 0.197206 0.848229
vn -0.540691 0.371588 0.754702
vn -0.510985 0.176706 0.841231
vn -0.389546 -0.032362 0.920438
vn -0.386525 -0.063583 0.920085
vn -0.491546 0.197206 0.848229
vn -0.491546 0.197206 0.848229
vn -0.386525 -0.063583 0.920085
vn -0.373877 -0.141068 0.916688
vn -0.495641 0.183276 0.848970
vn -0.540691 0.371588 0.754702
vn -0.491546 0.197206 0.848229
vn -0.495641 0.183276 0.848970
vn -0.486402 0.570605 0.661682
vn 0.482794 0.175072 -0.858056
vn 0.347618 0.354265 -0.868135
vn 0.397037 0.383992 -0.833614
vn 0.478882 0.239535 -0.844568
vn 0.347618 0.354265 -0.868135
vn 0.186903 0.517121 -0.835256
vn 0.278442 0.530954 -0.800348
vn 0.397037 0.383992 -0.833614
vn 0.397037 0.383992 -0.833614
vn 0.278442 0.530954 -0.800348
vn 0.408604 0.685347 -0.602778
vn 0.470718 0.480949 -0.739670
vn 0.478882 0.239535 -0.844568
vn 0.397037 0.383992 -0.833614
vn 0.470718 0.480949 -0.739670
vn 0.485486 0.448921 -0.750183
vn -0.389546 -0.032362 0.920438
vn -0.229129 -0.254141 0.939634
vn -0.229881 -0.331835 0.914899
vn -0.386525 -0.063583 0.920085
vn -0.229129 -0.254141 0.939634
vn -0.057272 -0.443775 0.894306
vn -0.065961 -0.538143 0.840268
vn -0.229881 -0.331835 0.914899
vn -0.229881 -0.331835 0.914899
vn -0.065961 -0.538143 0.840268
vn -0.028552 -0.592148 0.805324
vn -0.200627 -0.416027 0.886944
vn -0.386525 -0.063583 0.920085
vn -0.229881 -0.331835 0.914899
vn -0.200627 -0.416027 0.886944
vn -0.373877 -0.141068 0.916688
vn 0.417444 -0.412180 0.809845
vn 0.531157 -0.539420 0.653374
vn 0.092314 0.885386 -0.455598
vn 0.079830 0.902384 -0.423474
vn 0.531157 -0.539420 0.653374
vn 0.751672 -0.558112 0.351426
vn 0.439694 0.716113 -0.542080
vn 0.092314 0.885386 -0.455598
vn 0.545912 -0.794941 0.264666
vn 0.526761 -0.838211 0.141155
vn 0.947710 0.306017 -0.090552
vn 0.378847 0.686054 -0.621133
vn 0.526761 -0.838211 0.141155
vn 0.631602 -0.773480 -0.052986
vn 0.975349 -0.216346 0.043463
vn 0.947710 0.306017 -0.090552
vn 0.631602 -0.773480 -0.052986
vn 0.699225 -0.667154 -0.256883
vn 0.943612 0.309896 -0.116453
vn 0.975349 -0.216346 0.043463
vn 0.699225 -0.667154 -0.256883
vn 0.723246 -0.560999 -0.402736
vn 0.687853 0.699527 -0.193702
vn 0.943612 0.309896 -0.116453
vn 0.723246 -0.560999 -0.402736
vn 0.726028 -0.424152 -0.541275
vn 0.277246 0.937639 -0.209685
vn 0.687853 0.699527 -0.193702
vn 0.726028 -0.424152 -0.541275
vn 0.689132 -0.105862 -0.716861
vn 0.120868 0.975780 -0.182332
vn 0.277246 0.937639 -0.209685
vn 0.689132 -0.105862 -0.716861
vn 0.561743 0.276626 -0.779694
vn 0.188178 0.958709 -0.213227
vn 0.120868 0.975780 -0.182332
vn 0.561743 0.276626 -0.779694
vn 0.485486 0.448921 -0.750183
vn 0.344840 0.910507 -0.228171
vn 0.188178 0.958709 -0.213227
vn 0.029713 0.938952 -0.342763
vn -0.111893 0.973859 -0.197684
vn 0.345666 0.907598 0.238288
vn 0.307213 0.931239 0.195997
vn -0.111893 0.973859 -0.197684
vn -0.163998 0.984708 0.058773
vn 0.276152 0.900893 0.334862
vn 0.345666 0.907598 0.238288
vn -0.163998 0.984708 0.058773
vn -0.319821 0.936095 0.146424
vn 0.247133 0.927860 0.279287
vn 0.276152 0.900893 0.334862
vn -0.319821 0.936095 0.146424
vn -0.309871 0.946043 0.094773
vn 0.608418 0.551014 -0.571149
vn 0.247133 0.927860 0.279287
vn -0.152018 0.825980 -0.542814
vn -0.447369 0.863909 0.231351
vn 0.884456 0.033266 -0.465436
vn 0.465430 0.213617 -0.858920
vn -0.447369 0.863909 0.231351
vn -0.173439 0.687977 0.704704
vn 0.522319 0.414702 0.745121
vn 0.884456 0.033266 -0.465436
vn -0.423130 0.696439 0.579598
vn -0.480497 0.574069 0.662999
vn 0.160893 0.971379 0.174746
vn 0.344299 0.443971 0.827253
vn -0.480497 0.574069 0.662999
vn -0.486402 0.570605 0.661682
vn 0.102306 0.819283 -0.564189
vn 0.160893 0.971379 0.174746
vn -0.028332 -0.191876 0.981010
vn 0.226580 -0.320075 0.919899
vn 0.002759 0.924126 -0.382078
vn -0.142928 0.929921 -0.338850
vn 0.226580 -0.320075 0.919899
vn 0.417444 -0.412180 0.809845
vn 0.079830 0.902384 -0.423474
vn 0.002759 0.924126 -0.382078
vn 0.408604 0.685347 -0.602778
vn 0.204736 0.805375 -0.556287
vn 0.279926 0.919775 0.275054
vn 0.522553 0.851777 0.037609
vn 0.204736 0.805375 -0.556287
vn 0.029713 0.938952 -0.342763
vn 0.307213 0.931239 0.195997
vn 0.279926 0.919775 0.275054
vn -0.434832 0.846231 0.307919
vn -0.395759 0.485760 0.779366
vn 0.250098 0.930629 -0.267172
vn -0.013577 0.954805 -0.296922
vn -0.395759 0.485760 0.779366
vn -0.402842 0.379702 0.832793
vn 0.075948 0.947661 -0.310115
vn 0.250098 0.930629 -0.267172
vn 0.485486 0.448921 -0.750183
vn 0.470718 0.480949 -0.739670
vn 0.525300 0.834796 -0.164851
vn 0.344840 0.910507 -0.228171
vn 0.470718 0.480949 -0.739670
vn 0.408604 0.685347 -0.602778
vn 0.522553 0.851777 0.037609
vn 0.525300 0.834796 -0.164851
vn -0.402842 0.379702 0.832793
vn -0.313083 0.045329 0.948643
vn -0.138221 0.921664 -0.362534
vn 0.075948 0.947661 -0.310115
vn -0.313083 0.045329 0.948643
vn -0.028332 -0.191876 0.981010
vn -0.142928 0.929921 -0.338850
vn -0.138221 0.921664 -0.362534
vn -0.391770 0.641610 -0.659434
vn 0.378847 0.686054 -0.621133
vn -0.483889 0.818111 -0.310717
vn -0.463000 0.716792 -0.521383
vn -0.297949 0.541892 -0.785862
vn -0.391770 0.641610 -0.659434
vn -0.463000 0.716792 -0.521383
vn -0.377795 0.457552 -0.804933
vn -0.567635 0.817250 0.099463
vn -0.639719 0.765141 0.072928
vn 0.947710 0.306017 -0.090552
vn 0.975349 -0.216346 0.043463
vn -0.436049 0.896003 0.083903
vn -0.456224 0.884607 -0.096587
vn 0.947710 0.306017 -0.090552
vn -0.639719 0.765141 0.072928
vn -0.483889 0.818111 -0.310717
vn 0.378847 0.686054 -0.621133
vn 0.947710 0.306017 -0.090552
vn -0.456224 0.884607 -0.096587
vn 0.277246 0.937639 -0.209685
vn 0.120868 0.975780 -0.182332
vn -0.179592 0.936222 0.302051
vn -0.339150 0.881291 0.329095
vn 0.687853 0.699527 -0.193702
vn 0.277246 0.937639 -0.209685
vn -0.339150 0.881291 0.329095
vn -0.537913 0.772055 0.338497
vn 0.188178 0.958709 -0.213227
vn 0.344840 0.910507 -0.228171
vn 0.073239 0.931495 0.356305
vn -0.049927 0.955770 0.289848
vn 0.120868 0.975780 -0.182332
vn 0.188178 0.958709 -0.213227
vn -0.049927 0.955770 0.289848
vn -0.179592 0.936222 0.302051
vn 0.345666 0.907598 0.238288
vn 0.276152 0.900893 0.334862
vn 0.733900 0.467160 0.493106
vn 0.645899 0.402885 0.648458
vn 0.307213 0.931239 0.195997
vn 0.345666 0.907598 0.238288
vn 0.645899 0.402885 0.648458
vn 0.495305 0.331862 0.802833
vn 0.247133 0.927860 0.279287
vn 0.608418 0.551014 -0.571149
vn 0.955605 0.275526 -0.104421
vn 0.850942 0.473542 0.227280
vn 0.276152 0.900893 0.334862
vn 0.247133 0.927860 0.279287
vn 0.850942 0.473542 0.227280
vn 0.733900 0.467160 0.493106
vn 0.862898 -0.382671 -0.330107
vn 0.344299 0.443971 0.827253
vn 0.922962 -0.070149 -0.378444
vn 0.963099 0.104611 -0.247984
vn 0.608418 0.551014 -0.571149
vn 0.862898 -0.382671 -0.330107
vn 0.963099 0.104611 -0.247984
vn 0.955605 0.275526 -0.104421
vn 0.160893 0.971379 0.174746
vn 0.102306 0.819283 -0.564189
vn 0.497703 0.521205 -0.693280
vn 0.655697 0.488131 -0.576012
vn 0.344299 0.443971 0.827253
vn 0.160893 0.971379 0.174746
vn 0.655697 0.488131 -0.576012
vn 0.922962 -0.070149 -0.378444
vn -0.138315 0.496318 -0.857051
vn -0.297949 0.541892 -0.785862
vn -0.377795 0.457552 -0.804933
vn -0.094661 0.575770 -0.812113
vn 0.022738 0.480660 -0.876612
vn -0.138315 0.496318 -0.857051
vn -0.094661 0.575770 -0.812113
vn 0.084034 0.618722 -0.781103
vn 0.279926 0.919775 0.275054
vn 0.307213 0.931239 0.195997
vn 0.495305 0.331862 0.802833
vn 0.261899 0.640823 0.721633
vn 0.522553 0.851777 0.037609
vn 0.279926 0.919775 0.275054
vn 0.261899 0.640823 0.721633
vn 0.203443 0.748785 0.630819
vn 0.469454 0.352306 -0.809625
vn 0.367239 0.409163 -0.835297
vn 0.362265 0.604765 -0.709242
vn 0.461624 0.536213 -0.706667
vn 0.102306 0.819283 -0.564189
vn 0.469454 0.352306 -0.809625
vn 0.461624 0.536213 -0.706667
vn 0.497703 0.521205 -0.693280
vn 0.525300 0.834796 -0.164851
vn 0.522553 0.851777 0.037609
vn 0.203443 0.748785 0.630819
vn 0.171187 0.852189 0.494438
vn 0.344840 0.910507 -0.228171
vn 0.525300 0.834796 -0.164851
vn 0.171187 0.852189 0.494438
vn 0.073239 0.931495 0.356305
vn 0.186330 0.461964 -0.867105
vn 0.022738 0.480660 -0.876612
vn 0.084034 0.618722 -0.781103
vn 0.221383 0.641240 -0.734711
vn 0.367239 0.409163 -0.835297
vn 0.186330 0.461964 -0.867105
vn 0.221383 0.641240 -0.734711
vn 0.362265 0.604765 -0.709242
vn 0.128978 0.990182 0.053890
vn 0.168624 0.982943 -0.073404
vn 0.090328 0.992432 -0.083189
vn 0.041600 0.998404 0.038190
vn 0.168624 0.982943 -0.073404
vn 0.362265 0.604765 -0.709242
vn 0.221383 0.641240 -0.734711
vn 0.090328 0.992432 -0.083189
vn 0.090328 0.992432 -0.083189
vn 0.221383 0.641240 -0.734711
vn 0.084034 0.618722 -0.781103
vn 0.065621 0.995478 -0.068680
vn 0.041600 0.998404 0.038190
vn 0.090328 0.992432 -0.083189
vn 0.065621 0.995478 -0.068680
vn 0.031119 0.998170 0.051857
vn -0.537913 0.772055 0.338497
vn -0.482459 0.847757 0.220321
vn 0.943612 0.309896 -0.116453
vn 0.687853 0.699527 -0.193702
vn -0.436049 0.896003 0.083903
vn -0.639719 0.765141 0.072928
vn 0.943612 0.309896 -0.116453
vn -0.482459 0.847757 0.220321
vn -0.567635 0.817250 0.099463
vn 0.975349 -0.216346 0.043463
vn 0.943612 0.309896 -0.116453
vn -0.639719 0.765141 0.072928
vn 0.073239 0.931495 0.356305
vn 0.080139 0.971254 0.224150
vn 0.005788 0.981155 0.193137
vn -0.049927 0.955770 0.289848
vn 0.080139 0.971254 0.224150
vn 0.095281 0.981534 0.165867
vn 0.010879 0.990591 0.136423
vn 0.005788 0.981155 0.193137
vn 0.005788 0.981155 0.193137
vn 0.010879 0.990591 0.136423
vn 0.005510 0.992848 0.119256
vn -0.018087 0.983927 0.177652
vn -0.049927 0.955770 0.289848
vn 0.005788 0.981155 0.193137
vn -0.018087 0.983927 0.177652
vn -0.179592 0.936222 0.302051
vn 0.031119 0.998170 0.051857
vn 0.012783 0.996264 0.085415
vn 0.019262 0.996106 0.086039
vn 0.041600 0.998404 0.038190
vn 0.012783 0.996264 0.085415
vn 0.005510 0.992848 0.119256
vn 0.010879 0.990591 0.136423
vn 0.019262 0.996106 0.086039
vn 0.019262 0.996106 0.086039
vn 0.010879 0.990591 0.136423
vn 0.095281 0.981534 0.165867
vn 0.112254 0.987557 0.110137
vn 0.041600 0.998404 0.038190
vn 0.019262 0.996106 0.086039
vn 0.112254 0.987557 0.110137
vn 0.128978 0.990182 0.053890
vn 0.495305 0.331862 0.802833
vn 0.645899 0.402885 0.648458
vn 0.223835 0.934132 0.278022
vn 0.261899 0.640823 0.721633
vn 0.645899 0.402885 0.648458
vn 0.733900 0.467160 0.493106
vn 0.240178 0.953284 0.183207
vn 0.223835 0.934132 0.278022
vn 0.223835 0.934132 0.278022
vn 0.240178 0.953284 0.183207
vn 0.185755 0.968404 0.166402
vn 0.166701 0.954792 0.246138
vn 0.261899 0.640823 0.721633
vn 0.223835 0.934132 0.278022
vn 0.166701 0.954792 0.246138
vn 0.203443 0.748785 0.630819
vn 0.208006 0.973143 0.098627
vn 0.201355 0.970440 0.133048
vn 0.253760 0.956417 0.144471
vn 0.272523 0.956359 0.105397
vn 0.201355 0.970440 0.133048
vn 0.185755 0.968404 0.166402
vn 0.240178 0.953284 0.183207
vn 0.253760 0.956417 0.144471
vn 0.253760 0.956417 0.144471
vn 0.240178 0.953284 0.183207
vn 0.733900 0.467160 0.493106
vn 0.850942 0.473542 0.227280
vn 0.272523 0.956359 0.105397
vn 0.253760 0.956417 0.144471
vn 0.850942 0.473542 0.227280
vn 0.955605 0.275526 -0.104421
vn 0.922962 -0.070149 -0.378444
vn 0.655697 0.488131 -0.576012
vn 0.337975 0.941062 -0.013232
vn 0.963099 0.104611 -0.247984
vn 0.655697 0.488131 -0.576012
vn 0.497703 0.521205 -0.693280
vn 0.251025 0.967822 -0.017517
vn 0.337975 0.941062 -0.013232
vn 0.337975 0.941062 -0.013232
vn 0.251025 0.967822 -0.017517
vn 0.208006 0.973143 0.098627
vn 0.272523 0.956359 0.105397
vn 0.963099 0.104611 -0.247984
vn 0.337975 0.941062 -0.013232
vn 0.272523 0.956359 0.105397
vn 0.955605 0.275526 -0.104421
vn 0.497703 0.521205 -0.693280
vn 0.461624 0.536213 -0.706667
vn 0.238335 0.970232 -0.042972
vn 0.251025 0.967822 -0.017517
vn 0.461624 0.536213 -0.706667
vn 0.362265 0.604765 -0.709242
vn 0.168624 0.982943 -0.073404
vn 0.238335 0.970232 -0.042972
vn 0.238335 0.970232 -0.042972
vn 0.168624 0.982943 -0.073404
vn 0.128978 0.990182 0.053890
vn 0.208415 0.974528 0.082814
vn 0.251025 0.967822 -0.017517
vn 0.238335 0.970232 -0.042972
vn 0.208415 0.974528 0.082814
vn 0.208006 0.973143 0.098627
vn 0.128978 0.990182 0.053890
vn 0.112254 0.987557 0.110137
vn 0.199788 0.970830 0.132568
vn 0.208415 0.974528 0.082814
vn 0.112254 0.987557 0.110137
vn 0.095281 0.981534 0.165867
vn 0.178103 0.967494 0.179541
vn 0.199788 0.970830 0.132568
vn 0.199788 0.970830 0.132568
vn 0.178103 0.967494 0.179541
vn 0.185755 0.968404 0.166402
vn 0.201355 0.970440 0.133048
vn 0.208415 0.974528 0.082814
vn 0.199788 0.970830 0.132568
vn 0.201355 0.970440 0.133048
vn 0.208006 0.973143 0.098627
vn 0.185755 0.968404 0.166402
vn 0.178103 0.967494 0.179541
vn 0.151290 0.957834 0.244263
vn 0.166701 0.954792 0.246138
vn 0.178103 0.967494 0.179541
vn 0.095281 0.981534 0.165867
vn 0.080139 0.971254 0.224150
vn 0.151290 0.957834 0.244263
vn 0.151290 0.957834 0.244263
vn 0.080139 0.971254 0.224150
vn 0.073239 0.931495 0.356305
vn 0.171187 0.852189 0.494438
vn 0.166701 0.954792 0.246138
vn 0.151290 0.957834 0.244263
vn 0.171187 0.852189 0.494438
vn 0.203443 0.748785 0.630819
vn 0.084034 0.618722 -0.781103
vn -0.094661 0.575770 -0.812113
vn -0.006500 0.995735 -0.092028
vn 0.065621 0.995478 -0.068680
vn -0.094661 0.575770 -0.812113
vn -0.377795 0.457552 -0.804933
vn -0.463000 0.716792 -0.521383
vn -0.006500 0.995735 -0.092028
vn -0.006500 0.995735 -0.092028
vn -0.463000 0.716792 -0.521383
vn -0.483889 0.818111 -0.310717
vn -0.027934 0.998915 0.037272
vn 0.065621 0.995478 -0.068680
vn -0.006500 0.995735 -0.092028
vn -0.027934 0.998915 0.037272
vn 0.031119 0.998170 0.051857
vn -0.483889 0.818111 -0.310717
vn -0.456224 0.884607 -0.096587
vn -0.040662 0.996484 0.073251
vn -0.027934 0.998915 0.037272
vn -0.456224 0.884607 -0.096587
vn -0.436049 0.896003 0.083903
vn -0.053136 0.992730 0.108002
vn -0.040662 0.996484 0.073251
vn -0.040662 0.996484 0.073251
vn -0.053136 0.992730 0.108002
vn 0.005510 0.992848 0.119256
vn 0.012783 0.996264 0.085415
vn -0.027934 0.998915 0.037272
vn -0.040662 0.996484 0.073251
vn 0.012783 0.996264 0.085415
vn 0.031119 0.998170 0.051857
vn 0.005510 0.992848 0.119256
vn -0.053136 0.992730 0.108002
vn -0.095787 0.979169 0.179033
vn -0.018087 0.983927 0.177652
vn -0.053136 0.992730 0.108002
vn -0.436049 0.896003 0.083903
vn -0.482459 0.847757 0.220321
vn -0.095787 0.979169 0.179033
vn -0.095787 0.979169 0.179033
vn -0.482459 0.847757 0.220321
vn -0.537913 0.772055 0.338497
vn -0.339150 0.881291 0.329095
vn -0.018087 0.983927 0.177652
vn -0.095787 0.979169 0.179033
vn -0.339150 0.881291 0.329095
vn -0.179592 0.936222 0.302051
vn 0.218836 -0.768633 0.601094
vn 0.323495 -0.836287 0.442690
vn 0.531157 -0.539420 0.653374
vn 0.417444 -0.412180 0.809845
vn 0.323495 -0.836287 0.442690
vn 0.545912 -0.794941 0.264666
vn 0.751672 -0.558112 0.351426
vn 0.531157 -0.539420 0.653374
vn 0.545912 -0.794941 0.264666
vn 0.378847 0.686054 -0.621133
vn 0.439694 0.716113 -0.542080
vn 0.751672 -0.558112 0.351426
vn 0.378847 0.686054 -0.621133
vn -0.391770 0.641610 -0.659434
vn 0.092314 0.885386 -0.455598
vn 0.439694 0.716113 -0.542080
vn -0.391770 0.641610 -0.659434
vn -0.297949 0.541892 -0.785862
vn 0.079830 0.902384 -0.423474
vn 0.092314 0.885386 -0.455598
vn -0.028552 -0.592148 0.805324
vn 0.108803 -0.693938 0.711766
vn 0.226580 -0.320075 0.919899
vn -0.028332 -0.191876 0.981010
vn 0.108803 -0.693938 0.711766
vn 0.218836 -0.768633 0.601094
vn 0.417444 -0.412180 0.809845
vn 0.226580 -0.320075 0.919899
vn -0.297949 0.541892 -0.785862
vn -0.138315 0.496318 -0.857051
vn 0.002759 0.924126 -0.382078
vn 0.079830 0.902384 -0.423474
vn -0.138315 0.496318 -0.857051
vn 0.022738 0.480660 -0.876612
vn -0.142928 0.929921 -0.338850
vn 0.002759 0.924126 -0.382078
vn -0.486402 0.570605 0.661682
vn -0.495641 0.183276 0.848970
vn -0.395759 0.485760 0.779366
vn -0.434832 0.846231 0.307919
vn -0.495641 0.183276 0.848970
vn -0.373877 -0.141068 0.916688
vn -0.402842 0.379702 0.832793
vn -0.395759 0.485760 0.779366
vn 0.367239 0.409163 -0.835297
vn 0.469454 0.352306 -0.809625
vn 0.250098 0.930629 -0.267172
vn 0.075948 0.947661 -0.310115
vn 0.469454 0.352306 -0.809625
vn 0.102306 0.819283 -0.564189
vn -0.013577 0.954805 -0.296922
vn 0.250098 0.930629 -0.267172
vn 0.102306 0.819283 -0.564189
vn -0.486402 0.570605 0.661682
vn -0.434832 0.846231 0.307919
vn -0.013577 0.954805 -0.296922
vn -0.373877 -0.141068 0.916688
vn -0.200627 -0.416027 0.886944
vn -0.313083 0.045329 0.948643
vn -0.402842 0.379702 0.832793
vn -0.200627 -0.416027 0.886944
vn -0.028552 -0.592148 0.805324
vn -0.028332 -0.191876 0.981010
vn -0.313083 0.045329 0.948643
vn 0.022738 0.480660 -0.876612
vn 0.186330 0.461964 -0.867105
vn -0.138221 0.921664 -0.362534
vn -0.142928 0.929921 -0.338850
vn 0.186330 0.461964 -0.867105
vn 0.367239 0.409163 -0.835297
vn 0.075948 0.947661 -0.310115
vn -0.138221 0.921664 -0.362534
vn -0.469643 0.836852 0.281274
vn -0.423130 0.696439 0.579598
vn -0.173439 0.687977 0.704704
vn -0.447369 0.863909 0.231351
vn -0.309871 0.946043 0.094773
vn -0.469643 0.836852 0.281274
vn -0.447369 0.863909 0.231351
vn -0.152018 0.825980 -0.542814
vn -0.423130 0.696439 0.579598
vn 0.344299 0.443971 0.827253
vn 0.522319 0.414702 0.745121
vn -0.173439 0.687977 0.704704
vn 0.862898 -0.382671 -0.330107
vn 0.608418 0.551014 -0.571149
vn 0.465430 0.213617 -0.858920
vn 0.884456 0.033266 -0.465436
vn 0.344299 0.443971 0.827253
vn 0.862898 -0.382671 -0.330107
vn 0.884456 0.033266 -0.465436
vn 0.522319 0.414702 0.745121
vn 0.608418 0.551014 -0.571149
vn -0.309871 0.946043 0.094773
vn -0.152018 0.825980 -0.542814
vn 0.465430 0.213617 -0.858920
vn 0.696780 -0.135089 -0.704449
vn 0.367729 -0.265447 -0.891242
vn 0.394436 -0.533417 -0.748256
vn 0.686900 -0.451686 -0.569340
vn 0.367729 -0.265447 -0.891242
vn 0.095406 -0.324300 -0.941131
vn 0.087666 -0.535666 -0.839867
vn 0.394436 -0.533417 -0.748256
vn 0.943679 0.328238 -0.041597
vn 0.913923 0.066171 -0.400458
vn 0.893435 -0.305742 -0.329083
vn 0.993329 -0.109113 -0.037297
vn 0.913923 0.066171 -0.400458
vn 0.696780 -0.135089 -0.704449
vn 0.686900 -0.451686 -0.569340
vn 0.893435 -0.305742 -0.329083
vn 0.907870 0.385093 0.165755
vn 0.933355 0.263092 0.244195
vn 0.949093 0.123839 0.289633
vn 0.812541 0.330886 0.479887
vn 0.933355 0.263092 0.244195
vn 0.943679 0.328238 -0.041597
vn 0.993329 -0.109113 -0.037297
vn 0.949093 0.123839 0.289633
vn 0.095406 -0.324300 -0.941131
vn -0.166290 -0.331415 -0.928715
vn -0.218886 -0.472493 -0.853721
vn 0.087666 -0.535666 -0.839867
vn -0.166290 -0.331415 -0.928715
vn -0.345481 -0.265704 -0.900025
vn -0.490133 -0.358120 -0.794682
vn -0.218886 -0.472493 -0.853721
vn -0.345481 -0.265704 -0.900025
vn -0.727629 0.004491 -0.685956
vn -0.811942 -0.105494 -0.574127
vn -0.490133 -0.358120 -0.794682
vn -0.727629 0.004491 -0.685956
vn -0.829354 0.419151 -0.369438
vn -0.950643 0.213082 -0.225554
vn -0.811942 -0.105494 -0.574127
vn 0.117781 0.974930 0.188785
vn 0.535240 0.831135 0.150777
vn 0.362720 0.639780 0.677580
vn 0.002102 0.727686 0.685907
vn 0.535240 0.831135 0.150777
vn 0.907870 0.385093 0.165755
vn 0.812541 0.330886 0.479887
vn 0.362720 0.639780 0.677580
vn -0.829354 0.419151 -0.369438
vn -0.645433 0.757829 -0.095453
vn -0.869212 0.477673 0.127667
vn -0.950643 0.213082 -0.225554
vn -0.645433 0.757829 -0.095453
vn -0.358290 0.929207 0.090573
vn -0.593182 0.670532 0.445558
vn -0.869212 0.477673 0.127667
vn -0.358290 0.929207 0.090573
vn -0.180155 0.974818 0.131431
vn -0.350739 0.727785 0.589331
vn -0.593182 0.670532 0.445558
vn -0.180155 0.974818 0.131431
vn 0.117781 0.974930 0.188785
vn 0.002102 0.727686 0.685907
vn -0.350739 0.727785 0.589331
vn 0.786342 0.068981 -0.613928
vn 0.584543 -0.030378 -0.810794
vn 0.572633 -0.000907 -0.819811
vn 0.808105 0.115535 -0.577597
vn 0.918472 0.170039 -0.357067
vn 0.786342 0.068981 -0.613928
vn 0.808105 0.115535 -0.577597
vn 0.898040 0.188043 -0.397698
vn 0.962876 0.249422 -0.103243
vn 0.918472 0.170039 -0.357067
vn 0.898040 0.188043 -0.397698
vn 0.970003 0.223244 -0.096214
vn 0.909730 0.331988 0.249349
vn 0.962876 0.249422 -0.103243
vn 0.970003 0.223244 -0.096214
vn 0.919804 0.322000 0.224225
vn 0.789054 0.369788 0.490561
vn 0.909730 0.331988 0.249349
vn 0.919804 0.322000 0.224225
vn 0.783673 0.352726 0.511314
vn 0.593901 0.387436 0.705107
vn 0.789054 0.369788 0.490561
vn 0.783673 0.352726 0.511314
vn 0.582022 0.369540 0.724355
vn 0.341296 0.375614 0.861645
vn 0.593901 0.387436 0.705107
vn 0.582022 0.369540 0.724355
vn 0.328116 0.359124 0.873711
vn 0.100476 0.341694 0.934425
vn 0.341296 0.375614 0.861645
vn 0.328116 0.359124 0.873711
vn 0.096708 0.334626 0.937376
vn -0.124477 0.295982 0.947048
vn 0.100476 0.341694 0.934425
vn 0.096708 0.334626 0.937376
vn -0.114028 0.295427 0.948536
vn -0.388528 0.228287 0.892710
vn -0.124477 0.295982 0.947048
vn -0.114028 0.295427 0.948536
vn -0.364578 0.225281 0.903511
vn -0.646460 0.140634 0.749875
vn -0.388528 0.228287 0.892710
vn -0.364578 0.225281 0.903511
vn -0.610747 0.131382 0.780850
vn -0.840185 0.043970 0.540514
vn -0.646460 0.140634 0.749875
vn -0.610747 0.131382 0.780850
vn -0.823006 0.059214 0.564938
vn -0.963686 -0.062775 0.259554
vn -0.840185 0.043970 0.540514
vn -0.823006 0.059214 0.564938
vn -0.941356 -0.012317 0.337189
vn -0.982022 -0.166452 -0.089028
vn -0.963686 -0.062775 0.259554
vn -0.941356 -0.012317 0.337189
vn -0.985961 -0.140496 -0.090236
vn -0.862163 -0.237094 -0.447729
vn -0.982022 -0.166452 -0.089028
vn -0.985961 -0.140496 -0.090236
vn -0.860451 -0.144645 -0.488572
vn -0.704998 -0.257468 -0.660824
vn -0.862163 -0.237094 -0.447729
vn -0.860451 -0.144645 -0.488572
vn -0.690194 -0.166401 -0.704232
vn -0.517588 -0.257703 -0.815899
vn -0.704998 -0.257468 -0.660824
vn -0.690194 -0.166401 -0.704232
vn -0.507037 -0.152253 -0.848371
vn -0.315977 -0.241400 -0.917543
vn -0.517588 -0.257703 -0.815899
vn -0.507037 -0.152253 -0.848371
vn -0.316381 -0.132678 -0.939308
vn -0.107936 -0.212044 -0.971281
vn -0.315977 -0.241400 -0.917543
vn -0.316381 -0.132678 -0.939308
vn -0.122725 -0.110491 -0.986271
vn 0.103115 -0.171157 -0.979833
vn -0.107936 -0.212044 -0.971281
vn -0.122725 -0.110491 -0.986271
vn 0.072808 -0.085262 -0.993695
vn 0.317561 -0.119446 -0.940685
vn 0.103115 -0.171157 -0.979833
vn 0.072808 -0.085262 -0.993695
vn 0.281066 -0.032102 -0.959151
vn 0.584543 -0.030378 -0.810794
vn 0.317561 -0.119446 -0.940685
vn 0.281066 -0.032102 -0.959151
vn 0.572633 -0.000907 -0.819811
vn 0.928801 0.178723 -0.324634
vn 0.827180 -0.068844 -0.557705
vn 0.803385 0.021877 -0.595058
vn 0.920124 0.195352 -0.339425
vn 0.827180 -0.068844 -0.557705
vn 0.647932 -0.275468 -0.710142
vn 0.620849 -0.129048 -0.773236
vn 0.803385 0.021877 -0.595058
vn 0.803385 0.021877 -0.595058
vn 0.620849 -0.129048 -0.773236
vn 0.584543 -0.030378 -0.810794
vn 0.786342 0.068981 -0.613928
vn 0.920124 0.195352 -0.339425
vn 0.803385 0.021877 -0.595058
vn 0.786342 0.068981 -0.613928
vn 0.918472 0.170039 -0.357067
vn 0.919891 0.381320 -0.091631
vn 0.928801 0.178723 -0.324634
vn 0.920124 0.195352 -0.339425
vn 0.937380 0.336491 -0.089959
vn 0.937380 0.336491 -0.089959
vn 0.920124 0.195352 -0.339425
vn 0.918472 0.170039 -0.357067
vn 0.962876 0.249422 -0.103243
vn 0.643054 0.672937 0.365565
vn 0.797834 0.574402 0.183095
vn 0.853732 0.474670 0.214081
vn 0.718928 0.548046 0.427537
vn 0.797834 0.574402 0.183095
vn 0.919891 0.381320 -0.091631
vn 0.937380 0.336491 -0.089959
vn 0.853732 0.474670 0.214081
vn 0.853732 0.474670 0.214081
vn 0.937380 0.336491 -0.089959
vn 0.962876 0.249422 -0.103243
vn 0.909730 0.331988 0.249349
vn 0.718928 0.548046 0.427537
vn 0.853732 0.474670 0.214081
vn 0.909730 0.331988 0.249349
vn 0.789054 0.369788 0.490561
vn 0.226298 0.744584 0.628000
vn 0.447008 0.729990 0.517010
vn 0.523182 0.589511 0.615432
vn 0.283755 0.591711 0.754560
vn 0.447008 0.729990 0.517010
vn 0.643054 0.672937 0.365565
vn 0.718928 0.548046 0.427537
vn 0.523182 0.589511 0.615432
vn 0.523182 0.589511 0.615432
vn 0.718928 0.548046 0.427537
vn 0.789054 0.369788 0.490561
vn 0.593901 0.387436 0.705107
vn 0.283755 0.591711 0.754560
vn 0.523182 0.589511 0.615432
vn 0.593901 0.387436 0.705107
vn 0.341296 0.375614 0.861645
vn -0.213171 0.661279 0.719213
vn 0.004640 0.720040 0.693917
vn 0.047865 0.558869 0.827873
vn -0.176733 0.501295 0.847035
vn 0.004640 0.720040 0.693917
vn 0.226298 0.744584 0.628000
vn 0.283755 0.591711 0.754560
vn 0.047865 0.558869 0.827873
vn 0.047865 0.558869 0.827873
vn 0.283755 0.591711 0.754560
vn 0.341296 0.375614 0.861645
vn 0.100476 0.341694 0.934425
vn -0.176733 0.501295 0.847035
vn 0.047865 0.558869 0.827873
vn 0.100476 0.341694 0.934425
vn -0.124477 0.295982 0.947048
vn -0.692351 0.381178 0.612661
vn -0.460958 0.548706 0.697452
vn -0.427165 0.405413 0.808190
vn -0.661587 0.273352 0.698271
vn -0.460958 0.548706 0.697452
vn -0.213171 0.661279 0.719213
vn -0.176733 0.501295 0.847035
vn -0.427165 0.405413 0.808190
vn -0.427165 0.405413 0.808190
vn -0.176733 0.501295 0.847035
vn -0.124477 0.295982 0.947048
vn -0.388528 0.228287 0.892710
vn -0.661587 0.273352 0.698271
vn -0.427165 0.405413 0.808190
vn -0.388528 0.228287 0.892710
vn -0.646460 0.140634 0.749875
vn -0.880482 0.156867 0.447375
vn -0.692351 0.381178 0.612661
vn -0.661587 0.273352 0.698271
vn -0.857875 0.106003 0.502805
vn -0.857875 0.106003 0.502805
vn -0.661587 0.273352 0.698271
vn -0.646460 0.140634 0.749875
vn -0.840185 0.043970 0.540514
vn -0.949362 -0.311489 -0.041076
vn -0.972748 -0.092368 0.212672
vn -0.969484 -0.075418 0.233266
vn -0.970497 -0.233858 -0.058698
vn -0.972748 -0.092368 0.212672
vn -0.880482 0.156867 0.447375
vn -0.857875 0.106003 0.502805
vn -0.969484 -0.075418 0.233266
vn -0.969484 -0.075418 0.233266
vn -0.857875 0.106003 0.502805
vn -0.840185 0.043970 0.540514
vn -0.963686 -0.062775 0.259554
vn -0.970497 -0.233858 -0.058698
vn -0.969484 -0.075418 0.233266
vn -0.963686 -0.062775 0.259554
vn -0.982022 -0.166452 -0.089028
vn -0.663360 -0.583758 -0.468166
vn -0.824810 -0.486119 -0.288749
vn -0.864738 -0.359704 -0.350488
vn -0.711885 -0.424699 -0.559330
vn -0.824810 -0.486119 -0.288749
vn -0.949362 -0.311489 -0.041076
vn -0.970497 -0.233858 -0.058698
vn -0.864738 -0.359704 -0.350488
vn -0.864738 -0.359704 -0.350488
vn -0.970497 -0.233858 -0.058698
vn -0.982022 -0.166452 -0.089028
vn -0.862163 -0.237094 -0.447729
vn -0.711885 -0.424699 -0.559330
vn -0.864738 -0.359704 -0.350488
vn -0.862163 -0.237094 -0.447729
vn -0.704998 -0.257468 -0.660824
vn -0.258460 -0.647006 -0.717343
vn -0.470665 -0.636208 -0.611321
vn -0.520615 -0.453326 -0.723502
vn -0.304959 -0.448700 -0.840041
vn -0.470665 -0.636208 -0.611321
vn -0.663360 -0.583758 -0.468166
vn -0.711885 -0.424699 -0.559330
vn -0.520615 -0.453326 -0.723502
vn -0.520615 -0.453326 -0.723502
vn -0.711885 -0.424699 -0.559330
vn -0.704998 -0.257468 -0.660824
vn -0.517588 -0.257703 -0.815899
vn -0.304959 -0.448700 -0.840041
vn -0.520615 -0.453326 -0.723502
vn -0.517588 -0.257703 -0.815899
vn -0.315977 -0.241400 -0.917543
vn 0.192740 -0.551525 -0.811586
vn -0.035104 -0.618725 -0.784823
vn -0.076104 -0.414058 -0.907064
vn 0.157713 -0.351044 -0.922982
vn -0.035104 -0.618725 -0.784823
vn -0.258460 -0.647006 -0.717343
vn -0.304959 -0.448700 -0.840041
vn -0.076104 -0.414058 -0.907064
vn -0.076104 -0.414058 -0.907064
vn -0.304959 -0.448700 -0.840041
vn -0.315977 -0.241400 -0.917543
vn -0.107936 -0.212044 -0.971281
vn 0.157713 -0.351044 -0.922982
vn -0.076104 -0.414058 -0.907064
vn -0.107936 -0.212044 -0.971281
vn 0.103115 -0.171157 -0.979833
vn 0.647932 -0.275468 -0.710142
vn 0.416893 -0.444532 -0.792838
vn 0.386678 -0.260666 -0.884609
vn 0.620849 -0.129048 -0.773236
vn 0.416893 -0.444532 -0.792838
vn 0.192740 -0.551525 -0.811586
vn 0.157713 -0.351044 -0.922982
vn 0.386678 -0.260666 -0.884609
vn 0.386678 -0.260666 -0.884609
vn 0.157713 -0.351044 -0.922982
vn 0.103115 -0.171157 -0.979833
vn 0.317561 -0.119446 -0.940685
vn 0.620849 -0.129048 -0.773236
vn 0.386678 -0.260666 -0.884609
vn 0.317561 -0.119446 -0.940685
vn 0.584543 -0.030378 -0.810794
vn 0.965724 -0.255429 -0.046178
vn 0.854840 -0.422466 -0.301283
vn 0.862345 -0.376836 -0.338164
vn 0.971584 -0.236690 -0.001368
vn 0.854840 -0.422466 -0.301283
vn 0.651514 -0.541254 -0.531577
vn 0.675756 -0.430894 -0.598067
vn 0.862345 -0.376836 -0.338164
vn 0.794974 0.255008 0.550443
vn 0.951137 0.020431 0.308091
vn 0.942604 0.054603 0.329419
vn 0.753591 0.270565 0.599078
vn 0.951137 0.020431 0.308091
vn 0.965724 -0.255429 -0.046178
vn 0.971584 -0.236690 -0.001368
vn 0.942604 0.054603 0.329419
vn -0.032683 0.662474 0.748372
vn 0.327001 0.559419 0.761657
vn 0.266011 0.627992 0.731344
vn -0.011693 0.759463 0.650445
vn 0.327001 0.559419 0.761657
vn 0.794974 0.255008 0.550443
vn 0.753591 0.270565 0.599078
vn 0.266011 0.627992 0.731344
vn -0.624229 0.628513 0.464015
vn -0.380483 0.678861 0.627997
vn -0.353500 0.766165 0.536683
vn -0.592753 0.716292 0.368198
vn -0.380483 0.678861 0.627997
vn -0.032683 0.662474 0.748372
vn -0.011693 0.759463 0.650445
vn -0.353500 0.766165 0.536683
vn -0.952946 0.171381 -0.250047
vn -0.872729 0.461764 0.158488
vn -0.802829 0.589416 0.089744
vn -0.945814 0.252233 -0.204486
vn -0.872729 0.461764 0.158488
vn -0.624229 0.628513 0.464015
vn -0.592753 0.716292 0.368198
vn -0.802829 0.589416 0.089744
vn -0.512702 -0.370997 -0.774272
vn -0.818910 -0.109365 -0.563406
vn -0.818165 -0.010148 -0.574893
vn -0.536666 -0.321169 -0.780282
vn -0.818910 -0.109365 -0.563406
vn -0.952946 0.171381 -0.250047
vn -0.945814 0.252233 -0.204486
vn -0.818165 -0.010148 -0.574893
vn 0.076731 -0.581275 -0.810081
vn -0.221943 -0.507575 -0.832532
vn -0.172052 -0.395824 -0.902065
vn 0.111251 -0.481021 -0.869622
vn -0.221943 -0.507575 -0.832532
vn -0.512702 -0.370997 -0.774272
vn -0.536666 -0.321169 -0.780282
vn -0.172052 -0.395824 -0.902065
vn 0.651514 -0.541254 -0.531577
vn 0.381417 -0.595382 -0.707136
vn 0.403701 -0.496295 -0.768581
vn 0.675756 -0.430894 -0.598067
vn 0.381417 -0.595382 -0.707136
vn 0.076731 -0.581275 -0.810081
vn 0.111251 -0.481021 -0.869622
vn 0.403701 -0.496295 -0.768581
vn 0.993329 -0.109113 -0.037297
vn 0.893435 -0.305742 -0.329083
vn 0.854840 -0.422466 -0.301283
vn 0.965724 -0.255429 -0.046178
vn 0.893435 -0.305742 -0.329083
vn 0.686900 -0.451686 -0.569340
vn 0.651514 -0.541254 -0.531577
vn 0.854840 -0.422466 -0.301283
vn 0.812541 0.330886 0.479887
vn 0.949093 0.123839 0.289633
vn 0.951137 0.020431 0.308091
vn 0.794974 0.255008 0.550443
vn 0.949093 0.123839 0.289633
vn 0.993329 -0.109113 -0.037297
vn 0.965724 -0.255429 -0.046178
vn 0.951137 0.020431 0.308091
vn 0.002102 0.727686 0.685907
vn 0.362720 0.639780 0.677580
vn 0.327001 0.559419 0.761657
vn -0.032683 0.662474 0.748372
vn 0.362720 0.639780 0.677580
vn 0.812541 0.330886 0.479887
vn 0.794974 0.255008 0.550443
vn 0.327001 0.559419 0.761657
vn -0.593182 0.670532 0.445558
vn -0.350739 0.727785 0.589331
vn -0.380483 0.678861 0.627997
vn -0.624229 0.628513 0.464015
vn -0.350739 0.727785 0.589331
vn 0.002102 0.727686 0.685907
vn -0.032683 0.662474 0.748372
vn -0.380483 0.678861 0.627997
vn -0.950643 0.213082 -0.225554
vn -0.869212 0.477673 0.127667
vn -0.872729 0.461764 0.158488
vn -0.952946 0.171381 -0.250047
vn -0.869212 0.477673 0.127667
vn -0.593182 0.670532 0.445558
vn -0.624229 0.628513 0.464015
vn -0.872729 0.461764 0.158488
vn -0.490133 -0.358120 -0.794682
vn -0.811942 -0.105494 -0.574127
vn -0.818910 -0.109365 -0.563406
vn -0.512702 -0.370997 -0.774272
vn -0.811942 -0.105494 -0.574127
vn -0.950643 0.213082 -0.225554
vn -0.952946 0.171381 -0.250047
vn -0.818910 -0.109365 -0.563406
vn 0.087666 -0.535666 -0.839867
vn -0.218886 -0.472493 -0.853721
vn -0.221943 -0.507575 -0.832532
vn 0.076731 -0.581275 -0.810081
vn -0.218886 -0.472493 -0.853721
vn -0.490133 -0.358120 -0.794682
vn -0.512702 -0.370997 -0.774272
vn -0.221943 -0.507575 -0.832532
vn 0.686900 -0.451686 -0.569340
vn 0.394436 -0.533417 -0.748256
vn 0.381417 -0.595382 -0.707136
vn 0.651514 -0.541254 -0.531577
vn 0.394436 -0.533417 -0.748256
vn 0.087666 -0.535666 -0.839867
vn 0.076731 -0.581275 -0.810081
vn 0.381417 -0.595382 -0.707136
vn 0.695014 -0.080998 -0.714419
vn 0.548542 0.022162 -0.835829
vn 0.575884 0.016951 -0.817356
vn 0.713016 -0.105446 -0.693174
vn 0.806803 -0.170636 -0.565644
vn 0.695014 -0.080998 -0.714419
vn 0.713016 -0.105446 -0.693174
vn 0.808200 -0.207442 -0.551163
vn 0.875518 -0.237206 -0.420952
vn 0.806803 -0.170636 -0.565644
vn 0.808200 -0.207442 -0.551163
vn 0.862513 -0.280681 -0.421058
vn 0.916742 -0.294828 -0.269555
vn 0.875518 -0.237206 -0.420952
vn 0.862513 -0.280681 -0.421058
vn 0.893935 -0.341021 -0.290835
vn 0.897235 -0.441554 0.000293
vn 0.917874 -0.392109 0.061298
vn 0.931562 -0.348825 -0.102531
vn 0.906256 -0.396203 -0.147390
vn 0.906256 -0.396203 -0.147390
vn 0.931562 -0.348825 -0.102531
vn 0.916742 -0.294828 -0.269555
vn 0.893935 -0.341021 -0.290835
vn 0.882528 -0.420592 0.210349
vn 0.917874 -0.392109 0.061298
vn 0.897235 -0.441554 0.000293
vn 0.869736 -0.472565 0.142271
vn 0.815302 -0.433265 0.384142
vn 0.882528 -0.420592 0.210349
vn 0.869736 -0.472565 0.142271
vn 0.813838 -0.490569 0.311465
vn 0.691834 -0.416772 0.589632
vn 0.815302 -0.433265 0.384142
vn 0.813838 -0.490569 0.311465
vn 0.703422 -0.482412 0.521993
vn 0.524136 -0.365785 0.769079
vn 0.691834 -0.416772 0.589632
vn 0.703422 -0.482412 0.521993
vn 0.545820 -0.437095 0.714863
vn 0.326837 -0.285256 0.901003
vn 0.524136 -0.365785 0.769079
vn 0.545820 -0.437095 0.714863
vn 0.354472 -0.357942 0.863844
vn 0.118747 -0.184945 0.975548
vn 0.326837 -0.285256 0.901003
vn 0.354472 -0.357942 0.863844
vn 0.144343 -0.252523 0.956764
vn -0.098481 -0.114380 0.988544
vn -0.191876 -0.026309 0.981067
vn -0.045221 -0.100014 0.993958
vn -0.009686 -0.168636 0.985631
vn -0.009686 -0.168636 0.985631
vn -0.045221 -0.100014 0.993958
vn 0.118747 -0.184945 0.975548
vn 0.144343 -0.252523 0.956764
vn -0.310253 0.000070 0.950654
vn -0.191876 -0.026309 0.981067
vn -0.098481 -0.114380 0.988544
vn -0.216288 -0.039324 0.975537
vn -0.085647 -0.402881 0.911236
vn -0.310253 0.000070 0.950654
vn -0.216288 -0.039324 0.975537
vn -0.170032 -0.062459 0.983457
vn -0.890818 0.402053 0.211654
vn -0.453239 0.674307 0.582996
vn -0.162064 0.769737 0.617446
vn 0.479653 0.806919 0.344695
vn -0.977867 0.198683 0.065585
vn -0.890818 0.402053 0.211654
vn 0.479653 0.806919 0.344695
vn 0.771283 0.622379 0.133296
vn 0.913680 0.039450 -0.404516
vn -0.829950 -0.348915 -0.435249
vn -0.983093 -0.056387 -0.174211
vn 0.925641 0.340123 -0.165847
vn 0.925641 0.340123 -0.165847
vn -0.983093 -0.056387 -0.174211
vn -0.977867 0.198683 0.065585
vn 0.771283 0.622379 0.133296
vn -0.532858 -0.524159 -0.664319
vn -0.829950 -0.348915 -0.435249
vn 0.913680 0.039450 -0.404516
vn 0.800138 -0.205182 -0.563630
vn 0.127559 -0.694045 -0.708541
vn -0.532858 -0.524159 -0.664319
vn 0.800138 -0.205182 -0.563630
vn 0.432268 -0.590040 -0.681907
vn -0.792562 0.607672 -0.050803
vn -0.772089 0.630172 -0.082226
vn -0.758465 0.651255 0.024455
vn -0.800219 0.599295 0.022244
vn -0.757641 0.615363 -0.217506
vn -0.792562 0.607672 -0.050803
vn -0.800219 0.599295 0.022244
vn -0.766825 0.622960 -0.154597
vn -0.663555 0.610208 -0.432828
vn -0.757641 0.615363 -0.217506
vn -0.766825 0.622960 -0.154597
vn -0.645155 0.637316 -0.421429
vn -0.528449 0.580270 -0.619700
vn -0.663555 0.610208 -0.432828
vn -0.645155 0.637316 -0.421429
vn -0.500107 0.610764 -0.613890
vn -0.380021 0.530996 -0.757382
vn -0.528449 0.580270 -0.619700
vn -0.500107 0.610764 -0.613890
vn -0.352291 0.564381 -0.746569
vn -0.199685 0.454143 -0.868263
vn -0.380021 0.530996 -0.757382
vn -0.352291 0.564381 -0.746569
vn -0.172729 0.489458 -0.854749
vn 0.234785 0.263795 -0.935568
vn 0.206134 0.237545 -0.949253
vn 0.001944 0.352769 -0.935708
vn 0.028512 0.386895 -0.921683
vn 0.028512 0.386895 -0.921683
vn 0.001944 0.352769 -0.935708
vn -0.199685 0.454143 -0.868263
vn -0.172729 0.489458 -0.854749
vn 0.390137 0.124892 -0.912247
vn 0.206134 0.237545 -0.949253
vn 0.234785 0.263795 -0.935568
vn 0.418846 0.138114 -0.897492
vn 0.548542 0.022162 -0.835829
vn 0.390137 0.124892 -0.912247
vn 0.418846 0.138114 -0.897492
vn 0.575884 0.016951 -0.817356
vn -0.085647 -0.402881 0.911236
vn -0.170032 -0.062459 0.983457
vn 0.693799 -0.543904 0.472030
vn 0.510803 -0.771783 0.378722
vn -0.170032 -0.062459 0.983457
vn -0.655963 0.455753 0.601666
vn 0.676703 0.452345 0.580910
vn 0.693799 -0.543904 0.472030
vn -0.655963 0.455753 0.601666
vn -0.714060 0.518634 0.470252
vn 0.449766 0.774425 0.444945
vn 0.676703 0.452345 0.580910
vn -0.714060 0.518634 0.470252
vn -0.719064 0.536781 0.441377
vn 0.240251 0.922945 0.300754
vn 0.449766 0.774425 0.444945
vn -0.719064 0.536781 0.441377
vn -0.720704 0.561165 0.407037
vn 0.043561 0.986067 0.160544
vn 0.240251 0.922945 0.300754
vn -0.720704 0.561165 0.407037
vn -0.734035 0.613113 0.292035
vn -0.155510 0.987517 0.025021
vn 0.043561 0.986067 0.160544
vn -0.734035 0.613113 0.292035
vn -0.758465 0.651255 0.024455
vn -0.596295 0.758017 -0.264277
vn -0.155510 0.987517 0.025021
vn -0.758465 0.651255 0.024455
vn -0.772089 0.630172 -0.082226
vn -0.724572 0.605171 -0.329794
vn -0.596295 0.758017 -0.264277
vn -0.906069 -0.061013 0.418707
vn -0.762396 -0.182551 0.620828
vn -0.105574 -0.987152 0.119942
vn -0.392526 -0.919678 -0.010765
vn -0.762396 -0.182551 0.620828
vn -0.085647 -0.402881 0.911236
vn 0.510803 -0.771783 0.378722
vn -0.105574 -0.987152 0.119942
vn -0.973870 0.165469 0.155554
vn -0.957088 0.046267 0.286082
vn -0.645969 -0.751591 -0.133546
vn -0.844116 -0.478315 -0.242244
vn -0.957088 0.046267 0.286082
vn -0.906069 -0.061013 0.418707
vn -0.392526 -0.919678 -0.010765
vn -0.645969 -0.751591 -0.133546
vn -0.772089 0.630172 -0.082226
vn -0.944534 0.328398 -0.003339
vn -0.939051 -0.121730 -0.321505
vn -0.724572 0.605171 -0.329794
vn -0.944534 0.328398 -0.003339
vn -0.973870 0.165469 0.155554
vn -0.844116 -0.478315 -0.242244
vn -0.939051 -0.121730 -0.321505
vn 0.495140 -0.750720 0.437328
vn 0.676203 -0.558314 0.480661
vn 0.463960 -0.235086 0.854094
vn 0.238928 -0.417161 0.876864
vn 0.676203 -0.558314 0.480661
vn 0.843119 0.270685 0.464629
vn 0.769712 0.395597 0.501046
vn 0.463960 -0.235086 0.854094
vn 0.843119 0.270685 0.464629
vn 0.724644 0.592183 0.352434
vn 0.745379 0.599511 0.291542
vn 0.769712 0.395597 0.501046
vn 0.724644 0.592183 0.352434
vn 0.529616 0.821656 0.210686
vn 0.644870 0.761286 0.067723
vn 0.745379 0.599511 0.291542
vn 0.529616 0.821656 0.210686
vn 0.295649 0.953165 0.063787
vn 0.483892 0.861749 -0.152439
vn 0.644870 0.761286 0.067723
vn 0.295649 0.953165 0.063787
vn 0.046200 0.995998 -0.076509
vn 0.276754 0.885743 -0.372649
vn 0.483892 0.861749 -0.152439
vn 0.046200 0.995998 -0.076509
vn -0.548356 0.758215 -0.352727
vn -0.337704 0.539190 -0.771511
vn 0.276754 0.885743 -0.372649
vn -0.548356 0.758215 -0.352727
vn -0.751333 0.497567 -0.433504
vn -0.546520 0.185840 -0.816565
vn -0.337704 0.539190 -0.771511
vn -0.324120 -0.945825 0.018983
vn -0.083006 -0.984032 0.157449
vn -0.380870 -0.730957 0.566251
vn -0.577602 -0.743045 0.338024
vn -0.083006 -0.984032 0.157449
vn 0.495140 -0.750720 0.437328
vn 0.238928 -0.417161 0.876864
vn -0.380870 -0.730957 0.566251
vn -0.751933 -0.604811 -0.262300
vn -0.556310 -0.821385 -0.125880
vn -0.718953 -0.690515 0.079347
vn -0.795208 -0.577853 -0.183658
vn -0.556310 -0.821385 -0.125880
vn -0.324120 -0.945825 0.018983
vn -0.577602 -0.743045 0.338024
vn -0.718953 -0.690515 0.079347
vn -0.751333 0.497567 -0.433504
vn -0.879655 -0.294162 -0.373732
vn -0.804739 -0.406453 -0.432656
vn -0.546520 0.185840 -0.816565
vn -0.879655 -0.294162 -0.373732
vn -0.751933 -0.604811 -0.262300
vn -0.795208 -0.577853 -0.183658
vn -0.804739 -0.406453 -0.432656
vn 0.238928 -0.417161 0.876864
vn 0.463960 -0.235086 0.854094
vn 0.235839 0.190159 0.953006
vn 0.019552 0.012119 0.999735
vn 0.019552 0.012119 0.999735
vn 0.235839 0.190159 0.953006
vn -0.156655 0.768582 0.620275
vn -0.285547 0.686039 0.669189
vn 0.463960 -0.235086 0.854094
vn 0.769712 0.395597 0.501046
vn 0.700551 0.536606 0.470407
vn 0.235839 0.190159 0.953006
vn 0.769712 0.395597 0.501046
vn 0.745379 0.599511 0.291542
vn 0.779429 0.599871 0.180680
vn 0.700551 0.536606 0.470407
vn 0.700551 0.536606 0.470407
vn 0.779429 0.599871 0.180680
vn 0.906350 0.420469 0.041655
vn 0.581816 0.727986 0.362665
vn 0.235839 0.190159 0.953006
vn 0.700551 0.536606 0.470407
vn 0.581816 0.727986 0.362665
vn -0.156655 0.768582 0.620275
vn 0.745379 0.599511 0.291542
vn 0.644870 0.761286 0.067723
vn 0.796937 0.586035 -0.146472
vn 0.779429 0.599871 0.180680
vn 0.644870 0.761286 0.067723
vn 0.483892 0.861749 -0.152439
vn 0.736895 0.483635 -0.472317
vn 0.796937 0.586035 -0.146472
vn 0.796937 0.586035 -0.146472
vn 0.736895 0.483635 -0.472317
vn 0.828663 -0.350290 -0.436594
vn 0.960202 -0.036568 -0.276903
vn 0.779429 0.599871 0.180680
vn 0.796937 0.586035 -0.146472
vn 0.960202 -0.036568 -0.276903
vn 0.906350 0.420469 0.041655
vn 0.483892 0.861749 -0.152439
vn 0.276754 0.885743 -0.372649
vn 0.593461 0.297876 -0.747713
vn 0.736895 0.483635 -0.472317
vn 0.276754 0.885743 -0.372649
vn -0.337704 0.539190 -0.771511
vn -0.018929 -0.143681 -0.989443
vn 0.593461 0.297876 -0.747713
vn 0.593461 0.297876 -0.747713
vn -0.018929 -0.143681 -0.989443
vn 0.330961 -0.751538 -0.570662
vn 0.679449 -0.531857 -0.505447
vn 0.736895 0.483635 -0.472317
vn 0.593461 0.297876 -0.747713
vn 0.679449 -0.531857 -0.505447
vn 0.828663 -0.350290 -0.436594
vn -0.337704 0.539190 -0.771511
vn -0.546520 0.185840 -0.816565
vn -0.295313 -0.340076 -0.892826
vn -0.018929 -0.143681 -0.989443
vn -0.018929 -0.143681 -0.989443
vn -0.295313 -0.340076 -0.892826
vn 0.070990 -0.795143 -0.602253
vn 0.330961 -0.751538 -0.570662
vn -0.577602 -0.743045 0.338024
vn -0.380870 -0.730957 0.566251
vn -0.564855 -0.331211 0.755803
vn -0.737234 -0.421686 0.527889
vn -0.380870 -0.730957 0.566251
vn 0.238928 -0.417161 0.876864
vn 0.019552 0.012119 0.999735
vn -0.564855 -0.331211 0.755803
vn -0.564855 -0.331211 0.755803
vn 0.019552 0.012119 0.999735
vn -0.285547 0.686039 0.669189
vn -0.664389 0.494768 0.560171
vn -0.737234 -0.421686 0.527889
vn -0.564855 -0.331211 0.755803
vn -0.664389 0.494768 0.560171
vn -0.795839 0.380219 0.471246
vn -0.795208 -0.577853 -0.183658
vn -0.718953 -0.690515 0.079347
vn -0.844429 -0.476307 0.245096
vn -0.866819 -0.494379 -0.064911
vn -0.718953 -0.690515 0.079347
vn -0.577602 -0.743045 0.338024
vn -0.737234 -0.421686 0.527889
vn -0.844429 -0.476307 0.245096
vn -0.844429 -0.476307 0.245096
vn -0.737234 -0.421686 0.527889
vn -0.795839 0.380219 0.471246
vn -0.920698 0.209115 0.329524
vn -0.866819 -0.494379 -0.064911
vn -0.844429 -0.476307 0.245096
vn -0.920698 0.209115 0.329524
vn -0.992832 -0.066843 0.099074
vn -0.546520 0.185840 -0.816565
vn -0.804739 -0.406453 -0.432656
vn -0.788520 -0.483737 -0.379783
vn -0.295313 -0.340076 -0.892826
vn -0.804739 -0.406453 -0.432656
vn -0.795208 -0.577853 -0.183658
vn -0.866819 -0.494379 -0.064911
vn -0.788520 -0.483737 -0.379783
vn -0.788520 -0.483737 -0.379783
vn -0.866819 -0.494379 -0.064911
vn -0.992832 -0.066843 0.099074
vn -0.840203 -0.482233 -0.248012
vn -0.295313 -0.340076 -0.892826
vn -0.788520 -0.483737 -0.379783
vn -0.840203 -0.482233 -0.248012
vn 0.070990 -0.795143 -0.602253
vn -0.285547 0.686039 0.669189
vn -0.156655 0.768582 0.620275
vn -0.125264 0.808043 0.575652
vn -0.328543 0.755914 0.566263
vn -0.156655 0.768582 0.620275
vn 0.581816 0.727986 0.362665
vn 0.674826 0.663606 0.322857
vn -0.125264 0.808043 0.575652
vn 0.581816 0.727986 0.362665
vn 0.906350 0.420469 0.041655
vn 0.957812 0.286098 0.027291
vn 0.674826 0.663606 0.322857
vn 0.906350 0.420469 0.041655
vn 0.960202 -0.036568 -0.276903
vn 0.966770 -0.109741 -0.230895
vn 0.957812 0.286098 0.027291
vn 0.960202 -0.036568 -0.276903
vn 0.828663 -0.350290 -0.436594
vn 0.845942 -0.373034 -0.381088
vn 0.966770 -0.109741 -0.230895
vn 0.828663 -0.350290 -0.436594
vn 0.679449 -0.531857 -0.505447
vn 0.703076 -0.537310 -0.465813
vn 0.845942 -0.373034 -0.381088
vn 0.679449 -0.531857 -0.505447
vn 0.330961 -0.751538 -0.570662
vn 0.310652 -0.754747 -0.577799
vn 0.703076 -0.537310 -0.465813
vn 0.330961 -0.751538 -0.570662
vn 0.070990 -0.795143 -0.602253
vn 0.120302 -0.809977 -0.573991
vn 0.310652 -0.754747 -0.577799
vn -0.795839 0.380219 0.471246
vn -0.664389 0.494768 0.560171
vn -0.698042 0.535602 0.475256
vn -0.836399 0.391002 0.384127
vn -0.664389 0.494768 0.560171
vn -0.285547 0.686039 0.669189
vn -0.328543 0.755914 0.566263
vn -0.698042 0.535602 0.475256
vn -0.992832 -0.066843 0.099074
vn -0.920698 0.209115 0.329524
vn -0.958928 0.166819 0.229408
vn -0.983593 -0.178692 -0.024776
vn -0.920698 0.209115 0.329524
vn -0.795839 0.380219 0.471246
vn -0.836399 0.391002 0.384127
vn -0.958928 0.166819 0.229408
vn 0.070990 -0.795143 -0.602253
vn -0.840203 -0.482233 -0.248012
vn -0.758008 -0.562646 -0.329930
vn 0.120302 -0.809977 -0.573991
vn -0.840203 -0.482233 -0.248012
vn -0.992832 -0.066843 0.099074
vn -0.983593 -0.178692 -0.024776
vn -0.758008 -0.562646 -0.329930
vn -0.392526 -0.919678 -0.010765
vn -0.105574 -0.987152 0.119942
vn -0.083006 -0.984032 0.157449
vn -0.324120 -0.945825 0.018983
vn -0.105574 -0.987152 0.119942
vn 0.510803 -0.771783 0.378722
vn 0.495140 -0.750720 0.437328
vn -0.083006 -0.984032 0.157449
vn -0.844116 -0.478315 -0.242244
vn -0.645969 -0.751591 -0.133546
vn -0.556310 -0.821385 -0.125880
vn -0.751933 -0.604811 -0.262300
vn -0.645969 -0.751591 -0.133546
vn -0.392526 -0.919678 -0.010765
vn -0.324120 -0.945825 0.018983
vn -0.556310 -0.821385 -0.125880
vn -0.724572 0.605171 -0.329794
vn -0.939051 -0.121730 -0.321505
vn -0.879655 -0.294162 -0.373732
vn -0.751333 0.497567 -0.433504
vn -0.939051 -0.121730 -0.321505
vn -0.844116 -0.478315 -0.242244
vn -0.751933 -0.604811 -0.262300
vn -0.879655 -0.294162 -0.373732
vn -0.596295 0.758017 -0.264277
vn -0.724572 0.605171 -0.329794
vn -0.751333 0.497567 -0.433504
vn -0.548356 0.758215 -0.352727
vn 0.043561 0.986067 0.160544
vn -0.155510 0.987517 0.025021
vn 0.046200 0.995998 -0.076509
vn 0.295649 0.953165 0.063787
vn -0.155510 0.987517 0.025021
vn -0.596295 0.758017 -0.264277
vn -0.548356 0.758215 -0.352727
vn 0.046200 0.995998 -0.076509
vn 0.449766 0.774425 0.444945
vn 0.240251 0.922945 0.300754
vn 0.529616 0.821656 0.210686
vn 0.724644 0.592183 0.352434
vn 0.240251 0.922945 0.300754
vn 0.043561 0.986067 0.160544
vn 0.295649 0.953165 0.063787
vn 0.529616 0.821656 0.210686
vn 0.693799 -0.543904 0.472030
vn 0.676703 0.452345 0.580910
vn 0.843119 0.270685 0.464629
vn 0.676203 -0.558314 0.480661
vn 0.676703 0.452345 0.580910
vn 0.449766 0.774425 0.444945
vn 0.724644 0.592183 0.352434
vn 0.843119 0.270685 0.464629
vn 0.510803 -0.771783 0.378722
vn 0.693799 -0.543904 0.472030
vn 0.676203 -0.558314 0.480661
vn 0.495140 -0.750720 0.437328
vn -0.698042 0.535602 0.475256
vn -0.328543 0.755914 0.566263
vn -0.340255 0.732444 0.589706
vn -0.793546 0.440821 0.419478
vn -0.836399 0.391002 0.384127
vn -0.698042 0.535602 0.475256
vn -0.793546 0.440821 0.419478
vn -0.927096 0.250817 0.278539
vn -0.958928 0.166819 0.229408
vn -0.836399 0.391002 0.384127
vn -0.927096 0.250817 0.278539
vn -0.997412 -0.007328 0.071519
vn -0.983593 -0.178692 -0.024776
vn -0.958928 0.166819 0.229408
vn -0.997412 -0.007328 0.071519
vn -0.923955 -0.325581 -0.200760
vn -0.758008 -0.562646 -0.329930
vn -0.983593 -0.178692 -0.024776
vn -0.923955 -0.325581 -0.200760
vn -0.667394 -0.594112 -0.449017
vn 0.120302 -0.809977 -0.573991
vn -0.758008 -0.562646 -0.329930
vn -0.667394 -0.594112 -0.449017
vn 0.095843 -0.763779 -0.638322
vn 0.310652 -0.754747 -0.577799
vn 0.120302 -0.809977 -0.573991
vn 0.095843 -0.763779 -0.638322
vn 0.340121 -0.680888 -0.648622
vn 0.703076 -0.537310 -0.465813
vn 0.310652 -0.754747 -0.577799
vn 0.340121 -0.680888 -0.648622
vn 0.779544 -0.413663 -0.470312
vn 0.845942 -0.373034 -0.381088
vn 0.703076 -0.537310 -0.465813
vn 0.779544 -0.413663 -0.470312
vn 0.923060 -0.204752 -0.325634
vn 0.966770 -0.109741 -0.230895
vn 0.845942 -0.373034 -0.381088
vn 0.923060 -0.204752 -0.325634
vn 0.991050 0.076977 -0.109060
vn 0.957812 0.286098 0.027291
vn 0.966770 -0.109741 -0.230895
vn 0.991050 0.076977 -0.109060
vn 0.895304 0.411308 0.171043
vn 0.674826 0.663606 0.322857
vn 0.957812 0.286098 0.027291
vn 0.895304 0.411308 0.171043
vn 0.635107 0.660555 0.400384
vn -0.125264 0.808043 0.575652
vn 0.674826 0.663606 0.322857
vn 0.635107 0.660555 0.400384
vn -0.161812 0.772237 0.614383
vn -0.328543 0.755914 0.566263
vn -0.125264 0.808043 0.575652
vn -0.161812 0.772237 0.614383
vn -0.340255 0.732444 0.589706
vn -0.959186 -0.278119 0.051104
vn -0.963530 -0.254875 0.081543
vn -0.955582 -0.078648 0.284038
vn -0.950475 -0.188439 0.247158
vn -0.963530 -0.254875 0.081543
vn -0.971121 -0.212272 0.108925
vn -0.952791 -0.029270 0.302212
vn -0.955582 -0.078648 0.284038
vn -0.955582 -0.078648 0.284038
vn -0.952791 -0.029270 0.302212
vn -0.870518 0.168414 0.462423
vn -0.878054 0.125333 0.461859
vn -0.950475 -0.188439 0.247158
vn -0.955582 -0.078648 0.284038
vn -0.878054 0.125333 0.461859
vn -0.894527 -0.054751 0.443648
vn -0.886106 -0.414799 -0.206781
vn -0.944014 -0.326326 -0.048472
vn -0.929007 -0.361643 -0.078484
vn -0.863727 -0.444544 -0.237396
vn -0.944014 -0.326326 -0.048472
vn -0.971121 -0.212272 0.108925
vn -0.963530 -0.254875 0.081543
vn -0.929007 -0.361643 -0.078484
vn -0.929007 -0.361643 -0.078484
vn -0.963530 -0.254875 0.081543
vn -0.959186 -0.278119 0.051104
vn -0.942048 -0.319753 -0.101505
vn -0.863727 -0.444544 -0.237396
vn -0.929007 -0.361643 -0.078484
vn -0.942048 -0.319753 -0.101505
vn -0.900180 -0.345221 -0.265517
vn -0.644980 -0.539232 -0.541507
vn -0.773884 -0.496081 -0.393710
vn -0.747363 -0.517200 -0.417077
vn -0.623204 -0.553777 -0.552221
vn -0.773884 -0.496081 -0.393710
vn -0.886106 -0.414799 -0.206781
vn -0.863727 -0.444544 -0.237396
vn -0.747363 -0.517200 -0.417077
vn -0.747363 -0.517200 -0.417077
vn -0.863727 -0.444544 -0.237396
vn -0.900180 -0.345221 -0.265517
vn -0.811486 -0.358438 -0.461534
vn -0.623204 -0.553777 -0.552221
vn -0.747363 -0.517200 -0.417077
vn -0.811486 -0.358438 -0.461534
vn -0.703952 -0.351898 -0.616944
vn -0.402735 -0.556961 -0.726360
vn -0.530143 -0.554714 -0.641280
vn -0.516926 -0.565594 -0.642567
vn -0.401025 -0.565733 -0.720503
vn -0.530143 -0.554714 -0.641280
vn -0.644980 -0.539232 -0.541507
vn -0.623204 -0.553777 -0.552221
vn -0.516926 -0.565594 -0.642567
vn -0.516926 -0.565594 -0.642567
vn -0.623204 -0.553777 -0.552221
vn -0.703952 -0.351898 -0.616944
vn -0.602053 -0.334350 -0.725081
vn -0.401025 -0.565733 -0.720503
vn -0.516926 -0.565594 -0.642567
vn -0.602053 -0.334350 -0.725081
vn -0.485569 -0.313133 -0.816193
vn -0.130844 -0.515235 -0.847002
vn -0.264980 -0.544518 -0.795792
vn -0.271804 -0.553391 -0.787325
vn -0.135208 -0.523491 -0.841235
vn -0.264980 -0.544518 -0.795792
vn -0.402735 -0.556961 -0.726360
vn -0.401025 -0.565733 -0.720503
vn -0.271804 -0.553391 -0.787325
vn -0.271804 -0.553391 -0.787325
vn -0.401025 -0.565733 -0.720503
vn -0.485569 -0.313133 -0.816193
vn -0.343947 -0.287166 -0.894000
vn -0.135208 -0.523491 -0.841235
vn -0.271804 -0.553391 -0.787325
vn -0.343947 -0.287166 -0.894000
vn -0.174426 -0.242390 -0.954370
vn 0.214328 -0.047806 -0.975591
vn 0.173957 -0.378877 -0.908951
vn 0.011099 -0.468846 -0.883210
vn 0.014885 -0.165279 -0.986135
vn 0.173957 -0.378877 -0.908951
vn 0.176094 -0.378339 -0.908763
vn 0.010770 -0.462706 -0.886447
vn 0.011099 -0.468846 -0.883210
vn 0.011099 -0.468846 -0.883210
vn 0.010770 -0.462706 -0.886447
vn -0.130844 -0.515235 -0.847002
vn -0.135208 -0.523491 -0.841235
vn 0.014885 -0.165279 -0.986135
vn 0.011099 -0.468846 -0.883210
vn -0.135208 -0.523491 -0.841235
vn -0.174426 -0.242390 -0.954370
vn 0.517224 -0.106116 -0.849246
vn 0.350548 -0.262016 -0.899146
vn 0.346973 -0.249356 -0.904119
vn 0.519764 -0.072345 -0.851241
vn 0.350548 -0.262016 -0.899146
vn 0.176094 -0.378339 -0.908763
vn 0.173957 -0.378877 -0.908951
vn 0.346973 -0.249356 -0.904119
vn 0.346973 -0.249356 -0.904119
vn 0.173957 -0.378877 -0.908951
vn 0.214328 -0.047806 -0.975591
vn 0.396188 0.093838 -0.913362
vn 0.519764 -0.072345 -0.851241
vn 0.346973 -0.249356 -0.904119
vn 0.396188 0.093838 -0.913362
vn 0.543324 0.240333 -0.804387
vn 0.752111 0.341866 -0.563433
vn 0.668724 0.114945 -0.734572
vn 0.672170 0.170200 -0.720569
vn 0.737840 0.411118 -0.535326
vn 0.668724 0.114945 -0.734572
vn 0.517224 -0.106116 -0.849246
vn 0.519764 -0.072345 -0.851241
vn 0.672170 0.170200 -0.720569
vn 0.672170 0.170200 -0.720569
vn 0.519764 -0.072345 -0.851241
vn 0.543324 0.240333 -0.804387
vn 0.661194 0.401000 -0.634051
vn 0.737840 0.411118 -0.535326
vn 0.672170 0.170200 -0.720569
vn 0.661194 0.401000 -0.634051
vn 0.715677 0.548279 -0.432663
vn 0.728830 0.637841 -0.248930
vn 0.763518 0.504021 -0.403735
vn 0.718932 0.590119 -0.367282
vn 0.648147 0.731272 -0.212479
vn 0.763518 0.504021 -0.403735
vn 0.752111 0.341866 -0.563433
vn 0.737840 0.411118 -0.535326
vn 0.718932 0.590119 -0.367282
vn 0.718932 0.590119 -0.367282
vn 0.737840 0.411118 -0.535326
vn 0.715677 0.548279 -0.432663
vn 0.702187 0.661896 -0.262349
vn 0.648147 0.731272 -0.212479
vn 0.718932 0.590119 -0.367282
vn 0.702187 0.661896 -0.262349
vn 0.644265 0.755422 -0.119415
vn 0.470088 0.875307 0.113378
vn 0.426138 0.902802 0.057929
vn 0.540537 0.838991 -0.062555
vn 0.561330 0.827559 0.007396
vn 0.426138 0.902802 0.057929
vn 0.527492 0.848032 0.050937
vn 0.641699 0.762465 -0.082877
vn 0.540537 0.838991 -0.062555
vn 0.540537 0.838991 -0.062555
vn 0.641699 0.762465 -0.082877
vn 0.728830 0.637841 -0.248930
vn 0.648147 0.731272 -0.212479
vn 0.561330 0.827559 0.007396
vn 0.540537 0.838991 -0.062555
vn 0.648147 0.731272 -0.212479
vn 0.644265 0.755422 -0.119415
vn 0.289282 0.932623 0.215711
vn 0.414692 0.898880 0.141578
vn 0.324043 0.934937 0.144528
vn 0.220074 0.950507 0.219327
vn 0.414692 0.898880 0.141578
vn 0.527492 0.848032 0.050937
vn 0.426138 0.902802 0.057929
vn 0.324043 0.934937 0.144528
vn 0.324043 0.934937 0.144528
vn 0.426138 0.902802 0.057929
vn 0.470088 0.875307 0.113378
vn 0.380655 0.903690 0.196075
vn 0.220074 0.950507 0.219327
vn 0.324043 0.934937 0.144528
vn 0.380655 0.903690 0.196075
vn 0.283440 0.918132 0.276939
vn 0.013635 0.923431 0.383522
vn 0.149120 0.943949 0.294489
vn 0.112291 0.950489 0.289760
vn 0.017880 0.934635 0.355158
vn 0.149120 0.943949 0.294489
vn 0.289282 0.932623 0.215711
vn 0.220074 0.950507 0.219327
vn 0.112291 0.950489 0.289760
vn 0.112291 0.950489 0.289760
vn 0.220074 0.950507 0.219327
vn 0.283440 0.918132 0.276939
vn 0.182545 0.915541 0.358417
vn 0.017880 0.934635 0.355158
vn 0.112291 0.950489 0.289760
vn 0.182545 0.915541 0.358417
vn 0.102778 0.899524 0.424610
vn -0.170549 0.850107 0.498228
vn -0.089822 0.887133 0.452689
vn -0.059510 0.905987 0.419102
vn -0.126383 0.868111 0.480010
vn -0.089822 0.887133 0.452689
vn 0.013635 0.923431 0.383522
vn 0.017880 0.934635 0.355158
vn -0.059510 0.905987 0.419102
vn -0.059510 0.905987 0.419102
vn 0.017880 0.934635 0.355158
vn 0.102778 0.899524 0.424610
vn 0.033811 0.870128 0.491665
vn -0.126383 0.868111 0.480010
vn -0.059510 0.905987 0.419102
vn 0.033811 0.870128 0.491665
vn -0.043371 0.821666 0.568317
vn -0.279822 0.637640 0.717715
vn -0.310775 0.740297 0.596137
vn -0.201383 0.817303 0.539871
vn -0.138299 0.749068 0.647897
vn -0.310775 0.740297 0.596137
vn -0.362102 0.728758 0.581201
vn -0.256329 0.802085 0.539403
vn -0.201383 0.817303 0.539871
vn -0.201383 0.817303 0.539871
vn -0.256329 0.802085 0.539403
vn -0.170549 0.850107 0.498228
vn -0.126383 0.868111 0.480010
vn -0.138299 0.749068 0.647897
vn -0.201383 0.817303 0.539871
vn -0.126383 0.868111 0.480010
vn -0.043371 0.821666 0.568317
vn -0.643812 0.478399 0.597194
vn -0.499140 0.619241 0.606135
vn -0.465267 0.620020 0.631745
vn -0.621866 0.471285 0.625438
vn -0.499140 0.619241 0.606135
vn -0.362102 0.728758 0.581201
vn -0.310775 0.740297 0.596137
vn -0.465267 0.620020 0.631745
vn -0.465267 0.620020 0.631745
vn -0.310775 0.740297 0.596137
vn -0.279822 0.637640 0.717715
vn -0.476703 0.466435 0.745112
vn -0.621866 0.471285 0.625438
vn -0.465267 0.620020 0.631745
vn -0.476703 0.466435 0.745112
vn -0.655370 0.277964 0.702301
vn -0.870518 0.168414 0.462423
vn -0.765350 0.330024 0.552561
vn -0.760671 0.307416 0.571730
vn -0.878054 0.125333 0.461859
vn -0.765350 0.330024 0.552561
vn -0.643812 0.478399 0.597194
vn -0.621866 0.471285 0.625438
vn -0.760671 0.307416 0.571730
vn -0.760671 0.307416 0.571730
vn -0.621866 0.471285 0.625438
vn -0.655370 0.277964 0.702301
vn -0.795173 0.101542 0.597820
vn -0.878054 0.125333 0.461859
vn -0.760671 0.307416 0.571730
vn -0.795173 0.101542 0.597820
vn -0.894527 -0.054751 0.443648
vn -0.971121 -0.212272 0.108925
vn -0.973962 -0.183401 0.133272
vn -0.948006 -0.010386 0.318084
vn -0.952791 -0.029270 0.302212
vn -0.973962 -0.183401 0.133272
vn -0.970657 -0.193741 0.142443
vn -0.948996 -0.018213 0.314762
vn -0.948006 -0.010386 0.318084
vn -0.948006 -0.010386 0.318084
vn -0.948996 -0.018213 0.314762
vn -0.873452 0.187766 0.449250
vn -0.865833 0.177562 0.467765
vn -0.952791 -0.029270 0.302212
vn -0.948006 -0.010386 0.318084
vn -0.865833 0.177562 0.467765
vn -0.870518 0.168414 0.462423
vn -0.939963 -0.318978 -0.121339
vn -0.961270 -0.275260 0.013837
vn -0.958868 -0.283423 -0.015594
vn -0.918989 -0.355727 -0.170050
vn -0.961270 -0.275260 0.013837
vn -0.970657 -0.193741 0.142443
vn -0.973962 -0.183401 0.133272
vn -0.958868 -0.283423 -0.015594
vn -0.958868 -0.283423 -0.015594
vn -0.973962 -0.183401 0.133272
vn -0.971121 -0.212272 0.108925
vn -0.944014 -0.326326 -0.048472
vn -0.918989 -0.355727 -0.170050
vn -0.958868 -0.283423 -0.015594
vn -0.944014 -0.326326 -0.048472
vn -0.886106 -0.414799 -0.206781
vn -0.773953 -0.365889 -0.516839
vn -0.880561 -0.354085 -0.315018
vn -0.827929 -0.423635 -0.367514
vn -0.704631 -0.458827 -0.541270
vn -0.880561 -0.354085 -0.315018
vn -0.939963 -0.318978 -0.121339
vn -0.918989 -0.355727 -0.170050
vn -0.827929 -0.423635 -0.367514
vn -0.827929 -0.423635 -0.367514
vn -0.918989 -0.355727 -0.170050
vn -0.886106 -0.414799 -0.206781
vn -0.773884 -0.496081 -0.393710
vn -0.704631 -0.458827 -0.541270
vn -0.827929 -0.423635 -0.367514
vn -0.773884 -0.496081 -0.393710
vn -0.644980 -0.539232 -0.541507
vn -0.469636 -0.349509 -0.810732
vn -0.640614 -0.360471 -0.677993
vn -0.581212 -0.467048 -0.666378
vn -0.434929 -0.462894 -0.772377
vn -0.640614 -0.360471 -0.677993
vn -0.773953 -0.365889 -0.516839
vn -0.704631 -0.458827 -0.541270
vn -0.581212 -0.467048 -0.666378
vn -0.581212 -0.467048 -0.666378
vn -0.704631 -0.458827 -0.541270
vn -0.644980 -0.539232 -0.541507
vn -0.530143 -0.554714 -0.641280
vn -0.434929 -0.462894 -0.772377
vn -0.581212 -0.467048 -0.666378
vn -0.530143 -0.554714 -0.641280
vn -0.402735 -0.556961 -0.726360
vn -0.079813 -0.335396 -0.938690
vn -0.265507 -0.338117 -0.902875
vn -0.274923 -0.446733 -0.851379
vn -0.129073 -0.420013 -0.898292
vn -0.265507 -0.338117 -0.902875
vn -0.469636 -0.349509 -0.810732
vn -0.434929 -0.462894 -0.772377
vn -0.274923 -0.446733 -0.851379
vn -0.274923 -0.446733 -0.851379
vn -0.434929 -0.462894 -0.772377
vn -0.402735 -0.556961 -0.726360
vn -0.264980 -0.544518 -0.795792
vn -0.129073 -0.420013 -0.898292
vn -0.274923 -0.446733 -0.851379
vn -0.264980 -0.544518 -0.795792
vn -0.130844 -0.515235 -0.847002
vn 0.176094 -0.378339 -0.908763
vn 0.197991 -0.287840 -0.936989
vn 0.019376 -0.373368 -0.927481
vn 0.010770 -0.462706 -0.886447
vn 0.197991 -0.287840 -0.936989
vn 0.206207 -0.239527 -0.948739
vn 0.068302 -0.320363 -0.944829
vn 0.019376 -0.373368 -0.927481
vn 0.019376 -0.373368 -0.927481
vn 0.068302 -0.320363 -0.944829
vn -0.079813 -0.335396 -0.938690
vn -0.129073 -0.420013 -0.898292
vn 0.010770 -0.462706 -0.886447
vn 0.019376 -0.373368 -0.927481
vn -0.129073 -0.420013 -0.898292
vn -0.130844 -0.515235 -0.847002
vn 0.517415 0.241571 -0.820929
vn 0.393446 0.041190 -0.918425
vn 0.379800 -0.165896 -0.910072
vn 0.531989 -0.024367 -0.846400
vn 0.393446 0.041190 -0.918425
vn 0.206207 -0.239527 -0.948739
vn 0.197991 -0.287840 -0.936989
vn 0.379800 -0.165896 -0.910072
vn 0.379800 -0.165896 -0.910072
vn 0.197991 -0.287840 -0.936989
vn 0.176094 -0.378339 -0.908763
vn 0.350548 -0.262016 -0.899146
vn 0.531989 -0.024367 -0.846400
vn 0.379800 -0.165896 -0.910072
vn 0.350548 -0.262016 -0.899146
vn 0.517224 -0.106116 -0.849246
vn 0.701552 0.581348 -0.412140
vn 0.625777 0.431162 -0.650002
vn 0.671256 0.172971 -0.720761
vn 0.759209 0.375836 -0.531366
vn 0.625777 0.431162 -0.650002
vn 0.517415 0.241571 -0.820929
vn 0.531989 -0.024367 -0.846400
vn 0.671256 0.172971 -0.720761
vn 0.671256 0.172971 -0.720761
vn 0.531989 -0.024367 -0.846400
vn 0.517224 -0.106116 -0.849246
vn 0.668724 0.114945 -0.734572
vn 0.759209 0.375836 -0.531366
vn 0.671256 0.172971 -0.720761
vn 0.668724 0.114945 -0.734572
vn 0.752111 0.341866 -0.563433
vn 0.692387 0.654251 -0.304231
vn 0.732755 0.613675 -0.294062
vn 0.782187 0.501288 -0.369991
vn 0.764266 0.604425 -0.224874
vn 0.732755 0.613675 -0.294062
vn 0.701552 0.581348 -0.412140
vn 0.759209 0.375836 -0.531366
vn 0.782187 0.501288 -0.369991
vn 0.782187 0.501288 -0.369991
vn 0.759209 0.375836 -0.531366
vn 0.752111 0.341866 -0.563433
vn 0.763518 0.504021 -0.403735
vn 0.764266 0.604425 -0.224874
vn 0.782187 0.501288 -0.369991
vn 0.763518 0.504021 -0.403735
vn 0.728830 0.637841 -0.248930
vn 0.527492 0.848032 0.050937
vn 0.617543 0.784025 0.062811
vn 0.700002 0.711764 -0.058215
vn 0.641699 0.762465 -0.082877
vn 0.617543 0.784025 0.062811
vn 0.546176 0.836082 -0.051566
vn 0.627762 0.761491 -0.161388
vn 0.700002 0.711764 -0.058215
vn 0.700002 0.711764 -0.058215
vn 0.627762 0.761491 -0.161388
vn 0.692387 0.654251 -0.304231
vn 0.764266 0.604425 -0.224874
vn 0.641699 0.762465 -0.082877
vn 0.700002 0.711764 -0.058215
vn 0.764266 0.604425 -0.224874
vn 0.728830 0.637841 -0.248930
vn 0.350581 0.930988 0.101761
vn 0.457298 0.889080 0.020386
vn 0.523946 0.840478 0.138122
vn 0.396681 0.895363 0.202410
vn 0.457298 0.889080 0.020386
vn 0.546176 0.836082 -0.051566
vn 0.617543 0.784025 0.062811
vn 0.523946 0.840478 0.138122
vn 0.523946 0.840478 0.138122
vn 0.617543 0.784025 0.062811
vn 0.527492 0.848032 0.050937
vn 0.414692 0.898880 0.141578
vn 0.396681 0.895363 0.202410
vn 0.523946 0.840478 0.138122
vn 0.414692 0.898880 0.141578
vn 0.289282 0.932623 0.215711
vn 0.045091 0.891223 0.451319
vn 0.209779 0.948625 0.236863
vn 0.227535 0.928078 0.294787
vn 0.044712 0.905269 0.422480
vn 0.209779 0.948625 0.236863
vn 0.350581 0.930988 0.101761
vn 0.396681 0.895363 0.202410
vn 0.227535 0.928078 0.294787
vn 0.227535 0.928078 0.294787
vn 0.396681 0.895363 0.202410
vn 0.289282 0.932623 0.215711
vn 0.149120 0.943949 0.294489
vn 0.044712 0.905269 0.422480
vn 0.227535 0.928078 0.294787
vn 0.149120 0.943949 0.294489
vn 0.013635 0.923431 0.383522
vn 0.117447 0.962954 0.242745
vn -0.021929 0.865062 0.501185
vn -0.066143 0.877372 0.475230
vn -0.135580 0.876515 0.461886
vn -0.021929 0.865062 0.501185
vn 0.045091 0.891223 0.451319
vn 0.044712 0.905269 0.422480
vn -0.066143 0.877372 0.475230
vn -0.066143 0.877372 0.475230
vn 0.044712 0.905269 0.422480
vn 0.013635 0.923431 0.383522
vn -0.089822 0.887133 0.452689
vn -0.135580 0.876515 0.461886
vn -0.066143 0.877372 0.475230
vn -0.089822 0.887133 0.452689
vn -0.170549 0.850107 0.498228
vn -0.362102 0.728758 0.581201
vn -0.385649 0.776366 0.498529
vn -0.250606 0.850958 0.461591
vn -0.256329 0.802085 0.539403
vn -0.385649 0.776366 0.498529
vn -0.329325 0.940472 0.084004
vn -0.103018 0.992610 0.064128
vn -0.250606 0.850958 0.461591
vn -0.250606 0.850958 0.461591
vn -0.103018 0.992610 0.064128
vn 0.117447 0.962954 0.242745
vn -0.135580 0.876515 0.461886
vn -0.256329 0.802085 0.539403
vn -0.250606 0.850958 0.461591
vn -0.135580 0.876515 0.461886
vn -0.170549 0.850107 0.498228
vn -0.821864 0.491484 0.288068
vn -0.564591 0.809373 0.161714
vn -0.537307 0.653341 0.533335
vn -0.684501 0.476908 0.551378
vn -0.564591 0.809373 0.161714
vn -0.329325 0.940472 0.084004
vn -0.385649 0.776366 0.498529
vn -0.537307 0.653341 0.533335
vn -0.537307 0.653341 0.533335
vn -0.385649 0.776366 0.498529
vn -0.362102 0.728758 0.581201
vn -0.499140 0.619241 0.606135
vn -0.684501 0.476908 0.551378
vn -0.537307 0.653341 0.533335
vn -0.499140 0.619241 0.606135
vn -0.643812 0.478399 0.597194
vn -0.873452 0.187766 0.449250
vn -0.808150 0.351271 0.472761
vn -0.775261 0.328624 0.539423
vn -0.865833 0.177562 0.467765
vn -0.808150 0.351271 0.472761
vn -0.821864 0.491484 0.288068
vn -0.684501 0.476908 0.551378
vn -0.775261 0.328624 0.539423
vn -0.775261 0.328624 0.539423
vn -0.684501 0.476908 0.551378
vn -0.643812 0.478399 0.597194
vn -0.765350 0.330024 0.552561
vn -0.865833 0.177562 0.467765
vn -0.775261 0.328624 0.539423
vn -0.765350 0.330024 0.552561
vn -0.870518 0.168414 0.462423
vn 0.563548 -0.760108 -0.323496
vn 0.856177 -0.513302 0.059006
vn 0.946980 -0.317741 -0.047650
vn 0.703469 -0.550277 -0.449807
vn 0.856177 -0.513302 0.059006
vn 0.936076 -0.319170 0.147958
vn 0.986873 -0.155254 0.044481
vn 0.946980 -0.317741 -0.047650
vn 0.946980 -0.317741 -0.047650
vn 0.986873 -0.155254 0.044481
vn 0.988233 0.130704 -0.079451
vn 0.984620 0.095139 -0.146534
vn 0.703469 -0.550277 -0.449807
vn 0.946980 -0.317741 -0.047650
vn 0.984620 0.095139 -0.146534
vn 0.859849 -0.143977 -0.489827
vn 0.793485 -0.524099 0.309356
vn 0.881067 -0.414558 0.227736
vn 0.787042 -0.604091 0.125054
vn 0.690365 -0.697634 0.191581
vn 0.881067 -0.414558 0.227736
vn 0.936076 -0.319170 0.147958
vn 0.856177 -0.513302 0.059006
vn 0.787042 -0.604091 0.125054
vn 0.787042 -0.604091 0.125054
vn 0.856177 -0.513302 0.059006
vn 0.563548 -0.760108 -0.323496
vn 0.442784 -0.862825 -0.243877
vn 0.690365 -0.697634 0.191581
vn 0.787042 -0.604091 0.125054
vn 0.442784 -0.862825 -0.243877
vn 0.314066 -0.937420 -0.150356
vn 0.512987 -0.733259 0.446291
vn 0.664291 -0.640054 0.386068
vn 0.563609 -0.784562 0.258472
vn 0.416775 -0.849566 0.323321
vn 0.664291 -0.640054 0.386068
vn 0.793485 -0.524099 0.309356
vn 0.690365 -0.697634 0.191581
vn 0.563609 -0.784562 0.258472
vn 0.563609 -0.784562 0.258472
vn 0.690365 -0.697634 0.191581
vn 0.314066 -0.937420 -0.150356
vn 0.181696 -0.982445 -0.042286
vn 0.416775 -0.849566 0.323321
vn 0.563609 -0.784562 0.258472
vn 0.181696 -0.982445 -0.042286
vn 0.049490 -0.995725 0.077994
vn 0.224989 -0.831122 0.508542
vn 0.344793 -0.798473 0.493516
vn 0.243130 -0.888227 0.389797
vn 0.189107 -0.877545 0.440628
vn 0.344793 -0.798473 0.493516
vn 0.512987 -0.733259 0.446291
vn 0.416775 -0.849566 0.323321
vn 0.243130 -0.888227 0.389797
vn 0.243130 -0.888227 0.389797
vn 0.416775 -0.849566 0.323321
vn 0.049490 -0.995725 0.077994
vn -0.076314 -0.972484 0.220118
vn 0.189107 -0.877545 0.440628
vn 0.243130 -0.888227 0.389797
vn -0.076314 -0.972484 0.220118
vn -0.074249 -0.902269 0.424733
vn -0.030271 -0.784842 0.618957
vn -0.023745 -0.865494 0.500356
vn 0.164236 -0.866620 0.471166
vn 0.106889 -0.835671 0.538729
vn -0.023745 -0.865494 0.500356
vn -0.090099 -0.852715 0.514548
vn 0.121168 -0.852795 0.507995
vn 0.164236 -0.866620 0.471166
vn 0.164236 -0.866620 0.471166
vn 0.121168 -0.852795 0.507995
vn 0.224989 -0.831122 0.508542
vn 0.189107 -0.877545 0.440628
vn 0.106889 -0.835671 0.538729
vn 0.164236 -0.866620 0.471166
vn 0.189107 -0.877545 0.440628
vn -0.074249 -0.902269 0.424733
vn -0.625091 -0.618525 0.476118
vn -0.407046 -0.759764 0.507023
vn -0.377902 -0.774190 0.507759
vn -0.620817 -0.621100 0.478352
vn -0.407046 -0.759764 0.507023
vn -0.090099 -0.852715 0.514548
vn -0.023745 -0.865494 0.500356
vn -0.377902 -0.774190 0.507759
vn -0.377902 -0.774190 0.507759
vn -0.023745 -0.865494 0.500356
vn -0.030271 -0.784842 0.618957
vn -0.393721 -0.669831 0.629532
vn -0.620817 -0.621100 0.478352
vn -0.377902 -0.774190 0.507759
vn -0.393721 -0.669831 0.629532
vn -0.642815 -0.506968 0.574257
vn -0.879966 -0.291353 0.375197
vn -0.766654 -0.471678 0.435617
vn -0.762165 -0.475626 0.439187
vn -0.876600 -0.295103 0.380115
vn -0.766654 -0.471678 0.435617
vn -0.625091 -0.618525 0.476118
vn -0.620817 -0.621100 0.478352
vn -0.762165 -0.475626 0.439187
vn -0.762165 -0.475626 0.439187
vn -0.620817 -0.621100 0.478352
vn -0.642815 -0.506968 0.574257
vn -0.773693 -0.376321 0.509688
vn -0.876600 -0.295103 0.380115
vn -0.762165 -0.475626 0.439187
vn -0.773693 -0.376321 0.509688
vn -0.876801 -0.221696 0.426698
vn -0.966166 0.150972 0.209119
vn -0.967654 0.149177 0.203452
vn -0.951695 -0.075937 0.297506
vn -0.945566 -0.040244 0.322932
vn -0.967654 0.149177 0.203452
vn -0.968789 0.145460 0.200720
vn -0.953501 -0.073663 0.292250
vn -0.951695 -0.075937 0.297506
vn -0.951695 -0.075937 0.297506
vn -0.953501 -0.073663 0.292250
vn -0.879966 -0.291353 0.375197
vn -0.876600 -0.295103 0.380115
vn -0.945566 -0.040244 0.322932
vn -0.951695 -0.075937 0.297506
vn -0.876600 -0.295103 0.380115
vn -0.876801 -0.221696 0.426698
vn -0.880477 0.470060 0.061682
vn -0.941300 0.311935 0.129036
vn -0.937779 0.322672 0.128269
vn -0.871937 0.486128 0.058351
vn -0.941300 0.311935 0.129036
vn -0.968789 0.145460 0.200720
vn -0.967654 0.149177 0.203452
vn -0.937779 0.322672 0.128269
vn -0.937779 0.322672 0.128269
vn -0.967654 0.149177 0.203452
vn -0.966166 0.150972 0.209119
vn -0.944455 0.307092 0.117046
vn -0.871937 0.486128 0.058351
vn -0.937779 0.322672 0.128269
vn -0.944455 0.307092 0.117046
vn -0.887962 0.458905 0.030500
vn -0.641268 0.763993 -0.071345
vn -0.767012 0.641468 -0.014536
vn -0.748825 0.662489 -0.019204
vn -0.613975 0.785939 -0.073042
vn -0.767012 0.641468 -0.014536
vn -0.880477 0.470060 0.061682
vn -0.871937 0.486128 0.058351
vn -0.748825 0.662489 -0.019204
vn -0.748825 0.662489 -0.019204
vn -0.871937 0.486128 0.058351
vn -0.887962 0.458905 0.030500
vn -0.770957 0.632950 -0.070709
vn -0.613975 0.785939 -0.073042
vn -0.748825 0.662489 -0.019204
vn -0.770957 0.632950 -0.070709
vn -0.632964 0.760659 -0.144064
vn -0.403893 0.903903 -0.140817
vn -0.529883 0.841215 -0.107617
vn -0.499252 0.860461 -0.101757
vn -0.376531 0.917884 -0.125355
vn -0.529883 0.841215 -0.107617
vn -0.641268 0.763993 -0.071345
vn -0.613975 0.785939 -0.073042
vn -0.499252 0.860461 -0.101757
vn -0.499252 0.860461 -0.101757
vn -0.613975 0.785939 -0.073042
vn -0.632964 0.760659 -0.144064
vn -0.514054 0.838363 -0.181373
vn -0.376531 0.917884 -0.125355
vn -0.499252 0.860461 -0.101757
vn -0.514054 0.838363 -0.181373
vn -0.389087 0.897189 -0.208959
vn -0.127230 0.972337 -0.195891
vn -0.264720 0.948980 -0.171346
vn -0.245673 0.958038 -0.147675
vn -0.117466 0.978910 -0.167146
vn -0.264720 0.948980 -0.171346
vn -0.403893 0.903903 -0.140817
vn -0.376531 0.917884 -0.125355
vn -0.245673 0.958038 -0.147675
vn -0.245673 0.958038 -0.147675
vn -0.376531 0.917884 -0.125355
vn -0.389087 0.897189 -0.208959
vn -0.256053 0.937881 -0.234130
vn -0.117466 0.978910 -0.167146
vn -0.245673 0.958038 -0.147675
vn -0.256053 0.937881 -0.234130
vn -0.122491 0.958787 -0.256366
vn 0.165489 0.939946 -0.298523
vn 0.159973 0.966132 -0.202477
vn 0.014717 0.982617 -0.185062
vn 0.015788 0.960577 -0.277567
vn 0.159973 0.966132 -0.202477
vn 0.170096 0.958207 -0.230015
vn 0.014784 0.976402 -0.215454
vn 0.014717 0.982617 -0.185062
vn 0.014717 0.982617 -0.185062
vn 0.014784 0.976402 -0.215454
vn -0.127230 0.972337 -0.195891
vn -0.117466 0.978910 -0.167146
vn 0.015788 0.960577 -0.277567
vn 0.014717 0.982617 -0.185062
vn -0.117466 0.978910 -0.167146
vn -0.122491 0.958787 -0.256366
vn 0.487932 0.840314 -0.236209
vn 0.327971 0.914423 -0.237203
vn 0.309775 0.925535 -0.217770
vn 0.465785 0.855102 -0.227694
vn 0.327971 0.914423 -0.237203
vn 0.170096 0.958207 -0.230015
vn 0.159973 0.966132 -0.202477
vn 0.309775 0.925535 -0.217770
vn 0.309775 0.925535 -0.217770
vn 0.159973 0.966132 -0.202477
vn 0.165489 0.939946 -0.298523
vn 0.320019 0.892656 -0.317416
vn 0.465785 0.855102 -0.227694
vn 0.309775 0.925535 -0.217770
vn 0.320019 0.892656 -0.317416
vn 0.482707 0.812425 -0.327047
vn 0.807497 0.555790 -0.197604
vn 0.661790 0.715639 -0.223372
vn 0.641187 0.733664 -0.224981
vn 0.792237 0.573697 -0.207923
vn 0.661790 0.715639 -0.223372
vn 0.487932 0.840314 -0.236209
vn 0.465785 0.855102 -0.227694
vn 0.641187 0.733664 -0.224981
vn 0.641187 0.733664 -0.224981
vn 0.465785 0.855102 -0.227694
vn 0.482707 0.812425 -0.327047
vn 0.665397 0.678288 -0.311723
vn 0.792237 0.573697 -0.207923
vn 0.641187 0.733664 -0.224981
vn 0.665397 0.678288 -0.311723
vn 0.819679 0.499320 -0.280725
vn 0.988233 0.130704 -0.079451
vn 0.910826 0.380885 -0.159133
vn 0.906424 0.381450 -0.181363
vn 0.984620 0.095139 -0.146534
vn 0.910826 0.380885 -0.159133
vn 0.807497 0.555790 -0.197604
vn 0.792237 0.573697 -0.207923
vn 0.906424 0.381450 -0.181363
vn 0.906424 0.381450 -0.181363
vn 0.792237 0.573697 -0.207923
vn 0.819679 0.499320 -0.280725
vn 0.910246 0.287130 -0.298344
vn 0.984620 0.095139 -0.146534
vn 0.906424 0.381450 -0.181363
vn 0.910246 0.287130 -0.298344
vn 0.859849 -0.143977 -0.489827
vn 0.968192 0.091138 0.233018
vn 0.895085 0.341511 0.286692
vn 0.896362 0.416411 0.152107
vn 0.969201 0.220766 0.109140
vn 0.895085 0.341511 0.286692
vn 0.810668 0.518144 0.272660
vn 0.824296 0.549384 0.136797
vn 0.896362 0.416411 0.152107
vn 0.896362 0.416411 0.152107
vn 0.824296 0.549384 0.136797
vn 0.817374 0.576102 0.002396
vn 0.875335 0.483122 0.019528
vn 0.969201 0.220766 0.109140
vn 0.896362 0.416411 0.152107
vn 0.875335 0.483122 0.019528
vn 0.935257 0.353773 -0.011783
vn 0.726971 0.407749 0.552497
vn 0.779659 0.480196 0.401924
vn 0.873231 0.257454 0.413746
vn 0.819308 0.129975 0.558427
vn 0.779659 0.480196 0.401924
vn 0.810668 0.518144 0.272660
vn 0.895085 0.341511 0.286692
vn 0.873231 0.257454 0.413746
vn 0.873231 0.257454 0.413746
vn 0.895085 0.341511 0.286692
vn 0.968192 0.091138 0.233018
vn 0.938040 -0.036060 0.344647
vn 0.819308 0.129975 0.558427
vn 0.873231 0.257454 0.413746
vn 0.938040 -0.036060 0.344647
vn 0.861716 -0.201188 0.465800
vn 0.496401 0.114403 0.860522
vn 0.632367 0.274857 0.724269
vn 0.699836 -0.060774 0.711713
vn 0.527736 -0.252384 0.811047
vn 0.632367 0.274857 0.724269
vn 0.726971 0.407749 0.552497
vn 0.819308 0.129975 0.558427
vn 0.699836 -0.060774 0.711713
vn 0.699836 -0.060774 0.711713
vn 0.819308 0.129975 0.558427
vn 0.861716 -0.201188 0.465800
vn 0.709650 -0.396766 0.582214
vn 0.527736 -0.252384 0.811047
vn 0.699836 -0.060774 0.711713
vn 0.709650 -0.396766 0.582214
vn 0.520987 -0.551734 0.651277
vn 0.121056 -0.221728 0.967565
vn 0.321718 -0.056025 0.945177
vn 0.327775 -0.411300 0.850527
vn 0.123747 -0.523287 0.843124
vn 0.321718 -0.056025 0.945177
vn 0.496401 0.114403 0.860522
vn 0.527736 -0.252384 0.811047
vn 0.327775 -0.411300 0.850527
vn 0.327775 -0.411300 0.850527
vn 0.527736 -0.252384 0.811047
vn 0.520987 -0.551734 0.651277
vn 0.322107 -0.655221 0.683324
vn 0.123747 -0.523287 0.843124
vn 0.327775 -0.411300 0.850527
vn 0.322107 -0.655221 0.683324
vn 0.136978 -0.711973 0.688718
vn -0.237141 -0.726700 0.644726
vn -0.269808 -0.611623 0.743721
vn -0.061141 -0.587043 0.807244
vn -0.027680 -0.737011 0.675314
vn -0.269808 -0.611623 0.743721
vn -0.283748 -0.447735 0.847951
vn -0.072238 -0.353109 0.932789
vn -0.061141 -0.587043 0.807244
vn -0.061141 -0.587043 0.807244
vn -0.072238 -0.353109 0.932789
vn 0.121056 -0.221728 0.967565
vn 0.123747 -0.523287 0.843124
vn -0.027680 -0.737011 0.675314
vn -0.061141 -0.587043 0.807244
vn 0.123747 -0.523287 0.843124
vn 0.136978 -0.711973 0.688718
vn -0.644449 -0.471507 0.601968
vn -0.492022 -0.485461 0.722663
vn -0.484820 -0.583226 0.651764
vn -0.646097 -0.519465 0.559209
vn -0.492022 -0.485461 0.722663
vn -0.283748 -0.447735 0.847951
vn -0.269808 -0.611623 0.743721
vn -0.484820 -0.583226 0.651764
vn -0.484820 -0.583226 0.651764
vn -0.269808 -0.611623 0.743721
vn -0.237141 -0.726700 0.644726
vn -0.472474 -0.655375 0.589281
vn -0.646097 -0.519465 0.559209
vn -0.484820 -0.583226 0.651764
vn -0.472474 -0.655375 0.589281
vn -0.646688 -0.552758 0.525598
vn -0.862112 -0.359808 0.356794
vn -0.763520 -0.427418 0.484099
vn -0.772690 -0.434152 0.463100
vn -0.875844 -0.328475 0.353555
vn -0.763520 -0.427418 0.484099
vn -0.644449 -0.471507 0.601968
vn -0.646097 -0.519465 0.559209
vn -0.772690 -0.434152 0.463100
vn -0.772690 -0.434152 0.463100
vn -0.646097 -0.519465 0.559209
vn -0.646688 -0.552758 0.525598
vn -0.779291 -0.432706 0.453289
vn -0.875844 -0.328475 0.353555
vn -0.772690 -0.434152 0.463100
vn -0.779291 -0.432706 0.453289
vn -0.884566 -0.291510 0.364095
vn -0.989336 0.040344 0.139952
vn -0.994028 -0.064511 0.088017
vn -0.953976 -0.199421 0.223968
vn -0.958769 -0.125489 0.254979
vn -0.994028 -0.064511 0.088017
vn -0.985251 -0.160586 0.059097
vn -0.940319 -0.267228 0.210688
vn -0.953976 -0.199421 0.223968
vn -0.953976 -0.199421 0.223968
vn -0.940319 -0.267228 0.210688
vn -0.862112 -0.359808 0.356794
vn -0.875844 -0.328475 0.353555
vn -0.958769 -0.125489 0.254979
vn -0.953976 -0.199421 0.223968
vn -0.875844 -0.328475 0.353555
vn -0.884566 -0.291510 0.364095
vn -0.977081 0.041052 -0.208872
vn -0.995508 -0.065804 -0.068070
vn -0.998636 0.044985 -0.026503
vn -0.974915 0.162353 -0.152257
vn -0.995508 -0.065804 -0.068070
vn -0.985251 -0.160586 0.059097
vn -0.994028 -0.064511 0.088017
vn -0.998636 0.044985 -0.026503
vn -0.998636 0.044985 -0.026503
vn -0.994028 -0.064511 0.088017
vn -0.989336 0.040344 0.139952
vn -0.984754 0.168319 0.043903
vn -0.974915 0.162353 -0.152257
vn -0.998636 0.044985 -0.026503
vn -0.984754 0.168319 0.043903
vn -0.952241 0.299637 -0.058782
vn -0.786016 0.301932 -0.539459
vn -0.902842 0.181941 -0.389581
vn -0.897584 0.311558 -0.311890
vn -0.783051 0.432718 -0.446750
vn -0.902842 0.181941 -0.389581
vn -0.977081 0.041052 -0.208872
vn -0.974915 0.162353 -0.152257
vn -0.897584 0.311558 -0.311890
vn -0.897584 0.311558 -0.311890
vn -0.974915 0.162353 -0.152257
vn -0.952241 0.299637 -0.058782
vn -0.868304 0.459917 -0.185808
vn -0.783051 0.432718 -0.446750
vn -0.897584 0.311558 -0.311890
vn -0.868304 0.459917 -0.185808
vn -0.755490 0.585579 -0.293823
vn -0.559227 0.439376 -0.703003
vn -0.672800 0.379600 -0.635015
vn -0.670323 0.510658 -0.538419
vn -0.547885 0.576474 -0.606217
vn -0.672800 0.379600 -0.635015
vn -0.786016 0.301932 -0.539459
vn -0.783051 0.432718 -0.446750
vn -0.670323 0.510658 -0.538419
vn -0.670323 0.510658 -0.538419
vn -0.783051 0.432718 -0.446750
vn -0.755490 0.585579 -0.293823
vn -0.644644 0.667075 -0.373422
vn -0.547885 0.576474 -0.606217
vn -0.670323 0.510658 -0.538419
vn -0.644644 0.667075 -0.373422
vn -0.513154 0.736950 -0.439975
vn -0.217950 0.565535 -0.795404
vn -0.418610 0.498910 -0.758851
vn -0.398781 0.642181 -0.654658
vn -0.204853 0.704437 -0.679561
vn -0.418610 0.498910 -0.758851
vn -0.559227 0.439376 -0.703003
vn -0.547885 0.576474 -0.606217
vn -0.398781 0.642181 -0.654658
vn -0.398781 0.642181 -0.654658
vn -0.547885 0.576474 -0.606217
vn -0.513154 0.736950 -0.439975
vn -0.355246 0.796869 -0.488672
vn -0.204853 0.704437 -0.679561
vn -0.398781 0.642181 -0.654658
vn -0.355246 0.796869 -0.488672
vn -0.176906 0.839105 -0.514400
vn 0.206396 0.842819 -0.497049
vn 0.234770 0.746782 -0.622254
vn 0.016703 0.743027 -0.669053
vn 0.013576 0.855955 -0.516873
vn 0.234770 0.746782 -0.622254
vn 0.249679 0.653153 -0.714879
vn 0.019865 0.621700 -0.783003
vn 0.016703 0.743027 -0.669053
vn 0.016703 0.743027 -0.669053
vn 0.019865 0.621700 -0.783003
vn -0.217950 0.565535 -0.795404
vn -0.204853 0.704437 -0.679561
vn 0.013576 0.855955 -0.516873
vn 0.016703 0.743027 -0.669053
vn -0.204853 0.704437 -0.679561
vn -0.176906 0.839105 -0.514400
vn 0.541257 0.660028 -0.520964
vn 0.425253 0.661774 -0.617426
vn 0.413849 0.723815 -0.552106
vn 0.546619 0.691555 -0.472186
vn 0.425253 0.661774 -0.617426
vn 0.249679 0.653153 -0.714879
vn 0.234770 0.746782 -0.622254
vn 0.413849 0.723815 -0.552106
vn 0.413849 0.723815 -0.552106
vn 0.234770 0.746782 -0.622254
vn 0.206396 0.842819 -0.497049
vn 0.380892 0.803868 -0.456856
vn 0.546619 0.691555 -0.472186
vn 0.413849 0.723815 -0.552106
vn 0.380892 0.803868 -0.456856
vn 0.531857 0.747289 -0.398355
vn 0.737141 0.624465 -0.258200
vn 0.645943 0.648794 -0.402274
vn 0.669643 0.648540 -0.361902
vn 0.772521 0.593031 -0.226995
vn 0.645943 0.648794 -0.402274
vn 0.541257 0.660028 -0.520964
vn 0.546619 0.691555 -0.472186
vn 0.669643 0.648540 -0.361902
vn 0.669643 0.648540 -0.361902
vn 0.546619 0.691555 -0.472186
vn 0.531857 0.747289 -0.398355
vn 0.679371 0.664910 -0.310402
vn 0.772521 0.593031 -0.226995
vn 0.669643 0.648540 -0.361902
vn 0.679371 0.664910 -0.310402
vn 0.799171 0.564666 -0.206102
vn 0.817374 0.576102 0.002396
vn 0.790921 0.599134 -0.124431
vn 0.836151 0.538903 -0.102150
vn 0.875335 0.483122 0.019528
vn 0.790921 0.599134 -0.124431
vn 0.737141 0.624465 -0.258200
vn 0.772521 0.593031 -0.226995
vn 0.836151 0.538903 -0.102150
vn 0.836151 0.538903 -0.102150
vn 0.772521 0.593031 -0.226995
vn 0.799171 0.564666 -0.206102
vn 0.877850 0.465828 -0.111279
vn 0.875335 0.483122 0.019528
vn 0.836151 0.538903 -0.102150
vn 0.877850 0.465828 -0.111279
vn 0.935257 0.353773 -0.011783
vn 0.964311 -0.204921 -0.167664
vn 0.950879 -0.039582 -0.307021
vn 0.944743 -0.055604 -0.323061
vn 0.960111 -0.218501 -0.174480
vn 0.950879 -0.039582 -0.307021
vn 0.885182 0.144116 -0.442361
vn 0.879760 0.120494 -0.459896
vn 0.944743 -0.055604 -0.323061
vn 0.882663 -0.458180 0.104769
vn 0.885154 -0.454811 0.098235
vn 0.936651 -0.349366 -0.025072
vn 0.933567 -0.357610 -0.023811
vn 0.933567 -0.357610 -0.023811
vn 0.936651 -0.349366 -0.025072
vn 0.964311 -0.204921 -0.167664
vn 0.960111 -0.218501 -0.174480
vn 0.748193 -0.588170 0.307024
vn 0.826047 -0.527024 0.199730
vn 0.823339 -0.527213 0.210143
vn 0.743545 -0.585894 0.322288
vn 0.826047 -0.527024 0.199730
vn 0.885154 -0.454811 0.098235
vn 0.882663 -0.458180 0.104769
vn 0.823339 -0.527213 0.210143
vn 0.502749 -0.669326 0.547035
vn 0.634798 -0.640954 0.431521
vn 0.629059 -0.634149 0.449600
vn 0.494067 -0.658076 0.568184
vn 0.634798 -0.640954 0.431521
vn 0.748193 -0.588170 0.307024
vn 0.743545 -0.585894 0.322288
vn 0.629059 -0.634149 0.449600
vn 0.130482 -0.643554 0.754197
vn 0.345714 -0.672679 0.654205
vn 0.338354 -0.655759 0.674905
vn 0.144346 -0.623961 0.768009
vn 0.345714 -0.672679 0.654205
vn 0.502749 -0.669326 0.547035
vn 0.494067 -0.658076 0.568184
vn 0.338354 -0.655759 0.674905
vn -0.337024 -0.440670 0.832001
vn -0.383402 -0.448383 0.807438
vn -0.122039 -0.570678 0.812055
vn -0.080817 -0.558817 0.825343
vn -0.080817 -0.558817 0.825343
vn -0.122039 -0.570678 0.812055
vn 0.130482 -0.643554 0.754197
vn 0.144346 -0.623961 0.768009
vn -0.735084 -0.164557 0.657702
vn -0.599784 -0.296780 0.743089
vn -0.572777 -0.268878 0.774359
vn -0.716086 -0.120050 0.687611
vn -0.599784 -0.296780 0.743089
vn -0.383402 -0.448383 0.807438
vn -0.337024 -0.440670 0.832001
vn -0.572777 -0.268878 0.774359
vn -0.892712 0.080469 0.443385
vn -0.828169 -0.042147 0.558891
vn -0.806479 -0.003024 0.591255
vn -0.870090 0.111748 0.480059
vn -0.828169 -0.042147 0.558891
vn -0.735084 -0.164557 0.657702
vn -0.716086 -0.120050 0.687611
vn -0.806479 -0.003024 0.591255
vn -0.917718 0.331140 0.219409
vn -0.931660 0.319476 0.173044
vn -0.928298 0.205873 0.309644
vn -0.907352 0.225873 0.354534
vn -0.907352 0.225873 0.354534
vn -0.928298 0.205873 0.309644
vn -0.892712 0.080469 0.443385
vn -0.870090 0.111748 0.480059
vn -0.878180 0.475994 -0.047215
vn -0.914104 0.400396 0.064000
vn -0.906038 0.409845 0.105459
vn -0.879052 0.476726 0.000685
vn -0.914104 0.400396 0.064000
vn -0.931660 0.319476 0.173044
vn -0.917718 0.331140 0.219409
vn -0.906038 0.409845 0.105459
vn -0.689369 0.642457 -0.334694
vn -0.799518 0.567896 -0.195613
vn -0.816202 0.560371 -0.140708
vn -0.708296 0.641202 -0.295258
vn -0.799518 0.567896 -0.195613
vn -0.878180 0.475994 -0.047215
vn -0.879052 0.476726 0.000685
vn -0.816202 0.560371 -0.140708
vn -0.458259 0.719997 -0.521156
vn -0.580700 0.687965 -0.435307
vn -0.593970 0.691402 -0.411294
vn -0.468004 0.724096 -0.506614
vn -0.580700 0.687965 -0.435307
vn -0.689369 0.642457 -0.334694
vn -0.708296 0.641202 -0.295258
vn -0.593970 0.691402 -0.411294
vn -0.156806 0.741406 -0.652479
vn -0.314977 0.739072 -0.595452
vn -0.319654 0.741650 -0.589726
vn -0.154634 0.739772 -0.654848
vn -0.314977 0.739072 -0.595452
vn -0.458259 0.719997 -0.521156
vn -0.468004 0.724096 -0.506614
vn -0.319654 0.741650 -0.589726
vn 0.209267 0.664061 -0.717796
vn 0.197057 0.681324 -0.704958
vn 0.014457 0.723809 -0.689849
vn 0.023020 0.715152 -0.698589
vn 0.023020 0.715152 -0.698589
vn 0.014457 0.723809 -0.689849
vn -0.156806 0.741406 -0.652479
vn -0.154634 0.739772 -0.654848
vn 0.560725 0.506070 -0.655348
vn 0.379975 0.610876 -0.694585
vn 0.389931 0.585806 -0.710482
vn 0.567259 0.474773 -0.672910
vn 0.379975 0.610876 -0.694585
vn 0.197057 0.681324 -0.704958
vn 0.209267 0.664061 -0.717796
vn 0.389931 0.585806 -0.710482
vn 0.885182 0.144116 -0.442361
vn 0.745816 0.343869 -0.570537
vn 0.747175 0.311457 -0.587132
vn 0.879760 0.120494 -0.459896
vn 0.745816 0.343869 -0.570537
vn 0.560725 0.506070 -0.655348
vn 0.567259 0.474773 -0.672910
vn 0.747175 0.311457 -0.587132
vn -0.927096 0.250817 0.278539
vn -0.793546 0.440821 0.419478
vn -0.890818 0.402053 0.211654
vn -0.977867 0.198683 0.065585
vn -0.793546 0.440821 0.419478
vn -0.340255 0.732444 0.589706
vn -0.453239 0.674307 0.582996
vn -0.890818 0.402053 0.211654
vn -0.923955 -0.325581 -0.200760
vn -0.997412 -0.007328 0.071519
vn -0.983093 -0.056387 -0.174211
vn -0.829950 -0.348915 -0.435249
vn -0.997412 -0.007328 0.071519
vn -0.927096 0.250817 0.278539
vn -0.977867 0.198683 0.065585
vn -0.983093 -0.056387 -0.174211
vn 0.095843 -0.763779 -0.638322
vn -0.667394 -0.594112 -0.449017
vn -0.532858 -0.524159 -0.664319
vn 0.127559 -0.694045 -0.708541
vn -0.667394 -0.594112 -0.449017
vn -0.923955 -0.325581 -0.200760
vn -0.829950 -0.348915 -0.435249
vn -0.532858 -0.524159 -0.664319
vn 0.340121 -0.680888 -0.648622
vn 0.095843 -0.763779 -0.638322
vn 0.127559 -0.694045 -0.708541
vn 0.432268 -0.590040 -0.681907
vn 0.923060 -0.204752 -0.325634
vn 0.779544 -0.413663 -0.470312
vn 0.800138 -0.205182 -0.563630
vn 0.913680 0.039450 -0.404516
vn 0.779544 -0.413663 -0.470312
vn 0.340121 -0.680888 -0.648622
vn 0.432268 -0.590040 -0.681907
vn 0.800138 -0.205182 -0.563630
vn 0.895304 0.411308 0.171043
vn 0.991050 0.076977 -0.109060
vn 0.925641 0.340123 -0.165847
vn 0.771283 0.622379 0.133296
vn 0.991050 0.076977 -0.109060
vn 0.923060 -0.204752 -0.325634
vn 0.913680 0.039450 -0.404516
vn 0.925641 0.340123 -0.165847
vn -0.161812 0.772237 0.614383
vn 0.635107 0.660555 0.400384
vn 0.479653 0.806919 0.344695
vn -0.162064 0.769737 0.617446
vn 0.635107 0.660555 0.400384
vn 0.895304 0.411308 0.171043
vn 0.771283 0.622379 0.133296
vn 0.479653 0.806919 0.344695
vn -0.340255 0.732444 0.589706
vn -0.161812 0.772237 0.614383
vn -0.162064 0.769737 0.617446
vn -0.453239 0.674307 0.582996
vn 0.926431 -0.263546 -0.268828
vn 0.989796 -0.138235 -0.034563
vn 0.900067 -0.427266 -0.085574
vn 0.809292 -0.514405 -0.283610
vn 0.989796 -0.138235 -0.034563
vn 0.977018 0.013295 0.212743
vn 0.945871 -0.289313 0.147060
vn 0.900067 -0.427266 -0.085574
vn 0.900067 -0.427266 -0.085574
vn 0.945871 -0.289313 0.147060
vn 0.898814 -0.427478 0.096935
vn 0.849235 -0.517024 -0.107171
vn 0.809292 -0.514405 -0.283610
vn 0.900067 -0.427266 -0.085574
vn 0.849235 -0.517024 -0.107171
vn 0.773212 -0.568940 -0.280089
vn 0.826250 -0.118611 0.550675
vn 0.901063 -0.303873 0.309430
vn 0.920362 -0.119561 0.372342
vn 0.801173 0.094794 0.590877
vn 0.901063 -0.303873 0.309430
vn 0.898814 -0.427478 0.096935
vn 0.945871 -0.289313 0.147060
vn 0.920362 -0.119561 0.372342
vn 0.920362 -0.119561 0.372342
vn 0.945871 -0.289313 0.147060
vn 0.977018 0.013295 0.212743
vn 0.904235 0.134438 0.405321
vn 0.801173 0.094794 0.590877
vn 0.920362 -0.119561 0.372342
vn 0.904235 0.134438 0.405321
vn 0.742778 0.298891 0.599120
vn 0.434055 0.280461 0.856118
vn 0.640328 0.108833 0.760352
vn 0.587623 0.312545 0.746334
vn 0.390750 0.450843 0.802530
vn 0.640328 0.108833 0.760352
vn 0.826250 -0.118611 0.550675
vn 0.801173 0.094794 0.590877
vn 0.587623 0.312545 0.746334
vn 0.587623 0.312545 0.746334
vn 0.801173 0.094794 0.590877
vn 0.742778 0.298891 0.599120
vn 0.537912 0.440687 0.718641
vn 0.390750 0.450843 0.802530
vn 0.587623 0.312545 0.746334
vn 0.537912 0.440687 0.718641
vn 0.375075 0.517723 0.768948
vn 0.102541 0.477649 0.872546
vn 0.255087 0.396387 0.881934
vn 0.233948 0.535256 0.811646
vn 0.103038 0.591687 0.799556
vn 0.255087 0.396387 0.881934
vn 0.434055 0.280461 0.856118
vn 0.390750 0.450843 0.802530
vn 0.233948 0.535256 0.811646
vn 0.233948 0.535256 0.811646
vn 0.390750 0.450843 0.802530
vn 0.375075 0.517723 0.768948
vn 0.237245 0.564250 0.790782
vn 0.103038 0.591687 0.799556
vn 0.233948 0.535256 0.811646
vn 0.237245 0.564250 0.790782
vn 0.111670 0.596932 0.794482
vn 0.111670 0.596932 0.794482
vn 0.001789 0.620846 0.783931
vn -0.005618 0.629249 0.777184
vn 0.103038 0.591687 0.799556
vn 0.001789 0.620846 0.783931
vn -0.114073 0.642224 0.757981
vn -0.120256 0.661111 0.740588
vn -0.005618 0.629249 0.777184
vn -0.005618 0.629249 0.777184
vn -0.120256 0.661111 0.740588
vn -0.151540 0.581710 0.799155
vn -0.023090 0.533128 0.845719
vn 0.103038 0.591687 0.799556
vn -0.005618 0.629249 0.777184
vn -0.023090 0.533128 0.845719
vn 0.102541 0.477649 0.872546
vn -0.382741 0.651368 0.655155
vn -0.281309 0.624274 0.728799
vn -0.242686 0.686705 0.685230
vn -0.344897 0.699786 0.625576
vn -0.281309 0.624274 0.728799
vn -0.151540 0.581710 0.799155
vn -0.120256 0.661111 0.740588
vn -0.242686 0.686705 0.685230
vn -0.242686 0.686705 0.685230
vn -0.120256 0.661111 0.740588
vn -0.114073 0.642224 0.757981
vn -0.243389 0.659349 0.711351
vn -0.344897 0.699786 0.625576
vn -0.242686 0.686705 0.685230
vn -0.243389 0.659349 0.711351
vn -0.350897 0.666838 0.657418
vn -0.550363 0.680749 0.483406
vn -0.468483 0.669215 0.576780
vn -0.437674 0.704523 0.558650
vn -0.533258 0.701078 0.473419
vn -0.468483 0.669215 0.576780
vn -0.382741 0.651368 0.655155
vn -0.344897 0.699786 0.625576
vn -0.437674 0.704523 0.558650
vn -0.437674 0.704523 0.558650
vn -0.344897 0.699786 0.625576
vn -0.350897 0.666838 0.657418
vn -0.443831 0.663027 0.602834
vn -0.533258 0.701078 0.473419
vn -0.437674 0.704523 0.558650
vn -0.443831 0.663027 0.602834
vn -0.561654 0.647010 0.515677
vn -0.561654 0.647010 0.515677
vn -0.682578 0.617765 0.390453
vn -0.637481 0.683963 0.354701
vn -0.533258 0.701078 0.473419
vn -0.682578 0.617765 0.390453
vn -0.799493 0.559582 0.218356
vn -0.739056 0.643705 0.198595
vn -0.637481 0.683963 0.354701
vn -0.637481 0.683963 0.354701
vn -0.739056 0.643705 0.198595
vn -0.706970 0.673356 0.216300
vn -0.632571 0.683910 0.363485
vn -0.533258 0.701078 0.473419
vn -0.637481 0.683963 0.354701
vn -0.632571 0.683910 0.363485
vn -0.550363 0.680749 0.483406
vn -0.790775 0.604420 -0.096701
vn -0.756755 0.649545 0.073574
vn -0.809761 0.585184 0.042971
vn -0.856727 0.494726 -0.145824
vn -0.756755 0.649545 0.073574
vn -0.706970 0.673356 0.216300
vn -0.739056 0.643705 0.198595
vn -0.809761 0.585184 0.042971
vn -0.809761 0.585184 0.042971
vn -0.739056 0.643705 0.198595
vn -0.799493 0.559582 0.218356
vn -0.874728 0.482390 0.046372
vn -0.856727 0.494726 -0.145824
vn -0.809761 0.585184 0.042971
vn -0.874728 0.482390 0.046372
vn -0.913985 0.375394 -0.153981
vn -0.724208 0.341145 -0.599285
vn -0.791712 0.497811 -0.354085
vn -0.846826 0.320106 -0.424756
vn -0.740395 0.113137 -0.662582
vn -0.791712 0.497811 -0.354085
vn -0.790775 0.604420 -0.096701
vn -0.856727 0.494726 -0.145824
vn -0.846826 0.320106 -0.424756
vn -0.846826 0.320106 -0.424756
vn -0.856727 0.494726 -0.145824
vn -0.913985 0.375394 -0.153981
vn -0.878671 0.196226 -0.435239
vn -0.740395 0.113137 -0.662582
vn -0.846826 0.320106 -0.424756
vn -0.878671 0.196226 -0.435239
vn -0.738263 0.001427 -0.674511
vn -0.462157 0.010054 -0.886741
vn -0.615278 0.181011 -0.767247
vn -0.591839 -0.060033 -0.803818
vn -0.416255 -0.206358 -0.885521
vn -0.615278 0.181011 -0.767247
vn -0.724208 0.341145 -0.599285
vn -0.740395 0.113137 -0.662582
vn -0.591839 -0.060033 -0.803818
vn -0.591839 -0.060033 -0.803818
vn -0.740395 0.113137 -0.662582
vn -0.738263 0.001427 -0.674511
vn -0.566901 -0.144600 -0.810996
vn -0.416255 -0.206358 -0.885521
vn -0.591839 -0.060033 -0.803818
vn -0.566901 -0.144600 -0.810996
vn -0.398181 -0.241847 -0.884851
vn -0.127432 -0.265092 -0.955765
vn -0.288280 -0.144855 -0.946526
vn -0.251063 -0.310949 -0.916667
vn -0.118889 -0.378932 -0.917756
vn -0.288280 -0.144855 -0.946526
vn -0.462157 0.010054 -0.886741
vn -0.416255 -0.206358 -0.885521
vn -0.251063 -0.310949 -0.916667
vn -0.251063 -0.310949 -0.916667
vn -0.416255 -0.206358 -0.885521
vn -0.398181 -0.241847 -0.884851
vn -0.246660 -0.307864 -0.918901
vn -0.118889 -0.378932 -0.917756
vn -0.251063 -0.310949 -0.916667
vn -0.246660 -0.307864 -0.918901
vn -0.124080 -0.349281 -0.928766
vn -0.124080 -0.349281 -0.928766
vn -0.020504 -0.381894 -0.923979
vn -0.011765 -0.426712 -0.904311
vn -0.118889 -0.378932 -0.917756
vn -0.020504 -0.381894 -0.923979
vn 0.075196 -0.409729 -0.909103
vn 0.086514 -0.467581 -0.879707
vn -0.011765 -0.426712 -0.904311
vn -0.011765 -0.426712 -0.904311
vn 0.086514 -0.467581 -0.879707
vn 0.135594 -0.426671 -0.894185
vn 0.011687 -0.355070 -0.934767
vn -0.118889 -0.378932 -0.917756
vn -0.011765 -0.426712 -0.904311
vn 0.011687 -0.355070 -0.934767
vn -0.127432 -0.265092 -0.955765
vn 0.355945 -0.532759 -0.767770
vn 0.246018 -0.483997 -0.839775
vn 0.182316 -0.504794 -0.843768
vn 0.292108 -0.540141 -0.789253
vn 0.246018 -0.483997 -0.839775
vn 0.135594 -0.426671 -0.894185
vn 0.086514 -0.467581 -0.879707
vn 0.182316 -0.504794 -0.843768
vn 0.182316 -0.504794 -0.843768
vn 0.086514 -0.467581 -0.879707
vn 0.075196 -0.409729 -0.909103
vn 0.161416 -0.439568 -0.883587
vn 0.292108 -0.540141 -0.789253
vn 0.182316 -0.504794 -0.843768
vn 0.161416 -0.439568 -0.883587
vn 0.303070 -0.461629 -0.833695
vn 0.596159 -0.592873 -0.541383
vn 0.479428 -0.572824 -0.664847
vn 0.432049 -0.568723 -0.699920
vn 0.579866 -0.576357 -0.575820
vn 0.479428 -0.572824 -0.664847
vn 0.355945 -0.532759 -0.767770
vn 0.292108 -0.540141 -0.789253
vn 0.432049 -0.568723 -0.699920
vn 0.432049 -0.568723 -0.699920
vn 0.292108 -0.540141 -0.789253
vn 0.303070 -0.461629 -0.833695
vn 0.490899 -0.446495 -0.748105
vn 0.579866 -0.576357 -0.575820
vn 0.432049 -0.568723 -0.699920
vn 0.490899 -0.446495 -0.748105
vn 0.670659 -0.407886 -0.619553
vn 0.773212 -0.568940 -0.280089
vn 0.690312 -0.591160 -0.417132
vn 0.703856 -0.558803 -0.438549
vn 0.809292 -0.514405 -0.283610
vn 0.690312 -0.591160 -0.417132
vn 0.596159 -0.592873 -0.541383
vn 0.579866 -0.576357 -0.575820
vn 0.703856 -0.558803 -0.438549
vn 0.703856 -0.558803 -0.438549
vn 0.579866 -0.576357 -0.575820
vn 0.670659 -0.407886 -0.619553
vn 0.817166 -0.349000 -0.458736
vn 0.809292 -0.514405 -0.283610
vn 0.703856 -0.558803 -0.438549
vn 0.817166 -0.349000 -0.458736
vn 0.926431 -0.263546 -0.268828
vn 0.802350 -0.593048 -0.067297
vn 0.786573 -0.609063 -0.101707
vn 0.770928 -0.591097 -0.237223
vn 0.766785 -0.602822 -0.220561
vn 0.786573 -0.609063 -0.101707
vn 0.840435 -0.537452 -0.069381
vn 0.843940 -0.497419 -0.200845
vn 0.770928 -0.591097 -0.237223
vn 0.770928 -0.591097 -0.237223
vn 0.843940 -0.497419 -0.200845
vn 0.834095 -0.446916 -0.323343
vn 0.745737 -0.561028 -0.359338
vn 0.766785 -0.602822 -0.220561
vn 0.770928 -0.591097 -0.237223
vn 0.745737 -0.561028 -0.359338
vn 0.721914 -0.595330 -0.352735
vn 0.780926 -0.577758 0.237381
vn 0.823167 -0.564038 0.065246
vn 0.789538 -0.612054 0.044934
vn 0.768181 -0.590541 0.247304
vn 0.823167 -0.564038 0.065246
vn 0.840435 -0.537452 -0.069381
vn 0.786573 -0.609063 -0.101707
vn 0.789538 -0.612054 0.044934
vn 0.789538 -0.612054 0.044934
vn 0.786573 -0.609063 -0.101707
vn 0.802350 -0.593048 -0.067297
vn 0.820434 -0.562230 0.103856
vn 0.768181 -0.590541 0.247304
vn 0.789538 -0.612054 0.044934
vn 0.820434 -0.562230 0.103856
vn 0.803459 -0.488185 0.340776
vn 0.541952 -0.508664 0.668991
vn 0.686282 -0.563551 0.459813
vn 0.684807 -0.516658 0.513910
vn 0.533980 -0.388533 0.750937
vn 0.686282 -0.563551 0.459813
vn 0.780926 -0.577758 0.237381
vn 0.768181 -0.590541 0.247304
vn 0.684807 -0.516658 0.513910
vn 0.684807 -0.516658 0.513910
vn 0.768181 -0.590541 0.247304
vn 0.803459 -0.488185 0.340776
vn 0.698686 -0.338838 0.630101
vn 0.533980 -0.388533 0.750937
vn 0.684807 -0.516658 0.513910
vn 0.698686 -0.338838 0.630101
vn 0.516938 -0.153492 0.842149
vn 0.151878 -0.288981 0.945211
vn 0.359197 -0.414455 0.836184
vn 0.338169 -0.224733 0.913858
vn 0.130661 -0.053689 0.989972
vn 0.359197 -0.414455 0.836184
vn 0.541952 -0.508664 0.668991
vn 0.533980 -0.388533 0.750937
vn 0.338169 -0.224733 0.913858
vn 0.338169 -0.224733 0.913858
vn 0.533980 -0.388533 0.750937
vn 0.516938 -0.153492 0.842149
vn 0.310446 0.024373 0.950278
vn 0.130661 -0.053689 0.989972
vn 0.338169 -0.224733 0.913858
vn 0.310446 0.024373 0.950278
vn 0.115856 0.174175 0.977876
vn -0.202134 0.390082 0.898319
vn -0.213162 0.232540 0.948940
vn -0.044621 0.091198 0.994833
vn -0.044303 0.286625 0.957018
vn -0.213162 0.232540 0.948940
vn -0.121223 -0.082948 0.989154
vn -0.012174 -0.174630 0.984559
vn -0.044621 0.091198 0.994833
vn -0.044621 0.091198 0.994833
vn -0.012174 -0.174630 0.984559
vn 0.151878 -0.288981 0.945211
vn 0.130661 -0.053689 0.989972
vn -0.044303 0.286625 0.957018
vn -0.044621 0.091198 0.994833
vn 0.130661 -0.053689 0.989972
vn 0.115856 0.174175 0.977876
vn -0.480973 0.227389 0.846734
vn -0.231048 0.020432 0.972728
vn -0.382475 0.365761 0.848488
vn -0.513960 0.452420 0.728808
vn -0.231048 0.020432 0.972728
vn -0.121223 -0.082948 0.989154
vn -0.213162 0.232540 0.948940
vn -0.382475 0.365761 0.848488
vn -0.382475 0.365761 0.848488
vn -0.213162 0.232540 0.948940
vn -0.202134 0.390082 0.898319
vn -0.350555 0.479019 0.804768
vn -0.513960 0.452420 0.728808
vn -0.382475 0.365761 0.848488
vn -0.350555 0.479019 0.804768
vn -0.451673 0.531028 0.716938
vn -0.751164 0.472260 0.461218
vn -0.709491 0.435865 0.553755
vn -0.599215 0.506030 0.620384
vn -0.656592 0.539035 0.527568
vn -0.709491 0.435865 0.553755
vn -0.480973 0.227389 0.846734
vn -0.513960 0.452420 0.728808
vn -0.599215 0.506030 0.620384
vn -0.599215 0.506030 0.620384
vn -0.513960 0.452420 0.728808
vn -0.451673 0.531028 0.716938
vn -0.525963 0.566878 0.634044
vn -0.656592 0.539035 0.527568
vn -0.599215 0.506030 0.620384
vn -0.525963 0.566878 0.634044
vn -0.591198 0.597635 0.541588
vn -0.691536 0.647324 0.320546
vn -0.730328 0.588383 0.347025
vn -0.700201 0.562945 0.439103
vn -0.647949 0.624027 0.436752
vn -0.730328 0.588383 0.347025
vn -0.775525 0.499213 0.386455
vn -0.766871 0.481620 0.424207
vn -0.700201 0.562945 0.439103
vn -0.700201 0.562945 0.439103
vn -0.766871 0.481620 0.424207
vn -0.751164 0.472260 0.461218
vn -0.656592 0.539035 0.527568
vn -0.647949 0.624027 0.436752
vn -0.700201 0.562945 0.439103
vn -0.656592 0.539035 0.527568
vn -0.591198 0.597635 0.541588
vn -0.802947 0.571821 0.168215
vn -0.789204 0.531302 0.308019
vn -0.746603 0.611885 0.261115
vn -0.751306 0.635590 0.177664
vn -0.789204 0.531302 0.308019
vn -0.775525 0.499213 0.386455
vn -0.730328 0.588383 0.347025
vn -0.746603 0.611885 0.261115
vn -0.746603 0.611885 0.261115
vn -0.730328 0.588383 0.347025
vn -0.691536 0.647324 0.320546
vn -0.714828 0.665226 0.215627
vn -0.751306 0.635590 0.177664
vn -0.746603 0.611885 0.261115
vn -0.714828 0.665226 0.215627
vn -0.724436 0.680665 0.109032
vn -0.744442 0.655567 -0.126644
vn -0.795638 0.601955 0.067896
vn -0.742214 0.668231 0.050846
vn -0.699036 0.693112 -0.175908
vn -0.795638 0.601955 0.067896
vn -0.802947 0.571821 0.168215
vn -0.751306 0.635590 0.177664
vn -0.742214 0.668231 0.050846
vn -0.742214 0.668231 0.050846
vn -0.751306 0.635590 0.177664
vn -0.724436 0.680665 0.109032
vn -0.720826 0.690532 -0.059795
vn -0.699036 0.693112 -0.175908
vn -0.742214 0.668231 0.050846
vn -0.720826 0.690532 -0.059795
vn -0.681383 0.668264 -0.298564
vn -0.482967 0.653710 -0.582586
vn -0.620548 0.678400 -0.393311
vn -0.608158 0.669594 -0.426366
vn -0.494895 0.606256 -0.622521
vn -0.620548 0.678400 -0.393311
vn -0.744442 0.655567 -0.126644
vn -0.699036 0.693112 -0.175908
vn -0.608158 0.669594 -0.426366
vn -0.608158 0.669594 -0.426366
vn -0.699036 0.693112 -0.175908
vn -0.681383 0.668264 -0.298564
vn -0.605307 0.605498 -0.516697
vn -0.494895 0.606256 -0.622521
vn -0.608158 0.669594 -0.426366
vn -0.605307 0.605498 -0.516697
vn -0.496293 0.505288 -0.705958
vn -0.165452 0.522496 -0.836435
vn -0.341290 0.604629 -0.719684
vn -0.352035 0.507513 -0.786449
vn -0.172724 0.368630 -0.913388
vn -0.341290 0.604629 -0.719684
vn -0.482967 0.653710 -0.582586
vn -0.494895 0.606256 -0.622521
vn -0.352035 0.507513 -0.786449
vn -0.352035 0.507513 -0.786449
vn -0.494895 0.606256 -0.622521
vn -0.496293 0.505288 -0.705958
vn -0.343831 0.360014 -0.867278
vn -0.172724 0.368630 -0.913388
vn -0.352035 0.507513 -0.786449
vn -0.343831 0.360014 -0.867278
vn -0.161403 0.183663 -0.969648
vn 0.192661 -0.162383 -0.967736
vn 0.214882 0.023740 -0.976351
vn 0.024605 0.200276 -0.979430
vn 0.024625 0.001913 -0.999695
vn 0.214882 0.023740 -0.976351
vn 0.246574 0.253731 -0.935319
vn 0.036390 0.403848 -0.914102
vn 0.024605 0.200276 -0.979430
vn 0.024605 0.200276 -0.979430
vn 0.036390 0.403848 -0.914102
vn -0.165452 0.522496 -0.836435
vn -0.172724 0.368630 -0.913388
vn 0.024625 0.001913 -0.999695
vn 0.024605 0.200276 -0.979430
vn -0.172724 0.368630 -0.913388
vn -0.161403 0.183663 -0.969648
vn 0.580952 -0.056775 -0.811955
vn 0.430594 0.095963 -0.897430
vn 0.371523 -0.133741 -0.918740
vn 0.495889 -0.267363 -0.826203
vn 0.430594 0.095963 -0.897430
vn 0.246574 0.253731 -0.935319
vn 0.214882 0.023740 -0.976351
vn 0.371523 -0.133741 -0.918740
vn 0.371523 -0.133741 -0.918740
vn 0.214882 0.023740 -0.976351
vn 0.192661 -0.162383 -0.967736
vn 0.327978 -0.293293 -0.898003
vn 0.495889 -0.267363 -0.826203
vn 0.371523 -0.133741 -0.918740
vn 0.327978 -0.293293 -0.898003
vn 0.439006 -0.396737 -0.806147
vn 0.774928 -0.312891 -0.549169
vn 0.701281 -0.201851 -0.683711
vn 0.599626 -0.383576 -0.702366
vn 0.670694 -0.467712 -0.575687
vn 0.701281 -0.201851 -0.683711
vn 0.580952 -0.056775 -0.811955
vn 0.495889 -0.267363 -0.826203
vn 0.599626 -0.383576 -0.702366
vn 0.599626 -0.383576 -0.702366
vn 0.495889 -0.267363 -0.826203
vn 0.439006 -0.396737 -0.806147
vn 0.539532 -0.482562 -0.689956
vn 0.670694 -0.467712 -0.575687
vn 0.599626 -0.383576 -0.702366
vn 0.539532 -0.482562 -0.689956
vn 0.617810 -0.541437 -0.570225
vn 0.834095 -0.446916 -0.323343
vn 0.812818 -0.388434 -0.434103
vn 0.714099 -0.521837 -0.466637
vn 0.745737 -0.561028 -0.359338
vn 0.812818 -0.388434 -0.434103
vn 0.774928 -0.312891 -0.549169
vn 0.670694 -0.467712 -0.575687
vn 0.714099 -0.521837 -0.466637
vn 0.714099 -0.521837 -0.466637
vn 0.670694 -0.467712 -0.575687
vn 0.617810 -0.541437 -0.570225
vn 0.673962 -0.575470 -0.463259
vn 0.745737 -0.561028 -0.359338
vn 0.714099 -0.521837 -0.466637
vn 0.673962 -0.575470 -0.463259
vn 0.721914 -0.595330 -0.352735
vn -0.092415 -0.995122 0.034530
vn 0.256855 -0.638829 0.725205
vn -0.458107 -0.174727 0.871555
vn -0.628560 -0.479053 0.612716
vn 0.256855 -0.638829 0.725205
vn 0.063091 -0.472634 0.878998
vn -0.811900 -0.031936 0.582923
vn -0.458107 -0.174727 0.871555
vn -0.458107 -0.174727 0.871555
vn -0.811900 -0.031936 0.582923
vn -0.432032 -0.214569 0.875962
vn -0.140251 -0.230881 0.962821
vn -0.628560 -0.479053 0.612716
vn -0.458107 -0.174727 0.871555
vn -0.140251 -0.230881 0.962821
vn -0.400608 -0.340422 0.850662
vn -0.579329 -0.121678 -0.805960
vn -0.505231 -0.556973 -0.659183
vn -0.889935 -0.445949 -0.095628
vn -0.878538 -0.157942 -0.450806
vn -0.505231 -0.556973 -0.659183
vn -0.092415 -0.995122 0.034530
vn -0.628560 -0.479053 0.612716
vn -0.889935 -0.445949 -0.095628
vn -0.889935 -0.445949 -0.095628
vn -0.628560 -0.479053 0.612716
vn -0.400608 -0.340422 0.850662
vn -0.911028 -0.308365 0.273751
vn -0.878538 -0.157942 -0.450806
vn -0.889935 -0.445949 -0.095628
vn -0.911028 -0.308365 0.273751
vn -0.978723 -0.126182 -0.161799
vn -0.228031 0.341850 -0.911669
vn -0.240078 0.255780 -0.936450
vn -0.223646 0.451106 -0.863994
vn -0.272819 0.297676 -0.914855
vn -0.240078 0.255780 -0.936450
vn -0.085780 0.132978 -0.987400
vn -0.159168 0.485716 -0.859503
vn -0.223646 0.451106 -0.863994
vn -0.223646 0.451106 -0.863994
vn -0.159168 0.485716 -0.859503
vn -0.156982 0.508474 -0.846647
vn -0.228689 0.472780 -0.850988
vn -0.272819 0.297676 -0.914855
vn -0.223646 0.451106 -0.863994
vn -0.228689 0.472780 -0.850988
vn -0.335160 0.193857 -0.922002
vn -0.343131 0.777996 -0.526293
vn -0.131482 0.355826 -0.925257
vn -0.180480 -0.885629 -0.427888
vn -0.408838 -0.898193 0.161556
vn -0.131482 0.355826 -0.925257
vn 0.000052 -0.101558 -0.994830
vn -0.010430 -0.795477 -0.605894
vn -0.180480 -0.885629 -0.427888
vn -0.180480 -0.885629 -0.427888
vn -0.010430 -0.795477 -0.605894
vn -0.028913 -0.949315 -0.312994
vn -0.070226 -0.996751 -0.039456
vn -0.408838 -0.898193 0.161556
vn -0.180480 -0.885629 -0.427888
vn -0.070226 -0.996751 -0.039456
vn -0.175377 -0.942165 0.285602
vn -0.552558 0.382696 0.740421
vn -0.753062 0.643404 0.137583
vn -0.684860 -0.509330 0.521105
vn -0.471825 -0.326790 0.818895
vn -0.753062 0.643404 0.137583
vn -0.343131 0.777996 -0.526293
vn -0.408838 -0.898193 0.161556
vn -0.684860 -0.509330 0.521105
vn -0.684860 -0.509330 0.521105
vn -0.408838 -0.898193 0.161556
vn -0.175377 -0.942165 0.285602
vn -0.289639 -0.787741 0.543667
vn -0.471825 -0.326790 0.818895
vn -0.684860 -0.509330 0.521105
vn -0.289639 -0.787741 0.543667
vn -0.370896 -0.606131 0.703592
vn 0.882534 -0.334452 -0.330569
vn 0.931606 0.321740 -0.169095
vn 0.742550 -0.410959 -0.528898
vn 0.515997 -0.539060 -0.665704
vn 0.931606 0.321740 -0.169095
vn 0.637937 0.686754 0.348433
vn 0.826572 -0.560857 0.047093
vn 0.742550 -0.410959 -0.528898
vn 0.742550 -0.410959 -0.528898
vn 0.826572 -0.560857 0.047093
vn 0.000204 -0.991138 -0.132839
vn 0.354877 -0.836502 -0.417524
vn 0.515997 -0.539060 -0.665704
vn 0.742550 -0.410959 -0.528898
vn 0.354877 -0.836502 -0.417524
vn 0.069146 -0.615966 -0.784732
vn -0.266244 -0.927160 0.263607
vn -0.169614 -0.981179 0.092294
vn 0.608534 -0.526045 0.594107
vn 0.302421 -0.170097 0.937874
vn -0.169614 -0.981179 0.092294
vn 0.000204 -0.991138 -0.132839
vn 0.826572 -0.560857 0.047093
vn 0.608534 -0.526045 0.594107
vn 0.608534 -0.526045 0.594107
vn 0.826572 -0.560857 0.047093
vn 0.637937 0.686754 0.348433
vn 0.586741 0.681459 0.437435
vn 0.302421 -0.170097 0.937874
vn 0.608534 -0.526045 0.594107
vn 0.586741 0.681459 0.437435
vn 0.508788 0.709897 0.487012
vn -0.678201 -0.051004 0.733104
vn -0.417379 -0.628159 0.656666
vn -0.314403 0.129342 0.940437
vn -0.268884 0.164076 0.949095
vn -0.417379 -0.628159 0.656666
vn -0.266244 -0.927160 0.263607
vn 0.302421 -0.170097 0.937874
vn -0.314403 0.129342 0.940437
vn -0.314403 0.129342 0.940437
vn 0.302421 -0.170097 0.937874
vn 0.508788 0.709897 0.487012
vn 0.137099 0.619648 0.772813
vn -0.268884 0.164076 0.949095
vn -0.314403 0.129342 0.940437
vn 0.137099 0.619648 0.772813
vn 0.055364 0.263787 0.962991
vn 0.381199 0.342430 0.858737
vn 0.114331 0.406149 0.906626
vn 0.063040 0.611359 0.788839
vn 0.542111 0.601360 0.586926
vn 0.114331 0.406149 0.906626
vn 0.162263 0.407794 0.898540
vn 0.068741 0.623629 0.778692
vn 0.063040 0.611359 0.788839
vn 0.063040 0.611359 0.788839
vn 0.068741 0.623629 0.778692
vn 0.027650 0.819844 0.571919
vn 0.008631 0.814745 0.579755
vn 0.542111 0.601360 0.586926
vn 0.063040 0.611359 0.788839
vn 0.008631 0.814745 0.579755
vn 0.383711 0.872791 0.301664
vn 0.074254 0.504915 0.859969
vn -0.055002 0.129692 0.990028
vn 0.266982 0.871919 0.410461
vn 0.429298 0.735618 0.523994
vn -0.055002 0.129692 0.990028
vn -0.212424 -0.490419 0.845201
vn 0.789918 -0.442081 0.424963
vn 0.266982 0.871919 0.410461
vn 0.266982 0.871919 0.410461
vn 0.789918 -0.442081 0.424963
vn 0.528394 0.347518 -0.774617
vn 0.506927 0.782363 -0.361846
vn 0.429298 0.735618 0.523994
vn 0.266982 0.871919 0.410461
vn 0.506927 0.782363 -0.361846
vn 0.688420 0.721933 0.069925
vn -0.009805 -0.801724 -0.597614
vn 0.405608 -0.407290 -0.818289
vn 0.016000 -0.975709 -0.218486
vn -0.299078 -0.904978 -0.302600
vn 0.405608 -0.407290 -0.818289
vn 0.528394 0.347518 -0.774617
vn 0.789918 -0.442081 0.424963
vn 0.016000 -0.975709 -0.218486
vn 0.016000 -0.975709 -0.218486
vn 0.789918 -0.442081 0.424963
vn -0.212424 -0.490419 0.845201
vn -0.174873 -0.873217 0.454875
vn -0.299078 -0.904978 -0.302600
vn 0.016000 -0.975709 -0.218486
vn -0.174873 -0.873217 0.454875
vn -0.515171 -0.847083 0.130570
vn -0.930991 0.128452 0.341695
vn -0.961803 -0.022552 0.272813
vn -0.935647 0.276838 0.218918
vn -0.852679 0.329025 0.405808
vn -0.918379 0.114075 0.378901
vn -0.930991 0.128452 0.341695
vn -0.852679 0.329025 0.405808
vn -0.880809 0.208490 0.425098
vn -0.880809 0.208490 0.425098
vn -0.948114 -0.012878 0.317669
vn -0.950422 -0.032058 0.309305
vn -0.918379 0.114075 0.378901
vn -0.948114 -0.012878 0.317669
vn -0.965526 -0.206923 0.157932
vn -0.959990 -0.231866 0.157027
vn -0.950422 -0.032058 0.309305
vn -0.954086 -0.297778 0.032388
vn -0.959990 -0.231866 0.157027
vn -0.965526 -0.206923 0.157932
vn -0.958181 -0.282979 0.042565
vn -0.968340 -0.225167 -0.107781
vn -0.954086 -0.297778 0.032388
vn -0.958181 -0.282979 0.042565
vn -0.951779 -0.298836 -0.069387
vn -0.856048 0.314147 -0.410480
vn -0.948669 0.226856 -0.220371
vn -0.955920 -0.133033 -0.261763
vn -0.876165 -0.107524 -0.469866
vn -0.948669 0.226856 -0.220371
vn -0.985047 0.047652 -0.165568
vn -0.968340 -0.225167 -0.107781
vn -0.955920 -0.133033 -0.261763
vn -0.955920 -0.133033 -0.261763
vn -0.968340 -0.225167 -0.107781
vn -0.951779 -0.298836 -0.069387
vn -0.922299 -0.290014 -0.255452
vn -0.876165 -0.107524 -0.469866
vn -0.955920 -0.133033 -0.261763
vn -0.922299 -0.290014 -0.255452
vn -0.831709 -0.276338 -0.481558
vn -0.383364 0.248370 -0.889575
vn -0.667627 0.398678 -0.628753
vn -0.741176 -0.086079 -0.665770
vn -0.512574 -0.150850 -0.845288
vn -0.667627 0.398678 -0.628753
vn -0.856048 0.314147 -0.410480
vn -0.876165 -0.107524 -0.469866
vn -0.741176 -0.086079 -0.665770
vn -0.741176 -0.086079 -0.665770
vn -0.876165 -0.107524 -0.469866
vn -0.831709 -0.276338 -0.481558
vn -0.690108 -0.263535 -0.674017
vn -0.512574 -0.150850 -0.845288
vn -0.741176 -0.086079 -0.665770
vn -0.690108 -0.263535 -0.674017
vn -0.495771 -0.263869 -0.827396
vn -0.074925 0.006937 -0.997165
vn -0.292629 0.028857 -0.955791
vn -0.288134 -0.181828 -0.940169
vn -0.038330 -0.090906 -0.995122
vn -0.292629 0.028857 -0.955791
vn -0.383364 0.248370 -0.889575
vn -0.512574 -0.150850 -0.845288
vn -0.288134 -0.181828 -0.940169
vn -0.288134 -0.181828 -0.940169
vn -0.512574 -0.150850 -0.845288
vn -0.495771 -0.263869 -0.827396
vn -0.251849 -0.259576 -0.932305
vn -0.038330 -0.090906 -0.995122
vn -0.288134 -0.181828 -0.940169
vn -0.251849 -0.259576 -0.932305
vn -0.015574 -0.241058 -0.970386
vn -0.015574 -0.241058 -0.970386
vn 0.122321 -0.178595 -0.976290
vn 0.085490 0.076633 -0.993388
vn -0.038330 -0.090906 -0.995122
vn 0.122321 -0.178595 -0.976290
vn 0.213572 0.141498 -0.966626
vn 0.042094 0.223835 -0.973718
vn 0.085490 0.076633 -0.993388
vn 0.085490 0.076633 -0.993388
vn 0.042094 0.223835 -0.973718
vn 0.008743 0.071218 -0.997422
vn 0.046701 0.047469 -0.997780
vn -0.038330 -0.090906 -0.995122
vn 0.085490 0.076633 -0.993388
vn 0.046701 0.047469 -0.997780
vn -0.074925 0.006937 -0.997165
vn 0.398547 -0.863860 -0.308069
vn -0.117676 -0.477621 -0.870650
vn 0.439850 -0.289120 -0.850260
vn 0.783485 -0.425294 -0.453075
vn -0.117676 -0.477621 -0.870650
vn -0.330013 -0.079526 -0.940621
vn 0.148887 -0.016571 -0.988715
vn 0.439850 -0.289120 -0.850260
vn 0.439850 -0.289120 -0.850260
vn 0.148887 -0.016571 -0.988715
vn 0.443978 0.068814 -0.893391
vn 0.678010 -0.088388 -0.729719
vn 0.783485 -0.425294 -0.453075
vn 0.439850 -0.289120 -0.850260
vn 0.678010 -0.088388 -0.729719
vn 0.862950 -0.160427 -0.479145
vn 0.628742 -0.443479 0.638756
vn 0.695672 -0.594963 0.402566
vn 0.914670 -0.404105 0.008811
vn 0.887142 -0.351071 0.299548
vn 0.695672 -0.594963 0.402566
vn 0.398547 -0.863860 -0.308069
vn 0.783485 -0.425294 -0.453075
vn 0.914670 -0.404105 0.008811
vn 0.914670 -0.404105 0.008811
vn 0.783485 -0.425294 -0.453075
vn 0.862950 -0.160427 -0.479145
vn 0.958987 -0.215453 -0.184182
vn 0.887142 -0.351071 0.299548
vn 0.914670 -0.404105 0.008811
vn 0.958987 -0.215453 -0.184182
vn 0.966173 -0.240117 0.094092
vn 0.912415 0.027853 -0.408318
vn 0.916438 0.250284 -0.312249
vn 0.818240 0.505491 -0.273791
vn 0.826329 0.308659 -0.471074
vn 0.916438 0.250284 -0.312249
vn 0.904523 0.311219 -0.291515
vn 0.790011 0.564213 -0.239888
vn 0.818240 0.505491 -0.273791
vn 0.818240 0.505491 -0.273791
vn 0.790011 0.564213 -0.239888
vn 0.670634 0.680879 -0.294370
vn 0.719913 0.642666 -0.262117
vn 0.826329 0.308659 -0.471074
vn 0.818240 0.505491 -0.273791
vn 0.719913 0.642666 -0.262117
vn 0.711057 0.556131 -0.430253
vn 0.835946 0.159927 0.524994
vn 0.637937 0.686754 0.348433
vn 0.931606 0.321740 -0.169095
vn 0.939661 0.065245 0.335828
vn 0.939661 0.065245 0.335828
vn 0.931606 0.321740 -0.169095
vn 0.882534 -0.334452 -0.330569
vn 0.989251 -0.145537 -0.014212
vn 0.508788 0.709897 0.487012
vn 0.586741 0.681459 0.437435
vn 0.729161 0.223940 0.646665
vn 0.615066 0.266267 0.742156
vn 0.586741 0.681459 0.437435
vn 0.637937 0.686754 0.348433
vn 0.835946 0.159927 0.524994
vn 0.729161 0.223940 0.646665
vn 0.055364 0.263787 0.962991
vn 0.137099 0.619648 0.772813
vn 0.470157 0.294782 0.831899
vn 0.249170 0.293054 0.923057
vn 0.137099 0.619648 0.772813
vn 0.508788 0.709897 0.487012
vn 0.615066 0.266267 0.742156
vn 0.470157 0.294782 0.831899
vn 0.383711 0.872791 0.301664
vn 0.008631 0.814745 0.579755
vn -0.021929 0.865062 0.501185
vn 0.117447 0.962954 0.242745
vn 0.008631 0.814745 0.579755
vn 0.027650 0.819844 0.571919
vn 0.045091 0.891223 0.451319
vn -0.021929 0.865062 0.501185
vn -0.526549 -0.249602 0.812678
vn -0.212424 -0.490419 0.845201
vn -0.055002 0.129692 0.990028
vn -0.351214 0.049362 0.934993
vn -0.351214 0.049362 0.934993
vn -0.055002 0.129692 0.990028
vn 0.074254 0.504915 0.859969
vn -0.098649 0.386599 0.916957
vn -0.515171 -0.847083 0.130570
vn -0.174873 -0.873217 0.454875
vn -0.521452 -0.628080 0.577584
vn -0.538907 -0.771473 0.338244
vn -0.174873 -0.873217 0.454875
vn -0.212424 -0.490419 0.845201
vn -0.526549 -0.249602 0.812678
vn -0.521452 -0.628080 0.577584
vn -0.880809 0.208490 0.425098
vn -0.852679 0.329025 0.405808
vn -0.808150 0.351271 0.472761
vn -0.873452 0.187766 0.449250
vn -0.852679 0.329025 0.405808
vn -0.935647 0.276838 0.218918
vn -0.821864 0.491484 0.288068
vn -0.808150 0.351271 0.472761
vn -0.970657 -0.193741 0.142443
vn -0.965526 -0.206923 0.157932
vn -0.948114 -0.012878 0.317669
vn -0.948996 -0.018213 0.314762
vn -0.948996 -0.018213 0.314762
vn -0.948114 -0.012878 0.317669
vn -0.880809 0.208490 0.425098
vn -0.873452 0.187766 0.449250
vn -0.951779 -0.298836 -0.069387
vn -0.958181 -0.282979 0.042565
vn -0.961270 -0.275260 0.013837
vn -0.939963 -0.318978 -0.121339
vn -0.958181 -0.282979 0.042565
vn -0.965526 -0.206923 0.157932
vn -0.970657 -0.193741 0.142443
vn -0.961270 -0.275260 0.013837
vn -0.831709 -0.276338 -0.481558
vn -0.922299 -0.290014 -0.255452
vn -0.880561 -0.354085 -0.315018
vn -0.773953 -0.365889 -0.516839
vn -0.922299 -0.290014 -0.255452
vn -0.951779 -0.298836 -0.069387
vn -0.939963 -0.318978 -0.121339
vn -0.880561 -0.354085 -0.315018
vn -0.495771 -0.263869 -0.827396
vn -0.690108 -0.263535 -0.674017
vn -0.640614 -0.360471 -0.677993
vn -0.469636 -0.349509 -0.810732
vn -0.690108 -0.263535 -0.674017
vn -0.831709 -0.276338 -0.481558
vn -0.773953 -0.365889 -0.516839
vn -0.640614 -0.360471 -0.677993
vn -0.015574 -0.241058 -0.970386
vn -0.251849 -0.259576 -0.932305
vn -0.265507 -0.338117 -0.902875
vn -0.079813 -0.335396 -0.938690
vn -0.251849 -0.259576 -0.932305
vn -0.495771 -0.263869 -0.827396
vn -0.469636 -0.349509 -0.810732
vn -0.265507 -0.338117 -0.902875
vn 0.206207 -0.239527 -0.948739
vn 0.213572 0.141498 -0.966626
vn 0.122321 -0.178595 -0.976290
vn 0.068302 -0.320363 -0.944829
vn 0.068302 -0.320363 -0.944829
vn 0.122321 -0.178595 -0.976290
vn -0.015574 -0.241058 -0.970386
vn -0.079813 -0.335396 -0.938690
vn 0.437902 0.574367 -0.691625
vn 0.336329 0.425313 -0.840233
vn 0.393446 0.041190 -0.918425
vn 0.517415 0.241571 -0.820929
vn 0.336329 0.425313 -0.840233
vn 0.213572 0.141498 -0.966626
vn 0.206207 -0.239527 -0.948739
vn 0.393446 0.041190 -0.918425
vn 0.670634 0.680879 -0.294370
vn 0.547081 0.691729 -0.471396
vn 0.625777 0.431162 -0.650002
vn 0.701552 0.581348 -0.412140
vn 0.547081 0.691729 -0.471396
vn 0.437902 0.574367 -0.691625
vn 0.517415 0.241571 -0.820929
vn 0.625777 0.431162 -0.650002
vn 0.711057 0.556131 -0.430253
vn 0.719913 0.642666 -0.262117
vn 0.732755 0.613675 -0.294062
vn 0.692387 0.654251 -0.304231
vn 0.719913 0.642666 -0.262117
vn 0.670634 0.680879 -0.294370
vn 0.701552 0.581348 -0.412140
vn 0.732755 0.613675 -0.294062
vn 0.258819 0.336721 0.905335
vn 0.546517 0.135265 0.826452
vn 0.573240 -0.030830 0.818807
vn 0.347483 0.188507 0.918543
vn 0.546517 0.135265 0.826452
vn 0.705324 -0.082390 0.704081
vn 0.704407 -0.196222 0.682134
vn 0.573240 -0.030830 0.818807
vn 0.162263 0.407794 0.898540
vn 0.258819 0.336721 0.905335
vn 0.347483 0.188507 0.918543
vn 0.223402 0.354209 0.908090
vn 0.705324 -0.082390 0.704081
vn 0.768244 -0.324260 0.551957
vn 0.789269 -0.332279 0.516377
vn 0.704407 -0.196222 0.682134
vn 0.768244 -0.324260 0.551957
vn 0.796452 -0.515494 0.316118
vn 0.843134 -0.431877 0.320322
vn 0.789269 -0.332279 0.516377
vn 0.796452 -0.515494 0.316118
vn 0.794202 -0.607019 -0.027789
vn 0.849163 -0.524980 0.057598
vn 0.843134 -0.431877 0.320322
vn 0.794202 -0.607019 -0.027789
vn 0.839922 -0.342869 -0.420681
vn 0.779682 -0.547620 -0.303658
vn 0.849163 -0.524980 0.057598
vn 0.839922 -0.342869 -0.420681
vn 0.912415 0.027853 -0.408318
vn 0.728481 -0.413700 -0.546047
vn 0.779682 -0.547620 -0.303658
vn 0.912415 0.027853 -0.408318
vn 0.826329 0.308659 -0.471074
vn 0.636116 -0.130576 -0.760465
vn 0.728481 -0.413700 -0.546047
vn 0.826329 0.308659 -0.471074
vn 0.711057 0.556131 -0.430253
vn 0.486794 0.218902 -0.845644
vn 0.636116 -0.130576 -0.760465
vn 0.027650 0.819844 0.571919
vn 0.068741 0.623629 0.778692
vn 0.061024 0.593385 0.802602
vn -0.036327 0.814847 0.578536
vn 0.068741 0.623629 0.778692
vn 0.162263 0.407794 0.898540
vn 0.223402 0.354209 0.908090
vn 0.061024 0.593385 0.802602
vn 0.711057 0.556131 -0.430253
vn 0.692387 0.654251 -0.304231
vn 0.432957 0.491894 -0.755373
vn 0.486794 0.218902 -0.845644
vn 0.692387 0.654251 -0.304231
vn 0.627762 0.761491 -0.161388
vn 0.264149 0.733641 -0.626096
vn 0.432957 0.491894 -0.755373
vn 0.627762 0.761491 -0.161388
vn 0.546176 0.836082 -0.051566
vn 0.147642 0.863278 -0.482653
vn 0.264149 0.733641 -0.626096
vn 0.546176 0.836082 -0.051566
vn 0.457298 0.889080 0.020386
vn 0.055701 0.949151 -0.309855
vn 0.147642 0.863278 -0.482653
vn 0.457298 0.889080 0.020386
vn 0.350581 0.930988 0.101761
vn -0.012690 0.993355 -0.114391
vn 0.055701 0.949151 -0.309855
vn 0.350581 0.930988 0.101761
vn 0.209779 0.948625 0.236863
vn -0.053026 0.993393 0.101781
vn -0.012690 0.993355 -0.114391
vn 0.209779 0.948625 0.236863
vn 0.045091 0.891223 0.451319
vn -0.058671 0.913644 0.402258
vn -0.053026 0.993393 0.101781
vn 0.045091 0.891223 0.451319
vn 0.027650 0.819844 0.571919
vn -0.036327 0.814847 0.578536
vn -0.058671 0.913644 0.402258
vn 0.573240 -0.030830 0.818807
vn 0.704407 -0.196222 0.682134
vn 0.619320 -0.323818 0.715251
vn 0.495791 -0.195566 0.846135
vn 0.347483 0.188507 0.918543
vn 0.573240 -0.030830 0.818807
vn 0.495791 -0.195566 0.846135
vn 0.295642 0.076084 0.952264
vn 0.223402 0.354209 0.908090
vn 0.347483 0.188507 0.918543
vn 0.295642 0.076084 0.952264
vn 0.181835 0.283239 0.941654
vn 0.789269 -0.332279 0.516377
vn 0.843134 -0.431877 0.320322
vn 0.781316 -0.513575 0.354663
vn 0.722354 -0.419767 0.549545
vn 0.704407 -0.196222 0.682134
vn 0.789269 -0.332279 0.516377
vn 0.722354 -0.419767 0.549545
vn 0.619320 -0.323818 0.715251
vn 0.849163 -0.524980 0.057598
vn 0.779682 -0.547620 -0.303658
vn 0.499892 -0.765318 -0.405459
vn 0.747787 -0.657059 0.095331
vn 0.843134 -0.431877 0.320322
vn 0.849163 -0.524980 0.057598
vn 0.747787 -0.657059 0.095331
vn 0.781316 -0.513575 0.354663
vn 0.779682 -0.547620 -0.303658
vn 0.728481 -0.413700 -0.546047
vn 0.455094 -0.629795 -0.629483
vn 0.499892 -0.765318 -0.405459
vn 0.636116 -0.130576 -0.760465
vn 0.486794 0.218902 -0.845644
vn 0.313016 0.019215 -0.949554
vn 0.385375 -0.353645 -0.852303
vn 0.728481 -0.413700 -0.546047
vn 0.636116 -0.130576 -0.760465
vn 0.385375 -0.353645 -0.852303
vn 0.455094 -0.629795 -0.629483
vn 0.061024 0.593385 0.802602
vn 0.223402 0.354209 0.908090
vn 0.181835 0.283239 0.941654
vn 0.048789 0.558303 0.828201
vn -0.036327 0.814847 0.578536
vn 0.061024 0.593385 0.802602
vn 0.048789 0.558303 0.828201
vn -0.044251 0.809005 0.586133
vn 0.486794 0.218902 -0.845644
vn 0.432957 0.491894 -0.755373
vn 0.263038 0.277034 -0.924155
vn 0.313016 0.019215 -0.949554
vn 0.264149 0.733641 -0.626096
vn 0.147642 0.863278 -0.482653
vn 0.089510 0.772495 -0.628681
vn 0.161483 0.592963 -0.788872
vn 0.432957 0.491894 -0.755373
vn 0.264149 0.733641 -0.626096
vn 0.161483 0.592963 -0.788872
vn 0.263038 0.277034 -0.924155
vn 0.055701 0.949151 -0.309855
vn -0.012690 0.993355 -0.114391
vn -0.027124 0.979370 -0.200247
vn 0.024476 0.903330 -0.428247
vn 0.147642 0.863278 -0.482653
vn 0.055701 0.949151 -0.309855
vn 0.024476 0.903330 -0.428247
vn 0.089510 0.772495 -0.628681
vn -0.053026 0.993393 0.101781
vn -0.058671 0.913644 0.402258
vn -0.062743 0.921615 0.383000
vn -0.060068 0.997399 0.039846
vn -0.012690 0.993355 -0.114391
vn -0.053026 0.993393 0.101781
vn -0.060068 0.997399 0.039846
vn -0.027124 0.979370 -0.200247
vn -0.058671 0.913644 0.402258
vn -0.036327 0.814847 0.578536
vn -0.044251 0.809005 0.586133
vn -0.062743 0.921615 0.383000
vn 0.495791 -0.195566 0.846135
vn 0.619320 -0.323818 0.715251
vn -0.400018 -0.626988 0.668485
vn -0.137829 -0.436343 0.889161
vn 0.295642 0.076084 0.952264
vn 0.495791 -0.195566 0.846135
vn -0.137829 -0.436343 0.889161
vn 0.145643 -0.067858 0.987007
vn 0.181835 0.283239 0.941654
vn 0.295642 0.076084 0.952264
vn 0.145643 -0.067858 0.987007
vn 0.279630 0.172266 0.944527
vn 0.722354 -0.419767 0.549545
vn 0.781316 -0.513575 0.354663
vn -0.711620 -0.699506 0.065489
vn -0.617272 -0.703994 0.351237
vn 0.619320 -0.323818 0.715251
vn 0.722354 -0.419767 0.549545
vn -0.617272 -0.703994 0.351237
vn -0.400018 -0.626988 0.668485
vn 0.747787 -0.657059 0.095331
vn 0.499892 -0.765318 -0.405459
vn -0.579969 -0.674244 -0.457200
vn -0.708452 -0.687691 -0.158673
vn 0.781316 -0.513575 0.354663
vn 0.747787 -0.657059 0.095331
vn -0.708452 -0.687691 -0.158673
vn -0.711620 -0.699506 0.065489
vn 0.499892 -0.765318 -0.405459
vn 0.455094 -0.629795 -0.629483
vn -0.402160 -0.629766 -0.664577
vn -0.579969 -0.674244 -0.457200
vn 0.385375 -0.353645 -0.852303
vn 0.313016 0.019215 -0.949554
vn 0.234947 -0.100081 -0.966842
vn -0.104610 -0.448033 -0.887876
vn 0.455094 -0.629795 -0.629483
vn 0.385375 -0.353645 -0.852303
vn -0.104610 -0.448033 -0.887876
vn -0.402160 -0.629766 -0.664577
vn 0.048789 0.558303 0.828201
vn 0.181835 0.283239 0.941654
vn 0.279630 0.172266 0.944527
vn 0.387942 0.427373 0.816611
vn -0.044251 0.809005 0.586133
vn 0.048789 0.558303 0.828201
vn 0.387942 0.427373 0.816611
vn 0.483770 0.645023 0.591533
vn 0.313016 0.019215 -0.949554
vn 0.263038 0.277034 -0.924155
vn 0.401961 0.163151 -0.901005
vn 0.234947 -0.100081 -0.966842
vn 0.161483 0.592963 -0.788872
vn 0.089510 0.772495 -0.628681
vn 0.596316 0.620781 -0.508959
vn 0.549043 0.460832 -0.697271
vn 0.263038 0.277034 -0.924155
vn 0.161483 0.592963 -0.788872
vn 0.549043 0.460832 -0.697271
vn 0.401961 0.163151 -0.901005
vn 0.024476 0.903330 -0.428247
vn -0.027124 0.979370 -0.200247
vn 0.605319 0.790841 -0.090332
vn 0.612135 0.730160 -0.303574
vn 0.089510 0.772495 -0.628681
vn 0.024476 0.903330 -0.428247
vn 0.612135 0.730160 -0.303574
vn 0.596316 0.620781 -0.508959
vn -0.060068 0.997399 0.039846
vn -0.062743 0.921615 0.383000
vn 0.525103 0.743000 0.414992
vn 0.582615 0.803598 0.121612
vn -0.027124 0.979370 -0.200247
vn -0.060068 0.997399 0.039846
vn 0.582615 0.803598 0.121612
vn 0.605319 0.790841 -0.090332
vn -0.062743 0.921615 0.383000
vn -0.044251 0.809005 0.586133
vn 0.483770 0.645023 0.591533
vn 0.525103 0.743000 0.414992
vn -0.137829 -0.436343 0.889161
vn -0.400018 -0.626988 0.668485
vn -0.756216 -0.539103 0.370818
vn -0.662441 -0.403940 0.630876
vn 0.145643 -0.067858 0.987007
vn -0.137829 -0.436343 0.889161
vn -0.662441 -0.403940 0.630876
vn -0.359387 -0.082362 0.929547
vn 0.279630 0.172266 0.944527
vn 0.145643 -0.067858 0.987007
vn -0.359387 -0.082362 0.929547
vn 0.039196 0.131798 0.990501
vn -0.617272 -0.703994 0.351237
vn -0.711620 -0.699506 0.065489
vn -0.696724 -0.716237 -0.039759
vn -0.755706 -0.637438 0.150269
vn -0.400018 -0.626988 0.668485
vn -0.617272 -0.703994 0.351237
vn -0.755706 -0.637438 0.150269
vn -0.756216 -0.539103 0.370818
vn -0.708452 -0.687691 -0.158673
vn -0.579969 -0.674244 -0.457200
vn -0.363159 -0.799259 -0.478854
vn -0.596206 -0.773680 -0.214379
vn -0.711620 -0.699506 0.065489
vn -0.708452 -0.687691 -0.158673
vn -0.596206 -0.773680 -0.214379
vn -0.696724 -0.716237 -0.039759
vn -0.579969 -0.674244 -0.457200
vn -0.402160 -0.629766 -0.664577
vn -0.204106 -0.740426 -0.640398
vn -0.363159 -0.799259 -0.478854
vn -0.104610 -0.448033 -0.887876
vn 0.234947 -0.100081 -0.966842
vn 0.457081 -0.234304 -0.858009
vn 0.127785 -0.558803 -0.819396
vn -0.402160 -0.629766 -0.664577
vn -0.104610 -0.448033 -0.887876
vn 0.127785 -0.558803 -0.819396
vn -0.204106 -0.740426 -0.640398
vn 0.387942 0.427373 0.816611
vn 0.279630 0.172266 0.944527
vn 0.039196 0.131798 0.990501
vn 0.307874 0.394756 0.865668
vn 0.483770 0.645023 0.591533
vn 0.387942 0.427373 0.816611
vn 0.307874 0.394756 0.865668
vn 0.500486 0.571888 0.649967
vn 0.234947 -0.100081 -0.966842
vn 0.401961 0.163151 -0.901005
vn 0.588213 0.017514 -0.808517
vn 0.457081 -0.234304 -0.858009
vn 0.549043 0.460832 -0.697271
vn 0.596316 0.620781 -0.508959
vn 0.778047 0.497498 -0.383586
vn 0.745098 0.339517 -0.574070
vn 0.401961 0.163151 -0.901005
vn 0.549043 0.460832 -0.697271
vn 0.745098 0.339517 -0.574070
vn 0.588213 0.017514 -0.808517
vn 0.612135 0.730160 -0.303574
vn 0.605319 0.790841 -0.090332
vn 0.747557 0.663936 0.018652
vn 0.775567 0.604652 -0.181359
vn 0.596316 0.620781 -0.508959
vn 0.612135 0.730160 -0.303574
vn 0.775567 0.604652 -0.181359
vn 0.778047 0.497498 -0.383586
vn 0.582615 0.803598 0.121612
vn 0.525103 0.743000 0.414992
vn 0.608987 0.639596 0.469096
vn 0.699874 0.681639 0.213413
vn 0.605319 0.790841 -0.090332
vn 0.582615 0.803598 0.121612
vn 0.699874 0.681639 0.213413
vn 0.747557 0.663936 0.018652
vn 0.525103 0.743000 0.414992
vn 0.483770 0.645023 0.591533
vn 0.500486 0.571888 0.649967
vn 0.608987 0.639596 0.469096
vn -0.662441 -0.403940 0.630876
vn -0.756216 -0.539103 0.370818
vn -0.879965 -0.475039 -0.000189
vn -0.954420 -0.266172 0.135035
vn -0.359387 -0.082362 0.929547
vn -0.662441 -0.403940 0.630876
vn -0.954420 -0.266172 0.135035
vn -0.931798 0.091519 0.351250
vn 0.039196 0.131798 0.990501
vn -0.359387 -0.082362 0.929547
vn -0.931798 0.091519 0.351250
vn -0.753980 0.335624 0.564687
vn -0.755706 -0.637438 0.150269
vn -0.696724 -0.716237 -0.039759
vn -0.579053 -0.785912 -0.216888
vn -0.751256 -0.649875 -0.115226
vn -0.756216 -0.539103 0.370818
vn -0.755706 -0.637438 0.150269
vn -0.751256 -0.649875 -0.115226
vn -0.879965 -0.475039 -0.000189
vn -0.596206 -0.773680 -0.214379
vn -0.363159 -0.799259 -0.478854
vn -0.024801 -0.906394 -0.421705
vn -0.377326 -0.874052 -0.306037
vn -0.696724 -0.716237 -0.039759
vn -0.596206 -0.773680 -0.214379
vn -0.377326 -0.874052 -0.306037
vn -0.579053 -0.785912 -0.216888
vn -0.363159 -0.799259 -0.478854
vn -0.204106 -0.740426 -0.640398
vn 0.206831 -0.850158 -0.484202
vn -0.024801 -0.906394 -0.421705
vn 0.127785 -0.558803 -0.819396
vn 0.457081 -0.234304 -0.858009
vn 0.821374 -0.357735 -0.444264
vn 0.542626 -0.667993 -0.509256
vn -0.204106 -0.740426 -0.640398
vn 0.127785 -0.558803 -0.819396
vn 0.542626 -0.667993 -0.509256
vn 0.206831 -0.850158 -0.484202
vn 0.307874 0.394756 0.865668
vn 0.039196 0.131798 0.990501
vn -0.753980 0.335624 0.564687
vn -0.376784 0.621360 0.686983
vn 0.500486 0.571888 0.649967
vn 0.307874 0.394756 0.865668
vn -0.376784 0.621360 0.686983
vn 0.040485 0.751733 0.658223
vn 0.457081 -0.234304 -0.858009
vn 0.588213 0.017514 -0.808517
vn 0.920777 -0.123707 -0.369954
vn 0.821374 -0.357735 -0.444264
vn 0.745098 0.339517 -0.574070
vn 0.778047 0.497498 -0.383586
vn 0.920763 0.390069 -0.006499
vn 0.964795 0.209581 -0.158889
vn 0.588213 0.017514 -0.808517
vn 0.745098 0.339517 -0.574070
vn 0.964795 0.209581 -0.158889
vn 0.920777 -0.123707 -0.369954
vn 0.775567 0.604652 -0.181359
vn 0.747557 0.663936 0.018652
vn 0.718056 0.632415 0.290597
vn 0.834852 0.530626 0.146484
vn 0.778047 0.497498 -0.383586
vn 0.775567 0.604652 -0.181359
vn 0.834852 0.530626 0.146484
vn 0.920763 0.390069 -0.006499
vn 0.699874 0.681639 0.213413
vn 0.608987 0.639596 0.469096
vn 0.322332 0.742651 0.587002
vn 0.571997 0.702516 0.423427
vn 0.747557 0.663936 0.018652
vn 0.699874 0.681639 0.213413
vn 0.571997 0.702516 0.423427
vn 0.718056 0.632415 0.290597
vn 0.608987 0.639596 0.469096
vn 0.500486 0.571888 0.649967
vn 0.040485 0.751733 0.658223
vn 0.322332 0.742651 0.587002
vn -0.954420 -0.266172 0.135035
vn -0.879965 -0.475039 -0.000189
vn -0.894396 -0.427199 -0.132500
vn -0.968773 -0.246679 0.025066
vn -0.931798 0.091519 0.351250
vn -0.954420 -0.266172 0.135035
vn -0.968773 -0.246679 0.025066
vn -0.947849 0.064845 0.312053
vn -0.753980 0.335624 0.564687
vn -0.931798 0.091519 0.351250
vn -0.947849 0.064845 0.312053
vn -0.838998 0.298352 0.455048
vn -0.751256 -0.649875 -0.115226
vn -0.579053 -0.785912 -0.216888
vn -0.606119 -0.705806 -0.366686
vn -0.770149 -0.580727 -0.263870
vn -0.879965 -0.475039 -0.000189
vn -0.751256 -0.649875 -0.115226
vn -0.770149 -0.580727 -0.263870
vn -0.894396 -0.427199 -0.132500
vn -0.377326 -0.874052 -0.306037
vn -0.024801 -0.906394 -0.421705
vn -0.052929 -0.859434 -0.508500
vn -0.403765 -0.801035 -0.441946
vn -0.579053 -0.785912 -0.216888
vn -0.377326 -0.874052 -0.306037
vn -0.403765 -0.801035 -0.441946
vn -0.606119 -0.705806 -0.366686
vn -0.024801 -0.906394 -0.421705
vn 0.206831 -0.850158 -0.484202
vn 0.236764 -0.852356 -0.466295
vn -0.052929 -0.859434 -0.508500
vn 0.542626 -0.667993 -0.509256
vn 0.821374 -0.357735 -0.444264
vn 0.897879 -0.399132 -0.185761
vn 0.624457 -0.685374 -0.374587
vn 0.206831 -0.850158 -0.484202
vn 0.542626 -0.667993 -0.509256
vn 0.624457 -0.685374 -0.374587
vn 0.236764 -0.852356 -0.466295
vn -0.376784 0.621360 0.686983
vn -0.753980 0.335624 0.564687
vn -0.838998 0.298352 0.455048
vn -0.501220 0.553124 0.665457
vn 0.040485 0.751733 0.658223
vn -0.376784 0.621360 0.686983
vn -0.501220 0.553124 0.665457
vn -0.096122 0.664201 0.741349
vn 0.821374 -0.357735 -0.444264
vn 0.920777 -0.123707 -0.369954
vn 0.983414 -0.177733 -0.036159
vn 0.897879 -0.399132 -0.185761
vn 0.964795 0.209581 -0.158889
vn 0.920763 0.390069 -0.006499
vn 0.902753 0.298043 0.310173
vn 0.975770 0.126323 0.178647
vn 0.920777 -0.123707 -0.369954
vn 0.964795 0.209581 -0.158889
vn 0.975770 0.126323 0.178647
vn 0.983414 -0.177733 -0.036159
vn 0.834852 0.530626 0.146484
vn 0.718056 0.632415 0.290597
vn 0.646954 0.548383 0.529836
vn 0.791087 0.437658 0.427361
vn 0.920763 0.390069 -0.006499
vn 0.834852 0.530626 0.146484
vn 0.791087 0.437658 0.427361
vn 0.902753 0.298043 0.310173
vn 0.571997 0.702516 0.423427
vn 0.322332 0.742651 0.587002
vn 0.141134 0.709761 0.690159
vn 0.474177 0.629115 0.615930
vn 0.718056 0.632415 0.290597
vn 0.571997 0.702516 0.423427
vn 0.474177 0.629115 0.615930
vn 0.646954 0.548383 0.529836
vn 0.322332 0.742651 0.587002
vn 0.040485 0.751733 0.658223
vn -0.096122 0.664201 0.741349
vn 0.141134 0.709761 0.690159
vn -0.968773 -0.246679 0.025066
vn -0.894396 -0.427199 -0.132500
vn -0.825021 -0.516644 -0.228954
vn -0.900925 -0.431818 0.043204
vn -0.947849 0.064845 0.312053
vn -0.968773 -0.246679 0.025066
vn -0.900925 -0.431818 0.043204
vn -0.855593 -0.239877 0.458715
vn -0.838998 0.298352 0.455048
vn -0.947849 0.064845 0.312053
vn -0.855593 -0.239877 0.458715
vn -0.678201 -0.051004 0.733104
vn -0.770149 -0.580727 -0.263870
vn -0.606119 -0.705806 -0.366686
vn -0.565890 -0.601061 -0.564353
vn -0.708882 -0.569666 -0.415892
vn -0.894396 -0.427199 -0.132500
vn -0.770149 -0.580727 -0.263870
vn -0.708882 -0.569666 -0.415892
vn -0.825021 -0.516644 -0.228954
vn -0.403765 -0.801035 -0.441946
vn -0.052929 -0.859434 -0.508500
vn -0.142508 -0.634985 -0.759266
vn -0.387439 -0.626831 -0.675998
vn -0.606119 -0.705806 -0.366686
vn -0.403765 -0.801035 -0.441946
vn -0.387439 -0.626831 -0.675998
vn -0.565890 -0.601061 -0.564353
vn -0.052929 -0.859434 -0.508500
vn 0.236764 -0.852356 -0.466295
vn 0.069146 -0.615966 -0.784732
vn -0.142508 -0.634985 -0.759266
vn 0.624457 -0.685374 -0.374587
vn 0.897879 -0.399132 -0.185761
vn 0.882534 -0.334452 -0.330569
vn 0.515997 -0.539060 -0.665704
vn 0.236764 -0.852356 -0.466295
vn 0.624457 -0.685374 -0.374587
vn 0.515997 -0.539060 -0.665704
vn 0.069146 -0.615966 -0.784732
vn -0.501220 0.553124 0.665457
vn -0.838998 0.298352 0.455048
vn -0.678201 -0.051004 0.733104
vn -0.268884 0.164076 0.949095
vn -0.096122 0.664201 0.741349
vn -0.501220 0.553124 0.665457
vn -0.268884 0.164076 0.949095
vn 0.055364 0.263787 0.962991
vn 0.897879 -0.399132 -0.185761
vn 0.983414 -0.177733 -0.036159
vn 0.989251 -0.145537 -0.014212
vn 0.882534 -0.334452 -0.330569
vn 0.975770 0.126323 0.178647
vn 0.902753 0.298043 0.310173
vn 0.835946 0.159927 0.524994
vn 0.939661 0.065245 0.335828
vn 0.983414 -0.177733 -0.036159
vn 0.975770 0.126323 0.178647
vn 0.939661 0.065245 0.335828
vn 0.989251 -0.145537 -0.014212
vn 0.791087 0.437658 0.427361
vn 0.646954 0.548383 0.529836
vn 0.615066 0.266267 0.742156
vn 0.729161 0.223940 0.646665
vn 0.902753 0.298043 0.310173
vn 0.791087 0.437658 0.427361
vn 0.729161 0.223940 0.646665
vn 0.835946 0.159927 0.524994
vn 0.474177 0.629115 0.615930
vn 0.141134 0.709761 0.690159
vn 0.249170 0.293054 0.923057
vn 0.470157 0.294782 0.831899
vn 0.646954 0.548383 0.529836
vn 0.474177 0.629115 0.615930
vn 0.470157 0.294782 0.831899
vn 0.615066 0.266267 0.742156
vn 0.141134 0.709761 0.690159
vn -0.096122 0.664201 0.741349
vn 0.055364 0.263787 0.962991
vn 0.249170 0.293054 0.923057
vn 0.377179 -0.500838 0.779036
vn 0.418511 0.133874 0.898291
vn 0.800589 -0.327160 0.502020
vn 0.421968 -0.669698 0.611103
vn 0.418511 0.133874 0.898291
vn 0.381199 0.342430 0.858737
vn 0.929760 -0.037711 0.366230
vn 0.800589 -0.327160 0.502020
vn 0.381199 0.342430 0.858737
vn 0.542111 0.601360 0.586926
vn 0.914778 0.350840 0.200229
vn 0.929760 -0.037711 0.366230
vn 0.542111 0.601360 0.586926
vn 0.383711 0.872791 0.301664
vn 0.677235 0.734606 0.041311
vn 0.914778 0.350840 0.200229
vn -0.935647 0.276838 0.218918
vn -0.961803 -0.022552 0.272813
vn -0.966967 -0.085697 0.240065
vn -0.962891 0.259216 0.075153
vn -0.961803 -0.022552 0.272813
vn -0.925052 -0.172377 0.338474
vn -0.874552 -0.323677 0.361098
vn -0.966967 -0.085697 0.240065
vn 0.383711 0.872791 0.301664
vn 0.117447 0.962954 0.242745
vn 0.416154 0.906277 -0.074013
vn 0.677235 0.734606 0.041311
vn 0.117447 0.962954 0.242745
vn -0.103018 0.992610 0.064128
vn -0.002459 0.990875 -0.134766
vn 0.416154 0.906277 -0.074013
vn -0.103018 0.992610 0.064128
vn -0.329325 0.940472 0.084004
vn -0.259608 0.955421 -0.140619
vn -0.002459 0.990875 -0.134766
vn -0.329325 0.940472 0.084004
vn -0.564591 0.809373 0.161714
vn -0.530071 0.840343 -0.113347
vn -0.259608 0.955421 -0.140619
vn -0.564591 0.809373 0.161714
vn -0.821864 0.491484 0.288068
vn -0.856873 0.515142 -0.019930
vn -0.530071 0.840343 -0.113347
vn -0.821864 0.491484 0.288068
vn -0.935647 0.276838 0.218918
vn -0.962891 0.259216 0.075153
vn -0.856873 0.515142 -0.019930
vn -0.649033 -0.638748 0.413228
vn -0.231898 -0.910641 0.341990
vn 0.218621 -0.574521 -0.788752
vn -0.579860 -0.753890 -0.308890
vn -0.231898 -0.910641 0.341990
vn 0.255162 -0.966410 0.030723
vn 0.488660 -0.363556 -0.793120
vn 0.218621 -0.574521 -0.788752
vn -0.806866 -0.458457 0.372537
vn -0.649033 -0.638748 0.413228
vn -0.579860 -0.753890 -0.308890
vn -0.836678 -0.539468 0.094576
vn 0.255162 -0.966410 0.030723
vn 0.575416 -0.817651 -0.018517
vn 0.646628 -0.346503 -0.679565
vn 0.488660 -0.363556 -0.793120
vn 0.575416 -0.817651 -0.018517
vn 0.886656 -0.451950 0.097893
vn 0.908310 -0.258569 -0.328808
vn 0.646628 -0.346503 -0.679565
vn 0.886656 -0.451950 0.097893
vn 0.972230 -0.136128 0.190364
vn 0.995973 -0.089301 0.007897
vn 0.908310 -0.258569 -0.328808
vn 0.972230 -0.136128 0.190364
vn 0.922046 0.308109 0.234306
vn 0.885637 0.277549 0.372308
vn 0.995973 -0.089301 0.007897
vn 0.922046 0.308109 0.234306
vn 0.643139 0.728443 0.236100
vn 0.504987 0.621107 0.599345
vn 0.885637 0.277549 0.372308
vn -0.949114 0.256848 0.182240
vn -0.953974 -0.123529 0.273267
vn -0.964381 -0.177918 0.195742
vn -0.972083 0.131713 0.194180
vn -0.953974 -0.123529 0.273267
vn -0.806866 -0.458457 0.372537
vn -0.836678 -0.539468 0.094576
vn -0.964381 -0.177918 0.195742
vn 0.643139 0.728443 0.236100
vn 0.363633 0.911559 0.191915
vn 0.230251 0.778548 0.583821
vn 0.504987 0.621107 0.599345
vn 0.363633 0.911559 0.191915
vn -0.070003 0.983273 0.168146
vn -0.172756 0.796911 0.578868
vn 0.230251 0.778548 0.583821
vn -0.070003 0.983273 0.168146
vn -0.340721 0.926707 0.158501
vn -0.468610 0.739123 0.483841
vn -0.172756 0.796911 0.578868
vn -0.340721 0.926707 0.158501
vn -0.583842 0.800086 0.137812
vn -0.746117 0.597318 0.294146
vn -0.468610 0.739123 0.483841
vn -0.583842 0.800086 0.137812
vn -0.846066 0.511420 0.150402
vn -0.908276 0.346181 0.234934
vn -0.746117 0.597318 0.294146
vn -0.846066 0.511420 0.150402
vn -0.949114 0.256848 0.182240
vn -0.972083 0.131713 0.194180
vn -0.908276 0.346181 0.234934
vn 0.283713 -0.512125 -0.810700
vn 0.601877 -0.352556 -0.716554
vn 0.665395 -0.306579 -0.680631
vn 0.359236 -0.445932 -0.819814
vn -0.290873 -0.658150 -0.694429
vn 0.283713 -0.512125 -0.810700
vn 0.359236 -0.445932 -0.819814
vn -0.206727 -0.566220 -0.797909
vn -0.471422 -0.693001 -0.545445
vn -0.290873 -0.658150 -0.694429
vn -0.206727 -0.566220 -0.797909
vn -0.579440 -0.587844 -0.564526
vn 0.801961 -0.229382 -0.551581
vn 0.982733 -0.042017 -0.180198
vn 0.996784 0.010221 -0.079484
vn 0.858830 -0.179937 -0.479619
vn 0.601877 -0.352556 -0.716554
vn 0.801961 -0.229382 -0.551581
vn 0.858830 -0.179937 -0.479619
vn 0.665395 -0.306579 -0.680631
vn 0.982733 -0.042017 -0.180198
vn 0.986838 0.103860 0.123951
vn 0.969937 0.122367 0.210356
vn 0.996784 0.010221 -0.079484
vn 0.793033 0.309166 0.524895
vn 0.413147 0.474229 0.777443
vn 0.377165 0.318183 0.869774
vn 0.753463 0.253339 0.606723
vn 0.986838 0.103860 0.123951
vn 0.793033 0.309166 0.524895
vn 0.753463 0.253339 0.606723
vn 0.969937 0.122367 0.210356
vn -0.765733 -0.627330 -0.141808
vn -0.471422 -0.693001 -0.545445
vn -0.579440 -0.587844 -0.564526
vn -0.861911 -0.438470 -0.254662
vn -0.822216 -0.517863 0.236177
vn -0.765733 -0.627330 -0.141808
vn -0.861911 -0.438470 -0.254662
vn -0.949124 -0.314845 -0.006085
vn 0.413147 0.474229 0.777443
vn 0.181624 0.527964 0.829618
vn 0.142514 0.311778 0.939406
vn 0.377165 0.318183 0.869774
vn -0.075118 0.531303 0.843845
vn -0.310526 0.475019 0.823365
vn -0.488755 0.099651 0.866711
vn -0.125749 0.237204 0.963287
vn 0.181624 0.527964 0.829618
vn -0.075118 0.531303 0.843845
vn -0.125749 0.237204 0.963287
vn 0.142514 0.311778 0.939406
vn -0.599579 -0.077292 0.796575
vn -0.785460 -0.452454 0.422300
vn -0.949349 -0.259551 0.177113
vn -0.801684 -0.128638 0.583742
vn -0.310526 0.475019 0.823365
vn -0.599579 -0.077292 0.796575
vn -0.801684 -0.128638 0.583742
vn -0.488755 0.099651 0.866711
vn -0.785460 -0.452454 0.422300
vn -0.822216 -0.517863 0.236177
vn -0.949124 -0.314845 -0.006085
vn -0.949349 -0.259551 0.177113
vn 0.014901 -0.603224 -0.797433
vn 0.501541 -0.387464 -0.773517
vn 0.477888 -0.455312 -0.751208
vn 0.228054 -0.653430 -0.721818
vn 0.501541 -0.387464 -0.773517
vn 0.739687 -0.202255 -0.641838
vn 0.718601 -0.003402 -0.695414
vn 0.477888 -0.455312 -0.751208
vn -0.297426 -0.659170 -0.690676
vn 0.014901 -0.603224 -0.797433
vn 0.228054 -0.653430 -0.721818
vn -0.009805 -0.801724 -0.597614
vn 0.739687 -0.202255 -0.641838
vn 0.892413 -0.021368 -0.450714
vn 0.762514 0.423402 -0.489187
vn 0.718601 -0.003402 -0.695414
vn 0.892413 -0.021368 -0.450714
vn 0.972846 0.218268 -0.076999
vn 0.755319 0.625353 -0.196029
vn 0.762514 0.423402 -0.489187
vn 0.972846 0.218268 -0.076999
vn 0.909879 0.352547 0.218701
vn 0.688420 0.721933 0.069925
vn 0.755319 0.625353 -0.196029
vn 0.909879 0.352547 0.218701
vn 0.647092 0.451448 0.614384
vn 0.429298 0.735618 0.523994
vn 0.688420 0.721933 0.069925
vn 0.647092 0.451448 0.614384
vn 0.244322 0.424296 0.871940
vn 0.074254 0.504915 0.859969
vn 0.429298 0.735618 0.523994
vn -0.801391 -0.591853 -0.086507
vn -0.636399 -0.663753 -0.392975
vn -0.299078 -0.904978 -0.302600
vn -0.515171 -0.847083 0.130570
vn -0.636399 -0.663753 -0.392975
vn -0.297426 -0.659170 -0.690676
vn -0.009805 -0.801724 -0.597614
vn -0.299078 -0.904978 -0.302600
vn 0.244322 0.424296 0.871940
vn -0.036818 0.341317 0.939227
vn -0.098649 0.386599 0.916957
vn 0.074254 0.504915 0.859969
vn -0.036818 0.341317 0.939227
vn -0.377960 0.146671 0.914130
vn -0.351214 0.049362 0.934993
vn -0.098649 0.386599 0.916957
vn -0.377960 0.146671 0.914130
vn -0.612648 -0.032617 0.789683
vn -0.526549 -0.249602 0.812678
vn -0.351214 0.049362 0.934993
vn -0.612648 -0.032617 0.789683
vn -0.811663 -0.237748 0.533553
vn -0.521452 -0.628080 0.577584
vn -0.526549 -0.249602 0.812678
vn -0.811663 -0.237748 0.533553
vn -0.873332 -0.463804 0.148919
vn -0.538907 -0.771473 0.338244
vn -0.521452 -0.628080 0.577584
vn -0.873332 -0.463804 0.148919
vn -0.801391 -0.591853 -0.086507
vn -0.515171 -0.847083 0.130570
vn -0.538907 -0.771473 0.338244
vn -0.836678 -0.539468 0.094576
vn -0.579860 -0.753890 -0.308890
vn -0.366267 -0.656039 -0.659895
vn -0.590212 -0.598781 -0.541397
vn -0.456317 0.142447 -0.878341
vn -0.108243 0.086471 -0.990357
vn 0.276859 -0.287769 -0.916809
vn -0.441749 -0.406752 -0.799632
vn -0.108243 0.086471 -0.990357
vn 0.434178 -0.053555 -0.899234
vn 0.631525 -0.116605 -0.766537
vn 0.276859 -0.287769 -0.916809
vn -0.633787 0.155863 -0.757641
vn -0.456317 0.142447 -0.878341
vn -0.441749 -0.406752 -0.799632
vn -0.606284 -0.426635 -0.671121
vn -0.993861 0.071818 -0.084163
vn -0.846333 0.133639 -0.515618
vn -0.811736 -0.583249 -0.030090
vn -0.994330 0.001807 0.106325
vn -0.846333 0.133639 -0.515618
vn -0.633787 0.155863 -0.757641
vn -0.606284 -0.426635 -0.671121
vn -0.811736 -0.583249 -0.030090
vn 0.230251 0.778548 0.583821
vn -0.172756 0.796911 0.578868
vn -0.130236 0.662999 0.737205
vn 0.155911 0.609497 0.777307
vn -0.172756 0.796911 0.578868
vn -0.468610 0.739123 0.483841
vn -0.359547 0.660037 0.659604
vn -0.130236 0.662999 0.737205
vn 0.504987 0.621107 0.599345
vn 0.230251 0.778548 0.583821
vn 0.155911 0.609497 0.777307
vn 0.420037 0.533238 0.734320
vn 0.995973 -0.089301 0.007897
vn 0.885637 0.277549 0.372308
vn 0.825986 0.284525 0.486613
vn 0.999529 0.019185 -0.023967
vn 0.885637 0.277549 0.372308
vn 0.504987 0.621107 0.599345
vn 0.420037 0.533238 0.734320
vn 0.825986 0.284525 0.486613
vn 0.908310 -0.258569 -0.328808
vn 0.995973 -0.089301 0.007897
vn 0.999529 0.019185 -0.023967
vn 0.923098 -0.084469 -0.375173
vn 0.488660 -0.363556 -0.793120
vn 0.646628 -0.346503 -0.679565
vn 0.639185 -0.101828 -0.762282
vn 0.475464 -0.119130 -0.871632
vn 0.646628 -0.346503 -0.679565
vn 0.908310 -0.258569 -0.328808
vn 0.923098 -0.084469 -0.375173
vn 0.639185 -0.101828 -0.762282
vn -0.579860 -0.753890 -0.308890
vn 0.218621 -0.574521 -0.788752
vn 0.245479 -0.311836 -0.917877
vn -0.366267 -0.656039 -0.659895
vn 0.218621 -0.574521 -0.788752
vn 0.488660 -0.363556 -0.793120
vn 0.475464 -0.119130 -0.871632
vn 0.245479 -0.311836 -0.917877
vn -0.471422 -0.693001 -0.545445
vn -0.765733 -0.627330 -0.141808
vn 0.228909 -0.970940 -0.069826
vn 0.322307 -0.802621 -0.501914
vn -0.765733 -0.627330 -0.141808
vn -0.822216 -0.517863 0.236177
vn -0.040630 -0.830959 0.554849
vn 0.228909 -0.970940 -0.069826
vn -0.822216 -0.517863 0.236177
vn -0.785460 -0.452454 0.422300
vn -0.166583 -0.662581 0.730230
vn -0.040630 -0.830959 0.554849
vn -0.785460 -0.452454 0.422300
vn -0.599579 -0.077292 0.796575
vn -0.369347 -0.102706 0.923599
vn -0.166583 -0.662581 0.730230
vn -0.599579 -0.077292 0.796575
vn -0.310526 0.475019 0.823365
vn -0.509748 0.334856 0.792483
vn -0.369347 -0.102706 0.923599
vn -0.972083 0.131713 0.194180
vn -0.964381 -0.177918 0.195742
vn -0.665972 0.118257 -0.736544
vn -0.831587 0.410335 -0.374284
vn -0.964381 -0.177918 0.195742
vn -0.836678 -0.539468 0.094576
vn -0.196316 -0.287352 -0.937491
vn -0.665972 0.118257 -0.736544
vn -0.836678 -0.539468 0.094576
vn -0.590212 -0.598781 -0.541397
vn 0.222079 -0.449116 -0.865434
vn -0.196316 -0.287352 -0.937491
vn -0.908276 0.346181 0.234934
vn -0.972083 0.131713 0.194180
vn -0.831587 0.410335 -0.374284
vn -0.859578 0.491052 -0.141396
vn -0.468610 0.739123 0.483841
vn -0.746117 0.597318 0.294146
vn -0.771496 0.628579 0.098400
vn -0.619480 0.640177 0.454332
vn -0.746117 0.597318 0.294146
vn -0.908276 0.346181 0.234934
vn -0.859578 0.491052 -0.141396
vn -0.771496 0.628579 0.098400
vn -0.571745 0.630651 0.524773
vn -0.359547 0.660037 0.659604
vn -0.468610 0.739123 0.483841
vn -0.619480 0.640177 0.454332
vn 0.228909 -0.970940 -0.069826
vn -0.040630 -0.830959 0.554849
vn 0.264663 -0.770071 0.580469
vn 0.614795 -0.788472 0.018427
vn 0.322307 -0.802621 -0.501914
vn 0.228909 -0.970940 -0.069826
vn 0.614795 -0.788472 0.018427
vn 0.690166 -0.581853 -0.430253
vn -0.040630 -0.830959 0.554849
vn -0.166583 -0.662581 0.730230
vn 0.054323 -0.659374 0.749850
vn 0.264663 -0.770071 0.580469
vn -0.369347 -0.102706 0.923599
vn -0.509748 0.334856 0.792483
vn -0.654683 0.233168 0.719043
vn -0.406425 -0.179244 0.895930
vn -0.166583 -0.662581 0.730230
vn -0.369347 -0.102706 0.923599
vn -0.406425 -0.179244 0.895930
vn 0.054323 -0.659374 0.749850
vn -0.665972 0.118257 -0.736544
vn -0.196316 -0.287352 -0.937491
vn 0.443158 -0.062025 -0.894295
vn 0.078727 0.346838 -0.934615
vn -0.831587 0.410335 -0.374284
vn -0.665972 0.118257 -0.736544
vn 0.078727 0.346838 -0.934615
vn -0.225133 0.589946 -0.775422
vn -0.196316 -0.287352 -0.937491
vn 0.222079 -0.449116 -0.865434
vn 0.586227 -0.254470 -0.769144
vn 0.443158 -0.062025 -0.894295
vn -0.859578 0.491052 -0.141396
vn -0.831587 0.410335 -0.374284
vn -0.225133 0.589946 -0.775422
vn -0.394562 0.701082 -0.593974
vn -0.771496 0.628579 0.098400
vn -0.859578 0.491052 -0.141396
vn -0.394562 0.701082 -0.593974
vn -0.596622 0.754909 -0.272313
vn -0.619480 0.640177 0.454332
vn -0.771496 0.628579 0.098400
vn -0.596622 0.754909 -0.272313
vn -0.730674 0.652078 0.202261
vn -0.735279 0.549211 0.397156
vn -0.571745 0.630651 0.524773
vn -0.619480 0.640177 0.454332
vn -0.730674 0.652078 0.202261
vn 0.773653 -0.622948 0.115748
vn 0.419254 -0.614698 0.668111
vn 0.528137 -0.483430 0.698117
vn 0.878943 -0.449131 0.160441
vn 0.784640 -0.502390 -0.363240
vn 0.773653 -0.622948 0.115748
vn 0.878943 -0.449131 0.160441
vn 0.868559 -0.392195 -0.302967
vn 0.419254 -0.614698 0.668111
vn 0.197045 -0.544053 0.815585
vn 0.306504 -0.459264 0.833746
vn 0.528137 -0.483430 0.698117
vn -0.350474 -0.217877 0.910877
vn -0.711628 0.121434 0.691982
vn -0.691934 -0.101589 0.714778
vn -0.184340 -0.337166 0.923222
vn 0.197045 -0.544053 0.815585
vn -0.350474 -0.217877 0.910877
vn -0.184340 -0.337166 0.923222
vn 0.306504 -0.459264 0.833746
vn -0.022829 0.249500 -0.968106
vn 0.420004 -0.071707 -0.904685
vn 0.397906 -0.086800 -0.913311
vn -0.105714 0.138697 -0.984676
vn -0.331064 0.431474 -0.839182
vn -0.022829 0.249500 -0.968106
vn -0.105714 0.138697 -0.984676
vn -0.415633 0.239366 -0.877470
vn 0.420004 -0.071707 -0.904685
vn 0.607057 -0.222787 -0.762790
vn 0.614532 -0.178300 -0.768479
vn 0.397906 -0.086800 -0.913311
vn -0.508858 0.511479 -0.692425
vn -0.331064 0.431474 -0.839182
vn -0.415633 0.239366 -0.877470
vn -0.588784 0.279237 -0.758525
vn -0.712317 0.567641 -0.412781
vn -0.508858 0.511479 -0.692425
vn -0.588784 0.279237 -0.758525
vn -0.795441 0.295664 -0.529015
vn -0.855094 0.513283 0.073180
vn -0.712317 0.567641 -0.412781
vn -0.795441 0.295664 -0.529015
vn -0.964154 0.251296 -0.085197
vn -0.973690 0.190659 0.124808
vn -0.856230 0.432718 0.282178
vn -0.855094 0.513283 0.073180
vn -0.964154 0.251296 -0.085197
vn 0.904523 0.311219 -0.291515
vn 0.928637 0.203392 -0.310265
vn 0.951206 0.132255 -0.278775
vn 0.922475 0.293372 -0.250944
vn 0.922475 0.293372 -0.250944
vn 0.951206 0.132255 -0.278775
vn 0.524247 -0.107656 0.844734
vn 0.959029 0.249584 0.134057
vn -0.015073 -0.039766 -0.999095
vn 0.008743 0.071218 -0.997422
vn -0.196619 0.092001 -0.976154
vn -0.217106 -0.155260 -0.963722
vn -0.217106 -0.155260 -0.963722
vn -0.196619 0.092001 -0.976154
vn -0.166658 0.042208 -0.985111
vn -0.289359 -0.219984 -0.931600
vn 0.928637 0.203392 -0.310265
vn 0.916675 -0.028312 -0.398629
vn 0.925730 -0.098255 -0.365199
vn 0.951206 0.132255 -0.278775
vn 0.916675 -0.028312 -0.398629
vn 0.821269 -0.125267 -0.556619
vn 0.796081 -0.366701 -0.481441
vn 0.925730 -0.098255 -0.365199
vn 0.925730 -0.098255 -0.365199
vn 0.796081 -0.366701 -0.481441
vn -0.196529 -0.362217 0.911139
vn -0.283000 -0.316505 0.905393
vn 0.951206 0.132255 -0.278775
vn 0.925730 -0.098255 -0.365199
vn -0.283000 -0.316505 0.905393
vn 0.524247 -0.107656 0.844734
vn 0.821269 -0.125267 -0.556619
vn 0.611227 -0.304663 -0.730467
vn 0.622855 -0.548233 -0.558114
vn 0.796081 -0.366701 -0.481441
vn 0.611227 -0.304663 -0.730467
vn 0.580736 -0.202929 -0.788394
vn 0.638180 -0.472285 -0.608008
vn 0.622855 -0.548233 -0.558114
vn 0.622855 -0.548233 -0.558114
vn 0.638180 -0.472285 -0.608008
vn -0.551650 -0.464172 0.692984
vn -0.232345 -0.394441 0.889063
vn 0.796081 -0.366701 -0.481441
vn 0.622855 -0.548233 -0.558114
vn -0.232345 -0.394441 0.889063
vn -0.196529 -0.362217 0.911139
vn 0.580736 -0.202929 -0.788394
vn 0.624325 -0.292297 -0.724417
vn 0.485698 -0.522667 -0.700655
vn 0.638180 -0.472285 -0.608008
vn 0.624325 -0.292297 -0.724417
vn 0.285279 -0.390742 -0.875178
vn 0.219190 -0.534752 -0.816086
vn 0.485698 -0.522667 -0.700655
vn 0.485698 -0.522667 -0.700655
vn 0.219190 -0.534752 -0.816086
vn -0.722192 -0.664457 -0.192187
vn -0.775130 -0.573990 0.264025
vn 0.638180 -0.472285 -0.608008
vn 0.485698 -0.522667 -0.700655
vn -0.775130 -0.573990 0.264025
vn -0.551650 -0.464172 0.692984
vn 0.285279 -0.390742 -0.875178
vn 0.039438 -0.357323 -0.933148
vn -0.052576 -0.436760 -0.898040
vn 0.219190 -0.534752 -0.816086
vn 0.039438 -0.357323 -0.933148
vn -0.015073 -0.039766 -0.999095
vn -0.217106 -0.155260 -0.963722
vn -0.052576 -0.436760 -0.898040
vn -0.052576 -0.436760 -0.898040
vn -0.217106 -0.155260 -0.963722
vn -0.289359 -0.219984 -0.931600
vn -0.538234 -0.587103 -0.604661
vn 0.219190 -0.534752 -0.816086
vn -0.052576 -0.436760 -0.898040
vn -0.538234 -0.587103 -0.604661
vn -0.722192 -0.664457 -0.192187
vn 0.008743 0.071218 -0.997422
vn 0.042094 0.223835 -0.973718
vn -0.098746 0.396059 -0.912900
vn -0.196619 0.092001 -0.976154
vn 0.042094 0.223835 -0.973718
vn 0.213572 0.141498 -0.966626
vn 0.033279 0.584446 -0.810750
vn -0.098746 0.396059 -0.912900
vn -0.098746 0.396059 -0.912900
vn 0.033279 0.584446 -0.810750
vn 0.230196 0.509221 -0.829279
vn 0.061446 0.347708 -0.935587
vn -0.196619 0.092001 -0.976154
vn -0.098746 0.396059 -0.912900
vn 0.061446 0.347708 -0.935587
vn -0.166658 0.042208 -0.985111
vn 0.213572 0.141498 -0.966626
vn 0.336329 0.425313 -0.840233
vn 0.189305 0.727778 -0.659168
vn 0.033279 0.584446 -0.810750
vn 0.336329 0.425313 -0.840233
vn 0.437902 0.574367 -0.691625
vn 0.365945 0.789931 -0.492029
vn 0.189305 0.727778 -0.659168
vn 0.189305 0.727778 -0.659168
vn 0.365945 0.789931 -0.492029
vn 0.568729 0.645700 -0.509528
vn 0.402762 0.609502 -0.682854
vn 0.033279 0.584446 -0.810750
vn 0.189305 0.727778 -0.659168
vn 0.402762 0.609502 -0.682854
vn 0.230196 0.509221 -0.829279
vn 0.437902 0.574367 -0.691625
vn 0.547081 0.691729 -0.471396
vn 0.545480 0.772819 -0.324348
vn 0.365945 0.789931 -0.492029
vn 0.547081 0.691729 -0.471396
vn 0.670634 0.680879 -0.294370
vn 0.699454 0.680011 -0.219884
vn 0.545480 0.772819 -0.324348
vn 0.545480 0.772819 -0.324348
vn 0.699454 0.680011 -0.219884
vn 0.838422 0.529567 -0.128865
vn 0.718325 0.617267 -0.320922
vn 0.365945 0.789931 -0.492029
vn 0.545480 0.772819 -0.324348
vn 0.718325 0.617267 -0.320922
vn 0.568729 0.645700 -0.509528
vn 0.670634 0.680879 -0.294370
vn 0.790011 0.564213 -0.239888
vn 0.832633 0.523822 -0.179815
vn 0.699454 0.680011 -0.219884
vn 0.790011 0.564213 -0.239888
vn 0.904523 0.311219 -0.291515
vn 0.922475 0.293372 -0.250944
vn 0.832633 0.523822 -0.179815
vn 0.832633 0.523822 -0.179815
vn 0.922475 0.293372 -0.250944
vn 0.959029 0.249584 0.134057
vn 0.913823 0.404685 0.034011
vn 0.699454 0.680011 -0.219884
vn 0.832633 0.523822 -0.179815
vn 0.913823 0.404685 0.034011
vn 0.838422 0.529567 -0.128865
vn 0.959029 0.249584 0.134057
vn 0.524247 -0.107656 0.844734
vn 0.272292 -0.090152 0.957982
vn 0.808264 0.113966 0.577686
vn 0.808264 0.113966 0.577686
vn 0.272292 -0.090152 0.957982
vn 0.454225 -0.296051 0.840258
vn 0.810261 -0.091416 0.578896
vn -0.289359 -0.219984 -0.931600
vn -0.166658 0.042208 -0.985111
vn -0.049454 -0.082481 -0.995365
vn -0.280724 -0.299380 -0.911902
vn -0.280724 -0.299380 -0.911902
vn -0.049454 -0.082481 -0.995365
vn -0.152316 -0.103298 -0.982919
vn -0.459018 -0.244190 -0.854210
vn 0.524247 -0.107656 0.844734
vn -0.283000 -0.316505 0.905393
vn -0.535927 -0.147507 0.831279
vn 0.272292 -0.090152 0.957982
vn -0.283000 -0.316505 0.905393
vn -0.196529 -0.362217 0.911139
vn -0.361778 -0.186624 0.913394
vn -0.535927 -0.147507 0.831279
vn -0.535927 -0.147507 0.831279
vn -0.361778 -0.186624 0.913394
vn -0.347726 -0.334837 0.875769
vn -0.561221 -0.238668 0.792508
vn 0.272292 -0.090152 0.957982
vn -0.535927 -0.147507 0.831279
vn -0.561221 -0.238668 0.792508
vn 0.454225 -0.296051 0.840258
vn -0.196529 -0.362217 0.911139
vn -0.232345 -0.394441 0.889063
vn -0.294874 -0.190361 0.936382
vn -0.361778 -0.186624 0.913394
vn -0.232345 -0.394441 0.889063
vn -0.551650 -0.464172 0.692984
vn -0.558979 -0.281467 0.779948
vn -0.294874 -0.190361 0.936382
vn -0.294874 -0.190361 0.936382
vn -0.558979 -0.281467 0.779948
vn -0.476764 -0.384895 0.790286
vn -0.208451 -0.378022 0.902024
vn -0.361778 -0.186624 0.913394
vn -0.294874 -0.190361 0.936382
vn -0.208451 -0.378022 0.902024
vn -0.347726 -0.334837 0.875769
vn -0.551650 -0.464172 0.692984
vn -0.775130 -0.573990 0.264025
vn -0.820730 -0.466281 0.330129
vn -0.558979 -0.281467 0.779948
vn -0.775130 -0.573990 0.264025
vn -0.722192 -0.664457 -0.192187
vn -0.804400 -0.580763 -0.125122
vn -0.820730 -0.466281 0.330129
vn -0.820730 -0.466281 0.330129
vn -0.804400 -0.580763 -0.125122
vn -0.897880 -0.433354 -0.077558
vn -0.843195 -0.408813 0.349134
vn -0.558979 -0.281467 0.779948
vn -0.820730 -0.466281 0.330129
vn -0.843195 -0.408813 0.349134
vn -0.476764 -0.384895 0.790286
vn -0.722192 -0.664457 -0.192187
vn -0.538234 -0.587103 -0.604661
vn -0.628632 -0.563742 -0.535740
vn -0.804400 -0.580763 -0.125122
vn -0.538234 -0.587103 -0.604661
vn -0.289359 -0.219984 -0.931600
vn -0.280724 -0.299380 -0.911902
vn -0.628632 -0.563742 -0.535740
vn -0.628632 -0.563742 -0.535740
vn -0.280724 -0.299380 -0.911902
vn -0.459018 -0.244190 -0.854210
vn -0.792703 -0.419063 -0.442728
vn -0.804400 -0.580763 -0.125122
vn -0.628632 -0.563742 -0.535740
vn -0.792703 -0.419063 -0.442728
vn -0.897880 -0.433354 -0.077558
vn -0.166658 0.042208 -0.985111
vn 0.061446 0.347708 -0.935587
vn 0.228837 0.183279 -0.956056
vn -0.049454 -0.082481 -0.995365
vn 0.061446 0.347708 -0.935587
vn 0.230196 0.509221 -0.829279
vn 0.410266 0.324644 -0.852225
vn 0.228837 0.183279 -0.956056
vn 0.228837 0.183279 -0.956056
vn 0.410266 0.324644 -0.852225
vn 0.455838 0.211340 -0.864608
vn 0.223001 0.107338 -0.968891
vn -0.049454 -0.082481 -0.995365
vn 0.228837 0.183279 -0.956056
vn 0.223001 0.107338 -0.968891
vn -0.152316 -0.103298 -0.982919
vn 0.230196 0.509221 -0.829279
vn 0.402762 0.609502 -0.682854
vn 0.576619 0.418742 -0.701545
vn 0.410266 0.324644 -0.852225
vn 0.402762 0.609502 -0.682854
vn 0.568729 0.645700 -0.509528
vn 0.722893 0.462809 -0.513063
vn 0.576619 0.418742 -0.701545
vn 0.576619 0.418742 -0.701545
vn 0.722893 0.462809 -0.513063
vn 0.812208 0.291512 -0.505311
vn 0.653467 0.273632 -0.705766
vn 0.410266 0.324644 -0.852225
vn 0.576619 0.418742 -0.701545
vn 0.653467 0.273632 -0.705766
vn 0.455838 0.211340 -0.864608
vn 0.568729 0.645700 -0.509528
vn 0.718325 0.617267 -0.320922
vn 0.840414 0.455086 -0.294279
vn 0.722893 0.462809 -0.513063
vn 0.718325 0.617267 -0.320922
vn 0.838422 0.529567 -0.128865
vn 0.916631 0.396563 -0.050256
vn 0.840414 0.455086 -0.294279
vn 0.840414 0.455086 -0.294279
vn 0.916631 0.396563 -0.050256
vn 0.980396 0.195354 -0.025687
vn 0.924104 0.264643 -0.275675
vn 0.722893 0.462809 -0.513063
vn 0.840414 0.455086 -0.294279
vn 0.924104 0.264643 -0.275675
vn 0.812208 0.291512 -0.505311
vn 0.838422 0.529567 -0.128865
vn 0.913823 0.404685 0.034011
vn 0.936346 0.296187 0.188492
vn 0.916631 0.396563 -0.050256
vn 0.913823 0.404685 0.034011
vn 0.959029 0.249584 0.134057
vn 0.808264 0.113966 0.577686
vn 0.936346 0.296187 0.188492
vn 0.936346 0.296187 0.188492
vn 0.808264 0.113966 0.577686
vn 0.810261 -0.091416 0.578896
vn 0.971477 0.088194 0.220123
vn 0.916631 0.396563 -0.050256
vn 0.936346 0.296187 0.188492
vn 0.971477 0.088194 0.220123
vn 0.980396 0.195354 -0.025687
vn 0.810261 -0.091416 0.578896
vn 0.454225 -0.296051 0.840258
vn 0.482394 -0.498224 0.720464
vn 0.777980 -0.365157 0.511280
vn 0.777980 -0.365157 0.511280
vn 0.482394 -0.498224 0.720464
vn 0.267175 -0.595467 0.757652
vn 0.624246 -0.582300 0.520811
vn -0.459018 -0.244190 -0.854210
vn -0.152316 -0.103298 -0.982919
vn -0.305806 0.074777 -0.949153
vn -0.635888 0.073077 -0.768314
vn -0.635888 0.073077 -0.768314
vn -0.305806 0.074777 -0.949153
vn -0.323252 0.364616 -0.873249
vn -0.588129 0.466119 -0.660937
vn 0.454225 -0.296051 0.840258
vn -0.561221 -0.238668 0.792508
vn -0.708424 -0.219213 0.670881
vn 0.482394 -0.498224 0.720464
vn -0.561221 -0.238668 0.792508
vn -0.347726 -0.334837 0.875769
vn -0.373328 -0.455710 0.808056
vn -0.708424 -0.219213 0.670881
vn -0.708424 -0.219213 0.670881
vn -0.373328 -0.455710 0.808056
vn -0.469281 -0.310383 0.826703
vn -0.839774 0.141549 0.524160
vn 0.482394 -0.498224 0.720464
vn -0.708424 -0.219213 0.670881
vn -0.839774 0.141549 0.524160
vn 0.267175 -0.595467 0.757652
vn -0.347726 -0.334837 0.875769
vn -0.208451 -0.378022 0.902024
vn -0.135527 -0.578405 0.804413
vn -0.373328 -0.455710 0.808056
vn -0.208451 -0.378022 0.902024
vn -0.476764 -0.384895 0.790286
vn -0.420301 -0.516993 0.745698
vn -0.135527 -0.578405 0.804413
vn -0.135527 -0.578405 0.804413
vn -0.420301 -0.516993 0.745698
vn -0.425087 -0.382460 0.820381
vn -0.140422 -0.540511 0.829536
vn -0.373328 -0.455710 0.808056
vn -0.135527 -0.578405 0.804413
vn -0.140422 -0.540511 0.829536
vn -0.469281 -0.310383 0.826703
vn -0.476764 -0.384895 0.790286
vn -0.843195 -0.408813 0.349134
vn -0.914043 -0.207297 0.348646
vn -0.420301 -0.516993 0.745698
vn -0.843195 -0.408813 0.349134
vn -0.897880 -0.433354 -0.077558
vn -0.998651 -0.034993 -0.038366
vn -0.914043 -0.207297 0.348646
vn -0.914043 -0.207297 0.348646
vn -0.998651 -0.034993 -0.038366
vn -0.901575 0.432169 -0.019807
vn -0.905552 0.216716 0.364705
vn -0.420301 -0.516993 0.745698
vn -0.914043 -0.207297 0.348646
vn -0.905552 0.216716 0.364705
vn -0.425087 -0.382460 0.820381
vn -0.897880 -0.433354 -0.077558
vn -0.792703 -0.419063 -0.442728
vn -0.938778 0.010454 -0.344365
vn -0.998651 -0.034993 -0.038366
vn -0.792703 -0.419063 -0.442728
vn -0.459018 -0.244190 -0.854210
vn -0.635888 0.073077 -0.768314
vn -0.938778 0.010454 -0.344365
vn -0.938778 0.010454 -0.344365
vn -0.635888 0.073077 -0.768314
vn -0.588129 0.466119 -0.660937
vn -0.831513 0.481645 -0.276776
vn -0.998651 -0.034993 -0.038366
vn -0.938778 0.010454 -0.344365
vn -0.831513 0.481645 -0.276776
vn -0.901575 0.432169 -0.019807
vn -0.152316 -0.103298 -0.982919
vn 0.223001 0.107338 -0.968891
vn 0.176462 0.118723 -0.977121
vn -0.305806 0.074777 -0.949153
vn 0.223001 0.107338 -0.968891
vn 0.455838 0.211340 -0.864608
vn 0.468712 0.124321 -0.874559
vn 0.176462 0.118723 -0.977121
vn 0.176462 0.118723 -0.977121
vn 0.468712 0.124321 -0.874559
vn 0.471289 0.053082 -0.880380
vn 0.163568 0.189176 -0.968224
vn -0.305806 0.074777 -0.949153
vn 0.176462 0.118723 -0.977121
vn 0.163568 0.189176 -0.968224
vn -0.323252 0.364616 -0.873249
vn 0.455838 0.211340 -0.864608
vn 0.653467 0.273632 -0.705766
vn 0.699834 0.106962 -0.706252
vn 0.468712 0.124321 -0.874559
vn 0.653467 0.273632 -0.705766
vn 0.812208 0.291512 -0.505311
vn 0.866502 0.062725 -0.495217
vn 0.699834 0.106962 -0.706252
vn 0.699834 0.106962 -0.706252
vn 0.866502 0.062725 -0.495217
vn 0.855823 -0.192551 -0.480095
vn 0.705294 -0.073917 -0.705050
vn 0.468712 0.124321 -0.874559
vn 0.699834 0.106962 -0.706252
vn 0.705294 -0.073917 -0.705050
vn 0.471289 0.053082 -0.880380
vn 0.812208 0.291512 -0.505311
vn 0.924104 0.264643 -0.275675
vn 0.965160 -0.007190 -0.261560
vn 0.866502 0.062725 -0.495217
vn 0.924104 0.264643 -0.275675
vn 0.980396 0.195354 -0.025687
vn 0.994803 -0.099997 -0.019189
vn 0.965160 -0.007190 -0.261560
vn 0.965160 -0.007190 -0.261560
vn 0.994803 -0.099997 -0.019189
vn 0.915175 -0.402987 0.007508
vn 0.923543 -0.302047 -0.236295
vn 0.866502 0.062725 -0.495217
vn 0.965160 -0.007190 -0.261560
vn 0.923543 -0.302047 -0.236295
vn 0.855823 -0.192551 -0.480095
vn 0.980396 0.195354 -0.025687
vn 0.971477 0.088194 0.220123
vn 0.953430 -0.210838 0.215683
vn 0.994803 -0.099997 -0.019189
vn 0.971477 0.088194 0.220123
vn 0.810261 -0.091416 0.578896
vn 0.777980 -0.365157 0.511280
vn 0.953430 -0.210838 0.215683
vn 0.953430 -0.210838 0.215683
vn 0.777980 -0.365157 0.511280
vn 0.624246 -0.582300 0.520811
vn 0.837111 -0.493016 0.237025
vn 0.994803 -0.099997 -0.019189
vn 0.953430 -0.210838 0.215683
vn 0.837111 -0.493016 0.237025
vn 0.915175 -0.402987 0.007508
vn 0.624246 -0.582300 0.520811
vn 0.267175 -0.595467 0.757652
vn 0.011290 -0.514217 0.857586
vn 0.480624 -0.666174 0.570275
vn 0.480624 -0.666174 0.570275
vn 0.011290 -0.514217 0.857586
vn -0.153809 -0.409664 0.899176
vn 0.454885 -0.613342 0.645671
vn -0.588129 0.466119 -0.660937
vn -0.323252 0.364616 -0.873249
vn -0.278029 0.499724 -0.820351
vn -0.509248 0.580959 -0.634943
vn -0.509248 0.580959 -0.634943
vn -0.278029 0.499724 -0.820351
vn -0.291597 0.434242 -0.852294
vn -0.544027 0.466778 -0.697247
vn 0.267175 -0.595467 0.757652
vn -0.839774 0.141549 0.524160
vn -0.839666 0.298936 0.453430
vn 0.011290 -0.514217 0.857586
vn -0.839774 0.141549 0.524160
vn -0.469281 -0.310383 0.826703
vn -0.462987 -0.235605 0.854479
vn -0.839666 0.298936 0.453430
vn -0.839666 0.298936 0.453430
vn -0.462987 -0.235605 0.854479
vn -0.419555 -0.291839 0.859537
vn -0.901017 0.197458 0.386238
vn 0.011290 -0.514217 0.857586
vn -0.839666 0.298936 0.453430
vn -0.901017 0.197458 0.386238
vn -0.153809 -0.409664 0.899176
vn -0.469281 -0.310383 0.826703
vn -0.140422 -0.540511 0.829536
vn -0.126796 -0.465331 0.876008
vn -0.462987 -0.235605 0.854479
vn -0.140422 -0.540511 0.829536
vn -0.425087 -0.382460 0.820381
vn -0.430341 -0.241989 0.869625
vn -0.126796 -0.465331 0.876008
vn -0.126796 -0.465331 0.876008
vn -0.430341 -0.241989 0.869625
vn -0.419932 -0.246432 0.873458
vn -0.079942 -0.422331 0.902910
vn -0.462987 -0.235605 0.854479
vn -0.126796 -0.465331 0.876008
vn -0.079942 -0.422331 0.902910
vn -0.419555 -0.291839 0.859537
vn -0.425087 -0.382460 0.820381
vn -0.905552 0.216716 0.364705
vn -0.869651 0.352972 0.345135
vn -0.430341 -0.241989 0.869625
vn -0.905552 0.216716 0.364705
vn -0.901575 0.432169 -0.019807
vn -0.839356 0.541550 -0.046961
vn -0.869651 0.352972 0.345135
vn -0.869651 0.352972 0.345135
vn -0.839356 0.541550 -0.046961
vn -0.921543 0.374825 -0.101317
vn -0.926029 0.199811 0.320229
vn -0.430341 -0.241989 0.869625
vn -0.869651 0.352972 0.345135
vn -0.926029 0.199811 0.320229
vn -0.419932 -0.246432 0.873458
vn -0.901575 0.432169 -0.019807
vn -0.831513 0.481645 -0.276776
vn -0.747749 0.595695 -0.293289
vn -0.839356 0.541550 -0.046961
vn -0.831513 0.481645 -0.276776
vn -0.588129 0.466119 -0.660937
vn -0.509248 0.580959 -0.634943
vn -0.747749 0.595695 -0.293289
vn -0.747749 0.595695 -0.293289
vn -0.509248 0.580959 -0.634943
vn -0.544027 0.466778 -0.697247
vn -0.817283 0.444999 -0.366093
vn -0.839356 0.541550 -0.046961
vn -0.747749 0.595695 -0.293289
vn -0.817283 0.444999 -0.366093
vn -0.921543 0.374825 -0.101317
vn -0.323252 0.364616 -0.873249
vn 0.163568 0.189176 -0.968224
vn 0.162535 0.257963 -0.952385
vn -0.278029 0.499724 -0.820351
vn 0.163568 0.189176 -0.968224
vn 0.471289 0.053082 -0.880380
vn 0.454692 0.044800 -0.889521
vn 0.162535 0.257963 -0.952385
vn 0.162535 0.257963 -0.952385
vn 0.454692 0.044800 -0.889521
vn 0.441123 0.097548 -0.892130
vn 0.151333 0.265197 -0.952244
vn -0.278029 0.499724 -0.820351
vn 0.162535 0.257963 -0.952385
vn 0.151333 0.265197 -0.952244
vn -0.291597 0.434242 -0.852294
vn 0.471289 0.053082 -0.880380
vn 0.705294 -0.073917 -0.705050
vn 0.678649 -0.165470 -0.715581
vn 0.454692 0.044800 -0.889521
vn 0.705294 -0.073917 -0.705050
vn 0.855823 -0.192551 -0.480095
vn 0.808327 -0.343999 -0.477778
vn 0.678649 -0.165470 -0.715581
vn 0.678649 -0.165470 -0.715581
vn 0.808327 -0.343999 -0.477778
vn 0.826410 -0.281131 -0.487865
vn 0.679105 -0.096292 -0.727698
vn 0.454692 0.044800 -0.889521
vn 0.678649 -0.165470 -0.715581
vn 0.679105 -0.096292 -0.727698
vn 0.441123 0.097548 -0.892130
vn 0.855823 -0.192551 -0.480095
vn 0.923543 -0.302047 -0.236295
vn 0.848514 -0.481201 -0.220157
vn 0.808327 -0.343999 -0.477778
vn 0.923543 -0.302047 -0.236295
vn 0.915175 -0.402987 0.007508
vn 0.814443 -0.579406 0.031151
vn 0.848514 -0.481201 -0.220157
vn 0.848514 -0.481201 -0.220157
vn 0.814443 -0.579406 0.031151
vn 0.839889 -0.539403 0.060263
vn 0.876070 -0.432521 -0.213136
vn 0.808327 -0.343999 -0.477778
vn 0.848514 -0.481201 -0.220157
vn 0.876070 -0.432521 -0.213136
vn 0.826410 -0.281131 -0.487865
vn 0.915175 -0.402987 0.007508
vn 0.837111 -0.493016 0.237025
vn 0.719704 -0.641950 0.264436
vn 0.814443 -0.579406 0.031151
vn 0.837111 -0.493016 0.237025
vn 0.624246 -0.582300 0.520811
vn 0.480624 -0.666174 0.570275
vn 0.719704 -0.641950 0.264436
vn 0.719704 -0.641950 0.264436
vn 0.480624 -0.666174 0.570275
vn 0.454885 -0.613342 0.645671
vn 0.735024 -0.600820 0.314254
vn 0.814443 -0.579406 0.031151
vn 0.719704 -0.641950 0.264436
vn 0.735024 -0.600820 0.314254
vn 0.839889 -0.539403 0.060263
vn 0.454885 -0.613342 0.645671
vn -0.153809 -0.409664 0.899176
vn -0.152421 -0.423016 0.893211
vn 0.533594 -0.478237 0.697543
vn 0.533594 -0.478237 0.697543
vn -0.152421 -0.423016 0.893211
vn 0.063091 -0.472634 0.878998
vn 0.628742 -0.443479 0.638756
vn -0.544027 0.466778 -0.697247
vn -0.291597 0.434242 -0.852294
vn -0.337990 0.218339 -0.915473
vn -0.596176 0.200726 -0.777356
vn -0.596176 0.200726 -0.777356
vn -0.337990 0.218339 -0.915473
vn -0.330013 -0.079526 -0.940621
vn -0.579329 -0.121678 -0.805960
vn -0.153809 -0.409664 0.899176
vn -0.901017 0.197458 0.386238
vn -0.950570 0.004776 0.310473
vn -0.152421 -0.423016 0.893211
vn -0.901017 0.197458 0.386238
vn -0.419555 -0.291839 0.859537
vn -0.404695 -0.296248 0.865135
vn -0.950570 0.004776 0.310473
vn -0.950570 0.004776 0.310473
vn -0.404695 -0.296248 0.865135
vn -0.432032 -0.214569 0.875962
vn -0.811900 -0.031936 0.582923
vn -0.152421 -0.423016 0.893211
vn -0.950570 0.004776 0.310473
vn -0.811900 -0.031936 0.582923
vn 0.063091 -0.472634 0.878998
vn -0.419555 -0.291839 0.859537
vn -0.079942 -0.422331 0.902910
vn -0.034330 -0.356328 0.933730
vn -0.404695 -0.296248 0.865135
vn -0.079942 -0.422331 0.902910
vn -0.419932 -0.246432 0.873458
vn -0.362532 -0.320058 0.875290
vn -0.034330 -0.356328 0.933730
vn -0.034330 -0.356328 0.933730
vn -0.362532 -0.320058 0.875290
vn -0.400608 -0.340422 0.850662
vn -0.140251 -0.230881 0.962821
vn -0.404695 -0.296248 0.865135
vn -0.034330 -0.356328 0.933730
vn -0.140251 -0.230881 0.962821
vn -0.432032 -0.214569 0.875962
vn -0.419932 -0.246432 0.873458
vn -0.926029 0.199811 0.320229
vn -0.943578 -0.090379 0.318577
vn -0.362532 -0.320058 0.875290
vn -0.926029 0.199811 0.320229
vn -0.921543 0.374825 -0.101317
vn -0.986075 0.074781 -0.148540
vn -0.943578 -0.090379 0.318577
vn -0.943578 -0.090379 0.318577
vn -0.986075 0.074781 -0.148540
vn -0.978723 -0.126182 -0.161799
vn -0.911028 -0.308365 0.273751
vn -0.362532 -0.320058 0.875290
vn -0.943578 -0.090379 0.318577
vn -0.911028 -0.308365 0.273751
vn -0.400608 -0.340422 0.850662
vn -0.921543 0.374825 -0.101317
vn -0.817283 0.444999 -0.366093
vn -0.884279 0.145486 -0.443716
vn -0.986075 0.074781 -0.148540
vn -0.817283 0.444999 -0.366093
vn -0.544027 0.466778 -0.697247
vn -0.596176 0.200726 -0.777356
vn -0.884279 0.145486 -0.443716
vn -0.884279 0.145486 -0.443716
vn -0.596176 0.200726 -0.777356
vn -0.579329 -0.121678 -0.805960
vn -0.878538 -0.157942 -0.450806
vn -0.986075 0.074781 -0.148540
vn -0.884279 0.145486 -0.443716
vn -0.878538 -0.157942 -0.450806
vn -0.978723 -0.126182 -0.161799
vn -0.291597 0.434242 -0.852294
vn 0.151333 0.265197 -0.952244
vn 0.121503 0.192237 -0.973798
vn -0.337990 0.218339 -0.915473
vn 0.151333 0.265197 -0.952244
vn 0.441123 0.097548 -0.892130
vn 0.437998 0.125035 -0.890238
vn 0.121503 0.192237 -0.973798
vn 0.121503 0.192237 -0.973798
vn 0.437998 0.125035 -0.890238
vn 0.443978 0.068814 -0.893391
vn 0.148887 -0.016571 -0.988715
vn -0.337990 0.218339 -0.915473
vn 0.121503 0.192237 -0.973798
vn 0.148887 -0.016571 -0.988715
vn -0.330013 -0.079526 -0.940621
vn 0.441123 0.097548 -0.892130
vn 0.679105 -0.096292 -0.727698
vn 0.701421 0.012012 -0.712646
vn 0.437998 0.125035 -0.890238
vn 0.679105 -0.096292 -0.727698
vn 0.826410 -0.281131 -0.487865
vn 0.869500 -0.106005 -0.482424
vn 0.701421 0.012012 -0.712646
vn 0.701421 0.012012 -0.712646
vn 0.869500 -0.106005 -0.482424
vn 0.862950 -0.160427 -0.479145
vn 0.678010 -0.088388 -0.729719
vn 0.437998 0.125035 -0.890238
vn 0.701421 0.012012 -0.712646
vn 0.678010 -0.088388 -0.729719
vn 0.443978 0.068814 -0.893391
vn 0.826410 -0.281131 -0.487865
vn 0.876070 -0.432521 -0.213136
vn 0.950789 -0.228771 -0.208962
vn 0.869500 -0.106005 -0.482424
vn 0.876070 -0.432521 -0.213136
vn 0.839889 -0.539403 0.060263
vn 0.935535 -0.342166 0.087736
vn 0.950789 -0.228771 -0.208962
vn 0.950789 -0.228771 -0.208962
vn 0.935535 -0.342166 0.087736
vn 0.966173 -0.240117 0.094092
vn 0.958987 -0.215453 -0.184182
vn 0.869500 -0.106005 -0.482424
vn 0.950789 -0.228771 -0.208962
vn 0.958987 -0.215453 -0.184182
vn 0.862950 -0.160427 -0.479145
vn 0.839889 -0.539403 0.060263
vn 0.735024 -0.600820 0.314254
vn 0.831727 -0.418760 0.364515
vn 0.935535 -0.342166 0.087736
vn 0.735024 -0.600820 0.314254
vn 0.454885 -0.613342 0.645671
vn 0.533594 -0.478237 0.697543
vn 0.831727 -0.418760 0.364515
vn 0.831727 -0.418760 0.364515
vn 0.533594 -0.478237 0.697543
vn 0.628742 -0.443479 0.638756
vn 0.887142 -0.351071 0.299548
vn 0.935535 -0.342166 0.087736
vn 0.831727 -0.418760 0.364515
vn 0.887142 -0.351071 0.299548
vn 0.966173 -0.240117 0.094092
vn -0.856048 0.314147 -0.410480
vn -0.667627 0.398678 -0.628753
vn -0.223820 0.914276 -0.337644
vn -0.336825 0.937322 -0.089309
vn -0.667627 0.398678 -0.628753
vn -0.383364 0.248370 -0.889575
vn -0.089119 0.684889 -0.723177
vn -0.223820 0.914276 -0.337644
vn -0.223820 0.914276 -0.337644
vn -0.089119 0.684889 -0.723177
vn -0.353816 0.689090 -0.632431
vn -0.346987 0.901094 -0.260057
vn -0.336825 0.937322 -0.089309
vn -0.223820 0.914276 -0.337644
vn -0.346987 0.901094 -0.260057
vn -0.316504 0.948406 -0.018733
vn -0.383364 0.248370 -0.889575
vn -0.228031 0.341850 -0.911669
vn -0.039121 0.404864 -0.913540
vn -0.089119 0.684889 -0.723177
vn -0.089119 0.684889 -0.723177
vn -0.039121 0.404864 -0.913540
vn -0.380179 0.399087 -0.834382
vn -0.353816 0.689090 -0.632431
vn 0.067439 0.196103 0.978262
vn -0.503658 0.781026 0.369225
vn -0.015198 0.697651 0.716277
vn 0.448731 0.122039 0.885295
vn -0.985047 0.047652 -0.165568
vn -0.948669 0.226856 -0.220371
vn -0.490707 0.865501 0.100569
vn -0.503658 0.781026 0.369225
vn -0.948669 0.226856 -0.220371
vn -0.856048 0.314147 -0.410480
vn -0.336825 0.937322 -0.089309
vn -0.490707 0.865501 0.100569
vn -0.490707 0.865501 0.100569
vn -0.336825 0.937322 -0.089309
vn -0.316504 0.948406 -0.018733
vn -0.254394 0.933881 0.251295
vn -0.503658 0.781026 0.369225
vn -0.490707 0.865501 0.100569
vn -0.254394 0.933881 0.251295
vn -0.015198 0.697651 0.716277
vn -0.228031 0.341850 -0.911669
vn -0.272819 0.297676 -0.914855
vn -0.064299 -0.131336 -0.989250
vn -0.039121 0.404864 -0.913540
vn -0.272819 0.297676 -0.914855
vn -0.335160 0.193857 -0.922002
vn -0.199411 -0.436766 -0.877195
vn -0.064299 -0.131336 -0.989250
vn -0.064299 -0.131336 -0.989250
vn -0.199411 -0.436766 -0.877195
vn -0.015949 -0.734700 -0.678205
vn -0.212979 -0.321484 -0.922653
vn -0.039121 0.404864 -0.913540
vn -0.064299 -0.131336 -0.989250
vn -0.212979 -0.321484 -0.922653
vn -0.380179 0.399087 -0.834382
vn -0.335160 0.193857 -0.922002
vn -0.590776 -0.411969 -0.693733
vn -0.340288 -0.712002 -0.614213
vn -0.199411 -0.436766 -0.877195
vn -0.590776 -0.411969 -0.693733
vn -0.854284 -0.390763 -0.342786
vn -0.461771 -0.845395 -0.268468
vn -0.340288 -0.712002 -0.614213
vn -0.340288 -0.712002 -0.614213
vn -0.461771 -0.845395 -0.268468
vn 0.381668 -0.922869 -0.051413
vn 0.203348 -0.918480 -0.339182
vn -0.199411 -0.436766 -0.877195
vn -0.340288 -0.712002 -0.614213
vn 0.203348 -0.918480 -0.339182
vn -0.015949 -0.734700 -0.678205
vn -0.854284 -0.390763 -0.342786
vn -0.911936 -0.343802 -0.223995
vn -0.292575 -0.954607 0.055907
vn -0.461771 -0.845395 -0.268468
vn -0.292575 -0.954607 0.055907
vn 0.319108 -0.816751 0.480717
vn 0.616690 -0.700651 0.358862
vn 0.522173 -0.834699 0.174967
vn -0.461771 -0.845395 -0.268468
vn -0.292575 -0.954607 0.055907
vn 0.522173 -0.834699 0.174967
vn 0.381668 -0.922869 -0.051413
vn 0.323154 -0.584641 0.744155
vn 0.067439 0.196103 0.978262
vn 0.448731 0.122039 0.885295
vn 0.648298 -0.514698 0.561067
vn 0.319108 -0.816751 0.480717
vn 0.323154 -0.584641 0.744155
vn 0.648298 -0.514698 0.561067
vn 0.616690 -0.700651 0.358862
vn -0.316504 0.948406 -0.018733
vn -0.346987 0.901094 -0.260057
vn -0.537622 0.815074 -0.215909
vn -0.445462 0.895260 0.008536
vn -0.346987 0.901094 -0.260057
vn -0.353816 0.689090 -0.632431
vn -0.626657 0.573327 -0.527822
vn -0.537622 0.815074 -0.215909
vn -0.537622 0.815074 -0.215909
vn -0.626657 0.573327 -0.527822
vn -0.747221 0.455954 -0.483495
vn -0.646176 0.743563 -0.171959
vn -0.445462 0.895260 0.008536
vn -0.537622 0.815074 -0.215909
vn -0.646176 0.743563 -0.171959
vn -0.532200 0.845203 0.048929
vn -0.353816 0.689090 -0.632431
vn -0.380179 0.399087 -0.834382
vn -0.643195 0.275354 -0.714479
vn -0.626657 0.573327 -0.527822
vn -0.626657 0.573327 -0.527822
vn -0.643195 0.275354 -0.714479
vn -0.735300 0.116744 -0.667611
vn -0.747221 0.455954 -0.483495
vn 0.448731 0.122039 0.885295
vn -0.015198 0.697651 0.716277
vn 0.141872 0.699484 0.700425
vn 0.567483 0.247325 0.785362
vn 0.567483 0.247325 0.785362
vn 0.141872 0.699484 0.700425
vn 0.086907 0.728710 0.679286
vn 0.487533 0.357036 0.796766
vn -0.015198 0.697651 0.716277
vn -0.254394 0.933881 0.251295
vn -0.302157 0.914735 0.268256
vn 0.141872 0.699484 0.700425
vn -0.254394 0.933881 0.251295
vn -0.316504 0.948406 -0.018733
vn -0.445462 0.895260 0.008536
vn -0.302157 0.914735 0.268256
vn -0.302157 0.914735 0.268256
vn -0.445462 0.895260 0.008536
vn -0.532200 0.845203 0.048929
vn -0.364823 0.883555 0.293656
vn 0.141872 0.699484 0.700425
vn -0.302157 0.914735 0.268256
vn -0.364823 0.883555 0.293656
vn 0.086907 0.728710 0.679286
vn -0.380179 0.399087 -0.834382
vn -0.212979 -0.321484 -0.922653
vn -0.400240 -0.419730 -0.814638
vn -0.643195 0.275354 -0.714479
vn -0.212979 -0.321484 -0.922653
vn -0.015949 -0.734700 -0.678205
vn -0.032467 -0.797331 -0.602668
vn -0.400240 -0.419730 -0.814638
vn -0.400240 -0.419730 -0.814638
vn -0.032467 -0.797331 -0.602668
vn -0.005683 -0.842125 -0.539253
vn -0.399010 -0.551806 -0.732325
vn -0.643195 0.275354 -0.714479
vn -0.400240 -0.419730 -0.814638
vn -0.399010 -0.551806 -0.732325
vn -0.735300 0.116744 -0.667611
vn -0.015949 -0.734700 -0.678205
vn 0.203348 -0.918480 -0.339182
vn 0.317901 -0.897841 -0.304665
vn -0.032467 -0.797331 -0.602668
vn 0.203348 -0.918480 -0.339182
vn 0.381668 -0.922869 -0.051413
vn 0.553448 -0.830314 -0.065378
vn 0.317901 -0.897841 -0.304665
vn 0.317901 -0.897841 -0.304665
vn 0.553448 -0.830314 -0.065378
vn 0.551642 -0.831754 -0.062255
vn 0.326688 -0.900600 -0.286697
vn -0.032467 -0.797331 -0.602668
vn 0.317901 -0.897841 -0.304665
vn 0.326688 -0.900600 -0.286697
vn -0.005683 -0.842125 -0.539253
vn 0.381668 -0.922869 -0.051413
vn 0.522173 -0.834699 0.174967
vn 0.699412 -0.705042 0.117216
vn 0.553448 -0.830314 -0.065378
vn 0.522173 -0.834699 0.174967
vn 0.616690 -0.700651 0.358862
vn 0.780564 -0.557996 0.281711
vn 0.699412 -0.705042 0.117216
vn 0.699412 -0.705042 0.117216
vn 0.780564 -0.557996 0.281711
vn 0.778699 -0.530783 0.334511
vn 0.696064 -0.704977 0.136025
vn 0.553448 -0.830314 -0.065378
vn 0.699412 -0.705042 0.117216
vn 0.696064 -0.704977 0.136025
vn 0.551642 -0.831754 -0.062255
vn 0.616690 -0.700651 0.358862
vn 0.648298 -0.514698 0.561067
vn 0.802071 -0.361407 0.475466
vn 0.780564 -0.557996 0.281711
vn 0.648298 -0.514698 0.561067
vn 0.448731 0.122039 0.885295
vn 0.567483 0.247325 0.785362
vn 0.802071 -0.361407 0.475466
vn 0.802071 -0.361407 0.475466
vn 0.567483 0.247325 0.785362
vn 0.487533 0.357036 0.796766
vn 0.787279 -0.275395 0.551679
vn 0.780564 -0.557996 0.281711
vn 0.802071 -0.361407 0.475466
vn 0.787279 -0.275395 0.551679
vn 0.778699 -0.530783 0.334511
vn -0.532200 0.845203 0.048929
vn -0.646176 0.743563 -0.171959
vn -0.720149 0.682333 -0.125730
vn -0.597774 0.796504 0.090819
vn -0.646176 0.743563 -0.171959
vn -0.747221 0.455954 -0.483495
vn -0.816068 0.373042 -0.441444
vn -0.720149 0.682333 -0.125730
vn -0.720149 0.682333 -0.125730
vn -0.816068 0.373042 -0.441444
vn -0.812890 0.336308 -0.475507
vn -0.737672 0.656434 -0.157909
vn -0.597774 0.796504 0.090819
vn -0.720149 0.682333 -0.125730
vn -0.737672 0.656434 -0.157909
vn -0.623542 0.779034 0.065583
vn -0.747221 0.455954 -0.483495
vn -0.735300 0.116744 -0.667611
vn -0.772360 0.017127 -0.634954
vn -0.816068 0.373042 -0.441444
vn -0.816068 0.373042 -0.441444
vn -0.772360 0.017127 -0.634954
vn -0.731970 -0.030071 -0.680673
vn -0.812890 0.336308 -0.475507
vn 0.487533 0.357036 0.796766
vn 0.086907 0.728710 0.679286
vn 0.004415 0.721283 0.692627
vn 0.369992 0.393027 0.841805
vn 0.369992 0.393027 0.841805
vn 0.004415 0.721283 0.692627
vn -0.083354 0.706051 0.703238
vn 0.231231 0.398248 0.887655
vn 0.086907 0.728710 0.679286
vn -0.364823 0.883555 0.293656
vn -0.423428 0.846243 0.323390
vn 0.004415 0.721283 0.692627
vn -0.364823 0.883555 0.293656
vn -0.532200 0.845203 0.048929
vn -0.597774 0.796504 0.090819
vn -0.423428 0.846243 0.323390
vn -0.423428 0.846243 0.323390
vn -0.597774 0.796504 0.090819
vn -0.623542 0.779034 0.065583
vn -0.462124 0.832126 0.306606
vn 0.004415 0.721283 0.692627
vn -0.423428 0.846243 0.323390
vn -0.462124 0.832126 0.306606
vn -0.083354 0.706051 0.703238
vn -0.735300 0.116744 -0.667611
vn -0.399010 -0.551806 -0.732325
vn -0.377355 -0.617568 -0.690082
vn -0.772360 0.017127 -0.634954
vn -0.399010 -0.551806 -0.732325
vn -0.005683 -0.842125 -0.539253
vn 0.006086 -0.862348 -0.506280
vn -0.377355 -0.617568 -0.690082
vn -0.377355 -0.617568 -0.690082
vn 0.006086 -0.862348 -0.506280
vn 0.069922 -0.866823 -0.493689
vn -0.297426 -0.645142 -0.703797
vn -0.772360 0.017127 -0.634954
vn -0.377355 -0.617568 -0.690082
vn -0.297426 -0.645142 -0.703797
vn -0.731970 -0.030071 -0.680673
vn -0.005683 -0.842125 -0.539253
vn 0.326688 -0.900600 -0.286697
vn 0.308213 -0.913584 -0.265273
vn 0.006086 -0.862348 -0.506280
vn 0.326688 -0.900600 -0.286697
vn 0.551642 -0.831754 -0.062255
vn 0.512988 -0.857846 -0.030710
vn 0.308213 -0.913584 -0.265273
vn 0.308213 -0.913584 -0.265273
vn 0.512988 -0.857846 -0.030710
vn 0.500183 -0.865431 0.029092
vn 0.333684 -0.913926 -0.231072
vn 0.006086 -0.862348 -0.506280
vn 0.308213 -0.913584 -0.265273
vn 0.333684 -0.913926 -0.231072
vn 0.069922 -0.866823 -0.493689
vn 0.551642 -0.831754 -0.062255
vn 0.696064 -0.704977 0.136025
vn 0.646905 -0.737059 0.195595
vn 0.512988 -0.857846 -0.030710
vn 0.696064 -0.704977 0.136025
vn 0.778699 -0.530783 0.334511
vn 0.719591 -0.545572 0.429581
vn 0.646905 -0.737059 0.195595
vn 0.646905 -0.737059 0.195595
vn 0.719591 -0.545572 0.429581
vn 0.632975 -0.550730 0.544096
vn 0.597988 -0.749379 0.284328
vn 0.512988 -0.857846 -0.030710
vn 0.646905 -0.737059 0.195595
vn 0.597988 -0.749379 0.284328
vn 0.500183 -0.865431 0.029092
vn 0.778699 -0.530783 0.334511
vn 0.787279 -0.275395 0.551679
vn 0.704478 -0.247620 0.665128
vn 0.719591 -0.545572 0.429581
vn 0.787279 -0.275395 0.551679
vn 0.487533 0.357036 0.796766
vn 0.369992 0.393027 0.841805
vn 0.704478 -0.247620 0.665128
vn 0.704478 -0.247620 0.665128
vn 0.369992 0.393027 0.841805
vn 0.231231 0.398248 0.887655
vn 0.577393 -0.235157 0.781869
vn 0.719591 -0.545572 0.429581
vn 0.704478 -0.247620 0.665128
vn 0.577393 -0.235157 0.781869
vn 0.632975 -0.550730 0.544096
vn -0.623542 0.779034 0.065583
vn -0.737672 0.656434 -0.157909
vn -0.702317 0.644019 -0.303299
vn -0.620471 0.782234 -0.055911
vn -0.737672 0.656434 -0.157909
vn -0.812890 0.336308 -0.475507
vn -0.721134 0.291706 -0.628389
vn -0.702317 0.644019 -0.303299
vn -0.702317 0.644019 -0.303299
vn -0.721134 0.291706 -0.628389
vn -0.461964 0.276659 -0.842644
vn -0.528399 0.680928 -0.507081
vn -0.620471 0.782234 -0.055911
vn -0.702317 0.644019 -0.303299
vn -0.528399 0.680928 -0.507081
vn -0.516315 0.826032 -0.226032
vn -0.812890 0.336308 -0.475507
vn -0.731970 -0.030071 -0.680673
vn -0.580655 -0.097447 -0.808297
vn -0.721134 0.291706 -0.628389
vn -0.721134 0.291706 -0.628389
vn -0.580655 -0.097447 -0.808297
vn -0.307055 -0.160950 -0.937983
vn -0.461964 0.276659 -0.842644
vn 0.231231 0.398248 0.887655
vn -0.083354 0.706051 0.703238
vn -0.196497 0.711102 0.675073
vn 0.058552 0.413009 0.908843
vn 0.058552 0.413009 0.908843
vn -0.196497 0.711102 0.675073
vn -0.342061 0.716095 0.608443
vn -0.194330 0.404396 0.893700
vn -0.083354 0.706051 0.703238
vn -0.462124 0.832126 0.306606
vn -0.495044 0.841444 0.216573
vn -0.196497 0.711102 0.675073
vn -0.462124 0.832126 0.306606
vn -0.623542 0.779034 0.065583
vn -0.620471 0.782234 -0.055911
vn -0.495044 0.841444 0.216573
vn -0.495044 0.841444 0.216573
vn -0.620471 0.782234 -0.055911
vn -0.516315 0.826032 -0.226032
vn -0.474162 0.876345 0.084796
vn -0.196497 0.711102 0.675073
vn -0.495044 0.841444 0.216573
vn -0.474162 0.876345 0.084796
vn -0.342061 0.716095 0.608443
vn -0.731970 -0.030071 -0.680673
vn -0.297426 -0.645142 -0.703797
vn -0.142363 -0.680239 -0.719033
vn -0.580655 -0.097447 -0.808297
vn -0.297426 -0.645142 -0.703797
vn 0.069922 -0.866823 -0.493689
vn 0.164884 -0.879332 -0.446753
vn -0.142363 -0.680239 -0.719033
vn -0.142363 -0.680239 -0.719033
vn 0.164884 -0.879332 -0.446753
vn 0.159289 -0.925646 -0.343230
vn 0.000806 -0.732909 -0.680326
vn -0.580655 -0.097447 -0.808297
vn -0.142363 -0.680239 -0.719033
vn 0.000806 -0.732909 -0.680326
vn -0.307055 -0.160950 -0.937983
vn 0.069922 -0.866823 -0.493689
vn 0.333684 -0.913926 -0.231072
vn 0.360744 -0.921514 -0.143791
vn 0.164884 -0.879332 -0.446753
vn 0.333684 -0.913926 -0.231072
vn 0.500183 -0.865431 0.029092
vn 0.467720 -0.871249 0.148871
vn 0.360744 -0.921514 -0.143791
vn 0.360744 -0.921514 -0.143791
vn 0.467720 -0.871249 0.148871
vn 0.255002 -0.919692 0.298564
vn 0.236211 -0.971641 -0.010880
vn 0.164884 -0.879332 -0.446753
vn 0.360744 -0.921514 -0.143791
vn 0.236211 -0.971641 -0.010880
vn 0.159289 -0.925646 -0.343230
vn 0.500183 -0.865431 0.029092
vn 0.597988 -0.749379 0.284328
vn 0.509676 -0.747568 0.425878
vn 0.467720 -0.871249 0.148871
vn 0.597988 -0.749379 0.284328
vn 0.632975 -0.550730 0.544096
vn 0.489895 -0.533624 0.689382
vn 0.509676 -0.747568 0.425878
vn 0.509676 -0.747568 0.425878
vn 0.489895 -0.533624 0.689382
vn 0.159827 -0.554112 0.816955
vn 0.228974 -0.785304 0.575212
vn 0.467720 -0.871249 0.148871
vn 0.509676 -0.747568 0.425878
vn 0.228974 -0.785304 0.575212
vn 0.255002 -0.919692 0.298564
vn 0.632975 -0.550730 0.544096
vn 0.577393 -0.235157 0.781869
vn 0.389741 -0.204805 0.897862
vn 0.489895 -0.533624 0.689382
vn 0.577393 -0.235157 0.781869
vn 0.231231 0.398248 0.887655
vn 0.058552 0.413009 0.908843
vn 0.389741 -0.204805 0.897862
vn 0.389741 -0.204805 0.897862
vn 0.058552 0.413009 0.908843
vn -0.194330 0.404396 0.893700
vn 0.042480 -0.212460 0.976246
vn 0.489895 -0.533624 0.689382
vn 0.389741 -0.204805 0.897862
vn 0.042480 -0.212460 0.976246
vn 0.159827 -0.554112 0.816955
vn -0.516315 0.826032 -0.226032
vn -0.528399 0.680928 -0.507081
vn -0.167484 0.692414 -0.701792
vn -0.288098 0.870840 -0.398293
vn -0.528399 0.680928 -0.507081
vn -0.461964 0.276659 -0.842644
vn -0.042251 0.349417 -0.936014
vn -0.167484 0.692414 -0.701792
vn -0.461964 0.276659 -0.842644
vn -0.307055 -0.160950 -0.937983
vn 0.000052 -0.101558 -0.994830
vn -0.042251 0.349417 -0.936014
vn -0.194330 0.404396 0.893700
vn -0.342061 0.716095 0.608443
vn -0.533414 0.719679 0.444446
vn -0.552558 0.382696 0.740421
vn -0.342061 0.716095 0.608443
vn -0.474162 0.876345 0.084796
vn -0.476840 0.878339 0.033825
vn -0.533414 0.719679 0.444446
vn -0.474162 0.876345 0.084796
vn -0.516315 0.826032 -0.226032
vn -0.288098 0.870840 -0.398293
vn -0.476840 0.878339 0.033825
vn -0.307055 -0.160950 -0.937983
vn 0.000806 -0.732909 -0.680326
vn -0.010430 -0.795477 -0.605894
vn 0.000052 -0.101558 -0.994830
vn 0.000806 -0.732909 -0.680326
vn 0.159289 -0.925646 -0.343230
vn -0.028913 -0.949315 -0.312994
vn -0.010430 -0.795477 -0.605894
vn 0.159289 -0.925646 -0.343230
vn 0.236211 -0.971641 -0.010880
vn -0.070226 -0.996751 -0.039456
vn -0.028913 -0.949315 -0.312994
vn 0.236211 -0.971641 -0.010880
vn 0.255002 -0.919692 0.298564
vn -0.175377 -0.942165 0.285602
vn -0.070226 -0.996751 -0.039456
vn 0.255002 -0.919692 0.298564
vn 0.228974 -0.785304 0.575212
vn -0.289639 -0.787741 0.543667
vn -0.175377 -0.942165 0.285602
vn 0.228974 -0.785304 0.575212
vn 0.159827 -0.554112 0.816955
vn -0.370896 -0.606131 0.703592
vn -0.289639 -0.787741 0.543667
vn 0.159827 -0.554112 0.816955
vn 0.042480 -0.212460 0.976246
vn -0.471825 -0.326790 0.818895
vn -0.370896 -0.606131 0.703592
vn 0.042480 -0.212460 0.976246
vn -0.194330 0.404396 0.893700
vn -0.552558 0.382696 0.740421
vn -0.471825 -0.326790 0.818895
vn 0.926431 -0.263546 -0.268828
vn 0.817166 -0.349000 -0.458736
vn 0.916457 0.032860 -0.398782
vn 0.974195 0.125994 -0.187269
vn 0.817166 -0.349000 -0.458736
vn 0.670659 -0.407886 -0.619553
vn 0.806671 -0.059455 -0.588002
vn 0.916457 0.032860 -0.398782
vn 0.670659 -0.407886 -0.619553
vn 0.490899 -0.446495 -0.748105
vn 0.675477 -0.111054 -0.728971
vn 0.806671 -0.059455 -0.588002
vn 0.490899 -0.446495 -0.748105
vn 0.303070 -0.461629 -0.833695
vn 0.384601 -0.285883 -0.877697
vn 0.675477 -0.111054 -0.728971
vn 0.303070 -0.461629 -0.833695
vn 0.161416 -0.439568 -0.883587
vn 0.245290 -0.239506 -0.939399
vn 0.384601 -0.285883 -0.877697
vn 0.161416 -0.439568 -0.883587
vn 0.075196 -0.409729 -0.909103
vn 0.138240 -0.212042 -0.967434
vn 0.245290 -0.239506 -0.939399
vn 0.075196 -0.409729 -0.909103
vn -0.020504 -0.381894 -0.923979
vn 0.013976 -0.179793 -0.983605
vn 0.138240 -0.212042 -0.967434
vn -0.020504 -0.381894 -0.923979
vn -0.124080 -0.349281 -0.928766
vn -0.131467 -0.147878 -0.980229
vn 0.013976 -0.179793 -0.983605
vn -0.124080 -0.349281 -0.928766
vn -0.246660 -0.307864 -0.918901
vn -0.287922 -0.118836 -0.950252
vn -0.131467 -0.147878 -0.980229
vn -0.246660 -0.307864 -0.918901
vn -0.398181 -0.241847 -0.884851
vn -0.438588 -0.086521 -0.894514
vn -0.287922 -0.118836 -0.950252
vn -0.398181 -0.241847 -0.884851
vn -0.566901 -0.144600 -0.810996
vn -0.581193 -0.048590 -0.812314
vn -0.438588 -0.086521 -0.894514
vn -0.566901 -0.144600 -0.810996
vn -0.738263 0.001427 -0.674511
vn -0.742455 0.020569 -0.669580
vn -0.581193 -0.048590 -0.812314
vn -0.738263 0.001427 -0.674511
vn -0.878671 0.196226 -0.435239
vn -0.872762 0.207975 -0.441626
vn -0.742455 0.020569 -0.669580
vn -0.878671 0.196226 -0.435239
vn -0.913985 0.375394 -0.153981
vn -0.926128 0.326607 -0.188719
vn -0.872762 0.207975 -0.441626
vn -0.913985 0.375394 -0.153981
vn -0.874728 0.482390 0.046372
vn -0.911172 0.411513 0.020575
vn -0.926128 0.326607 -0.188719
vn -0.874728 0.482390 0.046372
vn -0.799493 0.559582 0.218356
vn -0.855237 0.475927 0.205092
vn -0.911172 0.411513 0.020575
vn -0.799493 0.559582 0.218356
vn -0.682578 0.617765 0.390453
vn -0.747304 0.532484 0.397488
vn -0.855237 0.475927 0.205092
vn -0.682578 0.617765 0.390453
vn -0.561654 0.647010 0.515677
vn -0.623105 0.564356 0.541519
vn -0.747304 0.532484 0.397488
vn -0.561654 0.647010 0.515677
vn -0.443831 0.663027 0.602834
vn -0.509883 0.576334 0.638638
vn -0.623105 0.564356 0.541519
vn -0.443831 0.663027 0.602834
vn -0.350897 0.666838 0.657418
vn -0.391554 0.589196 0.706777
vn -0.509883 0.576334 0.638638
vn -0.350897 0.666838 0.657418
vn -0.243389 0.659349 0.711351
vn -0.278121 0.585076 0.761797
vn -0.391554 0.589196 0.706777
vn -0.243389 0.659349 0.711351
vn -0.114073 0.642224 0.757981
vn -0.139914 0.583611 0.799889
vn -0.278121 0.585076 0.761797
vn -0.114073 0.642224 0.757981
vn 0.001789 0.620846 0.783931
vn -0.008477 0.573933 0.818858
vn -0.139914 0.583611 0.799889
vn 0.001789 0.620846 0.783931
vn 0.111670 0.596932 0.794482
vn 0.120873 0.563353 0.817327
vn -0.008477 0.573933 0.818858
vn 0.111670 0.596932 0.794482
vn 0.237245 0.564250 0.790782
vn 0.260078 0.549624 0.793897
vn 0.120873 0.563353 0.817327
vn 0.237245 0.564250 0.790782
vn 0.375075 0.517723 0.768948
vn 0.393042 0.530676 0.750934
vn 0.260078 0.549624 0.793897
vn 0.375075 0.517723 0.768948
vn 0.537912 0.440687 0.718641
vn 0.517095 0.506087 0.690282
vn 0.393042 0.530676 0.750934
vn 0.537912 0.440687 0.718641
vn 0.742778 0.298891 0.599120
vn 0.689923 0.423374 0.587163
vn 0.517095 0.506087 0.690282
vn 0.742778 0.298891 0.599120
vn 0.904235 0.134438 0.405321
vn 0.827142 0.369589 0.423369
vn 0.689923 0.423374 0.587163
vn 0.904235 0.134438 0.405321
vn 0.977018 0.013295 0.212743
vn 0.914085 0.308203 0.263551
vn 0.827142 0.369589 0.423369
vn 0.977018 0.013295 0.212743
vn 0.989796 -0.138235 -0.034563
vn 0.973525 0.223677 0.047092
vn 0.914085 0.308203 0.263551
vn 0.989796 -0.138235 -0.034563
vn 0.926431 -0.263546 -0.268828
vn 0.974195 0.125994 -0.187269
vn 0.973525 0.223677 0.047092
vn 0.393042 0.530676 0.750934
vn 0.488111 0.575190 0.656434
vn 0.330050 0.591182 0.735915
vn 0.260078 0.549624 0.793897
vn 0.488111 0.575190 0.656434
vn 0.587022 0.598207 0.545484
vn 0.401262 0.641349 0.653958
vn 0.330050 0.591182 0.735915
vn 0.330050 0.591182 0.735915
vn 0.401262 0.641349 0.653958
vn 0.128142 0.670187 0.731047
vn 0.130684 0.601583 0.788048
vn 0.260078 0.549624 0.793897
vn 0.330050 0.591182 0.735915
vn 0.130684 0.601583 0.788048
vn 0.120873 0.563353 0.817327
vn -0.139914 0.583611 0.799889
vn -0.226830 0.599396 0.767641
vn -0.394938 0.583550 0.709573
vn -0.278121 0.585076 0.761797
vn -0.226830 0.599396 0.767641
vn -0.348996 0.635321 0.688890
vn -0.519841 0.595517 0.612474
vn -0.394938 0.583550 0.709573
vn -0.394938 0.583550 0.709573
vn -0.519841 0.595517 0.612474
vn -0.623105 0.564356 0.541519
vn -0.509883 0.576334 0.638638
vn -0.278121 0.585076 0.761797
vn -0.394938 0.583550 0.709573
vn -0.509883 0.576334 0.638638
vn -0.391554 0.589196 0.706777
vn 0.120873 0.563353 0.817327
vn 0.130684 0.601583 0.788048
vn -0.061137 0.602243 0.795969
vn -0.008477 0.573933 0.818858
vn 0.130684 0.601583 0.788048
vn 0.128142 0.670187 0.731047
vn -0.143823 0.659804 0.737546
vn -0.061137 0.602243 0.795969
vn -0.061137 0.602243 0.795969
vn -0.143823 0.659804 0.737546
vn -0.348996 0.635321 0.688890
vn -0.226830 0.599396 0.767641
vn -0.008477 0.573933 0.818858
vn -0.061137 0.602243 0.795969
vn -0.226830 0.599396 0.767641
vn -0.139914 0.583611 0.799889
vn 0.914085 0.308203 0.263551
vn 0.717876 0.547713 0.429727
vn 0.620623 0.549369 0.559483
vn 0.827142 0.369589 0.423369
vn 0.717876 0.547713 0.429727
vn 0.587022 0.598207 0.545484
vn 0.488111 0.575190 0.656434
vn 0.620623 0.549369 0.559483
vn 0.620623 0.549369 0.559483
vn 0.488111 0.575190 0.656434
vn 0.393042 0.530676 0.750934
vn 0.517095 0.506087 0.690282
vn 0.827142 0.369589 0.423369
vn 0.620623 0.549369 0.559483
vn 0.517095 0.506087 0.690282
vn 0.689923 0.423374 0.587163
vn 0.974195 0.125994 -0.187269
vn 0.857681 0.513978 0.014484
vn 0.804027 0.538043 0.253081
vn 0.973525 0.223677 0.047092
vn 0.857681 0.513978 0.014484
vn 0.764552 0.640289 0.074096
vn 0.688416 0.624812 0.368365
vn 0.804027 0.538043 0.253081
vn 0.804027 0.538043 0.253081
vn 0.688416 0.624812 0.368365
vn 0.587022 0.598207 0.545484
vn 0.717876 0.547713 0.429727
vn 0.973525 0.223677 0.047092
vn 0.804027 0.538043 0.253081
vn 0.717876 0.547713 0.429727
vn 0.914085 0.308203 0.263551
vn 0.128142 0.670187 0.731047
vn 0.401262 0.641349 0.653958
vn 0.485907 0.720666 0.494504
vn 0.111601 0.792348 0.599774
vn 0.401262 0.641349 0.653958
vn 0.587022 0.598207 0.545484
vn 0.688416 0.624812 0.368365
vn 0.485907 0.720666 0.494504
vn 0.485907 0.720666 0.494504
vn 0.688416 0.624812 0.368365
vn 0.764552 0.640289 0.074096
vn 0.559085 0.815776 0.148100
vn 0.111601 0.792348 0.599774
vn 0.485907 0.720666 0.494504
vn 0.559085 0.815776 0.148100
vn 0.060549 0.967813 0.244278
vn -0.348996 0.635321 0.688890
vn -0.143823 0.659804 0.737546
vn -0.269030 0.746045 0.609130
vn -0.500353 0.670958 0.547231
vn -0.143823 0.659804 0.737546
vn 0.128142 0.670187 0.731047
vn 0.111601 0.792348 0.599774
vn -0.269030 0.746045 0.609130
vn -0.269030 0.746045 0.609130
vn 0.111601 0.792348 0.599774
vn 0.060549 0.967813 0.244278
vn -0.440798 0.846885 0.297462
vn -0.500353 0.670958 0.547231
vn -0.269030 0.746045 0.609130
vn -0.440798 0.846885 0.297462
vn -0.664740 0.691296 0.283251
vn -0.623105 0.564356 0.541519
vn -0.519841 0.595517 0.612474
vn -0.651422 0.595574 0.470044
vn -0.747304 0.532484 0.397488
vn -0.519841 0.595517 0.612474
vn -0.348996 0.635321 0.688890
vn -0.500353 0.670958 0.547231
vn -0.651422 0.595574 0.470044
vn -0.651422 0.595574 0.470044
vn -0.500353 0.670958 0.547231
vn -0.664740 0.691296 0.283251
vn -0.775978 0.576962 0.254898
vn -0.747304 0.532484 0.397488
vn -0.651422 0.595574 0.470044
vn -0.775978 0.576962 0.254898
vn -0.855237 0.475927 0.205092
vn 0.806671 -0.059455 -0.588002
vn 0.772130 0.420193 -0.476710
vn 0.846977 0.472898 -0.242893
vn 0.916457 0.032860 -0.398782
vn 0.772130 0.420193 -0.476710
vn 0.613425 0.511457 -0.601765
vn 0.741928 0.601612 -0.295984
vn 0.846977 0.472898 -0.242893
vn 0.846977 0.472898 -0.242893
vn 0.741928 0.601612 -0.295984
vn 0.764552 0.640289 0.074096
vn 0.857681 0.513978 0.014484
vn 0.916457 0.032860 -0.398782
vn 0.846977 0.472898 -0.242893
vn 0.857681 0.513978 0.014484
vn 0.974195 0.125994 -0.187269
vn 0.060549 0.967813 0.244278
vn 0.559085 0.815776 0.148100
vn 0.511336 0.773804 -0.373849
vn -0.035153 0.931446 -0.362179
vn 0.559085 0.815776 0.148100
vn 0.764552 0.640289 0.074096
vn 0.741928 0.601612 -0.295984
vn 0.511336 0.773804 -0.373849
vn 0.511336 0.773804 -0.373849
vn 0.741928 0.601612 -0.295984
vn 0.613425 0.511457 -0.601765
vn 0.351373 0.583793 -0.731931
vn -0.035153 0.931446 -0.362179
vn 0.511336 0.773804 -0.373849
vn 0.351373 0.583793 -0.731931
vn -0.101208 0.651037 -0.752268
vn -0.664740 0.691296 0.283251
vn -0.440798 0.846885 0.297462
vn -0.555958 0.804861 -0.207630
vn -0.754790 0.652437 -0.067953
vn -0.440798 0.846885 0.297462
vn 0.060549 0.967813 0.244278
vn -0.035153 0.931446 -0.362179
vn -0.555958 0.804861 -0.207630
vn -0.555958 0.804861 -0.207630
vn -0.035153 0.931446 -0.362179
vn -0.101208 0.651037 -0.752268
vn -0.522413 0.614917 -0.590730
vn -0.754790 0.652437 -0.067953
vn -0.555958 0.804861 -0.207630
vn -0.522413 0.614917 -0.590730
vn -0.729357 0.563430 -0.388052
vn -0.855237 0.475927 0.205092
vn -0.775978 0.576962 0.254898
vn -0.841189 0.540441 0.018036
vn -0.911172 0.411513 0.020575
vn -0.775978 0.576962 0.254898
vn -0.664740 0.691296 0.283251
vn -0.754790 0.652437 -0.067953
vn -0.841189 0.540441 0.018036
vn -0.841189 0.540441 0.018036
vn -0.754790 0.652437 -0.067953
vn -0.729357 0.563430 -0.388052
vn -0.842268 0.492831 -0.218408
vn -0.911172 0.411513 0.020575
vn -0.841189 0.540441 0.018036
vn -0.842268 0.492831 -0.218408
vn -0.926128 0.326607 -0.188719
vn 0.806671 -0.059455 -0.588002
vn 0.675477 -0.111054 -0.728971
vn 0.613166 0.309114 -0.726963
vn 0.772130 0.420193 -0.476710
vn 0.675477 -0.111054 -0.728971
vn 0.384601 -0.285883 -0.877697
vn 0.245290 -0.239506 -0.939399
vn 0.613166 0.309114 -0.726963
vn 0.613166 0.309114 -0.726963
vn 0.245290 -0.239506 -0.939399
vn 0.138240 -0.212042 -0.967434
vn 0.428818 0.354605 -0.830885
vn 0.772130 0.420193 -0.476710
vn 0.613166 0.309114 -0.726963
vn 0.428818 0.354605 -0.830885
vn 0.613425 0.511457 -0.601765
vn -0.101208 0.651037 -0.752268
vn 0.351373 0.583793 -0.731931
vn 0.191196 0.373098 -0.907878
vn -0.128732 0.393691 -0.910184
vn 0.351373 0.583793 -0.731931
vn 0.613425 0.511457 -0.601765
vn 0.428818 0.354605 -0.830885
vn 0.191196 0.373098 -0.907878
vn 0.191196 0.373098 -0.907878
vn 0.428818 0.354605 -0.830885
vn 0.138240 -0.212042 -0.967434
vn 0.013976 -0.179793 -0.983605
vn -0.128732 0.393691 -0.910184
vn 0.191196 0.373098 -0.907878
vn 0.013976 -0.179793 -0.983605
vn -0.131467 -0.147878 -0.980229
vn -0.729357 0.563430 -0.388052
vn -0.522413 0.614917 -0.590730
vn -0.430063 0.398158 -0.810257
vn -0.627166 0.398936 -0.668964
vn -0.522413 0.614917 -0.590730
vn -0.101208 0.651037 -0.752268
vn -0.128732 0.393691 -0.910184
vn -0.430063 0.398158 -0.810257
vn -0.430063 0.398158 -0.810257
vn -0.128732 0.393691 -0.910184
vn -0.131467 -0.147878 -0.980229
vn -0.287922 -0.118836 -0.950252
vn -0.627166 0.398936 -0.668964
vn -0.430063 0.398158 -0.810257
vn -0.287922 -0.118836 -0.950252
vn -0.438588 -0.086521 -0.894514
vn -0.926128 0.326607 -0.188719
vn -0.842268 0.492831 -0.218408
vn -0.769271 0.374382 -0.517745
vn -0.872762 0.207975 -0.441626
vn -0.842268 0.492831 -0.218408
vn -0.729357 0.563430 -0.388052
vn -0.627166 0.398936 -0.668964
vn -0.769271 0.374382 -0.517745
vn -0.769271 0.374382 -0.517745
vn -0.627166 0.398936 -0.668964
vn -0.438588 -0.086521 -0.894514
vn -0.581193 -0.048590 -0.812314
vn -0.872762 0.207975 -0.441626
vn -0.769271 0.374382 -0.517745
vn -0.581193 -0.048590 -0.812314
vn -0.742455 0.020569 -0.669580
vn 0.443158 -0.062025 -0.894295
vn 0.586227 -0.254470 -0.769144
vn 0.607057 -0.222787 -0.762790
vn 0.420004 -0.071707 -0.904685
vn 0.078727 0.346838 -0.934615
vn 0.443158 -0.062025 -0.894295
vn 0.420004 -0.071707 -0.904685
vn -0.022829 0.249500 -0.968106
vn -0.225133 0.589946 -0.775422
vn 0.078727 0.346838 -0.934615
vn -0.022829 0.249500 -0.968106
vn -0.331064 0.431474 -0.839182
vn -0.394562 0.701082 -0.593974
vn -0.225133 0.589946 -0.775422
vn -0.331064 0.431474 -0.839182
vn -0.508858 0.511479 -0.692425
vn -0.596622 0.754909 -0.272313
vn -0.394562 0.701082 -0.593974
vn -0.508858 0.511479 -0.692425
vn -0.712317 0.567641 -0.412781
vn -0.730674 0.652078 0.202261
vn -0.596622 0.754909 -0.272313
vn -0.712317 0.567641 -0.412781
vn -0.855094 0.513283 0.073180
vn -0.856230 0.432718 0.282178
vn -0.735279 0.549211 0.397156
vn -0.730674 0.652078 0.202261
vn -0.855094 0.513283 0.073180
vn -0.406425 -0.179244 0.895930
vn -0.654683 0.233168 0.719043
vn -0.711628 0.121434 0.691982
vn -0.350474 -0.217877 0.910877
vn 0.054323 -0.659374 0.749850
vn -0.406425 -0.179244 0.895930
vn -0.350474 -0.217877 0.910877
vn 0.197045 -0.544053 0.815585
vn 0.264663 -0.770071 0.580469
vn 0.054323 -0.659374 0.749850
vn 0.197045 -0.544053 0.815585
vn 0.419254 -0.614698 0.668111
vn 0.614795 -0.788472 0.018427
vn 0.264663 -0.770071 0.580469
vn 0.419254 -0.614698 0.668111
vn 0.773653 -0.622948 0.115748
vn 0.690166 -0.581853 -0.430253
vn 0.614795 -0.788472 0.018427
vn 0.773653 -0.622948 0.115748
vn 0.784640 -0.502390 -0.363240
vn 0.397906 -0.086800 -0.913311
vn 0.614532 -0.178300 -0.768479
vn 0.631525 -0.116605 -0.766537
vn 0.434178 -0.053555 -0.899234
vn -0.105714 0.138697 -0.984676
vn 0.397906 -0.086800 -0.913311
vn 0.434178 -0.053555 -0.899234
vn -0.108243 0.086471 -0.990357
vn -0.415633 0.239366 -0.877470
vn -0.105714 0.138697 -0.984676
vn -0.108243 0.086471 -0.990357
vn -0.456317 0.142447 -0.878341
vn -0.588784 0.279237 -0.758525
vn -0.415633 0.239366 -0.877470
vn -0.456317 0.142447 -0.878341
vn -0.633787 0.155863 -0.757641
vn -0.795441 0.295664 -0.529015
vn -0.588784 0.279237 -0.758525
vn -0.633787 0.155863 -0.757641
vn -0.846333 0.133639 -0.515618
vn -0.964154 0.251296 -0.085197
vn -0.795441 0.295664 -0.529015
vn -0.846333 0.133639 -0.515618
vn -0.993861 0.071818 -0.084163
vn -0.994330 0.001807 0.106325
vn -0.973690 0.190659 0.124808
vn -0.964154 0.251296 -0.085197
vn -0.993861 0.071818 -0.084163
vn -0.184340 -0.337166 0.923222
vn -0.691934 -0.101589 0.714778
vn -0.494545 -0.322576 0.807075
vn -0.173756 -0.448226 0.876871
vn 0.306504 -0.459264 0.833746
vn -0.184340 -0.337166 0.923222
vn -0.173756 -0.448226 0.876871
vn 0.349849 -0.565166 0.747123
vn 0.528137 -0.483430 0.698117
vn 0.306504 -0.459264 0.833746
vn 0.349849 -0.565166 0.747123
vn 0.553219 -0.561104 0.615720
vn 0.878943 -0.449131 0.160441
vn 0.528137 -0.483430 0.698117
vn 0.553219 -0.561104 0.615720
vn 0.893304 -0.441857 0.082277
vn 0.868559 -0.392195 -0.302967
vn 0.878943 -0.449131 0.160441
vn 0.893304 -0.441857 0.082277
vn 0.911121 -0.289922 -0.292922
vn -0.579440 -0.587844 -0.564526
vn -0.206727 -0.566220 -0.797909
vn 0.014901 -0.603224 -0.797433
vn -0.297426 -0.659170 -0.690676
vn -0.861911 -0.438470 -0.254662
vn -0.579440 -0.587844 -0.564526
vn -0.297426 -0.659170 -0.690676
vn -0.636399 -0.663753 -0.392975
vn -0.949124 -0.314845 -0.006085
vn -0.861911 -0.438470 -0.254662
vn -0.636399 -0.663753 -0.392975
vn -0.801391 -0.591853 -0.086507
vn -0.949349 -0.259551 0.177113
vn -0.949124 -0.314845 -0.006085
vn -0.801391 -0.591853 -0.086507
vn -0.873332 -0.463804 0.148919
vn -0.801684 -0.128638 0.583742
vn -0.949349 -0.259551 0.177113
vn -0.873332 -0.463804 0.148919
vn -0.811663 -0.237748 0.533553
vn -0.488755 0.099651 0.866711
vn -0.801684 -0.128638 0.583742
vn -0.811663 -0.237748 0.533553
vn -0.612648 -0.032617 0.789683
vn -0.125749 0.237204 0.963287
vn -0.488755 0.099651 0.866711
vn -0.612648 -0.032617 0.789683
vn -0.377960 0.146671 0.914130
vn 0.142514 0.311778 0.939406
vn -0.125749 0.237204 0.963287
vn -0.377960 0.146671 0.914130
vn -0.036818 0.341317 0.939227
vn 0.377165 0.318183 0.869774
vn 0.142514 0.311778 0.939406
vn -0.036818 0.341317 0.939227
vn 0.244322 0.424296 0.871940
vn 0.753463 0.253339 0.606723
vn 0.377165 0.318183 0.869774
vn 0.244322 0.424296 0.871940
vn 0.647092 0.451448 0.614384
vn 0.969937 0.122367 0.210356
vn 0.753463 0.253339 0.606723
vn 0.647092 0.451448 0.614384
vn 0.909879 0.352547 0.218701
vn 0.996784 0.010221 -0.079484
vn 0.969937 0.122367 0.210356
vn 0.909879 0.352547 0.218701
vn 0.972846 0.218268 -0.076999
vn 0.858830 -0.179937 -0.479619
vn 0.996784 0.010221 -0.079484
vn 0.972846 0.218268 -0.076999
vn 0.892413 -0.021368 -0.450714
vn 0.665395 -0.306579 -0.680631
vn 0.858830 -0.179937 -0.479619
vn 0.892413 -0.021368 -0.450714
vn 0.739687 -0.202255 -0.641838
vn 0.359236 -0.445932 -0.819814
vn 0.665395 -0.306579 -0.680631
vn 0.739687 -0.202255 -0.641838
vn 0.501541 -0.387464 -0.773517
vn -0.206727 -0.566220 -0.797909
vn 0.359236 -0.445932 -0.819814
vn 0.501541 -0.387464 -0.773517
vn 0.014901 -0.603224 -0.797433
vn -0.590212 -0.598781 -0.541397
vn -0.366267 -0.656039 -0.659895
vn -0.290873 -0.658150 -0.694429
vn -0.471422 -0.693001 -0.545445
vn 0.222079 -0.449116 -0.865434
vn -0.590212 -0.598781 -0.541397
vn -0.471422 -0.693001 -0.545445
vn 0.322307 -0.802621 -0.501914
vn 0.586227 -0.254470 -0.769144
vn 0.222079 -0.449116 -0.865434
vn 0.322307 -0.802621 -0.501914
vn 0.690166 -0.581853 -0.430253
vn 0.607057 -0.222787 -0.762790
vn 0.586227 -0.254470 -0.769144
vn 0.690166 -0.581853 -0.430253
vn 0.784640 -0.502390 -0.363240
vn 0.614532 -0.178300 -0.768479
vn 0.607057 -0.222787 -0.762790
vn 0.784640 -0.502390 -0.363240
vn 0.868559 -0.392195 -0.302967
vn 0.631525 -0.116605 -0.766537
vn 0.614532 -0.178300 -0.768479
vn 0.868559 -0.392195 -0.302967
vn 0.911121 -0.289922 -0.292922
vn 0.276859 -0.287769 -0.916809
vn 0.631525 -0.116605 -0.766537
vn 0.911121 -0.289922 -0.292922
vn 0.893304 -0.441857 0.082277
vn -0.441749 -0.406752 -0.799632
vn 0.276859 -0.287769 -0.916809
vn 0.893304 -0.441857 0.082277
vn 0.553219 -0.561104 0.615720
vn -0.606284 -0.426635 -0.671121
vn -0.441749 -0.406752 -0.799632
vn 0.553219 -0.561104 0.615720
vn 0.349849 -0.565166 0.747123
vn -0.811736 -0.583249 -0.030090
vn -0.606284 -0.426635 -0.671121
vn 0.349849 -0.565166 0.747123
vn -0.173756 -0.448226 0.876871
vn -0.994330 0.001807 0.106325
vn -0.811736 -0.583249 -0.030090
vn -0.173756 -0.448226 0.876871
vn -0.494545 -0.322576 0.807075
vn -0.691934 -0.101589 0.714778
vn -0.973690 0.190659 0.124808
vn -0.994330 0.001807 0.106325
vn -0.494545 -0.322576 0.807075
vn -0.711628 0.121434 0.691982
vn -0.856230 0.432718 0.282178
vn -0.973690 0.190659 0.124808
vn -0.691934 -0.101589 0.714778
vn -0.654683 0.233168 0.719043
vn -0.735279 0.549211 0.397156
vn -0.856230 0.432718 0.282178
vn -0.711628 0.121434 0.691982
vn -0.509748 0.334856 0.792483
vn -0.571745 0.630651 0.524773
vn -0.735279 0.549211 0.397156
vn -0.654683 0.233168 0.719043
vn -0.310526 0.475019 0.823365
vn -0.359547 0.660037 0.659604
vn -0.571745 0.630651 0.524773
vn -0.509748 0.334856 0.792483
vn -0.130236 0.662999 0.737205
vn -0.359547 0.660037 0.659604
vn -0.310526 0.475019 0.823365
vn -0.075118 0.531303 0.843845
vn 0.155911 0.609497 0.777307
vn -0.130236 0.662999 0.737205
vn -0.075118 0.531303 0.843845
vn 0.181624 0.527964 0.829618
vn 0.420037 0.533238 0.734320
vn 0.155911 0.609497 0.777307
vn 0.181624 0.527964 0.829618
vn 0.413147 0.474229 0.777443
vn 0.825986 0.284525 0.486613
vn 0.420037 0.533238 0.734320
vn 0.413147 0.474229 0.777443
vn 0.793033 0.309166 0.524895
vn 0.999529 0.019185 -0.023967
vn 0.825986 0.284525 0.486613
vn 0.793033 0.309166 0.524895
vn 0.986838 0.103860 0.123951
vn 0.923098 -0.084469 -0.375173
vn 0.999529 0.019185 -0.023967
vn 0.986838 0.103860 0.123951
vn 0.982733 -0.042017 -0.180198
vn 0.639185 -0.101828 -0.762282
vn 0.923098 -0.084469 -0.375173
vn 0.982733 -0.042017 -0.180198
vn 0.801961 -0.229382 -0.551581
vn 0.475464 -0.119130 -0.871632
vn 0.639185 -0.101828 -0.762282
vn 0.801961 -0.229382 -0.551581
vn 0.601877 -0.352556 -0.716554
vn 0.245479 -0.311836 -0.917877
vn 0.475464 -0.119130 -0.871632
vn 0.601877 -0.352556 -0.716554
vn 0.283713 -0.512125 -0.810700
vn -0.366267 -0.656039 -0.659895
vn 0.245479 -0.311836 -0.917877
vn 0.283713 -0.512125 -0.810700
vn -0.290873 -0.658150 -0.694429
vn -0.874552 -0.323677 0.361098
vn -0.697036 -0.550096 0.459929
vn -0.649033 -0.638748 0.413228
vn -0.806866 -0.458457 0.372537
vn -0.966967 -0.085697 0.240065
vn -0.874552 -0.323677 0.361098
vn -0.806866 -0.458457 0.372537
vn -0.953974 -0.123529 0.273267
vn -0.962891 0.259216 0.075153
vn -0.966967 -0.085697 0.240065
vn -0.953974 -0.123529 0.273267
vn -0.949114 0.256848 0.182240
vn -0.856873 0.515142 -0.019930
vn -0.962891 0.259216 0.075153
vn -0.949114 0.256848 0.182240
vn -0.846066 0.511420 0.150402
vn -0.530071 0.840343 -0.113347
vn -0.856873 0.515142 -0.019930
vn -0.846066 0.511420 0.150402
vn -0.583842 0.800086 0.137812
vn -0.259608 0.955421 -0.140619
vn -0.530071 0.840343 -0.113347
vn -0.583842 0.800086 0.137812
vn -0.340721 0.926707 0.158501
vn -0.002459 0.990875 -0.134766
vn -0.259608 0.955421 -0.140619
vn -0.340721 0.926707 0.158501
vn -0.070003 0.983273 0.168146
vn 0.416154 0.906277 -0.074013
vn -0.002459 0.990875 -0.134766
vn -0.070003 0.983273 0.168146
vn 0.363633 0.911559 0.191915
vn 0.677235 0.734606 0.041311
vn 0.416154 0.906277 -0.074013
vn 0.363633 0.911559 0.191915
vn 0.643139 0.728443 0.236100
vn 0.914778 0.350840 0.200229
vn 0.677235 0.734606 0.041311
vn 0.643139 0.728443 0.236100
vn 0.922046 0.308109 0.234306
vn 0.929760 -0.037711 0.366230
vn 0.914778 0.350840 0.200229
vn 0.922046 0.308109 0.234306
vn 0.972230 -0.136128 0.190364
vn 0.800589 -0.327160 0.502020
vn 0.929760 -0.037711 0.366230
vn 0.972230 -0.136128 0.190364
vn 0.886656 -0.451950 0.097893
vn 0.421968 -0.669698 0.611103
vn 0.800589 -0.327160 0.502020
vn 0.886656 -0.451950 0.097893
vn 0.575416 -0.817651 -0.018517
vn 0.040106 -0.884485 0.464841
vn 0.421968 -0.669698 0.611103
vn 0.575416 -0.817651 -0.018517
vn 0.255162 -0.966410 0.030723
vn -0.360077 -0.731549 0.578948
vn 0.040106 -0.884485 0.464841
vn 0.255162 -0.966410 0.030723
vn -0.231898 -0.910641 0.341990
vn -0.697036 -0.550096 0.459929
vn -0.360077 -0.731549 0.578948
vn -0.231898 -0.910641 0.341990
vn -0.649033 -0.638748 0.413228
vn 0.609090 0.141330 0.780407
vn 0.130899 0.166335 0.977342
vn 0.123722 -0.567474 0.814043
vn 0.519783 -0.586997 0.620694
vn 0.130899 0.166335 0.977342
vn -0.210244 0.220256 0.952515
vn -0.173464 -0.558856 0.810919
vn 0.123722 -0.567474 0.814043
vn -0.210244 0.220256 0.952515
vn -0.666103 0.306021 0.680190
vn -0.612712 -0.479128 0.628506
vn -0.173464 -0.558856 0.810919
vn 0.638511 0.296855 0.710057
vn 0.143101 0.423857 0.894353
vn 0.130899 0.166335 0.977342
vn 0.609090 0.141330 0.780407
vn 0.143101 0.423857 0.894353
vn -0.297990 0.404517 0.864620
vn -0.210244 0.220256 0.952515
vn 0.130899 0.166335 0.977342
vn -0.297990 0.404517 0.864620
vn -0.684562 0.345849 0.641688
vn -0.666103 0.306021 0.680190
vn -0.210244 0.220256 0.952515
vn 0.424443 0.524417 0.738130
vn 0.149633 0.730817 0.665970
vn 0.143101 0.423857 0.894353
vn 0.638511 0.296855 0.710057
vn 0.149633 0.730817 0.665970
vn -0.199455 0.649527 0.733712
vn -0.297990 0.404517 0.864620
vn 0.143101 0.423857 0.894353
vn -0.199455 0.649527 0.733712
vn -0.556291 0.512770 0.653917
vn -0.684562 0.345849 0.641688
vn -0.297990 0.404517 0.864620
vn -0.534731 0.845019 -0.002591
vn 0.052253 0.990922 0.123868
vn -0.017872 0.798021 -0.602364
vn -0.636238 0.464727 -0.615817
vn 0.052253 0.990922 0.123868
vn 0.398650 0.801373 -0.445958
vn 0.409581 0.564649 -0.716530
vn -0.017872 0.798021 -0.602364
vn 0.398650 0.801373 -0.445958
vn 0.600024 0.767797 -0.224630
vn 0.743348 0.668323 -0.027895
vn 0.409581 0.564649 -0.716530
vn -0.678639 0.543420 0.494108
vn -0.230172 0.774158 0.589661
vn 0.052253 0.990922 0.123868
vn -0.534731 0.845019 -0.002591
vn -0.230172 0.774158 0.589661
vn 0.341033 0.933993 0.106555
vn 0.398650 0.801373 -0.445958
vn 0.052253 0.990922 0.123868
vn 0.341033 0.933993 0.106555
vn 0.643337 0.761425 0.079681
vn 0.600024 0.767797 -0.224630
vn 0.398650 0.801373 -0.445958
vn -0.556291 0.512770 0.653917
vn -0.199455 0.649527 0.733712
vn -0.230172 0.774158 0.589661
vn -0.678639 0.543420 0.494108
vn -0.199455 0.649527 0.733712
vn 0.149633 0.730817 0.665970
vn 0.341033 0.933993 0.106555
vn -0.230172 0.774158 0.589661
vn 0.149633 0.730817 0.665970
vn 0.424443 0.524417 0.738130
vn 0.643337 0.761425 0.079681
vn 0.341033 0.933993 0.106555
vn 0.910346 0.130789 0.392639
vn 0.609090 0.141330 0.780407
vn 0.519783 -0.586997 0.620694
vn 0.721832 -0.614257 0.318821
vn 0.722327 0.557081 -0.409761
vn 0.853676 0.435585 0.285488
vn 0.910346 0.130789 0.392639
vn 0.935116 0.228054 -0.271199
vn 0.853676 0.435585 0.285488
vn 0.638511 0.296855 0.710057
vn 0.609090 0.141330 0.780407
vn 0.910346 0.130789 0.392639
vn 0.600024 0.767797 -0.224630
vn 0.643337 0.761425 0.079681
vn 0.853676 0.435585 0.285488
vn 0.722327 0.557081 -0.409761
vn 0.643337 0.761425 0.079681
vn 0.424443 0.524417 0.738130
vn 0.638511 0.296855 0.710057
vn 0.853676 0.435585 0.285488
vn -0.666103 0.306021 0.680190
vn -0.910951 0.290174 0.293202
vn -0.807198 -0.541696 0.234514
vn -0.612712 -0.479128 0.628506
vn -0.910951 0.290174 0.293202
vn -0.973149 0.221384 0.063004
vn -0.817019 -0.575091 0.041845
vn -0.807198 -0.541696 0.234514
vn -0.973149 0.221384 0.063004
vn -0.772535 0.034339 -0.634043
vn -0.658449 -0.550933 -0.512755
vn -0.817019 -0.575091 0.041845
vn -0.684562 0.345849 0.641688
vn -0.888342 0.327118 0.322247
vn -0.910951 0.290174 0.293202
vn -0.666103 0.306021 0.680190
vn -0.888342 0.327118 0.322247
vn -0.933763 0.289228 0.210793
vn -0.973149 0.221384 0.063004
vn -0.910951 0.290174 0.293202
vn -0.933763 0.289228 0.210793
vn -0.753324 0.145067 -0.641450
vn -0.772535 0.034339 -0.634043
vn -0.973149 0.221384 0.063004
vn -0.556291 0.512770 0.653917
vn -0.678639 0.543420 0.494108
vn -0.888342 0.327118 0.322247
vn -0.684562 0.345849 0.641688
vn -0.678639 0.543420 0.494108
vn -0.534731 0.845019 -0.002591
vn -0.933763 0.289228 0.210793
vn -0.888342 0.327118 0.322247
vn -0.534731 0.845019 -0.002591
vn -0.636238 0.464727 -0.615817
vn -0.753324 0.145067 -0.641450
vn -0.933763 0.289228 0.210793
vn 0.625720 0.715582 0.310511
vn 0.575129 0.700797 0.422032
vn 0.436424 0.488783 0.755397
vn 0.679842 0.649993 0.339592
vn -0.886138 -0.173517 0.429712
vn -0.983109 -0.061548 -0.172362
vn -0.736333 -0.676597 -0.005497
vn -0.761114 -0.494984 0.419162
vn -0.983109 -0.061548 -0.172362
vn -0.806620 -0.015776 -0.590860
vn -0.638985 -0.638648 -0.428751
vn -0.736333 -0.676597 -0.005497
vn -0.806620 -0.015776 -0.590860
vn -0.684081 -0.014534 -0.729261
vn -0.667247 -0.205455 -0.715940
vn -0.638985 -0.638648 -0.428751
vn -0.684081 -0.014534 -0.729261
vn -0.491884 -0.064461 -0.868271
vn -0.673263 -0.023546 -0.739028
vn -0.667247 -0.205455 -0.715940
vn -0.965923 -0.059852 0.251813
vn -0.992738 0.020788 -0.118489
vn -0.983109 -0.061548 -0.172362
vn -0.886138 -0.173517 0.429712
vn -0.992738 0.020788 -0.118489
vn -0.816012 -0.011023 -0.577930
vn -0.806620 -0.015776 -0.590860
vn -0.983109 -0.061548 -0.172362
vn -0.816012 -0.011023 -0.577930
vn -0.683705 -0.009331 -0.729699
vn -0.684081 -0.014534 -0.729261
vn -0.806620 -0.015776 -0.590860
vn -0.683705 -0.009331 -0.729699
vn -0.522562 -0.056307 -0.850740
vn -0.491884 -0.064461 -0.868271
vn -0.684081 -0.014534 -0.729261
vn -0.959543 0.064329 0.274116
vn -0.973944 0.108145 -0.199345
vn -0.992738 0.020788 -0.118489
vn -0.965923 -0.059852 0.251813
vn -0.973944 0.108145 -0.199345
vn -0.807606 0.137694 -0.573422
vn -0.816012 -0.011023 -0.577930
vn -0.992738 0.020788 -0.118489
vn -0.807606 0.137694 -0.573422
vn -0.683343 0.012603 -0.729989
vn -0.683705 -0.009331 -0.729699
vn -0.816012 -0.011023 -0.577930
vn -0.683343 0.012603 -0.729989
vn -0.545986 0.105509 -0.831124
vn -0.522562 -0.056307 -0.850740
vn -0.683705 -0.009331 -0.729699
vn -0.722600 0.534796 0.437999
vn -0.824774 0.551533 -0.124735
vn -0.973944 0.108145 -0.199345
vn -0.959543 0.064329 0.274116
vn -0.824774 0.551533 -0.124735
vn -0.617465 0.654934 -0.435659
vn -0.807606 0.137694 -0.573422
vn -0.973944 0.108145 -0.199345
vn -0.617465 0.654934 -0.435659
vn -0.117948 0.894688 -0.430838
vn -0.683343 0.012603 -0.729989
vn -0.807606 0.137694 -0.573422
vn -0.117948 0.894688 -0.430838
vn -0.383276 0.511870 -0.768823
vn -0.545986 0.105509 -0.831124
vn -0.683343 0.012603 -0.729989
vn -0.398790 0.696633 0.596380
vn -0.349448 0.936941 -0.005195
vn -0.824774 0.551533 -0.124735
vn -0.722600 0.534796 0.437999
vn -0.349448 0.936941 -0.005195
vn -0.142718 0.950779 -0.275048
vn -0.617465 0.654934 -0.435659
vn -0.824774 0.551533 -0.124735
vn -0.142718 0.950779 -0.275048
vn -0.132109 0.957573 -0.256128
vn -0.117948 0.894688 -0.430838
vn -0.617465 0.654934 -0.435659
vn -0.132109 0.957573 -0.256128
vn -0.022872 0.673577 -0.738763
vn -0.383276 0.511870 -0.768823
vn -0.117948 0.894688 -0.430838
vn 0.039835 0.766469 0.641044
vn 0.160178 0.972333 0.170034
vn -0.349448 0.936941 -0.005195
vn -0.398790 0.696633 0.596380
vn 0.160178 0.972333 0.170034
vn 0.274645 0.959994 -0.054604
vn -0.142718 0.950779 -0.275048
vn -0.349448 0.936941 -0.005195
vn 0.274645 0.959994 -0.054604
vn -0.032259 0.972728 -0.229696
vn -0.132109 0.957573 -0.256128
vn -0.142718 0.950779 -0.275048
vn -0.032259 0.972728 -0.229696
vn 0.175516 0.744766 -0.643830
vn -0.022872 0.673577 -0.738763
vn -0.132109 0.957573 -0.256128
vn 0.175142 0.477454 0.861025
vn 0.615609 0.720530 0.319158
vn 0.160178 0.972333 0.170034
vn 0.039835 0.766469 0.641044
vn 0.615609 0.720530 0.319158
vn 0.590005 0.753974 0.288820
vn 0.274645 0.959994 -0.054604
vn 0.160178 0.972333 0.170034
vn 0.590005 0.753974 0.288820
vn 0.382719 0.921491 0.066189
vn -0.032259 0.972728 -0.229696
vn 0.274645 0.959994 -0.054604
vn 0.382719 0.921491 0.066189
vn 0.443687 0.712082 -0.544134
vn 0.175516 0.744766 -0.643830
vn -0.032259 0.972728 -0.229696
vn 0.575129 0.700797 0.422032
vn 0.625720 0.715582 0.310511
vn 0.615609 0.720530 0.319158
vn 0.175142 0.477454 0.861025
vn 0.625720 0.715582 0.310511
vn 0.629316 0.709234 0.317726
vn 0.590005 0.753974 0.288820
vn 0.615609 0.720530 0.319158
vn 0.629316 0.709234 0.317726
vn 0.607390 0.791102 0.072354
vn 0.382719 0.921491 0.066189
vn 0.590005 0.753974 0.288820
vn 0.607390 0.791102 0.072354
vn 0.681853 0.700924 -0.209242
vn 0.443687 0.712082 -0.544134
vn 0.382719 0.921491 0.066189
vn 0.111879 -0.816257 -0.566751
vn -0.512806 -0.630319 -0.582863
vn -0.667247 -0.205455 -0.715940
vn -0.673263 -0.023546 -0.739028
vn -0.149058 -0.959802 0.237826
vn -0.376760 -0.588403 0.715426
vn -0.761114 -0.494984 0.419162
vn -0.736333 -0.676597 -0.005497
vn 0.366271 -0.833324 0.414025
vn 0.211862 -0.529691 0.821305
vn -0.102343 -0.661666 0.742781
vn -0.024798 -0.967111 0.253145
vn -0.491884 -0.064461 -0.868271
vn -0.063935 -0.161659 -0.984773
vn 0.111879 -0.816257 -0.566751
vn -0.673263 -0.023546 -0.739028
vn -0.063935 -0.161659 -0.984773
vn 0.101202 -0.224015 -0.969317
vn 0.162132 -0.619983 -0.767681
vn 0.111879 -0.816257 -0.566751
vn -0.522562 -0.056307 -0.850740
vn -0.165657 -0.118276 -0.979065
vn -0.063935 -0.161659 -0.984773
vn -0.491884 -0.064461 -0.868271
vn -0.165657 -0.118276 -0.979065
vn 0.063926 -0.129302 -0.989543
vn 0.101202 -0.224015 -0.969317
vn -0.063935 -0.161659 -0.984773
vn -0.545986 0.105509 -0.831124
vn -0.113740 0.050791 -0.992211
vn -0.165657 -0.118276 -0.979065
vn -0.522562 -0.056307 -0.850740
vn -0.113740 0.050791 -0.992211
vn 0.251708 0.113465 -0.961129
vn 0.063926 -0.129302 -0.989543
vn -0.165657 -0.118276 -0.979065
vn -0.383276 0.511870 -0.768823
vn -0.022872 0.673577 -0.738763
vn -0.113740 0.050791 -0.992211
vn -0.545986 0.105509 -0.831124
vn -0.022872 0.673577 -0.738763
vn 0.175516 0.744766 -0.643830
vn 0.251708 0.113465 -0.961129
vn -0.113740 0.050791 -0.992211
vn 0.175516 0.744766 -0.643830
vn 0.443687 0.712082 -0.544134
vn 0.390282 0.298337 -0.871020
vn 0.251708 0.113465 -0.961129
vn 0.389827 -0.108861 0.914431
vn -0.183003 -0.352747 0.917649
vn -0.102343 -0.661666 0.742781
vn 0.211862 -0.529691 0.821305
vn -0.183003 -0.352747 0.917649
vn -0.195776 -0.295846 0.934958
vn -0.258523 -0.790753 0.554865
vn -0.102343 -0.661666 0.742781
vn -0.195776 -0.295846 0.934958
vn -0.513104 -0.262313 0.817262
vn -0.376760 -0.588403 0.715426
vn -0.258523 -0.790753 0.554865
vn -0.513104 -0.262313 0.817262
vn -0.886138 -0.173517 0.429712
vn -0.761114 -0.494984 0.419162
vn -0.376760 -0.588403 0.715426
vn 0.393522 0.115472 0.912034
vn -0.096822 0.022492 0.995048
vn -0.183003 -0.352747 0.917649
vn 0.389827 -0.108861 0.914431
vn -0.096822 0.022492 0.995048
vn -0.304326 -0.183369 0.934752
vn -0.195776 -0.295846 0.934958
vn -0.183003 -0.352747 0.917649
vn -0.304326 -0.183369 0.934752
vn -0.655519 -0.103637 0.748033
vn -0.513104 -0.262313 0.817262
vn -0.195776 -0.295846 0.934958
vn -0.655519 -0.103637 0.748033
vn -0.965923 -0.059852 0.251813
vn -0.886138 -0.173517 0.429712
vn -0.513104 -0.262313 0.817262
vn 0.436424 0.488783 0.755397
vn 0.221020 0.431490 0.874624
vn -0.096822 0.022492 0.995048
vn 0.393522 0.115472 0.912034
vn 0.221020 0.431490 0.874624
vn -0.175641 0.191363 0.965676
vn -0.304326 -0.183369 0.934752
vn -0.096822 0.022492 0.995048
vn -0.175641 0.191363 0.965676
vn -0.670636 0.165141 0.723170
vn -0.655519 -0.103637 0.748033
vn -0.304326 -0.183369 0.934752
vn -0.670636 0.165141 0.723170
vn -0.959543 0.064329 0.274116
vn -0.965923 -0.059852 0.251813
vn -0.655519 -0.103637 0.748033
vn 0.575129 0.700797 0.422032
vn 0.175142 0.477454 0.861025
vn 0.221020 0.431490 0.874624
vn 0.436424 0.488783 0.755397
vn 0.175142 0.477454 0.861025
vn 0.039835 0.766469 0.641044
vn -0.175641 0.191363 0.965676
vn 0.221020 0.431490 0.874624
vn 0.039835 0.766469 0.641044
vn -0.398790 0.696633 0.596380
vn -0.670636 0.165141 0.723170
vn -0.175641 0.191363 0.965676
vn -0.398790 0.696633 0.596380
vn -0.722600 0.534796 0.437999
vn -0.959543 0.064329 0.274116
vn -0.670636 0.165141 0.723170
vn -0.794418 0.317602 0.517715
vn -0.995407 0.092684 -0.023954
vn -0.764737 -0.641862 -0.056487
vn -0.754604 -0.514399 0.407390
vn -0.995407 0.092684 -0.023954
vn -0.894911 -0.074240 -0.440026
vn -0.630005 -0.719881 -0.291316
vn -0.764737 -0.641862 -0.056487
vn -0.894911 -0.074240 -0.440026
vn -0.813737 -0.076528 -0.576173
vn -0.605442 -0.693106 -0.391209
vn -0.630005 -0.719881 -0.291316
vn -0.813737 -0.076528 -0.576173
vn -0.634689 -0.075743 -0.769047
vn -0.500932 -0.669024 -0.549066
vn -0.605442 -0.693106 -0.391209
vn -0.683277 0.429603 0.590401
vn -0.935288 0.333591 0.118124
vn -0.995407 0.092684 -0.023954
vn -0.794418 0.317602 0.517715
vn -0.935288 0.333591 0.118124
vn -0.924949 -0.068999 -0.373777
vn -0.894911 -0.074240 -0.440026
vn -0.995407 0.092684 -0.023954
vn -0.924949 -0.068999 -0.373777
vn -0.855993 -0.075990 -0.511372
vn -0.813737 -0.076528 -0.576173
vn -0.894911 -0.074240 -0.440026
vn -0.855993 -0.075990 -0.511372
vn -0.604537 -0.194987 -0.772344
vn -0.634689 -0.075743 -0.769047
vn -0.813737 -0.076528 -0.576173
vn -0.575533 0.553314 0.602167
vn -0.783133 0.533589 0.319352
vn -0.935288 0.333591 0.118124
vn -0.683277 0.429603 0.590401
vn -0.783133 0.533589 0.319352
vn -0.940734 0.303135 -0.152084
vn -0.924949 -0.068999 -0.373777
vn -0.935288 0.333591 0.118124
vn -0.940734 0.303135 -0.152084
vn -0.874638 -0.055424 -0.481598
vn -0.855993 -0.075990 -0.511372
vn -0.924949 -0.068999 -0.373777
vn -0.874638 -0.055424 -0.481598
vn -0.443824 0.063656 -0.893850
vn -0.604537 -0.194987 -0.772344
vn -0.855993 -0.075990 -0.511372
vn -0.551017 0.624088 0.553981
vn -0.602219 0.739851 0.299921
vn -0.783133 0.533589 0.319352
vn -0.575533 0.553314 0.602167
vn -0.602219 0.739851 0.299921
vn -0.693788 0.720080 -0.011960
vn -0.940734 0.303135 -0.152084
vn -0.783133 0.533589 0.319352
vn -0.693788 0.720080 -0.011960
vn -0.774982 0.460229 -0.433120
vn -0.874638 -0.055424 -0.481598
vn -0.940734 0.303135 -0.152084
vn -0.774982 0.460229 -0.433120
vn -0.346599 0.591244 -0.728217
vn -0.443824 0.063656 -0.893850
vn -0.874638 -0.055424 -0.481598
vn 0.031610 0.892225 -0.450484
vn -0.011858 0.919504 0.392901
vn 0.604898 0.638951 0.475227
vn 0.554951 0.813196 -0.175331
vn 0.175163 0.536164 -0.825740
vn -0.422734 0.846212 -0.324378
vn 0.031610 0.892225 -0.450484
vn 0.191121 0.444908 -0.874946
vn -0.422734 0.846212 -0.324378
vn -0.519449 0.844531 0.130154
vn -0.011858 0.919504 0.392901
vn 0.031610 0.892225 -0.450484
vn -0.519449 0.844531 0.130154
vn -0.416380 0.800299 0.431450
vn -0.091954 0.792817 0.602483
vn -0.011858 0.919504 0.392901
vn -0.416380 0.800299 0.431450
vn -0.338397 0.670069 0.660678
vn -0.162315 0.681959 0.713152
vn -0.091954 0.792817 0.602483
vn -0.346599 0.591244 -0.728217
vn -0.774982 0.460229 -0.433120
vn -0.422734 0.846212 -0.324378
vn 0.175163 0.536164 -0.825740
vn -0.774982 0.460229 -0.433120
vn -0.693788 0.720080 -0.011960
vn -0.519449 0.844531 0.130154
vn -0.422734 0.846212 -0.324378
vn -0.693788 0.720080 -0.011960
vn -0.602219 0.739851 0.299921
vn -0.416380 0.800299 0.431450
vn -0.519449 0.844531 0.130154
vn -0.602219 0.739851 0.299921
vn -0.551017 0.624088 0.553981
vn -0.338397 0.670069 0.660678
vn -0.416380 0.800299 0.431450
vn -0.277463 0.422857 0.862674
vn -0.646380 0.425295 0.633496
vn -0.538804 -0.463878 0.703212
vn -0.249762 -0.593338 0.765224
vn -0.646380 0.425295 0.633496
vn -0.794418 0.317602 0.517715
vn -0.754604 -0.514399 0.407390
vn -0.538804 -0.463878 0.703212
vn -0.083020 0.703173 0.706155
vn -0.487731 0.544964 0.682007
vn -0.646380 0.425295 0.633496
vn -0.277463 0.422857 0.862674
vn -0.487731 0.544964 0.682007
vn -0.683277 0.429603 0.590401
vn -0.794418 0.317602 0.517715
vn -0.646380 0.425295 0.633496
vn -0.046546 0.702104 0.710552
vn -0.367422 0.641778 0.673144
vn -0.487731 0.544964 0.682007
vn -0.083020 0.703173 0.706155
vn -0.367422 0.641778 0.673144
vn -0.575533 0.553314 0.602167
vn -0.683277 0.429603 0.590401
vn -0.487731 0.544964 0.682007
vn -0.338397 0.670069 0.660678
vn -0.551017 0.624088 0.553981
vn -0.575533 0.553314 0.602167
vn -0.367422 0.641778 0.673144
vn -0.634689 -0.075743 -0.769047
vn -0.530120 0.000745 -0.847922
vn -0.426609 -0.676007 -0.600849
vn -0.500932 -0.669024 -0.549066
vn -0.530120 0.000745 -0.847922
vn -0.274193 0.117631 -0.954453
vn -0.106364 -0.559527 -0.821959
vn -0.426609 -0.676007 -0.600849
vn -0.604537 -0.194987 -0.772344
vn -0.305160 -0.097862 -0.947259
vn -0.530120 0.000745 -0.847922
vn -0.634689 -0.075743 -0.769047
vn -0.305160 -0.097862 -0.947259
vn -0.102675 0.189907 -0.976419
vn -0.274193 0.117631 -0.954453
vn -0.530120 0.000745 -0.847922
vn -0.102675 0.189907 -0.976419
vn 0.282560 0.293173 -0.913351
vn 0.340778 -0.046162 -0.939010
vn -0.274193 0.117631 -0.954453
vn -0.443824 0.063656 -0.893850
vn -0.026858 0.119139 -0.992514
vn -0.305160 -0.097862 -0.947259
vn -0.604537 -0.194987 -0.772344
vn -0.026858 0.119139 -0.992514
vn 0.177387 0.407674 -0.895732
vn -0.102675 0.189907 -0.976419
vn -0.305160 -0.097862 -0.947259
vn 0.177387 0.407674 -0.895732
vn 0.216472 0.454403 -0.864093
vn 0.282560 0.293173 -0.913351
vn -0.102675 0.189907 -0.976419
vn -0.346599 0.591244 -0.728217
vn 0.175163 0.536164 -0.825740
vn -0.026858 0.119139 -0.992514
vn -0.443824 0.063656 -0.893850
vn 0.175163 0.536164 -0.825740
vn 0.191121 0.444908 -0.874946
vn 0.177387 0.407674 -0.895732
vn -0.026858 0.119139 -0.992514
vn 0.191121 0.444908 -0.874946
vn 0.252788 0.526651 -0.811626
vn 0.216472 0.454403 -0.864093
vn 0.177387 0.407674 -0.895732
vn -0.257081 -0.151605 -0.954424
vn 0.592733 -0.267962 -0.759515
vn 0.558992 -0.298464 -0.773594
vn 0.140290 -0.378257 -0.915009
vn 0.592733 -0.267962 -0.759515
vn 0.873439 -0.055400 -0.483772
vn 0.745850 -0.452884 -0.488471
vn 0.558992 -0.298464 -0.773594
vn 0.873439 -0.055400 -0.483772
vn 0.916836 -0.038409 -0.397412
vn 0.808697 -0.524274 -0.266731
vn 0.745850 -0.452884 -0.488471
vn 0.916836 -0.038409 -0.397412
vn 0.986012 -0.071988 -0.150328
vn 0.930290 0.343108 -0.129763
vn 0.808697 -0.524274 -0.266731
vn 0.144371 0.123518 -0.981784
vn 0.671086 -0.151891 -0.725653
vn 0.592733 -0.267962 -0.759515
vn -0.257081 -0.151605 -0.954424
vn 0.671086 -0.151891 -0.725653
vn 0.903228 0.031838 -0.427978
vn 0.873439 -0.055400 -0.483772
vn 0.592733 -0.267962 -0.759515
vn 0.903228 0.031838 -0.427978
vn 0.955897 -0.029464 -0.292222
vn 0.916836 -0.038409 -0.397412
vn 0.873439 -0.055400 -0.483772
vn 0.955897 -0.029464 -0.292222
vn 0.991880 0.052909 -0.115650
vn 0.986012 -0.071988 -0.150328
vn 0.916836 -0.038409 -0.397412
vn 0.198305 0.458060 -0.866520
vn 0.581107 0.394259 -0.711951
vn 0.671086 -0.151891 -0.725653
vn 0.144371 0.123518 -0.981784
vn 0.581107 0.394259 -0.711951
vn 0.897518 0.328015 -0.294732
vn 0.903228 0.031838 -0.427978
vn 0.671086 -0.151891 -0.725653
vn 0.897518 0.328015 -0.294732
vn 0.929396 0.244474 -0.276507
vn 0.955897 -0.029464 -0.292222
vn 0.903228 0.031838 -0.427978
vn 0.929396 0.244474 -0.276507
vn 0.968202 0.222510 -0.114342
vn 0.991880 0.052909 -0.115650
vn 0.955897 -0.029464 -0.292222
vn 0.122468 0.473559 -0.872206
vn 0.427303 0.817302 -0.386562
vn 0.581107 0.394259 -0.711951
vn 0.198305 0.458060 -0.866520
vn 0.427303 0.817302 -0.386562
vn 0.737733 0.619497 -0.268279
vn 0.897518 0.328015 -0.294732
vn 0.581107 0.394259 -0.711951
vn 0.737733 0.619497 -0.268279
vn 0.826876 0.490052 -0.275907
vn 0.929396 0.244474 -0.276507
vn 0.897518 0.328015 -0.294732
vn 0.826876 0.490052 -0.275907
vn 0.876129 0.471101 -0.102279
vn 0.968202 0.222510 -0.114342
vn 0.929396 0.244474 -0.276507
vn -0.449454 0.424636 0.785923
vn -0.390597 0.255994 0.884252
vn -0.269885 -0.717163 0.642526
vn -0.082345 -0.132115 0.987808
vn -0.390597 0.255994 0.884252
vn -0.708824 0.484450 0.512715
vn -0.747788 -0.262990 0.609631
vn -0.269885 -0.717163 0.642526
vn -0.708824 0.484450 0.512715
vn -0.949272 0.313664 0.022332
vn -0.850915 -0.523960 -0.037544
vn -0.747788 -0.262990 0.609631
vn -0.949272 0.313664 0.022332
vn -0.917876 0.278613 -0.282626
vn -0.433963 -0.885769 -0.164590
vn -0.850915 -0.523960 -0.037544
vn -0.367636 0.234719 0.899861
vn -0.540266 0.244944 0.805056
vn -0.390597 0.255994 0.884252
vn -0.449454 0.424636 0.785923
vn -0.540266 0.244944 0.805056
vn -0.782077 0.291378 0.550867
vn -0.708824 0.484450 0.512715
vn -0.390597 0.255994 0.884252
vn -0.782077 0.291378 0.550867
vn -0.971092 0.071186 0.227844
vn -0.949272 0.313664 0.022332
vn -0.708824 0.484450 0.512715
vn -0.971092 0.071186 0.227844
vn -0.994194 0.000063 -0.107605
vn -0.917876 0.278613 -0.282626
vn -0.949272 0.313664 0.022332
vn -0.316635 0.232706 0.919560
vn -0.381809 0.249443 0.889944
vn -0.540266 0.244944 0.805056
vn -0.367636 0.234719 0.899861
vn -0.381809 0.249443 0.889944
vn -0.166010 0.528428 0.832589
vn -0.782077 0.291378 0.550867
vn -0.540266 0.244944 0.805056
vn -0.166010 0.528428 0.832589
vn -0.912383 -0.172022 0.371437
vn -0.971092 0.071186 0.227844
vn -0.782077 0.291378 0.550867
vn -0.912383 -0.172022 0.371437
vn -0.974903 -0.204194 -0.088704
vn -0.994194 0.000063 -0.107605
vn -0.971092 0.071186 0.227844
vn -0.218908 0.351718 0.910151
vn -0.344490 0.287815 0.893582
vn -0.381809 0.249443 0.889944
vn -0.316635 0.232706 0.919560
vn -0.344490 0.287815 0.893582
vn -0.756111 0.237090 0.609987
vn -0.166010 0.528428 0.832589
vn -0.381809 0.249443 0.889944
vn -0.756111 0.237090 0.609987
vn -0.943250 0.204627 0.261549
vn -0.912383 -0.172022 0.371437
vn -0.166010 0.528428 0.832589
vn -0.943250 0.204627 0.261549
vn -0.852036 -0.468988 -0.232562
vn -0.974903 -0.204194 -0.088704
vn -0.912383 -0.172022 0.371437
vn -0.052619 0.438214 0.897329
vn -0.239115 0.549290 0.800690
vn -0.344490 0.287815 0.893582
vn -0.218908 0.351718 0.910151
vn -0.239115 0.549290 0.800690
vn -0.184280 0.883206 0.431264
vn -0.756111 0.237090 0.609987
vn -0.344490 0.287815 0.893582
vn -0.184280 0.883206 0.431264
vn -0.866991 0.473634 -0.154911
vn -0.943250 0.204627 0.261549
vn -0.756111 0.237090 0.609987
vn -0.866991 0.473634 -0.154911
vn -0.572958 0.652560 -0.495868
vn -0.852036 -0.468988 -0.232562
vn -0.943250 0.204627 0.261549
vn 0.387937 0.573873 0.721232
vn 0.274368 0.911219 0.307250
vn -0.239115 0.549290 0.800690
vn -0.052619 0.438214 0.897329
vn 0.274368 0.911219 0.307250
vn 0.068208 0.994110 -0.084219
vn -0.184280 0.883206 0.431264
vn -0.239115 0.549290 0.800690
vn 0.068208 0.994110 -0.084219
vn -0.046298 0.953019 -0.299350
vn -0.866991 0.473634 -0.154911
vn -0.184280 0.883206 0.431264
vn -0.046298 0.953019 -0.299350
vn -0.786517 0.436777 -0.436597
vn -0.572958 0.652560 -0.495868
vn -0.866991 0.473634 -0.154911
vn 0.767528 0.594675 0.239295
vn 0.685915 0.690084 -0.230880
vn 0.274368 0.911219 0.307250
vn 0.387937 0.573873 0.721232
vn 0.685915 0.690084 -0.230880
vn 0.432115 0.857792 -0.278334
vn 0.068208 0.994110 -0.084219
vn 0.274368 0.911219 0.307250
vn 0.432115 0.857792 -0.278334
vn 0.227689 0.899442 -0.373045
vn -0.046298 0.953019 -0.299350
vn 0.068208 0.994110 -0.084219
vn 0.227689 0.899442 -0.373045
vn -0.366949 0.704666 -0.607284
vn -0.786517 0.436777 -0.436597
vn -0.046298 0.953019 -0.299350
vn 0.876129 0.471101 -0.102279
vn 0.826876 0.490052 -0.275907
vn 0.685915 0.690084 -0.230880
vn 0.767528 0.594675 0.239295
vn 0.826876 0.490052 -0.275907
vn 0.737733 0.619497 -0.268279
vn 0.432115 0.857792 -0.278334
vn 0.685915 0.690084 -0.230880
vn 0.737733 0.619497 -0.268279
vn 0.427303 0.817302 -0.386562
vn 0.227689 0.899442 -0.373045
vn 0.432115 0.857792 -0.278334
vn 0.427303 0.817302 -0.386562
vn 0.122468 0.473559 -0.872206
vn -0.366949 0.704666 -0.607284
vn 0.227689 0.899442 -0.373045
vn 0.098125 -0.781503 0.616137
vn 0.094305 -0.411263 0.906625
vn -0.082345 -0.132115 0.987808
vn -0.269885 -0.717163 0.642526
vn 0.808697 -0.524274 -0.266731
vn 0.930290 0.343108 -0.129763
vn 0.850063 -0.473728 0.230162
vn 0.705593 -0.707514 -0.039529
vn -0.917876 0.278613 -0.282626
vn -0.864770 0.146779 -0.480239
vn -0.843179 -0.327204 -0.426599
vn -0.433963 -0.885769 -0.164590
vn -0.864770 0.146779 -0.480239
vn -0.818285 0.175405 -0.547396
vn -0.770624 -0.310036 -0.556792
vn -0.843179 -0.327204 -0.426599
vn -0.818285 0.175405 -0.547396
vn -0.787285 -0.020674 -0.616242
vn -0.461625 -0.486618 -0.741690
vn -0.770624 -0.310036 -0.556792
vn -0.787285 -0.020674 -0.616242
vn -0.257081 -0.151605 -0.954424
vn 0.140290 -0.378257 -0.915009
vn -0.461625 -0.486618 -0.741690
vn -0.994194 0.000063 -0.107605
vn -0.943189 -0.002284 -0.332250
vn -0.864770 0.146779 -0.480239
vn -0.917876 0.278613 -0.282626
vn -0.943189 -0.002284 -0.332250
vn -0.866564 -0.128386 -0.482269
vn -0.818285 0.175405 -0.547396
vn -0.864770 0.146779 -0.480239
vn -0.866564 -0.128386 -0.482269
vn -0.636522 -0.254311 -0.728125
vn -0.787285 -0.020674 -0.616242
vn -0.818285 0.175405 -0.547396
vn -0.636522 -0.254311 -0.728125
vn 0.144371 0.123518 -0.981784
vn -0.257081 -0.151605 -0.954424
vn -0.787285 -0.020674 -0.616242
vn -0.974903 -0.204194 -0.088704
vn -0.962271 -0.068497 -0.263330
vn -0.943189 -0.002284 -0.332250
vn -0.994194 0.000063 -0.107605
vn -0.962271 -0.068497 -0.263330
vn -0.904108 -0.006431 -0.427256
vn -0.866564 -0.128386 -0.482269
vn -0.943189 -0.002284 -0.332250
vn -0.904108 -0.006431 -0.427256
vn -0.389174 0.149786 -0.908905
vn -0.636522 -0.254311 -0.728125
vn -0.866564 -0.128386 -0.482269
vn -0.389174 0.149786 -0.908905
vn 0.198305 0.458060 -0.866520
vn 0.144371 0.123518 -0.981784
vn -0.636522 -0.254311 -0.728125
vn -0.852036 -0.468988 -0.232562
vn -0.572958 0.652560 -0.495868
vn -0.962271 -0.068497 -0.263330
vn -0.974903 -0.204194 -0.088704
vn -0.572958 0.652560 -0.495868
vn -0.786517 0.436777 -0.436597
vn -0.904108 -0.006431 -0.427256
vn -0.962271 -0.068497 -0.263330
vn -0.786517 0.436777 -0.436597
vn -0.366949 0.704666 -0.607284
vn -0.389174 0.149786 -0.908905
vn -0.904108 -0.006431 -0.427256
vn -0.366949 0.704666 -0.607284
vn 0.122468 0.473559 -0.872206
vn 0.198305 0.458060 -0.866520
vn -0.389174 0.149786 -0.908905
vn 0.986012 -0.071988 -0.150328
vn 0.930120 -0.138954 0.339953
vn 0.850063 -0.473728 0.230162
vn 0.930290 0.343108 -0.129763
vn 0.930120 -0.138954 0.339953
vn 0.723113 -0.079912 0.686091
vn 0.474749 -0.624681 0.619990
vn 0.850063 -0.473728 0.230162
vn 0.723113 -0.079912 0.686091
vn 0.122058 -0.067734 0.990209
vn 0.094305 -0.411263 0.906625
vn 0.474749 -0.624681 0.619990
vn 0.122058 -0.067734 0.990209
vn -0.449454 0.424636 0.785923
vn -0.082345 -0.132115 0.987808
vn 0.094305 -0.411263 0.906625
vn 0.991880 0.052909 -0.115650
vn 0.974078 0.129915 0.185186
vn 0.930120 -0.138954 0.339953
vn 0.986012 -0.071988 -0.150328
vn 0.974078 0.129915 0.185186
vn 0.549339 0.191295 0.813408
vn 0.723113 -0.079912 0.686091
vn 0.930120 -0.138954 0.339953
vn 0.549339 0.191295 0.813408
vn -0.145050 0.270383 0.951763
vn 0.122058 -0.067734 0.990209
vn 0.723113 -0.079912 0.686091
vn -0.145050 0.270383 0.951763
vn -0.367636 0.234719 0.899861
vn -0.449454 0.424636 0.785923
vn 0.122058 -0.067734 0.990209
vn 0.968202 0.222510 -0.114342
vn 0.885677 0.318817 0.337537
vn 0.974078 0.129915 0.185186
vn 0.991880 0.052909 -0.115650
vn 0.885677 0.318817 0.337537
vn 0.445822 0.373180 0.813621
vn 0.549339 0.191295 0.813408
vn 0.974078 0.129915 0.185186
vn 0.445822 0.373180 0.813621
vn -0.140337 0.340184 0.929828
vn -0.145050 0.270383 0.951763
vn 0.549339 0.191295 0.813408
vn -0.140337 0.340184 0.929828
vn -0.316635 0.232706 0.919560
vn -0.367636 0.234719 0.899861
vn -0.145050 0.270383 0.951763
vn 0.876129 0.471101 -0.102279
vn 0.767528 0.594675 0.239295
vn 0.885677 0.318817 0.337537
vn 0.968202 0.222510 -0.114342
vn 0.767528 0.594675 0.239295
vn 0.387937 0.573873 0.721232
vn 0.445822 0.373180 0.813621
vn 0.885677 0.318817 0.337537
vn 0.387937 0.573873 0.721232
vn -0.052619 0.438214 0.897329
vn -0.140337 0.340184 0.929828
vn 0.445822 0.373180 0.813621
vn -0.052619 0.438214 0.897329
vn -0.218908 0.351718 0.910151
vn -0.316635 0.232706 0.919560
vn -0.140337 0.340184 0.929828
vn -0.688299 0.312219 -0.654801
vn -0.197126 0.106886 -0.974534
vn -0.092018 -0.628583 -0.772280
vn -0.546413 -0.516399 -0.659367
vn -0.197126 0.106886 -0.974534
vn 0.235842 -0.048544 -0.970578
vn 0.168467 -0.700583 -0.693399
vn -0.092018 -0.628583 -0.772280
vn 0.235842 -0.048544 -0.970578
vn 0.386403 -0.047755 -0.921093
vn 0.270187 -0.671015 -0.690462
vn 0.168467 -0.700583 -0.693399
vn 0.386403 -0.047755 -0.921093
vn 0.613567 -0.043485 -0.788444
vn 0.445767 -0.643419 -0.622337
vn 0.270187 -0.671015 -0.690462
vn -0.738122 0.420243 -0.527798
vn -0.330151 0.342598 -0.879561
vn -0.197126 0.106886 -0.974534
vn -0.688299 0.312219 -0.654801
vn -0.330151 0.342598 -0.879561
vn 0.164518 -0.044933 -0.985350
vn 0.235842 -0.048544 -0.970578
vn -0.197126 0.106886 -0.974534
vn 0.164518 -0.044933 -0.985350
vn 0.313968 -0.048632 -0.948187
vn 0.386403 -0.047755 -0.921093
vn 0.235842 -0.048544 -0.970578
vn 0.313968 -0.048632 -0.948187
vn 0.626712 -0.162831 -0.762048
vn 0.613567 -0.043485 -0.788444
vn 0.386403 -0.047755 -0.921093
vn -0.729655 0.541804 -0.417196
vn -0.499250 0.534096 -0.682270
vn -0.330151 0.342598 -0.879561
vn -0.738122 0.420243 -0.527798
vn -0.499250 0.534096 -0.682270
vn -0.066743 0.320627 -0.944851
vn 0.164518 -0.044933 -0.985350
vn -0.330151 0.342598 -0.879561
vn -0.066743 0.320627 -0.944851
vn 0.280247 -0.028747 -0.959497
vn 0.313968 -0.048632 -0.948187
vn 0.164518 -0.044933 -0.985350
vn 0.280247 -0.028747 -0.959497
vn 0.773178 0.097087 -0.626714
vn 0.626712 -0.162831 -0.762048
vn 0.313968 -0.048632 -0.948187
vn -0.679529 0.613600 -0.402162
vn -0.447062 0.738220 -0.505140
vn -0.499250 0.534096 -0.682270
vn -0.729655 0.541804 -0.417196
vn -0.447062 0.738220 -0.505140
vn -0.162497 0.730140 -0.663695
vn -0.066743 0.320627 -0.944851
vn -0.499250 0.534096 -0.682270
vn -0.162497 0.730140 -0.663695
vn 0.239187 0.484542 -0.841432
vn 0.280247 -0.028747 -0.959497
vn -0.066743 0.320627 -0.944851
vn 0.239187 0.484542 -0.841432
vn 0.617693 0.619406 -0.484553
vn 0.773178 0.097087 -0.626714
vn 0.280247 -0.028747 -0.959497
vn 0.705098 -0.068552 0.705789
vn 0.090110 0.090354 0.991825
vn 0.126100 -0.745931 0.653976
vn 0.451411 -0.676724 0.581612
vn 0.641950 0.218613 0.734921
vn -0.031408 0.365674 0.930213
vn 0.090110 0.090354 0.991825
vn 0.705098 -0.068552 0.705789
vn 0.652273 0.414014 0.634927
vn -0.030517 0.321846 0.946300
vn -0.031408 0.365674 0.930213
vn 0.641950 0.218613 0.734921
vn 0.355062 0.804838 0.475570
vn -0.067599 0.441308 0.894806
vn -0.030517 0.321846 0.946300
vn 0.652273 0.414014 0.634927
vn 0.831987 0.548712 0.081933
vn 0.266983 0.810251 0.521741
vn -0.067599 0.441308 0.894806
vn 0.355062 0.804838 0.475570
vn 0.882840 0.469637 0.005953
vn 0.419340 0.906613 -0.046971
vn 0.266983 0.810251 0.521741
vn 0.831987 0.548712 0.081933
vn 0.419340 0.906613 -0.046971
vn -0.413656 0.905460 0.095029
vn -0.350382 0.614406 0.706922
vn 0.266983 0.810251 0.521741
vn -0.413656 0.905460 0.095029
vn -0.631043 0.773448 0.059698
vn -0.581694 0.634545 0.508906
vn -0.350382 0.614406 0.706922
vn -0.631043 0.773448 0.059698
vn -0.750717 0.660501 0.012729
vn -0.674433 0.675722 0.297556
vn -0.581694 0.634545 0.508906
vn 0.828613 0.559812 0.003192
vn 0.198117 0.863036 -0.464670
vn 0.419340 0.906613 -0.046971
vn 0.882840 0.469637 0.005953
vn 0.198117 0.863036 -0.464670
vn -0.266791 0.847313 -0.459221
vn -0.413656 0.905460 0.095029
vn 0.419340 0.906613 -0.046971
vn -0.266791 0.847313 -0.459221
vn -0.536164 0.791426 -0.293553
vn -0.631043 0.773448 0.059698
vn -0.413656 0.905460 0.095029
vn -0.536164 0.791426 -0.293553
vn -0.737996 0.652912 -0.170491
vn -0.750717 0.660501 0.012729
vn -0.631043 0.773448 0.059698
vn 0.617693 0.619406 -0.484553
vn 0.239187 0.484542 -0.841432
vn 0.198117 0.863036 -0.464670
vn 0.828613 0.559812 0.003192
vn 0.239187 0.484542 -0.841432
vn -0.162497 0.730140 -0.663695
vn -0.266791 0.847313 -0.459221
vn 0.198117 0.863036 -0.464670
vn -0.162497 0.730140 -0.663695
vn -0.447062 0.738220 -0.505140
vn -0.536164 0.791426 -0.293553
vn -0.266791 0.847313 -0.459221
vn -0.447062 0.738220 -0.505140
vn -0.679529 0.613600 -0.402162
vn -0.737996 0.652912 -0.170491
vn -0.536164 0.791426 -0.293553
vn -0.270368 0.715358 0.644332
vn -0.679643 0.608813 0.409185
vn -0.887700 -0.396306 0.234371
vn -0.149136 0.742939 0.652533
vn -0.679643 0.608813 0.409185
vn -0.913913 0.399322 -0.072842
vn -0.783976 -0.614137 -0.090650
vn -0.887700 -0.396306 0.234371
vn -0.913913 0.399322 -0.072842
vn -0.771854 0.414074 -0.482476
vn -0.790061 -0.478308 -0.383439
vn -0.783976 -0.614137 -0.090650
vn -0.771854 0.414074 -0.482476
vn -0.688299 0.312219 -0.654801
vn -0.546413 -0.516399 -0.659367
vn -0.790061 -0.478308 -0.383439
vn -0.570269 0.638500 0.516828
vn -0.613937 0.681300 0.398637
vn -0.679643 0.608813 0.409185
vn -0.270368 0.715358 0.644332
vn -0.613937 0.681300 0.398637
vn -0.727155 0.680693 0.088891
vn -0.913913 0.399322 -0.072842
vn -0.679643 0.608813 0.409185
vn -0.727155 0.680693 0.088891
vn -0.787808 0.529682 -0.314318
vn -0.771854 0.414074 -0.482476
vn -0.913913 0.399322 -0.072842
vn -0.787808 0.529682 -0.314318
vn -0.738122 0.420243 -0.527798
vn -0.688299 0.312219 -0.654801
vn -0.771854 0.414074 -0.482476
vn -0.500886 0.643104 0.579250
vn -0.676980 0.651768 0.341901
vn -0.613937 0.681300 0.398637
vn -0.570269 0.638500 0.516828
vn -0.676980 0.651768 0.341901
vn -0.723402 0.678958 0.125324
vn -0.727155 0.680693 0.088891
vn -0.613937 0.681300 0.398637
vn -0.723402 0.678958 0.125324
vn -0.755646 0.624742 -0.196715
vn -0.787808 0.529682 -0.314318
vn -0.727155 0.680693 0.088891
vn -0.755646 0.624742 -0.196715
vn -0.729655 0.541804 -0.417196
vn -0.738122 0.420243 -0.527798
vn -0.787808 0.529682 -0.314318
vn -0.606789 0.652815 0.453476
vn -0.674433 0.675722 0.297556
vn -0.676980 0.651768 0.341901
vn -0.500886 0.643104 0.579250
vn -0.674433 0.675722 0.297556
vn -0.750717 0.660501 0.012729
vn -0.723402 0.678958 0.125324
vn -0.676980 0.651768 0.341901
vn -0.750717 0.660501 0.012729
vn -0.737996 0.652912 -0.170491
vn -0.755646 0.624742 -0.196715
vn -0.723402 0.678958 0.125324
vn -0.737996 0.652912 -0.170491
vn -0.679529 0.613600 -0.402162
vn -0.729655 0.541804 -0.417196
vn -0.755646 0.624742 -0.196715
vn 0.613567 -0.043485 -0.788444
vn 0.711225 0.033944 -0.702145
vn 0.512537 -0.649748 -0.561368
vn 0.445767 -0.643419 -0.622337
vn 0.711225 0.033944 -0.702145
vn 0.867963 0.150647 -0.473230
vn 0.794084 -0.531330 -0.295159
vn 0.512537 -0.649748 -0.561368
vn 0.867963 0.150647 -0.473230
vn 0.991697 -0.021955 0.126711
vn 0.640765 -0.739701 0.205578
vn 0.794084 -0.531330 -0.295159
vn 0.991697 -0.021955 0.126711
vn 0.705098 -0.068552 0.705789
vn 0.451411 -0.676724 0.581612
vn 0.640765 -0.739701 0.205578
vn 0.626712 -0.162831 -0.762048
vn 0.859936 -0.064582 -0.506300
vn 0.711225 0.033944 -0.702145
vn 0.613567 -0.043485 -0.788444
vn 0.859936 -0.064582 -0.506300
vn 0.924951 0.221337 -0.308992
vn 0.867963 0.150647 -0.473230
vn 0.711225 0.033944 -0.702145
vn 0.924951 0.221337 -0.308992
vn 0.944580 0.317512 0.083398
vn 0.991697 -0.021955 0.126711
vn 0.867963 0.150647 -0.473230
vn 0.944580 0.317512 0.083398
vn 0.641950 0.218613 0.734921
vn 0.705098 -0.068552 0.705789
vn 0.991697 -0.021955 0.126711
vn 0.773178 0.097087 -0.626714
vn 0.959120 0.149959 -0.240001
vn 0.859936 -0.064582 -0.506300
vn 0.626712 -0.162831 -0.762048
vn 0.959120 0.149959 -0.240001
vn 0.901227 0.433157 -0.012864
vn 0.924951 0.221337 -0.308992
vn 0.859936 -0.064582 -0.506300
vn 0.901227 0.433157 -0.012864
vn 0.877479 0.478457 0.033318
vn 0.944580 0.317512 0.083398
vn 0.924951 0.221337 -0.308992
vn 0.877479 0.478457 0.033318
vn 0.652273 0.414014 0.634927
vn 0.641950 0.218613 0.734921
vn 0.944580 0.317512 0.083398
vn 0.617693 0.619406 -0.484553
vn 0.828613 0.559812 0.003192
vn 0.959120 0.149959 -0.240001
vn 0.773178 0.097087 -0.626714
vn 0.828613 0.559812 0.003192
vn 0.882840 0.469637 0.005953
vn 0.901227 0.433157 -0.012864
vn 0.959120 0.149959 -0.240001
vn 0.882840 0.469637 0.005953
vn 0.831987 0.548712 0.081933
vn 0.877479 0.478457 0.033318
vn 0.901227 0.433157 -0.012864
vn 0.831987 0.548712 0.081933
vn 0.355062 0.804838 0.475570
vn 0.652273 0.414014 0.634927
vn 0.877479 0.478457 0.033318
vn 0.138458 0.131521 -0.981597
vn 0.312514 0.066274 -0.947598
vn 0.402875 -0.366378 -0.838724
vn 0.176099 -0.117112 -0.977381
vn 0.312514 0.066274 -0.947598
vn 0.610281 -0.260248 -0.748217
vn 0.442375 -0.754158 -0.485335
vn 0.402875 -0.366378 -0.838724
vn 0.610281 -0.260248 -0.748217
vn 0.885472 -0.188141 -0.424903
vn 0.661777 -0.691290 -0.290119
vn 0.442375 -0.754158 -0.485335
vn 0.885472 -0.188141 -0.424903
vn 0.972993 -0.154215 0.171762
vn 0.864191 -0.464900 0.192465
vn 0.661777 -0.691290 -0.290119
vn 0.136117 0.143552 -0.980237
vn 0.258661 0.142750 -0.955362
vn 0.312514 0.066274 -0.947598
vn 0.138458 0.131521 -0.981597
vn 0.258661 0.142750 -0.955362
vn 0.587490 0.233106 -0.774930
vn 0.610281 -0.260248 -0.748217
vn 0.312514 0.066274 -0.947598
vn 0.587490 0.233106 -0.774930
vn 0.729116 0.534872 -0.426968
vn 0.885472 -0.188141 -0.424903
vn 0.610281 -0.260248 -0.748217
vn 0.729116 0.534872 -0.426968
vn 0.972681 0.219386 0.075911
vn 0.972993 -0.154215 0.171762
vn 0.885472 -0.188141 -0.424903
vn 0.136145 0.143616 -0.980224
vn 0.438536 0.196129 -0.877052
vn 0.258661 0.142750 -0.955362
vn 0.136117 0.143552 -0.980237
vn 0.438536 0.196129 -0.877052
vn 0.338354 0.754650 -0.562157
vn 0.587490 0.233106 -0.774930
vn 0.258661 0.142750 -0.955362
vn 0.338354 0.754650 -0.562157
vn 0.380064 0.839716 -0.387852
vn 0.729116 0.534872 -0.426968
vn 0.587490 0.233106 -0.774930
vn 0.380064 0.839716 -0.387852
vn 0.767412 0.637569 -0.067714
vn 0.972681 0.219386 0.075911
vn 0.729116 0.534872 -0.426968
vn -0.021856 0.888539 -0.458280
vn 0.374154 0.511471 -0.773567
vn 0.438536 0.196129 -0.877052
vn 0.136145 0.143616 -0.980224
vn 0.374154 0.511471 -0.773567
vn 0.293558 0.864831 -0.407298
vn 0.338354 0.754650 -0.562157
vn 0.438536 0.196129 -0.877052
vn 0.293558 0.864831 -0.407298
vn 0.345199 0.863383 -0.367977
vn 0.380064 0.839716 -0.387852
vn 0.338354 0.754650 -0.562157
vn 0.345199 0.863383 -0.367977
vn 0.378042 0.865714 -0.328061
vn 0.767412 0.637569 -0.067714
vn 0.380064 0.839716 -0.387852
vn -0.243684 0.108277 0.963792
vn -0.516743 0.177529 0.837532
vn -0.406758 -0.519844 0.751206
vn -0.052005 -0.508935 0.859233
vn -0.516743 0.177529 0.837532
vn -0.728890 0.282622 0.623573
vn -0.589645 -0.645187 0.485851
vn -0.406758 -0.519844 0.751206
vn -0.728890 0.282622 0.623573
vn -0.951088 0.207183 0.229143
vn -0.801243 -0.549199 0.237466
vn -0.589645 -0.645187 0.485851
vn -0.951088 0.207183 0.229143
vn -0.978800 0.200371 0.042449
vn -0.793474 -0.608459 0.013332
vn -0.801243 -0.549199 0.237466
vn -0.097245 0.092942 0.990911
vn -0.574002 -0.079145 0.815020
vn -0.516743 0.177529 0.837532
vn -0.243684 0.108277 0.963792
vn -0.574002 -0.079145 0.815020
vn -0.761589 0.406736 0.504527
vn -0.728890 0.282622 0.623573
vn -0.516743 0.177529 0.837532
vn -0.761589 0.406736 0.504527
vn -0.877505 0.354605 0.322863
vn -0.951088 0.207183 0.229143
vn -0.728890 0.282622 0.623573
vn -0.877505 0.354605 0.322863
vn -0.978298 0.205073 0.029620
vn -0.978800 0.200371 0.042449
vn -0.951088 0.207183 0.229143
vn 0.191903 0.087074 0.977544
vn -0.491524 0.054569 0.869153
vn -0.574002 -0.079145 0.815020
vn -0.097245 0.092942 0.990911
vn -0.491524 0.054569 0.869153
vn -0.810571 0.168767 0.560797
vn -0.761589 0.406736 0.504527
vn -0.574002 -0.079145 0.815020
vn -0.810571 0.168767 0.560797
vn -0.879207 0.468194 0.088261
vn -0.877505 0.354605 0.322863
vn -0.761589 0.406736 0.504527
vn -0.879207 0.468194 0.088261
vn -0.957032 0.288359 0.030640
vn -0.978298 0.205073 0.029620
vn -0.877505 0.354605 0.322863
vn 0.038217 0.881354 0.470908
vn -0.567232 0.644886 0.512220
vn -0.491524 0.054569 0.869153
vn 0.191903 0.087074 0.977544
vn -0.567232 0.644886 0.512220
vn -0.398991 0.916952 0.002440
vn -0.810571 0.168767 0.560797
vn -0.491524 0.054569 0.869153
vn -0.398991 0.916952 0.002440
vn -0.639434 0.768215 -0.031163
vn -0.879207 0.468194 0.088261
vn -0.810571 0.168767 0.560797
vn -0.639434 0.768215 -0.031163
vn -0.961717 0.207238 0.179313
vn -0.957032 0.288359 0.030640
vn -0.879207 0.468194 0.088261
vn 0.480108 0.714795 0.508492
vn 0.202902 0.957639 0.204349
vn -0.567232 0.644886 0.512220
vn 0.038217 0.881354 0.470908
vn 0.202902 0.957639 0.204349
vn -0.324217 0.856207 -0.402235
vn -0.398991 0.916952 0.002440
vn -0.567232 0.644886 0.512220
vn -0.324217 0.856207 -0.402235
vn -0.516932 0.850548 -0.096689
vn -0.639434 0.768215 -0.031163
vn -0.398991 0.916952 0.002440
vn -0.516932 0.850548 -0.096689
vn -0.651169 0.758914 -0.005322
vn -0.961717 0.207238 0.179313
vn -0.639434 0.768215 -0.031163
vn 0.515565 0.821912 0.242185
vn 0.329021 0.869549 -0.368279
vn 0.202902 0.957639 0.204349
vn 0.480108 0.714795 0.508492
vn 0.329021 0.869549 -0.368279
vn 0.177881 0.882558 -0.435258
vn -0.324217 0.856207 -0.402235
vn 0.202902 0.957639 0.204349
vn 0.177881 0.882558 -0.435258
vn -0.424463 0.893438 -0.146971
vn -0.516932 0.850548 -0.096689
vn -0.324217 0.856207 -0.402235
vn -0.424463 0.893438 -0.146971
vn -0.319841 0.902331 -0.288966
vn -0.651169 0.758914 -0.005322
vn -0.516932 0.850548 -0.096689
vn 0.400117 0.862943 -0.308604
vn 0.341424 0.864953 -0.367812
vn 0.329021 0.869549 -0.368279
vn 0.515565 0.821912 0.242185
vn 0.341424 0.864953 -0.367812
vn 0.306510 0.857260 -0.413712
vn 0.177881 0.882558 -0.435258
vn 0.329021 0.869549 -0.368279
vn 0.306510 0.857260 -0.413712
vn -0.046158 0.814029 -0.578988
vn -0.424463 0.893438 -0.146971
vn 0.177881 0.882558 -0.435258
vn -0.046158 0.814029 -0.578988
vn -0.070732 0.601504 -0.795733
vn -0.319841 0.902331 -0.288966
vn -0.424463 0.893438 -0.146971
vn 0.378042 0.865714 -0.328061
vn 0.345199 0.863383 -0.367977
vn 0.341424 0.864953 -0.367812
vn 0.400117 0.862943 -0.308604
vn 0.345199 0.863383 -0.367977
vn 0.293558 0.864831 -0.407298
vn 0.306510 0.857260 -0.413712
vn 0.341424 0.864953 -0.367812
vn 0.293558 0.864831 -0.407298
vn 0.374154 0.511471 -0.773567
vn -0.046158 0.814029 -0.578988
vn 0.306510 0.857260 -0.413712
vn 0.374154 0.511471 -0.773567
vn -0.021856 0.888539 -0.458280
vn -0.070732 0.601504 -0.795733
vn -0.046158 0.814029 -0.578988
vn 0.176099 -0.117112 -0.977381
vn 0.402875 -0.366378 -0.838724
vn 0.159154 -0.866994 -0.472219
vn -0.027662 -0.359826 -0.932609
vn 0.402875 -0.366378 -0.838724
vn 0.442375 -0.754158 -0.485335
vn 0.110524 -0.982733 -0.148390
vn 0.159154 -0.866994 -0.472219
vn 0.442375 -0.754158 -0.485335
vn 0.661777 -0.691290 -0.290119
vn 0.344939 -0.938609 -0.005540
vn 0.110524 -0.982733 -0.148390
vn 0.661777 -0.691290 -0.290119
vn 0.864191 -0.464900 0.192465
vn 0.865933 -0.280884 0.413841
vn 0.344939 -0.938609 -0.005540
vn -0.978800 0.200371 0.042449
vn -0.839601 0.189443 -0.509098
vn -0.736505 -0.538426 -0.409460
vn -0.793474 -0.608459 0.013332
vn -0.839601 0.189443 -0.509098
vn -0.391828 -0.023548 -0.919737
vn -0.210448 -0.674294 -0.707842
vn -0.736505 -0.538426 -0.409460
vn -0.391828 -0.023548 -0.919737
vn -0.072319 0.087475 -0.993538
vn -0.027662 -0.359826 -0.932609
vn -0.210448 -0.674294 -0.707842
vn -0.072319 0.087475 -0.993538
vn 0.138458 0.131521 -0.981597
vn 0.176099 -0.117112 -0.977381
vn -0.027662 -0.359826 -0.932609
vn -0.978298 0.205073 0.029620
vn -0.889696 0.318267 -0.327332
vn -0.839601 0.189443 -0.509098
vn -0.978800 0.200371 0.042449
vn -0.889696 0.318267 -0.327332
vn -0.527493 0.066344 -0.846965
vn -0.391828 -0.023548 -0.919737
vn -0.839601 0.189443 -0.509098
vn -0.527493 0.066344 -0.846965
vn -0.022378 0.127950 -0.991528
vn -0.072319 0.087475 -0.993538
vn -0.391828 -0.023548 -0.919737
vn -0.022378 0.127950 -0.991528
vn 0.136117 0.143552 -0.980237
vn 0.138458 0.131521 -0.981597
vn -0.072319 0.087475 -0.993538
vn -0.957032 0.288359 0.030640
vn -0.827611 0.507394 -0.240023
vn -0.889696 0.318267 -0.327332
vn -0.978298 0.205073 0.029620
vn -0.827611 0.507394 -0.240023
vn -0.341413 0.415707 -0.842986
vn -0.527493 0.066344 -0.846965
vn -0.889696 0.318267 -0.327332
vn -0.341413 0.415707 -0.842986
vn 0.068868 0.261690 -0.962692
vn -0.022378 0.127950 -0.991528
vn -0.527493 0.066344 -0.846965
vn 0.068868 0.261690 -0.962692
vn 0.136145 0.143616 -0.980224
vn 0.136117 0.143552 -0.980237
vn -0.022378 0.127950 -0.991528
vn -0.961717 0.207238 0.179313
vn -0.651169 0.758914 -0.005322
vn -0.827611 0.507394 -0.240023
vn -0.957032 0.288359 0.030640
vn -0.651169 0.758914 -0.005322
vn -0.319841 0.902331 -0.288966
vn -0.341413 0.415707 -0.842986
vn -0.827611 0.507394 -0.240023
vn -0.319841 0.902331 -0.288966
vn -0.070732 0.601504 -0.795733
vn 0.068868 0.261690 -0.962692
vn -0.341413 0.415707 -0.842986
vn -0.070732 0.601504 -0.795733
vn -0.021856 0.888539 -0.458280
vn 0.136145 0.143616 -0.980224
vn 0.068868 0.261690 -0.962692
vn 0.972993 -0.154215 0.171762
vn 0.779359 0.218409 0.587280
vn 0.865933 -0.280884 0.413841
vn 0.864191 -0.464900 0.192465
vn 0.779359 0.218409 0.587280
vn 0.491782 0.240598 0.836817
vn 0.555480 -0.525403 0.644510
vn 0.865933 -0.280884 0.413841
vn 0.491782 0.240598 0.836817
vn 0.175193 0.209940 0.961890
vn 0.134345 -0.600499 0.788259
vn 0.555480 -0.525403 0.644510
vn 0.175193 0.209940 0.961890
vn -0.243684 0.108277 0.963792
vn -0.052005 -0.508935 0.859233
vn 0.134345 -0.600499 0.788259
vn 0.972681 0.219386 0.075911
vn 0.780887 0.238436 0.577376
vn 0.779359 0.218409 0.587280
vn 0.972993 -0.154215 0.171762
vn 0.780887 0.238436 0.577376
vn 0.476768 0.222807 0.850323
vn 0.491782 0.240598 0.836817
vn 0.779359 0.218409 0.587280
vn 0.476768 0.222807 0.850323
vn 0.171270 0.204450 0.963777
vn 0.175193 0.209940 0.961890
vn 0.491782 0.240598 0.836817
vn 0.171270 0.204450 0.963777
vn -0.097245 0.092942 0.990911
vn -0.243684 0.108277 0.963792
vn 0.175193 0.209940 0.961890
vn 0.767412 0.637569 -0.067714
vn 0.837514 0.342262 0.425943
vn 0.780887 0.238436 0.577376
vn 0.972681 0.219386 0.075911
vn 0.837514 0.342262 0.425943
vn 0.588811 0.368099 0.719587
vn 0.476768 0.222807 0.850323
vn 0.780887 0.238436 0.577376
vn 0.588811 0.368099 0.719587
vn 0.277506 0.173141 0.944993
vn 0.171270 0.204450 0.963777
vn 0.476768 0.222807 0.850323
vn 0.277506 0.173141 0.944993
vn 0.191903 0.087074 0.977544
vn -0.097245 0.092942 0.990911
vn 0.171270 0.204450 0.963777
vn 0.378042 0.865714 -0.328061
vn 0.400117 0.862943 -0.308604
vn 0.837514 0.342262 0.425943
vn 0.767412 0.637569 -0.067714
vn 0.400117 0.862943 -0.308604
vn 0.515565 0.821912 0.242185
vn 0.588811 0.368099 0.719587
vn 0.837514 0.342262 0.425943
vn 0.515565 0.821912 0.242185
vn 0.480108 0.714795 0.508492
vn 0.277506 0.173141 0.944993
vn 0.588811 0.368099 0.719587
vn 0.480108 0.714795 0.508492
vn 0.038217 0.881354 0.470908
vn 0.191903 0.087074 0.977544
vn 0.277506 0.173141 0.944993
s off
g polySurface7
f 1/1/1 1401/2/2 1403/3/3 1404/4/4
f 1401/2/5 2/5/6 1402/6/7 1403/3/8
f 663/7/9 1405/8/10 1407/9/11 1408/10/12
f 1405/8/13 664/11/14 1406/12/15 1407/9/16
f 664/11/17 1409/13/18 1411/14/19 1406/12/20
f 1409/13/21 665/15/22 1410/16/23 1411/14/24
f 1412/17/25 1413/18/26 3/19/27 1414/20/28
f 1415/21/29 1412/17/30 1414/20/31 4/22/32
f 4/22/33 1416/23/34 1418/24/35 1415/21/36
f 1416/23/37 5/25/38 1417/26/39 1418/24/40
f 1339/27/41 1419/28/42 1421/29/43 1422/30/44
f 1419/28/45 696/31/46 1420/32/47 1421/29/48
f 696/31/49 1423/33/50 1424/34/51 1420/32/52
f 1423/33/53 1341/35/54 1340/36/55 1424/34/56
f 1147/37/57 1154/38/58 1428/39/59 1155/40/60
f 1154/38/61 1146/41/62 1427/42/63 1428/39/64
f 1429/43/65 1427/42/66 1146/41/67 1156/44/68
f 1149/45/69 1429/43/70 1156/44/71 1148/46/72
f 6/47/73 1430/48/74 1432/49/75 1433/50/76
f 1430/48/77 7/51/78 1431/52/79 1432/49/80
f 608/53/81 1082/54/82 1435/55/83 1083/56/84
f 1082/54/85 609/57/86 1434/58/87 1435/55/88
f 609/57/89 1084/59/90 1437/60/91 1434/58/92
f 1084/61/93 610/62/94 1436/63/95 1437/64/96
f 1438/65/97 1436/63/98 610/62/99 1085/66/100
f 1086/67/101 1438/65/102 1085/66/103 611/68/104
f 10/69/105 1439/70/106 2369/71/107 1442/72/108
f 1439/70/109 11/73/110 1440/74/111 2369/71/112
f 2369/71/113 1440/74/114 499/75/115 1441/76/116
f 1442/72/117 2369/71/118 1441/76/119 484/77/120
f 11/73/121 1443/78/122 2370/79/123 1440/74/124
f 1443/78/125 12/80/126 1444/81/127 2370/79/128
f 2370/79/129 1444/81/130 498/82/131 1445/83/132
f 1440/74/133 2370/79/134 1445/83/135 499/75/136
f 12/80/137 1446/84/138 2371/85/139 1444/81/140
f 1446/84/141 13/86/142 1447/87/143 2371/85/144
f 2371/85/145 1447/87/146 497/88/147 1448/89/148
f 1444/81/149 2371/85/150 1448/89/151 498/82/152
f 497/88/153 1447/87/154 2372/90/155 1451/91/156
f 1447/87/157 13/86/158 1449/92/159 2372/90/160
f 2372/90/161 1449/92/162 14/93/163 1450/94/164
f 1451/91/165 2372/90/166 1450/94/167 496/95/168
f 14/93/169 1452/96/170 2373/97/171 1450/94/172
f 1452/96/173 15/98/174 1453/99/175 2373/97/176
f 2373/97/177 1453/99/178 495/100/179 1454/101/180
f 1450/94/181 2373/97/182 1454/101/183 496/95/184
f 15/98/185 1455/102/186 2374/103/187 1453/99/188
f 1455/102/189 16/104/190 1456/105/191 2374/103/192
f 2374/103/193 1456/105/194 494/106/195 1457/107/196
f 1453/99/197 2374/103/198 1457/107/199 495/100/200
f 16/104/201 1458/108/202 2375/109/203 1456/105/204
f 1458/108/205 17/110/206 1459/111/207 2375/109/208
f 2375/109/209 1459/111/210 493/112/211 1460/113/212
f 1456/105/213 2375/109/214 1460/113/215 494/106/216
f 17/110/217 1461/114/218 2376/115/219 1459/111/220
f 1461/114/221 18/116/222 1462/117/223 2376/115/224
f 2376/115/225 1462/117/226 492/118/227 1463/119/228
f 1459/111/229 2376/115/230 1463/119/231 493/112/232
f 492/118/233 1462/117/234 2377/120/235 1466/121/236
f 1462/117/237 18/116/238 1464/122/239 2377/120/240
f 2377/120/241 1464/122/242 19/123/243 1465/124/244
f 1466/121/245 2377/120/246 1465/124/247 491/125/248
f 19/123/249 1467/126/250 2378/127/251 1465/124/252
f 1467/126/253 20/128/254 1468/129/255 2378/127/256
f 2378/127/257 1468/129/258 490/130/259 1469/131/260
f 1465/124/261 2378/127/262 1469/131/263 491/125/264
f 20/128/265 1470/132/266 2379/133/267 1468/129/268
f 1470/132/269 21/134/270 1471/135/271 2379/133/272
f 2379/133/273 1471/135/274 489/136/275 1472/137/276
f 1468/129/277 2379/133/278 1472/137/279 490/130/280
f 489/136/281 1471/135/282 2380/138/283 1475/139/284
f 1471/135/285 21/134/286 1473/140/287 2380/138/288
f 2380/138/289 1473/140/290 22/141/291 1474/142/292
f 1475/139/293 2380/138/294 1474/142/295 488/143/296
f 22/141/297 1476/144/298 2381/145/299 1474/142/300
f 1476/144/301 23/146/302 1477/147/303 2381/145/304
f 2381/145/305 1477/147/306 487/148/307 1478/149/308
f 1474/142/309 2381/145/310 1478/149/311 488/143/312
f 23/146/313 1479/150/314 2382/151/315 1477/147/316
f 1479/150/317 24/152/318 1480/153/319 2382/151/320
f 2382/151/321 1480/153/322 486/154/323 1481/155/324
f 1477/147/325 2382/151/326 1481/155/327 487/148/328
f 24/152/329 1482/156/330 2383/157/331 1480/153/332
f 1482/156/333 25/158/334 1483/159/335 2383/157/336
f 2383/157/337 1483/159/338 485/160/339 1484/161/340
f 1480/153/341 2383/157/342 1484/161/343 486/154/344
f 485/160/345 1483/159/346 2384/162/347 1486/163/348
f 1483/159/349 25/158/350 1485/164/351 2384/162/352
f 2384/162/353 1485/164/354 10/165/355 1442/166/356
f 1486/163/357 2384/162/358 1442/166/359 484/167/360
f 26/168/361 1487/169/362 2385/170/363 1490/171/364
f 1487/169/365 27/172/366 1488/173/367 2385/170/368
f 2385/170/369 1488/173/370 483/174/371 1489/175/372
f 1490/171/373 2385/170/374 1489/175/375 468/176/376
f 27/172/377 1491/177/378 2386/178/379 1488/173/380
f 1491/177/381 28/179/382 1492/180/383 2386/178/384
f 2386/178/385 1492/180/386 482/181/387 1493/182/388
f 1488/173/389 2386/178/390 1493/182/391 483/174/392
f 28/179/393 1494/183/394 2387/184/395 1492/180/396
f 1494/183/397 29/185/398 1495/186/399 2387/184/400
f 2387/184/401 1495/186/402 481/187/403 1496/188/404
f 1492/180/405 2387/184/406 1496/188/407 482/181/408
f 481/187/409 1495/186/410 2388/189/411 1499/190/412
f 1495/186/413 29/185/414 1497/191/415 2388/189/416
f 2388/189/417 1497/191/418 30/192/419 1498/193/420
f 1499/190/421 2388/189/422 1498/193/423 480/194/424
f 30/192/425 1500/195/426 2389/196/427 1498/193/428
f 1500/195/429 31/197/430 1501/198/431 2389/196/432
f 2389/196/433 1501/198/434 479/199/435 1502/200/436
f 1498/193/437 2389/196/438 1502/200/439 480/194/440
f 31/197/441 1503/201/442 2390/202/443 1501/198/444
f 1503/201/445 32/203/446 1504/204/447 2390/202/448
f 2390/202/449 1504/204/450 478/205/451 1505/206/452
f 1501/198/453 2390/202/454 1505/206/455 479/199/456
f 32/203/457 1506/207/458 2391/208/459 1504/204/460
f 1506/207/461 33/209/462 1507/210/463 2391/208/464
f 2391/208/465 1507/210/466 477/211/467 1508/212/468
f 1504/204/469 2391/208/470 1508/212/471 478/205/472
f 33/209/473 1509/213/474 2392/214/475 1507/210/476
f 1509/213/477 34/215/478 1510/216/479 2392/214/480
f 2392/214/481 1510/216/482 476/217/483 1511/218/484
f 1507/210/485 2392/214/486 1511/218/487 477/211/488
f 476/217/489 1510/216/490 2393/219/491 1514/220/492
f 1510/216/493 34/215/494 1512/221/495 2393/219/496
f 2393/219/497 1512/221/498 35/222/499 1513/223/500
f 1514/220/501 2393/219/502 1513/223/503 475/224/504
f 35/222/505 1515/225/506 2394/226/507 1513/223/508
f 1515/225/509 36/227/510 1516/228/511 2394/226/512
f 2394/226/513 1516/228/514 474/229/515 1517/230/516
f 1513/223/517 2394/226/518 1517/230/519 475/224/520
f 36/227/521 1518/231/522 2395/232/523 1516/228/524
f 1518/231/525 37/233/526 1519/234/527 2395/232/528
f 2395/232/529 1519/234/530 473/235/531 1520/236/532
f 1516/228/533 2395/232/534 1520/236/535 474/229/536
f 473/235/537 1519/234/538 2396/237/539 1523/238/540
f 1519/234/541 37/233/542 1521/239/543 2396/237/544
f 2396/237/545 1521/239/546 38/240/547 1522/241/548
f 1523/238/549 2396/237/550 1522/241/551 472/242/552
f 38/240/553 1524/243/554 2397/244/555 1522/241/556
f 1524/243/557 39/245/558 1525/246/559 2397/244/560
f 2397/244/561 1525/246/562 471/247/563 1526/248/564
f 1522/241/565 2397/244/566 1526/248/567 472/242/568
f 39/245/569 1527/249/570 2398/250/571 1525/246/572
f 1527/249/573 40/251/574 1528/252/575 2398/250/576
f 2398/250/577 1528/252/578 470/253/579 1529/254/580
f 1525/246/581 2398/250/582 1529/254/583 471/247/584
f 40/251/585 1530/255/586 2399/256/587 1528/252/588
f 1530/255/589 41/257/590 1531/258/591 2399/256/592
f 2399/256/593 1531/258/594 469/259/595 1532/260/596
f 1528/252/597 2399/256/598 1532/260/599 470/253/600
f 469/259/601 1531/258/602 2400/261/603 1534/262/604
f 1531/258/605 41/257/606 1533/263/607 2400/261/608
f 2400/261/609 1533/263/610 26/264/611 1490/265/612
f 1534/262/613 2400/261/614 1490/265/615 468/266/616
f 294/267/617 1535/268/618 2401/269/619 1538/270/620
f 1535/268/621 282/271/622 1536/272/623 2401/269/624
f 2401/269/625 1536/272/626 42/273/627 1537/274/628
f 1538/270/629 2401/269/630 1537/274/631 43/275/632
f 43/275/633 1539/276/634 2402/277/635 1538/270/636
f 1539/276/637 44/278/638 1540/279/639 2402/277/640
f 2402/277/641 1540/279/642 293/280/643 1541/281/644
f 1538/270/645 2402/277/646 1541/281/647 294/267/648
f 44/278/649 1542/282/650 2403/283/651 1540/279/652
f 1542/282/653 45/284/654 1543/285/655 2403/283/656
f 2403/283/657 1543/285/658 292/286/659 1544/287/660
f 1540/279/661 2403/283/662 1544/287/663 293/280/664
f 45/284/665 1545/288/666 2404/289/667 1543/285/668
f 1545/288/669 46/290/670 1546/291/671 2404/289/672
f 2404/289/673 1546/291/674 291/292/675 1547/293/676
f 1543/285/677 2404/289/678 1547/293/679 292/286/680
f 46/290/681 1548/294/682 2405/295/683 1546/291/684
f 1548/294/685 47/296/686 1549/297/687 2405/295/688
f 2405/295/689 1549/297/690 290/298/691 1550/299/692
f 1546/291/693 2405/295/694 1550/299/695 291/292/696
f 47/296/697 1551/300/698 2406/301/699 1549/297/700
f 1551/300/701 48/302/702 1552/303/703 2406/301/704
f 2406/301/705 1552/303/706 289/304/707 1553/305/708
f 1549/297/709 2406/301/710 1553/305/711 290/298/712
f 48/302/713 1554/306/714 2407/307/715 1552/303/716
f 1554/306/717 49/308/718 1555/309/719 2407/307/720
f 2407/307/721 1555/309/722 288/310/723 1556/311/724
f 1552/303/725 2407/307/726 1556/311/727 289/304/728
f 49/308/729 1557/312/730 2408/313/731 1555/309/732
f 1557/312/733 50/314/734 1558/315/735 2408/313/736
f 2408/313/737 1558/315/738 287/316/739 1559/317/740
f 1555/309/741 2408/313/742 1559/317/743 288/310/744
f 50/314/745 1560/318/746 2409/319/747 1558/315/748
f 1560/318/749 51/320/750 1561/321/751 2409/319/752
f 2409/319/753 1561/321/754 286/322/755 1562/323/756
f 1558/315/757 2409/319/758 1562/323/759 287/316/760
f 51/320/761 1563/324/762 2410/325/763 1561/321/764
f 1563/324/765 52/326/766 1564/327/767 2410/325/768
f 2410/325/769 1564/327/770 285/328/771 1565/329/772
f 1561/321/773 2410/325/774 1565/329/775 286/322/776
f 52/326/777 1566/330/778 2411/331/779 1564/327/780
f 1566/330/781 53/332/782 1567/333/783 2411/331/784
f 2411/331/785 1567/333/786 284/334/787 1568/335/788
f 1564/327/789 2411/331/790 1568/335/791 285/328/792
f 53/332/793 1569/336/794 2412/337/795 1567/333/796
f 1569/336/797 54/338/798 1570/339/799 2412/337/800
f 2412/337/801 1570/339/802 283/340/803 1571/341/804
f 1567/333/805 2412/337/806 1571/341/807 284/334/808
f 58/342/809 1572/343/810 2413/344/811 1575/345/812
f 1572/343/813 59/346/814 1573/347/815 2413/344/816
f 2413/344/817 1573/347/818 166/348/819 1574/349/820
f 1575/345/821 2413/344/822 1574/349/823 154/350/824
f 59/346/825 1576/351/826 2414/352/827 1573/347/828
f 1576/351/829 60/353/830 1577/354/831 2414/352/832
f 2414/352/833 1577/354/834 165/355/835 1578/356/836
f 1573/347/837 2414/352/838 1578/356/839 166/348/840
f 243/357/841 1579/358/842 2415/359/843 1582/360/844
f 1579/358/845 244/361/846 1580/362/847 2415/359/848
f 2415/359/849 1580/362/850 245/363/851 1581/364/852
f 1582/360/853 2415/359/854 1581/364/855 246/365/856
f 245/366/857 1580/367/858 2416/368/859 1585/369/860
f 1580/370/861 244/371/862 1583/372/863 2416/373/864
f 2416/373/865 1583/372/866 247/374/867 1584/375/868
f 1585/369/869 2416/368/870 1584/376/871 248/377/872
f 247/374/873 1586/378/874 2417/379/875 1584/375/876
f 1586/378/877 249/380/878 1587/381/879 2417/379/880
f 2417/382/881 1587/383/882 250/384/883 1588/385/884
f 1584/376/885 2417/382/886 1588/385/887 248/377/888
f 249/380/889 1589/386/890 2418/387/891 1587/381/892
f 1589/386/893 251/388/894 1590/389/895 2418/387/896
f 2418/387/897 1590/389/898 252/390/899 1591/391/900
f 1587/381/901 2418/387/902 1591/391/903 250/392/904
f 64/393/905 1592/394/906 2419/395/907 1595/396/908
f 1592/394/909 65/397/910 1593/398/911 2419/395/912
f 2419/395/913 1593/398/914 163/399/915 1594/400/916
f 1595/396/917 2419/395/918 1594/400/919 164/401/920
f 65/397/921 1596/402/922 2420/403/923 1593/398/924
f 1596/402/925 66/404/926 1597/405/927 2420/403/928
f 2420/403/929 1597/405/930 162/406/931 1598/407/932
f 1593/398/933 2420/403/934 1598/407/935 163/399/936
f 162/406/937 1597/405/938 2421/408/939 1601/409/940
f 1597/405/941 66/404/942 1599/410/943 2421/408/944
f 2421/408/945 1599/410/946 67/411/947 1600/412/948
f 1601/409/949 2421/408/950 1600/412/951 161/413/952
f 67/411/953 1602/414/954 2422/415/955 1600/412/956
f 1602/414/957 68/416/958 1603/417/959 2422/415/960
f 2422/415/961 1603/417/962 160/418/963 1604/419/964
f 1600/412/965 2422/415/966 1604/419/967 161/413/968
f 68/416/969 1605/420/970 2423/421/971 1603/417/972
f 1605/420/973 69/422/974 1606/423/975 2423/421/976
f 2423/421/977 1606/423/978 159/424/979 1607/425/980
f 1603/417/981 2423/421/982 1607/425/983 160/418/984
f 159/424/985 1606/423/986 2424/426/987 1610/427/988
f 1606/423/989 69/422/990 1608/428/991 2424/426/992
f 2424/426/993 1608/428/994 70/429/995 1609/430/996
f 1610/427/997 2424/426/998 1609/430/999 158/431/1000
f 70/429/1001 1611/432/1002 2425/433/1003 1609/430/1004
f 1611/432/1005 71/434/1006 1612/435/1007 2425/433/1008
f 2425/433/1009 1612/435/1010 157/436/1011 1613/437/1012
f 1609/430/1013 2425/433/1014 1613/437/1015 158/431/1016
f 71/434/1017 1614/438/1018 2426/439/1019 1612/435/1020
f 1614/438/1021 72/440/1022 1615/441/1023 2426/439/1024
f 2426/439/1025 1615/441/1026 156/442/1027 1616/443/1028
f 1612/435/1029 2426/439/1030 1616/443/1031 157/436/1032
f 72/440/1033 1617/444/1034 2427/445/1035 1615/441/1036
f 1617/444/1037 73/446/1038 1618/447/1039 2427/445/1040
f 2427/445/1041 1618/447/1042 155/448/1043 1619/449/1044
f 1615/441/1045 2427/445/1046 1619/449/1047 156/442/1048
f 155/448/1049 1618/447/1050 2428/450/1051 1621/451/1052
f 1618/447/1053 73/446/1054 1620/452/1055 2428/450/1056
f 2428/450/1057 1620/452/1058 58/453/1059 1575/454/1060
f 1621/451/1061 2428/450/1062 1575/454/1063 154/455/1064
f 74/456/1065 1622/457/1066 2429/458/1067 1625/459/1068
f 1622/457/1069 75/460/1070 1623/461/1071 2429/458/1072
f 2429/458/1073 1623/461/1074 500/462/1075 1624/463/1076
f 1625/459/1077 2429/458/1078 1624/463/1079 501/464/1080
f 75/460/1081 1626/465/1082 2430/466/1083 1623/461/1084
f 1626/465/1085 76/467/1086 1627/468/1087 2430/466/1088
f 2430/466/1089 1627/468/1090 515/469/1091 1628/470/1092
f 1623/461/1093 2430/466/1094 1628/470/1095 500/462/1096
f 76/467/1097 1629/471/1098 2431/472/1099 1627/468/1100
f 1629/471/1101 77/473/1102 1630/474/1103 2431/472/1104
f 2431/472/1105 1630/474/1106 514/475/1107 1631/476/1108
f 1627/468/1109 2431/472/1110 1631/476/1111 515/469/1112
f 514/475/1113 1630/474/1114 2432/477/1115 1634/478/1116
f 1630/474/1117 77/473/1118 1632/479/1119 2432/477/1120
f 2432/477/1121 1632/479/1122 78/480/1123 1633/481/1124
f 1634/478/1125 2432/477/1126 1633/481/1127 513/482/1128
f 78/480/1129 1635/483/1130 2433/484/1131 1633/481/1132
f 1635/483/1133 79/485/1134 1636/486/1135 2433/484/1136
f 2433/484/1137 1636/486/1138 512/487/1139 1637/488/1140
f 1633/481/1141 2433/484/1142 1637/488/1143 513/482/1144
f 79/485/1145 1638/489/1146 2434/490/1147 1636/486/1148
f 1638/489/1149 80/491/1150 1639/492/1151 2434/490/1152
f 2434/490/1153 1639/492/1154 511/493/1155 1640/494/1156
f 1636/486/1157 2434/490/1158 1640/494/1159 512/487/1160
f 80/491/1161 1641/495/1162 2435/496/1163 1639/492/1164
f 1641/495/1165 81/497/1166 1642/498/1167 2435/496/1168
f 2435/496/1169 1642/498/1170 510/499/1171 1643/500/1172
f 1639/492/1173 2435/496/1174 1643/500/1175 511/493/1176
f 81/497/1177 1644/501/1178 2436/502/1179 1642/498/1180
f 1644/501/1181 82/503/1182 1645/504/1183 2436/502/1184
f 2436/502/1185 1645/504/1186 509/505/1187 1646/506/1188
f 1642/498/1189 2436/502/1190 1646/506/1191 510/499/1192
f 509/505/1193 1645/504/1194 2437/507/1195 1649/508/1196
f 1645/504/1197 82/503/1198 1647/509/1199 2437/507/1200
f 2437/507/1201 1647/509/1202 83/510/1203 1648/511/1204
f 1649/508/1205 2437/507/1206 1648/511/1207 508/512/1208
f 83/510/1209 1650/513/1210 2438/514/1211 1648/511/1212
f 1650/513/1213 84/515/1214 1651/516/1215 2438/514/1216
f 2438/514/1217 1651/516/1218 507/517/1219 1652/518/1220
f 1648/511/1221 2438/514/1222 1652/518/1223 508/512/1224
f 84/515/1225 1653/519/1226 2439/520/1227 1651/516/1228
f 1653/519/1229 85/521/1230 1654/522/1231 2439/520/1232
f 2439/520/1233 1654/522/1234 506/523/1235 1655/524/1236
f 1651/516/1237 2439/520/1238 1655/524/1239 507/517/1240
f 506/523/1241 1654/522/1242 2440/525/1243 1658/526/1244
f 1654/522/1245 85/521/1246 1656/527/1247 2440/525/1248
f 2440/525/1249 1656/527/1250 86/528/1251 1657/529/1252
f 1658/526/1253 2440/525/1254 1657/529/1255 505/530/1256
f 86/528/1257 1659/531/1258 2441/532/1259 1657/529/1260
f 1659/531/1261 87/533/1262 1660/534/1263 2441/532/1264
f 2441/532/1265 1660/534/1266 504/535/1267 1661/536/1268
f 1657/529/1269 2441/532/1270 1661/536/1271 505/530/1272
f 87/533/1273 1662/537/1274 2442/538/1275 1660/534/1276
f 1662/537/1277 88/539/1278 1663/540/1279 2442/538/1280
f 2442/538/1281 1663/540/1282 503/541/1283 1664/542/1284
f 1660/534/1285 2442/538/1286 1664/542/1287 504/535/1288
f 88/539/1289 1665/543/1290 2443/544/1291 1663/540/1292
f 1665/543/1293 89/545/1294 1666/546/1295 2443/544/1296
f 2443/544/1297 1666/546/1298 502/547/1299 1667/548/1300
f 1663/540/1301 2443/544/1302 1667/548/1303 503/541/1304
f 502/547/1305 1666/546/1306 2444/549/1307 1669/550/1308
f 1666/546/1309 89/545/1310 1668/551/1311 2444/549/1312
f 2444/549/1313 1668/551/1314 74/552/1315 1625/553/1316
f 1669/550/1317 2444/549/1318 1625/553/1319 501/554/1320
f 856/555/1321 1670/556/1322 2445/557/1323 1672/558/1324
f 1670/556/1325 855/559/1326 1671/560/1327 2445/557/1328
f 2445/557/1329 1671/560/1330 416/561/1331 2335/562/1332
f 1672/558/1333 2445/557/1334 2335/562/1335 417/563/1336
f 855/559/1337 1673/564/1338 2446/565/1339 1671/560/1340
f 1673/564/1341 870/566/1342 1674/567/1343 2446/565/1344
f 2446/565/1345 1674/567/1346 415/568/1347 2334/569/1348
f 1671/560/1349 2446/565/1350 2334/569/1351 416/561/1352
f 870/566/1353 1675/570/1354 2447/571/1355 1674/567/1356
f 1675/570/1357 869/572/1358 1676/573/1359 2447/571/1360
f 2447/571/1361 1676/573/1362 430/574/1363 2348/575/1364
f 1674/567/1365 2447/571/1366 2348/575/1367 415/568/1368
f 430/574/1369 1676/573/1370 2448/576/1371 1678/577/1372
f 1676/573/1373 869/572/1374 2755/578/1375 2448/576/1376
f 2448/576/1377 2755/578/1378 868/579/1379 1677/580/1380
f 1678/577/1381 2448/576/1382 1677/580/1383 429/581/1384
f 868/579/1385 1679/582/1386 2449/583/1387 1677/580/1388
f 1679/582/1389 867/584/1390 1680/585/1391 2449/583/1392
f 2449/583/1393 1680/585/1394 428/586/1395 2347/587/1396
f 1677/580/1397 2449/583/1398 2347/587/1399 429/581/1400
f 867/584/1401 1681/588/1402 2450/589/1403 1680/585/1404
f 1681/588/1405 866/590/1406 1682/591/1407 2450/589/1408
f 2450/589/1409 1682/591/1410 427/592/1411 2346/593/1412
f 1680/585/1413 2450/589/1414 2346/593/1415 428/586/1416
f 866/590/1417 1683/594/1418 2451/595/1419 1682/591/1420
f 1683/594/1421 865/596/1422 1684/597/1423 2451/595/1424
f 2451/595/1425 1684/597/1426 426/598/1427 2345/599/1428
f 1682/591/1429 2451/595/1430 2345/599/1431 427/592/1432
f 865/596/1433 1685/600/1434 2452/601/1435 1684/597/1436
f 1685/600/1437 864/602/1438 1686/603/1439 2452/601/1440
f 2452/601/1441 1686/603/1442 425/604/1443 1687/605/1444
f 1684/597/1445 2452/601/1446 1687/605/1447 426/598/1448
f 425/604/1449 1686/603/1450 2453/606/1451 1689/607/1452
f 1686/603/1453 864/602/1454 2754/608/1455 2453/606/1456
f 2453/606/1457 2754/608/1458 863/609/1459 1688/610/1460
f 1689/607/1461 2453/606/1462 1688/610/1463 424/611/1464
f 863/609/1465 1690/612/1466 2454/613/1467 1688/610/1468
f 1690/612/1469 862/614/1470 1691/615/1471 2454/613/1472
f 2454/613/1473 1691/615/1474 423/616/1475 1692/617/1476
f 1688/610/1477 2454/613/1478 1692/617/1479 424/611/1480
f 862/614/1481 1693/618/1482 2455/619/1483 1691/615/1484
f 1693/618/1485 861/620/1486 1694/621/1487 2455/619/1488
f 2455/619/1489 1694/621/1490 422/622/1491 2339/623/1492
f 1691/615/1493 2455/619/1494 2339/623/1495 423/616/1496
f 422/622/1497 1694/621/1498 2456/624/1499 1696/625/1500
f 1694/621/1501 861/620/1502 2753/626/1503 2456/624/1504
f 2456/624/1505 2753/626/1506 860/627/1507 1695/628/1508
f 1696/625/1509 2456/624/1510 1695/628/1511 421/629/1512
f 860/627/1513 1697/630/1514 2457/631/1515 1695/628/1516
f 1697/630/1517 859/632/1518 1698/633/1519 2457/631/1520
f 2457/631/1521 1698/633/1522 420/634/1523 2338/635/1524
f 1695/628/1525 2457/631/1526 2338/635/1527 421/629/1528
f 859/632/1529 1699/636/1530 2458/637/1531 1698/633/1532
f 1699/636/1533 858/638/1534 1700/639/1535 2458/637/1536
f 2458/637/1537 1700/639/1538 419/640/1539 2337/641/1540
f 1698/633/1541 2458/637/1542 2337/641/1543 420/634/1544
f 858/638/1545 1701/642/1546 2459/643/1547 1700/639/1548
f 1701/642/1549 857/644/1550 1702/645/1551 2459/643/1552
f 2459/643/1553 1702/645/1554 418/646/1555 2336/647/1556
f 1700/639/1557 2459/643/1558 2336/647/1559 419/640/1560
f 418/646/1561 1702/645/1562 2460/648/1563 1703/649/1564
f 1702/645/1565 857/644/1566 2752/650/1567 2460/648/1568
f 2460/648/1569 2752/650/1570 856/651/1571 1672/652/1572
f 1703/649/1573 2460/648/1574 1672/652/1575 417/653/1576
f 1704/654/1577 91/655/1578 547/656/1579 1705/657/1580
f 90/658/1581 1704/654/1582 1705/657/1583 532/659/1584
f 1706/660/1585 92/661/1586 546/662/1587 1707/663/1588
f 91/655/1589 1706/660/1590 1707/663/1591 547/656/1592
f 1708/664/1593 93/665/1594 545/666/1595 1709/667/1596
f 92/661/1597 1708/664/1598 1709/667/1599 546/662/1600
f 544/668/1601 1710/669/1602 1711/670/1603 94/671/1604
f 1710/669/1605 545/666/1606 93/665/1607 1711/670/1608
f 1712/672/1609 95/673/1610 543/674/1611 1713/675/1612
f 94/671/1613 1712/672/1614 1713/675/1615 544/668/1616
f 1714/676/1617 96/677/1618 542/678/1619 1715/679/1620
f 95/673/1621 1714/676/1622 1715/679/1623 543/674/1624
f 1716/680/1625 97/681/1626 541/682/1627 1717/683/1628
f 96/677/1629 1716/680/1630 1717/683/1631 542/678/1632
f 1718/684/1633 98/685/1634 540/686/1635 1719/687/1636
f 97/681/1637 1718/684/1638 1719/687/1639 541/682/1640
f 539/688/1641 1720/689/1642 1721/690/1643 99/691/1644
f 1720/689/1645 540/686/1646 98/685/1647 1721/690/1648
f 1722/692/1649 100/693/1650 538/694/1651 1723/695/1652
f 99/691/1653 1722/692/1654 1723/695/1655 539/688/1656
f 1724/696/1657 101/697/1658 537/698/1659 1725/699/1660
f 100/693/1661 1724/696/1662 1725/699/1663 538/694/1664
f 536/700/1665 1726/701/1666 1727/702/1667 102/703/1668
f 1726/701/1669 537/698/1670 101/697/1671 1727/702/1672
f 1728/704/1673 103/705/1674 535/706/1675 1729/707/1676
f 102/703/1677 1728/704/1678 1729/707/1679 536/700/1680
f 1730/708/1681 104/709/1682 534/710/1683 1731/711/1684
f 103/705/1685 1730/708/1686 1731/711/1687 535/706/1688
f 1732/712/1689 105/713/1690 533/714/1691 1733/715/1692
f 104/709/1693 1732/712/1694 1733/715/1695 534/710/1696
f 532/716/1697 1734/717/1698 1735/718/1699 90/719/1700
f 1734/717/1701 533/714/1702 105/713/1703 1735/718/1704
f 106/720/1705 1736/721/1706 2461/722/1707 1739/723/1708
f 1736/721/1709 107/724/1710 1737/725/1711 2461/722/1712
f 2461/722/1713 1737/725/1714 531/726/1715 1738/727/1716
f 1739/723/1717 2461/722/1718 1738/727/1719 516/728/1720
f 107/724/1721 1740/729/1722 2462/730/1723 1737/725/1724
f 1740/729/1725 108/731/1726 1741/732/1727 2462/730/1728
f 2462/730/1729 1741/732/1730 530/733/1731 1742/734/1732
f 1737/725/1733 2462/730/1734 1742/734/1735 531/726/1736
f 108/731/1737 1743/735/1738 2463/736/1739 1741/732/1740
f 1743/735/1741 109/737/1742 1744/738/1743 2463/736/1744
f 2463/736/1745 1744/738/1746 529/739/1747 1745/740/1748
f 1741/732/1749 2463/736/1750 1745/740/1751 530/733/1752
f 528/741/1753 1746/742/1754 2464/743/1755 1748/744/1756
f 1746/742/1757 529/739/1758 1744/738/1759 2464/743/1760
f 2464/743/1761 1744/738/1762 109/737/1763 1747/745/1764
f 1748/744/1765 2464/743/1766 1747/745/1767 110/746/1768
f 110/746/1769 1749/747/1770 2465/748/1771 1748/744/1772
f 1749/747/1773 111/749/1774 1750/750/1775 2465/748/1776
f 2465/748/1777 1750/750/1778 527/751/1779 1751/752/1780
f 1748/744/1781 2465/748/1782 1751/752/1783 528/741/1784
f 111/749/1785 1752/753/1786 2466/754/1787 1750/750/1788
f 1752/753/1789 112/755/1790 1753/756/1791 2466/754/1792
f 2466/754/1793 1753/756/1794 526/757/1795 1754/758/1796
f 1750/750/1797 2466/754/1798 1754/758/1799 527/751/1800
f 112/755/1801 1755/759/1802 2467/760/1803 1753/756/1804
f 1755/759/1805 113/761/1806 1756/762/1807 2467/760/1808
f 2467/760/1809 1756/762/1810 525/763/1811 1757/764/1812
f 1753/756/1813 2467/760/1814 1757/764/1815 526/757/1816
f 113/761/1817 1758/765/1818 2468/766/1819 1756/762/1820
f 1758/765/1821 114/767/1822 1759/768/1823 2468/766/1824
f 2468/766/1825 1759/768/1826 524/769/1827 1760/770/1828
f 1756/762/1829 2468/766/1830 1760/770/1831 525/763/1832
f 523/771/1833 1761/772/1834 2469/773/1835 1763/774/1836
f 1761/772/1837 524/769/1838 1759/768/1839 2469/773/1840
f 2469/773/1841 1759/768/1842 114/767/1843 1762/775/1844
f 1763/774/1845 2469/773/1846 1762/775/1847 115/776/1848
f 115/776/1849 1764/777/1850 2470/778/1851 1763/774/1852
f 1764/777/1853 116/779/1854 1765/780/1855 2470/778/1856
f 2470/778/1857 1765/780/1858 522/781/1859 1766/782/1860
f 1763/774/1861 2470/778/1862 1766/782/1863 523/771/1864
f 116/779/1865 1767/783/1866 2471/784/1867 1765/780/1868
f 1767/783/1869 117/785/1870 1768/786/1871 2471/784/1872
f 2471/784/1873 1768/786/1874 521/787/1875 1769/788/1876
f 1765/780/1877 2471/784/1878 1769/788/1879 522/781/1880
f 520/789/1881 1770/790/1882 2472/791/1883 1772/792/1884
f 1770/790/1885 521/787/1886 1768/786/1887 2472/791/1888
f 2472/791/1889 1768/786/1890 117/785/1891 1771/793/1892
f 1772/792/1893 2472/791/1894 1771/793/1895 118/794/1896
f 118/794/1897 1773/795/1898 2473/796/1899 1772/792/1900
f 1773/795/1901 119/797/1902 1774/798/1903 2473/796/1904
f 2473/796/1905 1774/798/1906 519/799/1907 1775/800/1908
f 1772/792/1909 2473/796/1910 1775/800/1911 520/789/1912
f 119/797/1913 1776/801/1914 2474/802/1915 1774/798/1916
f 1776/801/1917 120/803/1918 1777/804/1919 2474/802/1920
f 2474/802/1921 1777/804/1922 518/805/1923 1778/806/1924
f 1774/798/1925 2474/802/1926 1778/806/1927 519/799/1928
f 120/803/1929 1779/807/1930 2475/808/1931 1777/804/1932
f 1779/807/1933 121/809/1934 1780/810/1935 2475/808/1936
f 2475/808/1937 1780/810/1938 517/811/1939 1781/812/1940
f 1777/804/1941 2475/808/1942 1781/812/1943 518/805/1944
f 516/813/1945 1782/814/1946 2476/815/1947 1739/816/1948
f 1782/814/1949 517/811/1950 1780/810/1951 2476/815/1952
f 2476/815/1953 1780/810/1954 121/809/1955 1783/817/1956
f 1739/816/1957 2476/815/1958 1783/817/1959 106/818/1960
f 89/545/1961 1784/819/1962 2477/820/1963 1668/551/1964
f 1784/819/1965 139/821/1966 1785/822/1967 2477/820/1968
f 2477/820/1969 1785/822/1970 138/823/1971 1786/824/1972
f 1668/551/1973 2477/820/1974 1786/824/1975 74/552/1976
f 140/825/1977 1787/826/1978 2478/827/1979 1788/828/1980
f 1787/826/1981 139/821/1982 1784/819/1983 2478/827/1984
f 2478/827/1985 1784/819/1986 89/545/1987 1665/543/1988
f 1788/828/1989 2478/827/1990 1665/543/1991 88/539/1992
f 141/829/1993 1789/830/1994 2479/831/1995 1790/832/1996
f 1789/830/1997 140/825/1998 1788/828/1999 2479/831/2000
f 2479/831/2001 1788/828/2002 88/539/2003 1662/537/2004
f 1790/832/2005 2479/831/2006 1662/537/2007 87/533/2008
f 142/833/2009 1791/834/2010 2480/835/2011 1792/836/2012
f 1791/834/2013 141/829/2014 1790/832/2015 2480/835/2016
f 2480/835/2017 1790/832/2018 87/533/2019 1659/531/2020
f 1792/836/2021 2480/835/2022 1659/531/2023 86/528/2024
f 85/521/2025 1793/837/2026 2481/838/2027 1656/527/2028
f 1793/837/2029 143/839/2030 1794/840/2031 2481/838/2032
f 2481/838/2033 1794/840/2034 142/833/2035 1792/836/2036
f 1656/527/2037 2481/838/2038 1792/836/2039 86/528/2040
f 144/841/2041 1795/842/2042 2482/843/2043 1796/844/2044
f 1795/842/2045 143/839/2046 1793/837/2047 2482/843/2048
f 2482/843/2049 1793/837/2050 85/521/2051 1653/519/2052
f 1796/844/2053 2482/843/2054 1653/519/2055 84/515/2056
f 145/845/2057 1797/846/2058 2483/847/2059 1798/848/2060
f 1797/846/2061 144/841/2062 1796/844/2063 2483/847/2064
f 2483/847/2065 1796/844/2066 84/515/2067 1650/513/2068
f 1798/848/2069 2483/847/2070 1650/513/2071 83/510/2072
f 82/503/2073 1799/849/2074 2484/850/2075 1647/509/2076
f 1799/849/2077 146/851/2078 1800/852/2079 2484/850/2080
f 2484/850/2081 1800/852/2082 145/845/2083 1798/848/2084
f 1647/509/2085 2484/850/2086 1798/848/2087 83/510/2088
f 147/853/2089 1801/854/2090 2485/855/2091 1802/856/2092
f 1801/854/2093 146/851/2094 1799/849/2095 2485/855/2096
f 2485/855/2097 1799/849/2098 82/503/2099 1644/501/2100
f 1802/856/2101 2485/855/2102 1644/501/2103 81/497/2104
f 148/857/2105 1803/858/2106 2486/859/2107 1804/860/2108
f 1803/858/2109 147/853/2110 1802/856/2111 2486/859/2112
f 2486/859/2113 1802/856/2114 81/497/2115 1641/495/2116
f 1804/860/2117 2486/859/2118 1641/495/2119 80/491/2120
f 149/861/2121 1805/862/2122 2487/863/2123 1806/864/2124
f 1805/862/2125 148/857/2126 1804/860/2127 2487/863/2128
f 2487/863/2129 1804/860/2130 80/491/2131 1638/489/2132
f 1806/864/2133 2487/863/2134 1638/489/2135 79/485/2136
f 150/865/2137 1807/866/2138 2488/867/2139 1808/868/2140
f 1807/866/2141 149/861/2142 1806/864/2143 2488/867/2144
f 2488/867/2145 1806/864/2146 79/485/2147 1635/483/2148
f 1808/868/2149 2488/867/2150 1635/483/2151 78/480/2152
f 77/473/2153 1809/869/2154 2489/870/2155 1632/479/2156
f 1809/869/2157 151/871/2158 1810/872/2159 2489/870/2160
f 2489/870/2161 1810/872/2162 150/865/2163 1808/868/2164
f 1632/479/2165 2489/870/2166 1808/868/2167 78/480/2168
f 152/873/2169 1811/874/2170 2490/875/2171 1812/876/2172
f 1811/874/2173 151/871/2174 1809/869/2175 2490/875/2176
f 2490/875/2177 1809/869/2178 77/473/2179 1629/471/2180
f 1812/876/2181 2490/875/2182 1629/471/2183 76/467/2184
f 153/877/2185 1813/878/2186 2491/879/2187 1814/880/2188
f 1813/878/2189 152/873/2190 1812/876/2191 2491/879/2192
f 2491/879/2193 1812/876/2194 76/467/2195 1626/465/2196
f 1814/880/2197 2491/879/2198 1626/465/2199 75/460/2200
f 138/881/2201 1815/882/2202 2492/883/2203 1786/884/2204
f 1815/882/2205 153/877/2206 1814/880/2207 2492/883/2208
f 2492/883/2209 1814/880/2210 75/460/2211 1622/457/2212
f 1786/884/2213 2492/883/2214 1622/457/2215 74/456/2216
f 139/821/2217 155/448/2218 1621/451/2219 1785/822/2220
f 1785/822/2221 1621/451/2222 154/455/2223 138/823/2224
f 1619/449/2225 155/448/2226 139/821/2227 1787/826/2228
f 156/442/2229 1619/449/2230 1787/826/2231 140/825/2232
f 1616/443/2233 156/442/2234 140/825/2235 1789/830/2236
f 157/436/2237 1616/443/2238 1789/830/2239 141/829/2240
f 1613/437/2241 157/436/2242 141/829/2243 1791/834/2244
f 158/431/2245 1613/437/2246 1791/834/2247 142/833/2248
f 143/839/2249 159/424/2250 1610/427/2251 1794/840/2252
f 1794/840/2253 1610/427/2254 158/431/2255 142/833/2256
f 1607/425/2257 159/424/2258 143/839/2259 1795/842/2260
f 160/418/2261 1607/425/2262 1795/842/2263 144/841/2264
f 1604/419/2265 160/418/2266 144/841/2267 1797/846/2268
f 161/413/2269 1604/419/2270 1797/846/2271 145/845/2272
f 146/851/2273 162/406/2274 1601/409/2275 1800/852/2276
f 1800/852/2277 1601/409/2278 161/413/2279 145/845/2280
f 1598/407/2281 162/406/2282 146/851/2283 1801/854/2284
f 163/399/2285 1598/407/2286 1801/854/2287 147/853/2288
f 1594/400/2289 163/399/2290 147/853/2291 1803/858/2292
f 164/401/2293 1594/400/2294 1803/858/2295 148/857/2296
f 1591/391/2297 252/390/2298 253/885/2299 1816/886/2300
f 250/392/2301 1591/391/2302 1816/886/2303 254/887/2304
f 1588/385/2305 250/384/2306 254/887/2307 1817/888/2308
f 248/377/2309 1588/385/2310 1817/888/2311 255/889/2312
f 256/890/2313 245/366/2314 1585/369/2315 1818/891/2316
f 1818/891/2317 1585/369/2318 248/377/2319 255/889/2320
f 1581/364/2321 245/363/2322 256/892/2323 1819/893/2324
f 246/365/2325 1581/364/2326 1819/893/2327 257/894/2328
f 1578/356/2329 165/355/2330 152/873/2331 1813/878/2332
f 166/348/2333 1578/356/2334 1813/878/2335 153/877/2336
f 1574/349/2337 166/348/2338 153/877/2339 1815/882/2340
f 154/350/2341 1574/349/2342 1815/882/2343 138/881/2344
f 73/446/2345 1820/895/2346 2493/896/2347 1620/452/2348
f 1820/895/2349 168/897/2350 1821/898/2351 2493/896/2352
f 2493/896/2353 1821/898/2354 167/899/2355 1822/900/2356
f 1620/452/2357 2493/896/2358 1822/900/2359 58/453/2360
f 169/901/2361 1823/902/2362 2494/903/2363 1824/904/2364
f 1823/902/2365 168/897/2366 1820/895/2367 2494/903/2368
f 2494/903/2369 1820/895/2370 73/446/2371 1617/444/2372
f 1824/904/2373 2494/903/2374 1617/444/2375 72/440/2376
f 170/905/2377 1825/906/2378 2495/907/2379 1826/908/2380
f 1825/906/2381 169/901/2382 1824/904/2383 2495/907/2384
f 2495/907/2385 1824/904/2386 72/440/2387 1614/438/2388
f 1826/908/2389 2495/907/2390 1614/438/2391 71/434/2392
f 171/909/2393 1827/910/2394 2496/911/2395 1828/912/2396
f 1827/910/2397 170/905/2398 1826/908/2399 2496/911/2400
f 2496/911/2401 1826/908/2402 71/434/2403 1611/432/2404
f 1828/912/2405 2496/911/2406 1611/432/2407 70/429/2408
f 69/422/2409 1829/913/2410 2497/914/2411 1608/428/2412
f 1829/913/2413 172/915/2414 1830/916/2415 2497/914/2416
f 2497/914/2417 1830/916/2418 171/909/2419 1828/912/2420
f 1608/428/2421 2497/914/2422 1828/912/2423 70/429/2424
f 173/917/2425 1831/918/2426 2498/919/2427 1832/920/2428
f 1831/918/2429 172/915/2430 1829/913/2431 2498/919/2432
f 2498/919/2433 1829/913/2434 69/422/2435 1605/420/2436
f 1832/920/2437 2498/919/2438 1605/420/2439 68/416/2440
f 174/921/2441 1833/922/2442 2499/923/2443 1834/924/2444
f 1833/922/2445 173/917/2446 1832/920/2447 2499/923/2448
f 2499/923/2449 1832/920/2450 68/416/2451 1602/414/2452
f 1834/924/2453 2499/923/2454 1602/414/2455 67/411/2456
f 66/404/2457 1835/925/2458 2500/926/2459 1599/410/2460
f 1835/925/2461 175/927/2462 1836/928/2463 2500/926/2464
f 2500/926/2465 1836/928/2466 174/921/2467 1834/924/2468
f 1599/410/2469 2500/926/2470 1834/924/2471 67/411/2472
f 176/929/2473 1837/930/2474 2501/931/2475 1838/932/2476
f 1837/930/2477 175/927/2478 1835/925/2479 2501/931/2480
f 2501/931/2481 1835/925/2482 66/404/2483 1596/402/2484
f 1838/932/2485 2501/931/2486 1596/402/2487 65/397/2488
f 177/933/2489 1839/934/2490 2502/935/2491 1840/936/2492
f 1839/934/2493 176/929/2494 1838/932/2495 2502/935/2496
f 2502/935/2497 1838/932/2498 65/397/2499 1592/394/2500
f 1840/936/2501 2502/935/2502 1592/394/2503 64/393/2504
f 178/937/2505 1841/938/2506 2503/939/2507 1843/940/2508
f 1841/938/2509 177/933/2510 1840/936/2511 2503/939/2512
f 2503/939/2513 1840/936/2514 64/393/2515 1842/941/2516
f 1843/940/2517 2503/939/2518 1842/941/2519 63/942/2520
f 179/943/2521 1844/944/2522 2504/945/2523 1846/946/2524
f 1844/944/2525 178/937/2526 1843/940/2527 2504/945/2528
f 2504/945/2529 1843/940/2530 63/942/2531 1845/947/2532
f 1846/946/2533 2504/945/2534 1845/947/2535 62/948/2536
f 61/949/2537 1847/950/2538 2505/951/2539 1849/952/2540
f 1847/950/2541 180/953/2542 1848/954/2543 2505/951/2544
f 2505/951/2545 1848/954/2546 179/943/2547 1846/946/2548
f 1849/952/2549 2505/951/2550 1846/946/2551 62/948/2552
f 181/955/2553 1850/956/2554 2506/957/2555 1852/958/2556
f 1850/956/2557 180/953/2558 1847/950/2559 2506/957/2560
f 2506/957/2561 1847/950/2562 61/949/2563 1851/959/2564
f 1852/958/2565 2506/957/2566 1851/959/2567 60/353/2568
f 182/960/2569 1853/961/2570 2507/962/2571 1854/963/2572
f 1853/961/2573 181/955/2574 1852/958/2575 2507/962/2576
f 2507/962/2577 1852/958/2578 60/353/2579 1576/351/2580
f 1854/963/2581 2507/962/2582 1576/351/2583 59/346/2584
f 167/964/2585 1855/965/2586 2508/966/2587 1822/967/2588
f 1855/965/2589 182/960/2590 1854/963/2591 2508/966/2592
f 2508/966/2593 1854/963/2594 59/346/2595 1572/343/2596
f 1822/967/2597 2508/966/2598 1572/343/2599 58/342/2600
f 60/968/2601 1851/969/2602 1857/970/2603 1858/971/2604
f 1851/969/2605 61/972/2606 1856/973/2607 1857/970/2608
f 165/974/2609 1577/975/2610 1859/976/2611 1860/977/2612
f 1577/975/2613 60/968/2614 1858/971/2615 1859/976/2616
f 61/978/2617 1849/979/2618 1862/980/2619 1856/973/2620
f 1849/979/2621 62/981/2622 1861/982/2623 1862/980/2624
f 62/981/2625 1845/983/2626 1864/984/2627 1861/982/2628
f 1845/983/2629 63/985/2630 1863/986/2631 1864/984/2632
f 63/985/2633 1842/987/2634 1866/988/2635 1863/986/2636
f 1842/987/2637 64/989/2638 1865/990/2639 1866/988/2640
f 64/989/2641 1595/991/2642 1867/992/2643 1865/990/2644
f 1595/991/2645 164/993/2646 1869/994/2647 1867/992/2648
f 164/993/2649 148/995/2650 1868/996/2651 1869/994/2652
f 148/995/2653 1805/997/2654 1871/998/2655 1868/996/2656
f 1805/997/2657 149/999/2658 1870/1000/2659 1871/998/2660
f 149/999/2661 1807/1001/2662 1873/1002/2663 1870/1000/2664
f 1807/1001/2665 150/1003/2666 1872/1004/2667 1873/1002/2668
f 150/1003/2669 1810/1005/2670 1875/1006/2671 1872/1004/2672
f 1810/1005/2673 151/1007/2674 1874/1008/2675 1875/1006/2676
f 151/1009/2677 1811/1010/2678 1877/1011/2679 1874/1012/2680
f 1811/1010/2681 152/1013/2682 1876/1014/2683 1877/1011/2684
f 152/1013/2685 165/974/2686 1860/977/2687 1876/1014/2688
f 183/1015/2689 1878/1016/2690 2509/1017/2691 1881/1018/2692
f 1878/1016/2693 184/1019/2694 1879/1020/2695 2509/1017/2696
f 2509/1017/2697 1879/1020/2698 196/1021/2699 1880/1022/2700
f 1881/1018/2701 2509/1017/2702 1880/1022/2703 195/1023/2704
f 185/1024/2705 1882/1025/2706 2510/1026/2707 1884/1027/2708
f 1882/1025/2709 183/1015/2710 1881/1018/2711 2510/1026/2712
f 2510/1026/2713 1881/1018/2714 195/1023/2715 1883/1028/2716
f 1884/1027/2717 2510/1026/2718 1883/1028/2719 197/1029/2720
f 184/1019/2721 1885/1030/2722 2511/1031/2723 1879/1020/2724
f 1885/1030/2725 186/1032/2726 1886/1033/2727 2511/1031/2728
f 2511/1031/2729 1886/1033/2730 198/1034/2731 1887/1035/2732
f 1879/1020/2733 2511/1031/2734 1887/1035/2735 196/1021/2736
f 186/1032/2737 1888/1036/2738 2512/1037/2739 1886/1033/2740
f 1888/1036/2741 187/1038/2742 1889/1039/2743 2512/1037/2744
f 2512/1037/2745 1889/1039/2746 199/1040/2747 1890/1041/2748
f 1886/1033/2749 2512/1037/2750 1890/1041/2751 198/1034/2752
f 187/1038/2753 1891/1042/2754 2513/1043/2755 1889/1039/2756
f 1891/1042/2757 188/1044/2758 1892/1045/2759 2513/1043/2760
f 2513/1043/2761 1892/1045/2762 200/1046/2763 1893/1047/2764
f 1889/1039/2765 2513/1043/2766 1893/1047/2767 199/1040/2768
f 188/1044/2769 1894/1048/2770 2514/1049/2771 1892/1045/2772
f 1894/1048/2773 189/1050/2774 2515/1051/2775 2514/1049/2776
f 2514/1049/2777 2515/1051/2778 201/1052/2779 1895/1053/2780
f 1892/1045/2781 2514/1049/2782 1895/1053/2783 200/1046/2784
f 189/1050/2785 190/1054/2786 1896/1055/2787 2515/1051/2788
f 2515/1051/2789 1896/1055/2790 202/1056/2791 201/1052/2792
f 190/1054/2793 1897/1057/2794 2516/1058/2795 1896/1055/2796
f 1897/1057/2797 191/1059/2798 1898/1060/2799 2516/1058/2800
f 2516/1058/2801 1898/1060/2802 203/1061/2803 1899/1062/2804
f 1896/1055/2805 2516/1058/2806 1899/1062/2807 202/1056/2808
f 191/1059/2809 1900/1063/2810 2517/1064/2811 1898/1060/2812
f 1900/1063/2813 192/1065/2814 1901/1066/2815 2517/1064/2816
f 2517/1064/2817 1901/1066/2818 204/1067/2819 1902/1068/2820
f 1898/1060/2821 2517/1064/2822 1902/1068/2823 203/1061/2824
f 192/1065/2825 1903/1069/2826 2518/1070/2827 1901/1066/2828
f 1903/1069/2829 193/1071/2830 1904/1072/2831 2518/1070/2832
f 2518/1070/2833 1904/1072/2834 205/1073/2835 1905/1074/2836
f 1901/1066/2837 2518/1070/2838 1905/1074/2839 204/1067/2840
f 193/1075/2841 1906/1076/2842 2519/1077/2843 1904/1078/2844
f 1906/1076/2845 194/1079/2846 1907/1080/2847 2519/1077/2848
f 2519/1077/2849 1907/1080/2850 206/1081/2851 1908/1082/2852
f 1904/1078/2853 2519/1077/2854 1908/1082/2855 205/1083/2856
f 194/1079/2857 185/1024/2858 1884/1027/2859 1907/1080/2860
f 1907/1080/2861 1884/1027/2862 197/1029/2863 206/1081/2864
f 195/1023/2865 1880/1022/2866 2520/1084/2867 1911/1085/2868
f 1880/1022/2869 196/1021/2870 1909/1086/2871 2520/1084/2872
f 2520/1084/2873 1909/1086/2874 208/1087/2875 1910/1088/2876
f 1911/1085/2877 2520/1084/2878 1910/1088/2879 207/1089/2880
f 197/1029/2881 1883/1028/2882 2521/1090/2883 1913/1091/2884
f 1883/1028/2885 195/1023/2886 1911/1085/2887 2521/1090/2888
f 2521/1090/2889 1911/1085/2890 207/1089/2891 1912/1092/2892
f 1913/1091/2893 2521/1090/2894 1912/1092/2895 209/1093/2896
f 196/1021/2897 1887/1035/2898 2522/1094/2899 1909/1086/2900
f 1887/1035/2901 198/1034/2902 1914/1095/2903 2522/1094/2904
f 2522/1094/2905 1914/1095/2906 210/1096/2907 1915/1097/2908
f 1909/1086/2909 2522/1094/2910 1915/1097/2911 208/1087/2912
f 198/1034/2913 1890/1041/2914 2523/1098/2915 1914/1095/2916
f 1890/1041/2917 199/1040/2918 1916/1099/2919 2523/1098/2920
f 2523/1098/2921 1916/1099/2922 211/1100/2923 1917/1101/2924
f 1914/1095/2925 2523/1098/2926 1917/1101/2927 210/1096/2928
f 199/1040/2929 1893/1047/2930 2524/1102/2931 1916/1099/2932
f 1893/1047/2933 200/1046/2934 1918/1103/2935 2524/1102/2936
f 2524/1102/2937 1918/1103/2938 212/1104/2939 1919/1105/2940
f 1916/1099/2941 2524/1102/2942 1919/1105/2943 211/1100/2944
f 200/1046/2945 1895/1053/2946 2525/1106/2947 1918/1103/2948
f 1895/1053/2949 201/1052/2950 2526/1107/2951 2525/1106/2952
f 2525/1106/2953 2526/1107/2954 213/1108/2955 1920/1109/2956
f 1918/1103/2957 2525/1106/2958 1920/1109/2959 212/1104/2960
f 201/1052/2961 202/1056/2962 1921/1110/2963 2526/1107/2964
f 2526/1107/2965 1921/1110/2966 214/1111/2967 213/1108/2968
f 202/1056/2969 1899/1062/2970 2527/1112/2971 1921/1110/2972
f 1899/1062/2973 203/1061/2974 1922/1113/2975 2527/1112/2976
f 2527/1112/2977 1922/1113/2978 215/1114/2979 1923/1115/2980
f 1921/1110/2981 2527/1112/2982 1923/1115/2983 214/1111/2984
f 203/1061/2985 1902/1068/2986 2528/1116/2987 1922/1113/2988
f 1902/1068/2989 204/1067/2990 1924/1117/2991 2528/1116/2992
f 2528/1116/2993 1924/1117/2994 216/1118/2995 1925/1119/2996
f 1922/1113/2997 2528/1116/2998 1925/1119/2999 215/1114/3000
f 204/1067/3001 1905/1074/3002 2529/1120/3003 1924/1117/3004
f 1905/1074/3005 205/1073/3006 1926/1121/3007 2529/1120/3008
f 2529/1120/3009 1926/1121/3010 217/1122/3011 1927/1123/3012
f 1924/1117/3013 2529/1120/3014 1927/1123/3015 216/1118/3016
f 205/1083/3017 1908/1082/3018 2530/1124/3019 1926/1125/3020
f 1908/1082/3021 206/1081/3022 1928/1126/3023 2530/1124/3024
f 2530/1124/3025 1928/1126/3026 218/1127/3027 1929/1128/3028
f 1926/1125/3029 2530/1124/3030 1929/1128/3031 217/1129/3032
f 206/1081/3033 197/1029/3034 1913/1091/3035 1928/1126/3036
f 1928/1126/3037 1913/1091/3038 209/1093/3039 218/1127/3040
f 1860/977/3041 1859/976/3042 2531/1130/3043 1931/1131/3044
f 1859/976/3045 1858/971/3046 1930/1132/3047 2531/1130/3048
f 2531/1130/3049 1930/1132/3050 183/1015/3051 1882/1025/3052
f 1931/1131/3053 2531/1130/3054 1882/1025/3055 185/1024/3056
f 1876/1014/3057 1860/977/3058 1931/1131/3059 1932/1133/3060
f 1932/1133/3061 1931/1131/3062 185/1024/3063 194/1079/3064
f 1874/1012/3065 1877/1011/3066 2532/1134/3067 1933/1135/3068
f 1877/1011/3069 1876/1014/3070 1932/1133/3071 2532/1134/3072
f 2532/1134/3073 1932/1133/3074 194/1079/3075 1906/1076/3076
f 1933/1135/3077 2532/1134/3078 1906/1076/3079 193/1075/3080
f 1872/1004/3081 1875/1006/3082 2533/1136/3083 1934/1137/3084
f 1875/1006/3085 1874/1008/3086 1933/1138/3087 2533/1136/3088
f 2533/1136/3089 1933/1138/3090 193/1071/3091 1903/1069/3092
f 1934/1137/3093 2533/1136/3094 1903/1069/3095 192/1065/3096
f 1870/1000/3097 1873/1002/3098 2534/1139/3099 1935/1140/3100
f 1873/1002/3101 1872/1004/3102 1934/1137/3103 2534/1139/3104
f 2534/1139/3105 1934/1137/3106 192/1065/3107 1900/1063/3108
f 1935/1140/3109 2534/1139/3110 1900/1063/3111 191/1059/3112
f 1868/996/3113 1871/998/3114 2535/1141/3115 1936/1142/3116
f 1871/998/3117 1870/1000/3118 1935/1140/3119 2535/1141/3120
f 2535/1141/3121 1935/1140/3122 191/1059/3123 1897/1057/3124
f 1936/1142/3125 2535/1141/3126 1897/1057/3127 190/1054/3128
f 1869/994/3129 1868/996/3130 1936/1142/3131 2536/1143/3132
f 2536/1143/3133 1936/1142/3134 190/1054/3135 189/1050/3136
f 1865/990/3137 1867/992/3138 2537/1144/3139 1937/1145/3140
f 1867/992/3141 1869/994/3142 2536/1143/3143 2537/1144/3144
f 2537/1144/3145 2536/1143/3146 189/1050/3147 1894/1048/3148
f 1937/1145/3149 2537/1144/3150 1894/1048/3151 188/1044/3152
f 1863/986/3153 1866/988/3154 2538/1146/3155 1938/1147/3156
f 1866/988/3157 1865/990/3158 1937/1145/3159 2538/1146/3160
f 2538/1146/3161 1937/1145/3162 188/1044/3163 1891/1042/3164
f 1938/1147/3165 2538/1146/3166 1891/1042/3167 187/1038/3168
f 1861/982/3169 1864/984/3170 2539/1148/3171 1939/1149/3172
f 1864/984/3173 1863/986/3174 1938/1147/3175 2539/1148/3176
f 2539/1148/3177 1938/1147/3178 187/1038/3179 1888/1036/3180
f 1939/1149/3181 2539/1148/3182 1888/1036/3183 186/1032/3184
f 1856/973/3185 1862/980/3186 2540/1150/3187 1940/1151/3188
f 1862/980/3189 1861/982/3190 1939/1149/3191 2540/1150/3192
f 2540/1150/3193 1939/1149/3194 186/1032/3195 1885/1030/3196
f 1940/1151/3197 2540/1150/3198 1885/1030/3199 184/1019/3200
f 1858/971/3201 1857/970/3202 2541/1152/3203 1930/1132/3204
f 1857/970/3205 1856/973/3206 1940/1151/3207 2541/1152/3208
f 2541/1152/3209 1940/1151/3210 184/1019/3211 1878/1016/3212
f 1930/1132/3213 2541/1152/3214 1878/1016/3215 183/1015/3216
f 2313/1153/3217 1941/1154/3218 2542/1155/3219 1943/1156/3220
f 1941/1154/3221 2324/1157/3222 1942/1158/3223 2542/1155/3224
f 2542/1155/3225 1942/1158/3226 391/1159/3227 2012/1160/3228
f 1943/1156/3229 2542/1155/3230 2012/1160/3231 392/1161/3232
f 2314/1162/3233 1944/1163/3234 2543/1164/3235 1945/1165/3236
f 1944/1163/3237 2313/1153/3238 1943/1156/3239 2543/1164/3240
f 2543/1164/3241 1943/1156/3242 392/1161/3243 2010/1166/3244
f 1945/1165/3245 2543/1164/3246 2010/1166/3247 2316/1167/3248
f 2324/1157/3249 1946/1168/3250 2544/1169/3251 1942/1170/3252
f 1946/1168/3253 2322/1171/3254 1947/1172/3255 2544/1169/3256
f 2544/1169/3257 1947/1172/3258 2320/1173/3259 2011/1174/3260
f 1942/1170/3261 2544/1169/3262 2011/1174/3263 391/1175/3264
f 210/1096/3265 1917/1101/3266 2545/1176/3267 1949/1177/3268
f 1917/1101/3269 211/1100/3270 1948/1178/3271 2545/1176/3272
f 2545/1176/3273 1948/1178/3274 267/1179/3275 2005/1180/3276
f 1949/1177/3277 2545/1176/3278 2005/1180/3279 268/1181/3280
f 211/1100/3281 1919/1105/3282 2546/1182/3283 1948/1178/3284
f 1919/1105/3285 212/1104/3286 1950/1183/3287 2546/1182/3288
f 2546/1182/3289 1950/1183/3290 266/1184/3291 2003/1185/3292
f 1948/1178/3293 2546/1182/3294 2003/1185/3295 267/1179/3296
f 212/1104/3297 1920/1109/3298 2547/1186/3299 1950/1183/3300
f 1920/1109/3301 213/1108/3302 2548/1187/3303 2547/1186/3304
f 2547/1186/3305 2548/1187/3306 2000/1188/3307 2001/1189/3308
f 1950/1183/3309 2547/1186/3310 2001/1189/3311 266/1184/3312
f 213/1108/3313 214/1111/3314 1951/1190/3315 2548/1187/3316
f 2548/1187/3317 1951/1190/3318 265/1191/3319 2000/1188/3320
f 214/1111/3321 1923/1115/3322 2549/1192/3323 1951/1190/3324
f 1923/1115/3325 215/1114/3326 1952/1193/3327 2549/1192/3328
f 2549/1192/3329 1952/1193/3330 264/1194/3331 1998/1195/3332
f 1951/1190/3333 2549/1192/3334 1998/1195/3335 265/1191/3336
f 215/1114/3337 1925/1119/3338 2550/1196/3339 1952/1193/3340
f 1925/1119/3341 216/1118/3342 1953/1197/3343 2550/1196/3344
f 2550/1196/3345 1953/1197/3346 263/1198/3347 1996/1199/3348
f 1952/1193/3349 2550/1196/3350 1996/1199/3351 264/1194/3352
f 216/1118/3353 1927/1123/3354 2551/1200/3355 1953/1197/3356
f 1927/1123/3357 217/1122/3358 1954/1201/3359 2551/1200/3360
f 2551/1200/3361 1954/1201/3362 262/1202/3363 1994/1203/3364
f 1953/1197/3365 2551/1200/3366 1994/1203/3367 263/1198/3368
f 217/1129/3369 1929/1128/3370 2552/1204/3371 1954/1205/3372
f 1929/1128/3373 218/1127/3374 1955/1206/3375 2552/1204/3376
f 2552/1204/3377 1955/1206/3378 261/1207/3379 1992/1208/3380
f 1954/1205/3381 2552/1204/3382 1992/1208/3383 262/1209/3384
f 218/1127/3385 209/1093/3386 1956/1210/3387 1955/1206/3388
f 1955/1206/3389 1956/1210/3390 260/1211/3391 261/1207/3392
f 1957/1212/3393 220/1213/3394 232/1214/3395 1958/1215/3396
f 219/1216/3397 1957/1212/3398 1958/1215/3399 231/1217/3400
f 1959/1218/3401 219/1216/3402 231/1217/3403 1960/1219/3404
f 221/1220/3405 1959/1218/3406 1960/1219/3407 233/1221/3408
f 1961/1222/3409 222/1223/3410 234/1224/3411 1962/1225/3412
f 220/1226/3413 1961/1222/3414 1962/1225/3415 232/1227/3416
f 1963/1228/3417 223/1229/3418 235/1230/3419 1964/1231/3420
f 222/1223/3421 1963/1228/3422 1964/1231/3423 234/1224/3424
f 1965/1232/3425 224/1233/3426 236/1234/3427 1966/1235/3428
f 223/1229/3429 1965/1232/3430 1966/1235/3431 235/1230/3432
f 1967/1236/3433 225/1237/3434 237/1238/3435 1968/1239/3436
f 224/1233/3437 1967/1236/3438 1968/1239/3439 236/1234/3440
f 225/1237/3441 226/1240/3442 238/1241/3443 237/1238/3444
f 1969/1242/3445 227/1243/3446 239/1244/3447 1970/1245/3448
f 226/1240/3449 1969/1242/3450 1970/1245/3451 238/1241/3452
f 1971/1246/3453 228/1247/3454 240/1248/3455 1972/1249/3456
f 227/1243/3457 1971/1246/3458 1972/1249/3459 239/1244/3460
f 1973/1250/3461 229/1251/3462 241/1252/3463 1974/1253/3464
f 228/1247/3465 1973/1250/3466 1974/1253/3467 240/1248/3468
f 1975/1254/3469 230/1255/3470 242/1256/3471 1976/1257/3472
f 229/1258/3473 1975/1254/3474 1976/1257/3475 241/1259/3476
f 230/1255/3477 221/1220/3478 233/1221/3479 242/1256/3480
f 1958/1215/3481 232/1214/3482 414/1260/3483 1977/1261/3484
f 231/1217/3485 1958/1215/3486 1977/1261/3487 404/1262/3488
f 1960/1219/3489 231/1217/3490 404/1262/3491 1978/1263/3492
f 233/1221/3493 1960/1219/3494 1978/1263/3495 405/1264/3496
f 1962/1225/3497 234/1224/3498 413/1265/3499 1979/1266/3500
f 232/1227/3501 1962/1225/3502 1979/1266/3503 414/1267/3504
f 1964/1231/3505 235/1230/3506 412/1268/3507 1980/1269/3508
f 234/1224/3509 1964/1231/3510 1980/1269/3511 413/1265/3512
f 1966/1235/3513 236/1234/3514 411/1270/3515 1981/1271/3516
f 235/1230/3517 1966/1235/3518 1981/1271/3519 412/1268/3520
f 1968/1239/3521 237/1238/3522 1983/1272/3523 1982/1273/3524
f 236/1234/3525 1968/1239/3526 1982/1273/3527 411/1270/3528
f 237/1238/3529 238/1241/3530 410/1274/3531 1983/1272/3532
f 1970/1245/3533 239/1244/3534 409/1275/3535 1984/1276/3536
f 238/1241/3537 1970/1245/3538 1984/1276/3539 410/1274/3540
f 1972/1249/3541 240/1248/3542 408/1277/3543 1985/1278/3544
f 239/1244/3545 1972/1249/3546 1985/1278/3547 409/1275/3548
f 1974/1253/3549 241/1252/3550 407/1279/3551 1986/1280/3552
f 240/1248/3553 1974/1253/3554 1986/1280/3555 408/1277/3556
f 1976/1257/3557 242/1256/3558 406/1281/3559 1987/1282/3560
f 241/1259/3561 1976/1257/3562 1987/1282/3563 407/1283/3564
f 242/1256/3565 233/1221/3566 405/1264/3567 406/1281/3568
f 260/1211/3569 1988/1284/3570 2553/1285/3571 1990/1286/3572
f 1988/1284/3573 258/1287/3574 1989/1288/3575 2553/1285/3576
f 2553/1285/3577 1989/1288/3578 219/1216/3579 1959/1218/3580
f 1990/1286/3581 2553/1285/3582 1959/1218/3583 221/1220/3584
f 261/1207/3585 260/1211/3586 1990/1286/3587 1991/1289/3588
f 1991/1289/3589 1990/1286/3590 221/1220/3591 230/1255/3592
f 262/1209/3593 1992/1208/3594 2554/1290/3595 1993/1291/3596
f 1992/1208/3597 261/1207/3598 1991/1289/3599 2554/1290/3600
f 2554/1290/3601 1991/1289/3602 230/1255/3603 1975/1254/3604
f 1993/1291/3605 2554/1290/3606 1975/1254/3607 229/1258/3608
f 263/1198/3609 1994/1203/3610 2555/1292/3611 1995/1293/3612
f 1994/1203/3613 262/1202/3614 1993/1294/3615 2555/1292/3616
f 2555/1292/3617 1993/1294/3618 229/1251/3619 1973/1250/3620
f 1995/1293/3621 2555/1292/3622 1973/1250/3623 228/1247/3624
f 264/1194/3625 1996/1199/3626 2556/1295/3627 1997/1296/3628
f 1996/1199/3629 263/1198/3630 1995/1293/3631 2556/1295/3632
f 2556/1295/3633 1995/1293/3634 228/1247/3635 1971/1246/3636
f 1997/1296/3637 2556/1295/3638 1971/1246/3639 227/1243/3640
f 265/1191/3641 1998/1195/3642 2557/1297/3643 1999/1298/3644
f 1998/1195/3645 264/1194/3646 1997/1296/3647 2557/1297/3648
f 2557/1297/3649 1997/1296/3650 227/1243/3651 1969/1242/3652
f 1999/1298/3653 2557/1297/3654 1969/1242/3655 226/1240/3656
f 2000/1188/3657 265/1191/3658 1999/1298/3659 2558/1299/3660
f 2558/1299/3661 1999/1298/3662 226/1240/3663 225/1237/3664
f 266/1184/3665 2001/1189/3666 2559/1300/3667 2002/1301/3668
f 2001/1189/3669 2000/1188/3670 2558/1299/3671 2559/1300/3672
f 2559/1300/3673 2558/1299/3674 225/1237/3675 1967/1236/3676
f 2002/1301/3677 2559/1300/3678 1967/1236/3679 224/1233/3680
f 267/1179/3681 2003/1185/3682 2560/1302/3683 2004/1303/3684
f 2003/1185/3685 266/1184/3686 2002/1301/3687 2560/1302/3688
f 2560/1302/3689 2002/1301/3690 224/1233/3691 1965/1232/3692
f 2004/1303/3693 2560/1302/3694 1965/1232/3695 223/1229/3696
f 268/1181/3697 2005/1180/3698 2561/1304/3699 2006/1305/3700
f 2005/1180/3701 267/1179/3702 2004/1303/3703 2561/1304/3704
f 2561/1304/3705 2004/1303/3706 223/1229/3707 1963/1228/3708
f 2006/1305/3709 2561/1304/3710 1963/1228/3711 222/1223/3712
f 259/1306/3713 2007/1307/3714 2562/1308/3715 2008/1309/3716
f 2007/1307/3717 268/1181/3718 2006/1305/3719 2562/1308/3720
f 2562/1308/3721 2006/1305/3722 222/1223/3723 1961/1222/3724
f 2008/1309/3725 2562/1308/3726 1961/1222/3727 220/1226/3728
f 258/1287/3729 2009/1310/3730 2563/1311/3731 1989/1288/3732
f 2009/1310/3733 259/1312/3734 2008/1313/3735 2563/1311/3736
f 2563/1311/3737 2008/1313/3738 220/1213/3739 1957/1212/3740
f 1989/1288/3741 2563/1311/3742 1957/1212/3743 219/1216/3744
f 271/1314/3745 2013/1315/3746 2564/1316/3747 2015/1317/3748
f 2013/1315/3749 270/1318/3750 2014/1319/3751 2564/1316/3752
f 2564/1316/3753 2014/1319/3754 171/909/3755 1830/916/3756
f 2015/1317/3757 2564/1316/3758 1830/916/3759 172/915/3760
f 272/1320/3761 2016/1321/3762 2565/1322/3763 2017/1323/3764
f 2016/1321/3765 271/1314/3766 2015/1317/3767 2565/1322/3768
f 2565/1322/3769 2015/1317/3770 172/915/3771 1831/918/3772
f 2017/1323/3773 2565/1322/3774 1831/918/3775 173/917/3776
f 273/1324/3777 2018/1325/3778 2566/1326/3779 2019/1327/3780
f 2018/1325/3781 272/1320/3782 2017/1323/3783 2566/1326/3784
f 2566/1326/3785 2017/1323/3786 173/917/3787 1833/922/3788
f 2019/1327/3789 2566/1326/3790 1833/922/3791 174/921/3792
f 274/1328/3793 2020/1329/3794 2567/1330/3795 2021/1331/3796
f 2020/1329/3797 273/1324/3798 2019/1327/3799 2567/1330/3800
f 2567/1330/3801 2019/1327/3802 174/921/3803 1836/928/3804
f 2021/1331/3805 2567/1330/3806 1836/928/3807 175/927/3808
f 275/1332/3809 2022/1333/3810 2568/1334/3811 2023/1335/3812
f 2022/1333/3813 274/1328/3814 2021/1331/3815 2568/1334/3816
f 2568/1334/3817 2021/1331/3818 175/927/3819 1837/930/3820
f 2023/1335/3821 2568/1334/3822 1837/930/3823 176/929/3824
f 276/1336/3825 2024/1337/3826 2569/1338/3827 2025/1339/3828
f 2024/1337/3829 275/1332/3830 2023/1335/3831 2569/1338/3832
f 2569/1338/3833 2023/1335/3834 176/929/3835 1839/934/3836
f 2025/1339/3837 2569/1338/3838 1839/934/3839 177/933/3840
f 277/1340/3841 2026/1341/3842 2570/1342/3843 2027/1343/3844
f 2026/1341/3845 276/1336/3846 2025/1339/3847 2570/1342/3848
f 2570/1342/3849 2025/1339/3850 177/933/3851 1841/938/3852
f 2027/1343/3853 2570/1342/3854 1841/938/3855 178/937/3856
f 278/1344/3857 2028/1345/3858 2571/1346/3859 2029/1347/3860
f 2028/1345/3861 277/1340/3862 2027/1343/3863 2571/1346/3864
f 2571/1346/3865 2027/1343/3866 178/937/3867 1844/944/3868
f 2029/1347/3869 2571/1346/3870 1844/944/3871 179/943/3872
f 279/1348/3873 2030/1349/3874 2572/1350/3875 2031/1351/3876
f 2030/1349/3877 278/1344/3878 2029/1347/3879 2572/1350/3880
f 2572/1350/3881 2029/1347/3882 179/943/3883 1848/954/3884
f 2031/1351/3885 2572/1350/3886 1848/954/3887 180/953/3888
f 280/1352/3889 2032/1353/3890 2573/1354/3891 2033/1355/3892
f 2032/1353/3893 279/1348/3894 2031/1351/3895 2573/1354/3896
f 2573/1354/3897 2031/1351/3898 180/953/3899 1850/956/3900
f 2033/1355/3901 2573/1354/3902 1850/956/3903 181/955/3904
f 281/1356/3905 2034/1357/3906 2574/1358/3907 2035/1359/3908
f 2034/1357/3909 280/1352/3910 2033/1355/3911 2574/1358/3912
f 2574/1358/3913 2033/1355/3914 181/955/3915 1853/961/3916
f 2035/1359/3917 2574/1358/3918 1853/961/3919 182/960/3920
f 167/964/3921 2036/1360/3922 2575/1361/3923 1855/965/3924
f 2036/1360/3925 269/1362/3926 2037/1363/3927 2575/1361/3928
f 2575/1361/3929 2037/1363/3930 281/1356/3931 2035/1359/3932
f 1855/965/3933 2575/1361/3934 2035/1359/3935 182/960/3936
f 284/334/3937 1571/341/3938 2576/1364/3939 2039/1365/3940
f 1571/341/3941 283/340/3942 2038/1366/3943 2576/1364/3944
f 2576/1364/3945 2038/1366/3946 270/1318/3947 2013/1315/3948
f 2039/1365/3949 2576/1364/3950 2013/1315/3951 271/1314/3952
f 285/328/3953 1568/335/3954 2577/1367/3955 2040/1368/3956
f 1568/335/3957 284/334/3958 2039/1365/3959 2577/1367/3960
f 2577/1367/3961 2039/1365/3962 271/1314/3963 2016/1321/3964
f 2040/1368/3965 2577/1367/3966 2016/1321/3967 272/1320/3968
f 286/322/3969 1565/329/3970 2578/1369/3971 2041/1370/3972
f 1565/329/3973 285/328/3974 2040/1368/3975 2578/1369/3976
f 2578/1369/3977 2040/1368/3978 272/1320/3979 2018/1325/3980
f 2041/1370/3981 2578/1369/3982 2018/1325/3983 273/1324/3984
f 287/316/3985 1562/323/3986 2579/1371/3987 2042/1372/3988
f 1562/323/3989 286/322/3990 2041/1370/3991 2579/1371/3992
f 2579/1371/3993 2041/1370/3994 273/1324/3995 2020/1329/3996
f 2042/1372/3997 2579/1371/3998 2020/1329/3999 274/1328/4000
f 288/310/4001 1559/317/4002 2580/1373/4003 2043/1374/4004
f 1559/317/4005 287/316/4006 2042/1372/4007 2580/1373/4008
f 2580/1373/4009 2042/1372/4010 274/1328/4011 2022/1333/4012
f 2043/1374/4013 2580/1373/4014 2022/1333/4015 275/1332/4016
f 289/304/4017 1556/311/4018 2581/1375/4019 2044/1376/4020
f 1556/311/4021 288/310/4022 2043/1374/4023 2581/1375/4024
f 2581/1375/4025 2043/1374/4026 275/1332/4027 2024/1337/4028
f 2044/1376/4029 2581/1375/4030 2024/1337/4031 276/1336/4032
f 290/298/4033 1553/305/4034 2582/1377/4035 2045/1378/4036
f 1553/305/4037 289/304/4038 2044/1376/4039 2582/1377/4040
f 2582/1377/4041 2044/1376/4042 276/1336/4043 2026/1341/4044
f 2045/1378/4045 2582/1377/4046 2026/1341/4047 277/1340/4048
f 291/292/4049 1550/299/4050 2583/1379/4051 2046/1380/4052
f 1550/299/4053 290/298/4054 2045/1378/4055 2583/1379/4056
f 2583/1379/4057 2045/1378/4058 277/1340/4059 2028/1345/4060
f 2046/1380/4061 2583/1379/4062 2028/1345/4063 278/1344/4064
f 292/286/4065 1547/293/4066 2584/1381/4067 2047/1382/4068
f 1547/293/4069 291/292/4070 2046/1380/4071 2584/1381/4072
f 2584/1381/4073 2046/1380/4074 278/1344/4075 2030/1349/4076
f 2047/1382/4077 2584/1381/4078 2030/1349/4079 279/1348/4080
f 293/280/4081 1544/287/4082 2585/1383/4083 2048/1384/4084
f 1544/287/4085 292/286/4086 2047/1382/4087 2585/1383/4088
f 2585/1383/4089 2047/1382/4090 279/1348/4091 2032/1353/4092
f 2048/1384/4093 2585/1383/4094 2032/1353/4095 280/1352/4096
f 294/267/4097 1541/281/4098 2586/1385/4099 2049/1386/4100
f 1541/281/4101 293/280/4102 2048/1384/4103 2586/1385/4104
f 2586/1385/4105 2048/1384/4106 280/1352/4107 2034/1357/4108
f 2049/1386/4109 2586/1385/4110 2034/1357/4111 281/1356/4112
f 281/1356/4113 2037/1363/4114 2587/1387/4115 2049/1386/4116
f 2037/1363/4117 269/1362/4118 2050/1388/4119 2587/1387/4120
f 2587/1387/4121 2050/1388/4122 282/271/4123 1535/268/4124
f 2049/1386/4125 2587/1387/4126 1535/268/4127 294/267/4128
f 54/1389/4129 2051/1390/4130 2588/1391/4131 2054/1392/4132
f 2051/1390/4133 55/1393/4134 2052/1394/4135 2588/1391/4136
f 2588/1391/4137 2052/1394/4138 296/1395/4139 2053/1396/4140
f 2054/1392/4141 2588/1391/4142 2053/1396/4143 295/1397/4144
f 55/1398/4145 2055/1399/4146 2589/1400/4147 2052/1401/4148
f 2055/1399/4149 56/1402/4150 2056/1403/4151 2589/1400/4152
f 2589/1400/4153 2056/1403/4154 297/1404/4155 2057/1405/4156
f 2052/1401/4157 2589/1400/4158 2057/1405/4159 296/1406/4160
f 56/1402/4161 2058/1407/4162 2590/1408/4163 2056/1403/4164
f 2058/1407/4165 57/1409/4166 2059/1410/4167 2590/1408/4168
f 2590/1408/4169 2059/1410/4170 298/1411/4171 2060/1412/4172
f 2056/1403/4173 2590/1408/4174 2060/1412/4175 297/1404/4176
f 57/1409/4177 2061/1413/4178 2591/1414/4179 2059/1410/4180
f 2061/1413/4181 42/1415/4182 2062/1416/4183 2591/1414/4184
f 2591/1414/4185 2062/1416/4186 299/1417/4187 2063/1418/4188
f 2059/1410/4189 2591/1414/4190 2063/1418/4191 298/1411/4192
f 42/1415/4193 1536/1419/4194 2592/1420/4195 2062/1416/4196
f 1536/1419/4197 282/1421/4198 2064/1422/4199 2592/1420/4200
f 2592/1420/4201 2064/1422/4202 300/1423/4203 2065/1424/4204
f 2062/1416/4205 2592/1420/4206 2065/1424/4207 299/1417/4208
f 167/1425/4209 1821/1426/4210 2593/1427/4211 2068/1428/4212
f 1821/1426/4213 168/1429/4214 2066/1430/4215 2593/1427/4216
f 2593/1427/4217 2066/1430/4218 302/1431/4219 2067/1432/4220
f 2068/1428/4221 2593/1427/4222 2067/1432/4223 301/1433/4224
f 168/1429/4225 1823/1434/4226 2594/1435/4227 2066/1430/4228
f 1823/1434/4229 169/1436/4230 2069/1437/4231 2594/1435/4232
f 2594/1435/4233 2069/1437/4234 303/1438/4235 2070/1439/4236
f 2066/1430/4237 2594/1435/4238 2070/1439/4239 302/1431/4240
f 169/1436/4241 1825/1440/4242 2595/1441/4243 2069/1437/4244
f 1825/1440/4245 170/1442/4246 2071/1443/4247 2595/1441/4248
f 2595/1441/4249 2071/1443/4250 304/1444/4251 2072/1445/4252
f 2069/1437/4253 2595/1441/4254 2072/1445/4255 303/1438/4256
f 170/1442/4257 1827/1446/4258 2596/1447/4259 2071/1443/4260
f 1827/1446/4261 171/1448/4262 2073/1449/4263 2596/1447/4264
f 2596/1447/4265 2073/1449/4266 305/1450/4267 2074/1451/4268
f 2071/1443/4269 2596/1447/4270 2074/1451/4271 304/1444/4272
f 283/1452/4273 1570/1453/4274 2597/1454/4275 2076/1455/4276
f 1570/1453/4277 54/1389/4278 2054/1392/4279 2597/1454/4280
f 2597/1454/4281 2054/1392/4282 295/1397/4283 2075/1456/4284
f 2076/1455/4285 2597/1454/4286 2075/1456/4287 306/1457/4288
f 269/1458/4289 2036/1459/4290 2598/1460/4291 2078/1461/4292
f 2036/1459/4293 167/1425/4294 2068/1428/4295 2598/1460/4296
f 2598/1460/4297 2068/1428/4298 301/1433/4299 2077/1462/4300
f 2078/1461/4301 2598/1460/4302 2077/1462/4303 307/1463/4304
f 171/1448/4305 2014/1464/4306 2599/1465/4307 2073/1449/4308
f 2014/1464/4309 270/1466/4310 2079/1467/4311 2599/1465/4312
f 2599/1465/4313 2079/1467/4314 308/1468/4315 2080/1469/4316
f 2073/1449/4317 2599/1465/4318 2080/1469/4319 305/1450/4320
f 282/1421/4321 2050/1470/4322 2600/1471/4323 2064/1422/4324
f 2050/1470/4325 269/1458/4326 2078/1461/4327 2600/1471/4328
f 2600/1471/4329 2078/1461/4330 307/1463/4331 2081/1472/4332
f 2064/1422/4333 2600/1471/4334 2081/1472/4335 300/1423/4336
f 270/1466/4337 2038/1473/4338 2601/1474/4339 2079/1467/4340
f 2038/1473/4341 283/1452/4342 2076/1455/4343 2601/1474/4344
f 2601/1474/4345 2076/1455/4346 306/1457/4347 2082/1475/4348
f 2079/1467/4349 2601/1474/4350 2082/1475/4351 308/1468/4352
f 295/1397/4353 2053/1396/4354 2602/1476/4355 2085/1477/4356
f 2053/1396/4357 296/1395/4358 2083/1478/4359 2602/1476/4360
f 2602/1476/4361 2083/1478/4362 310/1479/4363 2084/1480/4364
f 2085/1477/4365 2602/1476/4366 2084/1480/4367 309/1481/4368
f 296/1406/4369 2057/1405/4370 2603/1482/4371 2083/1483/4372
f 2057/1405/4373 297/1404/4374 2086/1484/4375 2603/1482/4376
f 2603/1482/4377 2086/1484/4378 311/1485/4379 2087/1486/4380
f 2083/1483/4381 2603/1482/4382 2087/1486/4383 310/1487/4384
f 297/1404/4385 2060/1412/4386 2604/1488/4387 2086/1484/4388
f 2060/1412/4389 298/1411/4390 2088/1489/4391 2604/1488/4392
f 2604/1488/4393 2088/1489/4394 312/1490/4395 2089/1491/4396
f 2086/1484/4397 2604/1488/4398 2089/1491/4399 311/1485/4400
f 298/1411/4401 2063/1418/4402 2605/1492/4403 2088/1489/4404
f 2063/1418/4405 299/1417/4406 2090/1493/4407 2605/1492/4408
f 2605/1492/4409 2090/1493/4410 313/1494/4411 2091/1495/4412
f 2088/1489/4413 2605/1492/4414 2091/1495/4415 312/1490/4416
f 299/1417/4417 2065/1424/4418 2606/1496/4419 2090/1493/4420
f 2065/1424/4421 300/1423/4422 2092/1497/4423 2606/1496/4424
f 2606/1496/4425 2092/1497/4426 314/1498/4427 2093/1499/4428
f 2090/1493/4429 2606/1496/4430 2093/1499/4431 313/1494/4432
f 301/1433/4433 2067/1432/4434 2607/1500/4435 2096/1501/4436
f 2067/1432/4437 302/1431/4438 2094/1502/4439 2607/1500/4440
f 2607/1500/4441 2094/1502/4442 316/1503/4443 2095/1504/4444
f 2096/1501/4445 2607/1500/4446 2095/1504/4447 315/1505/4448
f 302/1431/4449 2070/1439/4450 2608/1506/4451 2094/1502/4452
f 2070/1439/4453 303/1438/4454 2097/1507/4455 2608/1506/4456
f 2608/1506/4457 2097/1507/4458 317/1508/4459 2098/1509/4460
f 2094/1502/4461 2608/1506/4462 2098/1509/4463 316/1503/4464
f 303/1438/4465 2072/1445/4466 2609/1510/4467 2097/1507/4468
f 2072/1445/4469 304/1444/4470 2099/1511/4471 2609/1510/4472
f 2609/1510/4473 2099/1511/4474 318/1512/4475 2100/1513/4476
f 2097/1507/4477 2609/1510/4478 2100/1513/4479 317/1508/4480
f 304/1444/4481 2074/1451/4482 2610/1514/4483 2099/1511/4484
f 2074/1451/4485 305/1450/4486 2101/1515/4487 2610/1514/4488
f 2610/1514/4489 2101/1515/4490 319/1516/4491 2102/1517/4492
f 2099/1511/4493 2610/1514/4494 2102/1517/4495 318/1512/4496
f 306/1457/4497 2075/1456/4498 2611/1518/4499 2104/1519/4500
f 2075/1456/4501 295/1397/4502 2085/1477/4503 2611/1518/4504
f 2611/1518/4505 2085/1477/4506 309/1481/4507 2103/1520/4508
f 2104/1519/4509 2611/1518/4510 2103/1520/4511 320/1521/4512
f 307/1463/4513 2077/1462/4514 2612/1522/4515 2106/1523/4516
f 2077/1462/4517 301/1433/4518 2096/1501/4519 2612/1522/4520
f 2612/1522/4521 2096/1501/4522 315/1505/4523 2105/1524/4524
f 2106/1523/4525 2612/1522/4526 2105/1524/4527 321/1525/4528
f 305/1450/4529 2080/1469/4530 2613/1526/4531 2101/1515/4532
f 2080/1469/4533 308/1468/4534 2107/1527/4535 2613/1526/4536
f 2613/1526/4537 2107/1527/4538 322/1528/4539 2108/1529/4540
f 2101/1515/4541 2613/1526/4542 2108/1529/4543 319/1516/4544
f 300/1423/4545 2081/1472/4546 2614/1530/4547 2092/1497/4548
f 2081/1472/4549 307/1463/4550 2106/1523/4551 2614/1530/4552
f 2614/1530/4553 2106/1523/4554 321/1525/4555 2109/1531/4556
f 2092/1497/4557 2614/1530/4558 2109/1531/4559 314/1498/4560
f 308/1468/4561 2082/1475/4562 2615/1532/4563 2107/1527/4564
f 2082/1475/4565 306/1457/4566 2104/1519/4567 2615/1532/4568
f 2615/1532/4569 2104/1519/4570 320/1521/4571 2110/1533/4572
f 2107/1527/4573 2615/1532/4574 2110/1533/4575 322/1528/4576
f 309/1481/4577 2084/1480/4578 2616/1534/4579 2113/1535/4580
f 2084/1480/4581 310/1479/4582 2111/1536/4583 2616/1534/4584
f 2616/1534/4585 2111/1536/4586 324/1537/4587 2112/1538/4588
f 2113/1535/4589 2616/1534/4590 2112/1538/4591 323/1539/4592
f 310/1487/4593 2087/1486/4594 2617/1540/4595 2111/1541/4596
f 2087/1486/4597 311/1485/4598 2114/1542/4599 2617/1540/4600
f 2617/1540/4601 2114/1542/4602 325/1543/4603 2115/1544/4604
f 2111/1541/4605 2617/1540/4606 2115/1544/4607 324/1545/4608
f 311/1485/4609 2089/1491/4610 2618/1546/4611 2114/1542/4612
f 2089/1491/4613 312/1490/4614 2116/1547/4615 2618/1546/4616
f 2618/1546/4617 2116/1547/4618 326/1548/4619 2117/1549/4620
f 2114/1542/4621 2618/1546/4622 2117/1549/4623 325/1543/4624
f 312/1490/4625 2091/1495/4626 2619/1550/4627 2116/1547/4628
f 2091/1495/4629 313/1494/4630 2118/1551/4631 2619/1550/4632
f 2619/1550/4633 2118/1551/4634 327/1552/4635 2119/1553/4636
f 2116/1547/4637 2619/1550/4638 2119/1553/4639 326/1548/4640
f 313/1494/4641 2093/1499/4642 2620/1554/4643 2118/1551/4644
f 2093/1499/4645 314/1498/4646 2120/1555/4647 2620/1554/4648
f 2620/1554/4649 2120/1555/4650 328/1556/4651 2121/1557/4652
f 2118/1551/4653 2620/1554/4654 2121/1557/4655 327/1552/4656
f 315/1505/4657 2095/1504/4658 2621/1558/4659 2124/1559/4660
f 2095/1504/4661 316/1503/4662 2122/1560/4663 2621/1558/4664
f 2621/1558/4665 2122/1560/4666 330/1561/4667 2123/1562/4668
f 2124/1559/4669 2621/1558/4670 2123/1562/4671 329/1563/4672
f 316/1503/4673 2098/1509/4674 2622/1564/4675 2122/1560/4676
f 2098/1509/4677 317/1508/4678 2125/1565/4679 2622/1564/4680
f 2622/1564/4681 2125/1565/4682 331/1566/4683 2126/1567/4684
f 2122/1560/4685 2622/1564/4686 2126/1567/4687 330/1561/4688
f 317/1508/4689 2100/1513/4690 2623/1568/4691 2125/1565/4692
f 2100/1513/4693 318/1512/4694 2127/1569/4695 2623/1568/4696
f 2623/1568/4697 2127/1569/4698 332/1570/4699 2128/1571/4700
f 2125/1565/4701 2623/1568/4702 2128/1571/4703 331/1566/4704
f 318/1512/4705 2102/1517/4706 2624/1572/4707 2127/1569/4708
f 2102/1517/4709 319/1516/4710 2129/1573/4711 2624/1572/4712
f 2624/1572/4713 2129/1573/4714 333/1574/4715 2130/1575/4716
f 2127/1569/4717 2624/1572/4718 2130/1575/4719 332/1570/4720
f 320/1521/4721 2103/1520/4722 2625/1576/4723 2132/1577/4724
f 2103/1520/4725 309/1481/4726 2113/1535/4727 2625/1576/4728
f 2625/1576/4729 2113/1535/4730 323/1539/4731 2131/1578/4732
f 2132/1577/4733 2625/1576/4734 2131/1578/4735 334/1579/4736
f 321/1525/4737 2105/1524/4738 2626/1580/4739 2134/1581/4740
f 2105/1524/4741 315/1505/4742 2124/1559/4743 2626/1580/4744
f 2626/1580/4745 2124/1559/4746 329/1563/4747 2133/1582/4748
f 2134/1581/4749 2626/1580/4750 2133/1582/4751 335/1583/4752
f 319/1516/4753 2108/1529/4754 2627/1584/4755 2129/1573/4756
f 2108/1529/4757 322/1528/4758 2135/1585/4759 2627/1584/4760
f 2627/1584/4761 2135/1585/4762 336/1586/4763 2136/1587/4764
f 2129/1573/4765 2627/1584/4766 2136/1587/4767 333/1574/4768
f 314/1498/4769 2109/1531/4770 2628/1588/4771 2120/1555/4772
f 2109/1531/4773 321/1525/4774 2134/1581/4775 2628/1588/4776
f 2628/1588/4777 2134/1581/4778 335/1583/4779 2137/1589/4780
f 2120/1555/4781 2628/1588/4782 2137/1589/4783 328/1556/4784
f 322/1528/4785 2110/1533/4786 2629/1590/4787 2135/1585/4788
f 2110/1533/4789 320/1521/4790 2132/1577/4791 2629/1590/4792
f 2629/1590/4793 2132/1577/4794 334/1579/4795 2138/1591/4796
f 2135/1585/4797 2629/1590/4798 2138/1591/4799 336/1586/4800
f 323/1539/4801 2112/1538/4802 2630/1592/4803 2141/1593/4804
f 2112/1538/4805 324/1537/4806 2139/1594/4807 2630/1592/4808
f 2630/1592/4809 2139/1594/4810 338/1595/4811 2140/1596/4812
f 2141/1593/4813 2630/1592/4814 2140/1596/4815 337/1597/4816
f 324/1545/4817 2115/1544/4818 2631/1598/4819 2139/1599/4820
f 2115/1544/4821 325/1543/4822 2142/1600/4823 2631/1598/4824
f 2631/1598/4825 2142/1600/4826 339/1601/4827 2143/1602/4828
f 2139/1599/4829 2631/1598/4830 2143/1602/4831 338/1603/4832
f 325/1543/4833 2117/1549/4834 2632/1604/4835 2142/1600/4836
f 2117/1549/4837 326/1548/4838 2144/1605/4839 2632/1604/4840
f 2632/1604/4841 2144/1605/4842 340/1606/4843 2145/1607/4844
f 2142/1600/4845 2632/1604/4846 2145/1607/4847 339/1601/4848
f 326/1548/4849 2119/1553/4850 2633/1608/4851 2144/1605/4852
f 2119/1553/4853 327/1552/4854 2146/1609/4855 2633/1608/4856
f 2633/1608/4857 2146/1609/4858 341/1610/4859 2147/1611/4860
f 2144/1605/4861 2633/1608/4862 2147/1611/4863 340/1606/4864
f 327/1552/4865 2121/1557/4866 2634/1612/4867 2146/1609/4868
f 2121/1557/4869 328/1556/4870 2148/1613/4871 2634/1612/4872
f 2634/1612/4873 2148/1613/4874 342/1614/4875 2149/1615/4876
f 2146/1609/4877 2634/1612/4878 2149/1615/4879 341/1610/4880
f 329/1563/4881 2123/1562/4882 2635/1616/4883 2152/1617/4884
f 2123/1562/4885 330/1561/4886 2150/1618/4887 2635/1616/4888
f 2635/1616/4889 2150/1618/4890 344/1619/4891 2151/1620/4892
f 2152/1617/4893 2635/1616/4894 2151/1620/4895 343/1621/4896
f 330/1561/4897 2126/1567/4898 2636/1622/4899 2150/1618/4900
f 2126/1567/4901 331/1566/4902 2153/1623/4903 2636/1622/4904
f 2636/1622/4905 2153/1623/4906 345/1624/4907 2154/1625/4908
f 2150/1618/4909 2636/1622/4910 2154/1625/4911 344/1619/4912
f 331/1566/4913 2128/1571/4914 2637/1626/4915 2153/1623/4916
f 2128/1571/4917 332/1570/4918 2155/1627/4919 2637/1626/4920
f 2637/1626/4921 2155/1627/4922 346/1628/4923 2156/1629/4924
f 2153/1623/4925 2637/1626/4926 2156/1629/4927 345/1624/4928
f 332/1570/4929 2130/1575/4930 2638/1630/4931 2155/1627/4932
f 2130/1575/4933 333/1574/4934 2157/1631/4935 2638/1630/4936
f 2638/1630/4937 2157/1631/4938 347/1632/4939 2158/1633/4940
f 2155/1627/4941 2638/1630/4942 2158/1633/4943 346/1628/4944
f 334/1579/4945 2131/1578/4946 2639/1634/4947 2160/1635/4948
f 2131/1578/4949 323/1539/4950 2141/1593/4951 2639/1634/4952
f 2639/1634/4953 2141/1593/4954 337/1597/4955 2159/1636/4956
f 2160/1635/4957 2639/1634/4958 2159/1636/4959 348/1637/4960
f 335/1583/4961 2133/1582/4962 2640/1638/4963 2162/1639/4964
f 2133/1582/4965 329/1563/4966 2152/1617/4967 2640/1638/4968
f 2640/1638/4969 2152/1617/4970 343/1621/4971 2161/1640/4972
f 2162/1639/4973 2640/1638/4974 2161/1640/4975 349/1641/4976
f 333/1574/4977 2136/1587/4978 2641/1642/4979 2157/1631/4980
f 2136/1587/4981 336/1586/4982 2163/1643/4983 2641/1642/4984
f 2641/1642/4985 2163/1643/4986 350/1644/4987 2164/1645/4988
f 2157/1631/4989 2641/1642/4990 2164/1645/4991 347/1632/4992
f 328/1556/4993 2137/1589/4994 2642/1646/4995 2148/1613/4996
f 2137/1589/4997 335/1583/4998 2162/1639/4999 2642/1646/5000
f 2642/1646/5001 2162/1639/5002 349/1641/5003 2165/1647/5004
f 2148/1613/5005 2642/1646/5006 2165/1647/5007 342/1614/5008
f 336/1586/5009 2138/1591/5010 2643/1648/5011 2163/1643/5012
f 2138/1591/5013 334/1579/5014 2160/1635/5015 2643/1648/5016
f 2643/1648/5017 2160/1635/5018 348/1637/5019 2166/1649/5020
f 2163/1643/5021 2643/1648/5022 2166/1649/5023 350/1644/5024
f 337/1597/5025 2140/1596/5026 2644/1650/5027 2169/1651/5028
f 2140/1596/5029 338/1595/5030 2167/1652/5031 2644/1650/5032
f 2644/1650/5033 2167/1652/5034 352/1653/5035 2168/1654/5036
f 2169/1651/5037 2644/1650/5038 2168/1654/5039 351/1655/5040
f 338/1603/5041 2143/1602/5042 2645/1656/5043 2167/1657/5044
f 2143/1602/5045 339/1601/5046 2170/1658/5047 2645/1656/5048
f 2645/1656/5049 2170/1658/5050 353/1659/5051 2171/1660/5052
f 2167/1657/5053 2645/1656/5054 2171/1660/5055 352/1661/5056
f 339/1601/5057 2145/1607/5058 2646/1662/5059 2170/1658/5060
f 2145/1607/5061 340/1606/5062 2172/1663/5063 2646/1662/5064
f 2646/1662/5065 2172/1663/5066 354/1664/5067 2173/1665/5068
f 2170/1658/5069 2646/1662/5070 2173/1665/5071 353/1659/5072
f 340/1606/5073 2147/1611/5074 2647/1666/5075 2172/1663/5076
f 2147/1611/5077 341/1610/5078 2174/1667/5079 2647/1666/5080
f 2647/1666/5081 2174/1667/5082 355/1668/5083 2175/1669/5084
f 2172/1663/5085 2647/1666/5086 2175/1669/5087 354/1664/5088
f 341/1610/5089 2149/1615/5090 2648/1670/5091 2174/1667/5092
f 2149/1615/5093 342/1614/5094 2176/1671/5095 2648/1670/5096
f 2648/1670/5097 2176/1671/5098 356/1672/5099 2177/1673/5100
f 2174/1667/5101 2648/1670/5102 2177/1673/5103 355/1668/5104
f 343/1621/5105 2151/1620/5106 2649/1674/5107 2180/1675/5108
f 2151/1620/5109 344/1619/5110 2178/1676/5111 2649/1674/5112
f 2649/1674/5113 2178/1676/5114 358/1677/5115 2179/1678/5116
f 2180/1675/5117 2649/1674/5118 2179/1678/5119 357/1679/5120
f 344/1619/5121 2154/1625/5122 2650/1680/5123 2178/1676/5124
f 2154/1625/5125 345/1624/5126 2181/1681/5127 2650/1680/5128
f 2650/1680/5129 2181/1681/5130 359/1682/5131 2182/1683/5132
f 2178/1676/5133 2650/1680/5134 2182/1683/5135 358/1677/5136
f 345/1624/5137 2156/1629/5138 2651/1684/5139 2181/1681/5140
f 2156/1629/5141 346/1628/5142 2183/1685/5143 2651/1684/5144
f 2651/1684/5145 2183/1685/5146 360/1686/5147 2184/1687/5148
f 2181/1681/5149 2651/1684/5150 2184/1687/5151 359/1682/5152
f 346/1628/5153 2158/1633/5154 2652/1688/5155 2183/1685/5156
f 2158/1633/5157 347/1632/5158 2185/1689/5159 2652/1688/5160
f 2652/1688/5161 2185/1689/5162 361/1690/5163 2186/1691/5164
f 2183/1685/5165 2652/1688/5166 2186/1691/5167 360/1686/5168
f 348/1637/5169 2159/1636/5170 2653/1692/5171 2188/1693/5172
f 2159/1636/5173 337/1597/5174 2169/1651/5175 2653/1692/5176
f 2653/1692/5177 2169/1651/5178 351/1655/5179 2187/1694/5180
f 2188/1693/5181 2653/1692/5182 2187/1694/5183 362/1695/5184
f 349/1641/5185 2161/1640/5186 2654/1696/5187 2190/1697/5188
f 2161/1640/5189 343/1621/5190 2180/1675/5191 2654/1696/5192
f 2654/1696/5193 2180/1675/5194 357/1679/5195 2189/1698/5196
f 2190/1697/5197 2654/1696/5198 2189/1698/5199 363/1699/5200
f 347/1632/5201 2164/1645/5202 2655/1700/5203 2185/1689/5204
f 2164/1645/5205 350/1644/5206 2191/1701/5207 2655/1700/5208
f 2655/1700/5209 2191/1701/5210 364/1702/5211 2192/1703/5212
f 2185/1689/5213 2655/1700/5214 2192/1703/5215 361/1690/5216
f 342/1614/5217 2165/1647/5218 2656/1704/5219 2176/1671/5220
f 2165/1647/5221 349/1641/5222 2190/1697/5223 2656/1704/5224
f 2656/1704/5225 2190/1697/5226 363/1699/5227 2193/1705/5228
f 2176/1671/5229 2656/1704/5230 2193/1705/5231 356/1672/5232
f 350/1644/5233 2166/1649/5234 2657/1706/5235 2191/1701/5236
f 2166/1649/5237 348/1637/5238 2188/1693/5239 2657/1706/5240
f 2657/1706/5241 2188/1693/5242 362/1695/5243 2194/1707/5244
f 2191/1701/5245 2657/1706/5246 2194/1707/5247 364/1702/5248
f 2266/1708/5249 2195/1709/5250 2196/1710/5251 2268/1711/5252
f 2195/1709/5253 2265/1712/5254 2267/1713/5255 2196/1710/5256
f 352/1714/5257 2171/1715/5258 2198/1716/5259 2199/1717/5260
f 2171/1715/5261 353/1718/5262 2197/1719/5263 2198/1716/5264
f 353/1718/5265 2173/1720/5266 2201/1721/5267 2197/1719/5268
f 2173/1720/5269 354/1722/5270 2200/1723/5271 2201/1721/5272
f 354/1722/5273 2175/1724/5274 2203/1725/5275 2200/1723/5276
f 2175/1724/5277 355/1726/5278 2202/1727/5279 2203/1725/5280
f 355/1726/5281 2177/1728/5282 2205/1729/5283 2202/1727/5284
f 2177/1728/5285 356/1730/5286 2204/1731/5287 2205/1729/5288
f 357/1732/5289 2179/1733/5290 2232/1734/5291 2206/1735/5292
f 2179/1733/5293 358/1736/5294 2209/1737/5295 2232/1734/5296
f 358/1736/5297 2182/1738/5298 2208/1739/5299 2209/1737/5300
f 2182/1738/5301 359/1740/5302 2207/1741/5303 2208/1739/5304
f 389/1742/5305 2210/1743/5306 2212/1744/5307 2213/1745/5308
f 2210/1743/5309 390/1746/5310 2211/1747/5311 2212/1744/5312
f 360/1748/5313 2186/1749/5314 2215/1750/5315 2216/1751/5316
f 2186/1749/5317 361/1752/5318 2214/1753/5319 2215/1750/5320
f 2269/1754/5321 2217/1755/5322 2218/1756/5323 2270/1757/5324
f 2217/1755/5325 2266/1708/5326 2268/1711/5327 2218/1756/5328
f 363/1758/5329 2189/1759/5330 2240/1760/5331 2222/1761/5332
f 2189/1759/5333 357/1732/5334 2206/1735/5335 2240/1760/5336
f 2272/1762/5337 2219/1763/5338 2220/1764/5339 2221/1765/5340
f 2219/1763/5341 2271/1766/5342 2273/1767/5343 2220/1764/5344
f 356/1730/5345 2193/1768/5346 2223/1769/5347 2204/1731/5348
f 2193/1768/5349 363/1758/5350 2222/1761/5351 2223/1769/5352
f 2271/1766/5353 2224/1770/5354 2225/1771/5355 2273/1767/5356
f 2224/1770/5357 2269/1754/5358 2270/1757/5359 2225/1771/5360
f 2226/1772/5361 2199/1773/5362 369/1774/5363 2227/1775/5364
f 365/1776/5365 2226/1772/5366 2227/1775/5367 368/1777/5368
f 382/1778/5369 2228/1779/5370 2198/1780/5371 2197/1781/5372
f 370/1782/5373 2229/1783/5374 2198/1780/5375 2228/1779/5376
f 369/1774/5377 2199/1773/5378 2198/1780/5379 2229/1783/5380
f 2203/1784/5381 2202/1785/5382 372/1786/5383 2230/1787/5384
f 2200/1788/5385 2203/1784/5386 2230/1787/5387 371/1789/5388
f 2205/1790/5389 2204/1791/5390 373/1792/5391 2231/1793/5392
f 2202/1785/5393 2205/1790/5394 2231/1793/5395 372/1786/5396
f 2232/1794/5397 2209/1795/5398 375/1796/5399 2233/1797/5400
f 2206/1798/5401 2232/1794/5402 2233/1797/5403 374/1799/5404
f 2208/1800/5405 2207/1801/5406 376/1802/5407 2234/1803/5408
f 2209/1795/5409 2208/1800/5410 2234/1803/5411 375/1796/5412
f 2235/1804/5413 2216/1805/5414 377/1806/5415 2236/1807/5416
f 2207/1801/5417 2235/1804/5418 2236/1807/5419 376/1802/5420
f 2215/1808/5421 2214/1809/5422 378/1810/5423 2237/1811/5424
f 2216/1805/5425 2215/1808/5426 2237/1811/5427 377/1806/5428
f 2238/1812/5429 365/1776/5430 368/1777/5431 2239/1813/5432
f 366/1814/5433 2238/1812/5434 2239/1813/5435 379/1815/5436
f 2240/1816/5437 2206/1798/5438 374/1799/5439 2241/1817/5440
f 2222/1818/5441 2240/1816/5442 2241/1817/5443 380/1819/5444
f 2242/1820/5445 367/1821/5446 381/1822/5447 2243/1823/5448
f 2214/1809/5449 2242/1820/5450 2243/1823/5451 378/1810/5452
f 2223/1824/5453 2222/1818/5454 380/1819/5455 2244/1825/5456
f 2204/1791/5457 2223/1824/5458 2244/1825/5459 373/1792/5460
f 2245/1826/5461 366/1814/5462 379/1815/5463 2246/1827/5464
f 367/1821/5465 2245/1826/5466 2246/1827/5467 381/1822/5468
f 384/1828/5469 2247/1829/5470 2658/1830/5471 2249/1831/5472
f 2247/1829/5473 381/1832/5474 2246/1833/5475 2658/1830/5476
f 2658/1830/5477 2246/1833/5478 379/1834/5479 2248/1835/5480
f 2249/1831/5481 2658/1830/5482 2248/1835/5483 387/1836/5484
f 371/1837/5485 2250/1838/5486 2201/1839/5487 2200/1840/5488
f 370/1782/5489 2228/1779/5490 2201/1839/5491 2250/1838/5492
f 382/1841/5493 2197/1842/5494 2201/1839/5495 2228/1779/5496
f 373/1843/5497 2251/1844/5498 2659/1845/5499 2231/1846/5500
f 2251/1844/5501 383/1847/5502 2252/1848/5503 2659/1845/5504
f 2659/1845/5505 2252/1848/5506 388/1849/5507 2253/1850/5508
f 2231/1846/5509 2659/1845/5510 2253/1850/5511 372/1851/5512
f 387/1836/5513 2254/1852/5514 2660/1853/5515 2249/1831/5516
f 2254/1852/5517 388/1849/5518 2252/1848/5519 2660/1853/5520
f 2660/1853/5521 2252/1848/5522 383/1847/5523 2255/1854/5524
f 2249/1831/5525 2660/1853/5526 2255/1854/5527 384/1828/5528
f 374/1855/5529 2233/1856/5530 2661/1857/5531 2241/1858/5532
f 2233/1856/5533 375/1859/5534 2256/1860/5535 2661/1857/5536
f 2661/1857/5537 2256/1860/5538 386/1861/5539 2257/1862/5540
f 2241/1858/5541 2661/1857/5542 2257/1862/5543 380/1863/5544
f 385/1864/5545 2258/1865/5546 2662/1866/5547 2259/1867/5548
f 2258/1865/5549 386/1861/5550 2256/1860/5551 2662/1866/5552
f 2662/1866/5553 2256/1860/5554 375/1859/5555 2234/1868/5556
f 2259/1867/5557 2662/1866/5558 2234/1868/5559 376/1869/5560
f 377/1870/5561 2237/1871/5562 2663/1872/5563 2236/1873/5564
f 2237/1871/5565 378/1874/5566 2260/1875/5567 2663/1872/5568
f 2663/1872/5569 2260/1875/5570 385/1864/5571 2259/1867/5572
f 2236/1873/5573 2663/1872/5574 2259/1867/5575 376/1869/5576
f 378/1874/5577 2243/1876/5578 2664/1877/5579 2260/1875/5580
f 2243/1876/5581 381/1832/5582 2247/1829/5583 2664/1877/5584
f 2664/1877/5585 2247/1829/5586 384/1828/5587 2261/1878/5588
f 2260/1875/5589 2664/1877/5590 2261/1878/5591 385/1864/5592
f 384/1828/5593 2255/1854/5594 2665/1879/5595 2261/1878/5596
f 2255/1854/5597 383/1847/5598 2262/1880/5599 2665/1879/5600
f 2665/1879/5601 2262/1880/5602 386/1861/5603 2258/1865/5604
f 2261/1878/5605 2665/1879/5606 2258/1865/5607 385/1864/5608
f 386/1861/5609 2262/1880/5610 2666/1881/5611 2257/1862/5612
f 2262/1880/5613 383/1847/5614 2251/1844/5615 2666/1881/5616
f 2666/1881/5617 2251/1844/5618 373/1843/5619 2244/1882/5620
f 2257/1862/5621 2666/1881/5622 2244/1882/5623 380/1863/5624
f 379/1883/5625 2239/1884/5626 2667/1885/5627 2248/1835/5628
f 2239/1884/5629 368/1886/5630 2227/1887/5631 2667/1885/5632
f 2667/1885/5633 2227/1887/5634 369/1888/5635 2263/1889/5636
f 2248/1835/5637 2667/1885/5638 2263/1889/5639 387/1836/5640
f 369/1888/5641 2229/1890/5642 2668/1891/5643 2263/1889/5644
f 2229/1890/5645 370/1892/5646 2264/1893/5647 2668/1891/5648
f 2668/1891/5649 2264/1893/5650 388/1849/5651 2254/1852/5652
f 2263/1889/5653 2668/1891/5654 2254/1852/5655 387/1836/5656
f 388/1849/5657 2264/1893/5658 2669/1894/5659 2253/1850/5660
f 2264/1893/5661 370/1892/5662 2250/1895/5663 2669/1894/5664
f 2669/1894/5665 2250/1895/5666 371/1896/5667 2230/1897/5668
f 2253/1850/5669 2669/1894/5670 2230/1897/5671 372/1851/5672
f 351/1898/5673 2168/1899/5674 2195/1900/5675 2266/1901/5676
f 2168/1899/5677 352/1902/5678 2265/1903/5679 2195/1900/5680
f 352/1714/5681 2199/1717/5682 2267/1713/5683 2265/1712/5684
f 2199/1904/5685 2226/1905/5686 2196/1906/5687 2267/1907/5688
f 2226/1905/5689 365/1908/5690 2268/1909/5691 2196/1906/5692
f 362/1910/5693 2187/1911/5694 2217/1912/5695 2269/1913/5696
f 2187/1911/5697 351/1914/5698 2266/1915/5699 2217/1912/5700
f 365/1916/5701 2238/1917/5702 2218/1918/5703 2268/1919/5704
f 2238/1917/5705 366/1920/5706 2270/1921/5707 2218/1918/5708
f 361/1922/5709 2192/1923/5710 2219/1924/5711 2272/1925/5712
f 2192/1923/5713 364/1926/5714 2271/1927/5715 2219/1924/5716
f 367/1928/5717 2242/1929/5718 2220/1930/5719 2273/1931/5720
f 2242/1929/5721 2214/1932/5722 2221/1933/5723 2220/1930/5724
f 2214/1934/5725 361/1935/5726 2272/1936/5727 2221/1937/5728
f 364/1938/5729 2194/1939/5730 2224/1940/5731 2271/1941/5732
f 2194/1939/5733 362/1942/5734 2269/1943/5735 2224/1940/5736
f 366/1944/5737 2245/1945/5738 2225/1946/5739 2270/1947/5740
f 2245/1945/5741 367/1948/5742 2273/1949/5743 2225/1946/5744
f 2184/1950/5745 360/1951/5746 390/1952/5747 2210/1953/5748
f 359/1954/5749 2184/1950/5750 2210/1953/5751 389/1955/5752
f 360/1951/5753 2216/1956/5754 2211/1957/5755 390/1952/5756
f 2235/1958/5757 2207/1959/5758 2213/1960/5759 2212/1961/5760
f 2216/1962/5761 2235/1958/5762 2212/1961/5763 2211/1963/5764
f 2207/1964/5765 359/1965/5766 389/1966/5767 2213/1967/5768
f 207/1089/5769 1910/1088/5770 2275/1968/5771 2276/1969/5772
f 1910/1088/5773 208/1087/5774 2274/1970/5775 2275/1968/5776
f 209/1093/5777 1912/1092/5778 2277/1971/5779 2278/1972/5780
f 1912/1092/5781 207/1089/5782 2276/1969/5783 2277/1971/5784
f 260/1211/5785 1956/1210/5786 2279/1973/5787 2280/1974/5788
f 1956/1210/5789 209/1093/5790 2278/1972/5791 2279/1973/5792
f 208/1087/5793 1915/1097/5794 2282/1975/5795 2274/1970/5796
f 1915/1097/5797 210/1096/5798 2281/1976/5799 2282/1975/5800
f 210/1096/5801 1949/1177/5802 2283/1977/5803 2281/1976/5804
f 1949/1177/5805 268/1181/5806 2286/1978/5807 2283/1977/5808
f 258/1287/5809 1988/1284/5810 2284/1979/5811 2285/1980/5812
f 1988/1284/5813 260/1211/5814 2280/1974/5815 2284/1979/5816
f 268/1181/5817 2007/1307/5818 2288/1981/5819 2286/1978/5820
f 2007/1307/5821 259/1306/5822 2287/1982/5823 2288/1981/5824
f 259/1312/5825 2009/1310/5826 2289/1983/5827 2287/1984/5828
f 2009/1310/5829 258/1287/5830 2285/1980/5831 2289/1983/5832
f 2290/1985/5833 393/1986/5834 243/357/5835 1582/360/5836
f 394/1987/5837 2290/1985/5838 1582/360/5839 246/365/5840
f 395/1988/5841 394/1987/5842 246/365/5843 257/894/5844
f 2291/1989/5845 395/1988/5846 257/894/5847 1819/893/5848
f 396/1990/5849 2291/1989/5850 1819/893/5851 256/892/5852
f 2292/1991/5853 396/1992/5854 256/890/5855 1818/891/5856
f 397/1993/5857 2292/1991/5858 1818/891/5859 255/889/5860
f 2293/1994/5861 397/1993/5862 255/889/5863 1817/888/5864
f 398/1995/5865 2293/1994/5866 1817/888/5867 254/887/5868
f 2294/1996/5869 398/1995/5870 254/887/5871 1816/886/5872
f 399/1997/5873 2294/1996/5874 1816/886/5875 253/885/5876
f 2295/1998/5877 399/1997/5878 253/885/5879 252/390/5880
f 2296/1999/5881 2295/1998/5882 252/390/5883 1590/389/5884
f 400/2000/5885 2296/1999/5886 1590/389/5887 251/388/5888
f 2297/2001/5889 400/2000/5890 251/388/5891 1589/386/5892
f 401/2002/5893 2297/2001/5894 1589/386/5895 249/380/5896
f 2298/2003/5897 401/2002/5898 249/380/5899 1586/378/5900
f 402/2004/5901 2298/2003/5902 1586/378/5903 247/374/5904
f 2299/2005/5905 402/2004/5906 247/374/5907 1583/372/5908
f 403/2006/5909 2299/2005/5910 1583/372/5911 244/371/5912
f 2300/2007/5913 403/2008/5914 244/361/5915 1579/358/5916
f 393/1986/5917 2300/2007/5918 1579/358/5919 243/357/5920
f 405/1264/5921 1978/1263/5922 2670/2009/5923 2302/2010/5924
f 1978/1263/5925 404/1262/5926 2301/2011/5927 2670/2009/5928
f 2670/2009/5929 2301/2011/5930 393/1986/5931 2290/1985/5932
f 2302/2010/5933 2670/2009/5934 2290/1985/5935 394/1987/5936
f 406/1281/5937 405/1264/5938 2302/2010/5939 2303/2012/5940
f 2303/2012/5941 2302/2010/5942 394/1987/5943 395/1988/5944
f 407/1283/5945 1987/1282/5946 2671/2013/5947 2304/2014/5948
f 1987/1282/5949 406/1281/5950 2303/2012/5951 2671/2013/5952
f 2671/2013/5953 2303/2012/5954 395/1988/5955 2291/1989/5956
f 2304/2014/5957 2671/2013/5958 2291/1989/5959 396/1990/5960
f 408/1277/5961 1986/1280/5962 2672/2015/5963 2305/2016/5964
f 1986/1280/5965 407/1279/5966 2304/2017/5967 2672/2015/5968
f 2672/2015/5969 2304/2017/5970 396/1992/5971 2292/1991/5972
f 2305/2016/5973 2672/2015/5974 2292/1991/5975 397/1993/5976
f 409/1275/5977 1985/1278/5978 2673/2018/5979 2306/2019/5980
f 1985/1278/5981 408/1277/5982 2305/2016/5983 2673/2018/5984
f 2673/2018/5985 2305/2016/5986 397/1993/5987 2293/1994/5988
f 2306/2019/5989 2673/2018/5990 2293/1994/5991 398/1995/5992
f 410/1274/5993 1984/1276/5994 2674/2020/5995 2307/2021/5996
f 1984/1276/5997 409/1275/5998 2306/2019/5999 2674/2020/6000
f 2674/2020/6001 2306/2019/6002 398/1995/6003 2294/1996/6004
f 2307/2021/6005 2674/2020/6006 2294/1996/6007 399/1997/6008
f 1983/1272/6009 410/1274/6010 2307/2021/6011 2675/2022/6012
f 2675/2022/6013 2307/2021/6014 399/1997/6015 2295/1998/6016
f 411/1270/6017 1982/1273/6018 2676/2023/6019 2308/2024/6020
f 1982/1273/6021 1983/1272/6022 2675/2022/6023 2676/2023/6024
f 2676/2023/6025 2675/2022/6026 2295/1998/6027 2296/1999/6028
f 2308/2024/6029 2676/2023/6030 2296/1999/6031 400/2000/6032
f 412/1268/6033 1981/1271/6034 2677/2025/6035 2309/2026/6036
f 1981/1271/6037 411/1270/6038 2308/2024/6039 2677/2025/6040
f 2677/2025/6041 2308/2024/6042 400/2000/6043 2297/2001/6044
f 2309/2026/6045 2677/2025/6046 2297/2001/6047 401/2002/6048
f 413/1265/6049 1980/1269/6050 2678/2027/6051 2310/2028/6052
f 1980/1269/6053 412/1268/6054 2309/2026/6055 2678/2027/6056
f 2678/2027/6057 2309/2026/6058 401/2002/6059 2298/2003/6060
f 2310/2028/6061 2678/2027/6062 2298/2003/6063 402/2004/6064
f 414/1267/6065 1979/1266/6066 2679/2029/6067 2311/2030/6068
f 1979/1266/6069 413/1265/6070 2310/2028/6071 2679/2029/6072
f 2679/2029/6073 2310/2028/6074 402/2004/6075 2299/2005/6076
f 2311/2030/6077 2679/2029/6078 2299/2005/6079 403/2006/6080
f 404/1262/6081 1977/1261/6082 2680/2031/6083 2301/2011/6084
f 1977/1261/6085 414/1260/6086 2311/2032/6087 2680/2031/6088
f 2680/2031/6089 2311/2032/6090 403/2008/6091 2300/2007/6092
f 2301/2011/6093 2680/2031/6094 2300/2007/6095 393/1986/6096
f 2327/2033/6097 2312/2034/6098 1944/1163/6099 2314/1162/6100
f 2312/2034/6101 2326/2035/6102 2313/1153/6103 1944/1163/6104
f 2328/2036/6105 2315/2037/6106 1945/1165/6107 2316/1167/6108
f 2315/2037/6109 2327/2033/6110 2314/1162/6111 1945/1165/6112
f 2329/2038/6113 2317/2039/6114 2010/1166/6115 392/1161/6116
f 2317/2039/6117 2328/2036/6118 2316/1167/6119 2010/1166/6120
f 2330/2040/6121 2318/2041/6122 2012/1160/6123 391/1159/6124
f 2318/2041/6125 2329/2038/6126 392/1161/6127 2012/1160/6128
f 2331/2042/6129 2319/2043/6130 2011/1174/6131 2320/1173/6132
f 2319/2043/6133 2330/2044/6134 391/1175/6135 2011/1174/6136
f 2332/2045/6137 2321/2046/6138 1947/1172/6139 2322/1171/6140
f 2321/2046/6141 2331/2042/6142 2320/1173/6143 1947/1172/6144
f 2333/2047/6145 2323/2048/6146 1946/1168/6147 2324/1157/6148
f 2323/2048/6149 2332/2045/6150 2322/1171/6151 1946/1168/6152
f 2326/2035/6153 2325/2049/6154 1941/1154/6155 2313/1153/6156
f 2325/2049/6157 2333/2047/6158 2324/1157/6159 1941/1154/6160
f 2278/1972/6161 2277/1971/6162 2312/2034/6163 2327/2033/6164
f 2277/1971/6165 2276/1969/6166 2326/2035/6167 2312/2034/6168
f 2280/1974/6169 2279/1973/6170 2315/2037/6171 2328/2036/6172
f 2279/1973/6173 2278/1972/6174 2327/2033/6175 2315/2037/6176
f 2285/1980/6177 2284/1979/6178 2317/2039/6179 2329/2038/6180
f 2284/1979/6181 2280/1974/6182 2328/2036/6183 2317/2039/6184
f 2287/1984/6185 2289/1983/6186 2318/2041/6187 2330/2040/6188
f 2289/1983/6189 2285/1980/6190 2329/2038/6191 2318/2041/6192
f 2286/1978/6193 2288/1981/6194 2319/2043/6195 2331/2042/6196
f 2288/1981/6197 2287/1982/6198 2330/2044/6199 2319/2043/6200
f 2281/1976/6201 2283/1977/6202 2321/2046/6203 2332/2045/6204
f 2283/1977/6205 2286/1978/6206 2331/2042/6207 2321/2046/6208
f 2274/1970/6209 2282/1975/6210 2323/2048/6211 2333/2047/6212
f 2282/1975/6213 2281/1976/6214 2332/2045/6215 2323/2048/6216
f 2276/1969/6217 2275/1968/6218 2325/2049/6219 2326/2035/6220
f 2275/1968/6221 2274/1970/6222 2333/2047/6223 2325/2049/6224
f 2334/569/6225 415/568/6226 92/661/6227 1706/660/6228
f 416/561/6229 2334/569/6230 1706/660/6231 91/655/6232
f 2335/562/6233 416/561/6234 91/655/6235 1704/654/6236
f 417/563/6237 2335/562/6238 1704/654/6239 90/658/6240
f 105/713/6241 418/646/6242 1703/649/6243 1735/718/6244
f 1735/718/6245 1703/649/6246 417/653/6247 90/719/6248
f 2336/647/6249 418/646/6250 105/713/6251 1732/712/6252
f 419/640/6253 2336/647/6254 1732/712/6255 104/709/6256
f 2337/641/6257 419/640/6258 104/709/6259 1730/708/6260
f 420/634/6261 2337/641/6262 1730/708/6263 103/705/6264
f 2338/635/6265 420/634/6266 103/705/6267 1728/704/6268
f 421/629/6269 2338/635/6270 1728/704/6271 102/703/6272
f 101/697/6273 422/622/6274 1696/625/6275 1727/702/6276
f 1727/702/6277 1696/625/6278 421/629/6279 102/703/6280
f 2339/623/6281 422/622/6282 101/697/6283 1724/696/6284
f 423/616/6285 2339/623/6286 1724/696/6287 100/693/6288
f 2340/2050/6289 441/2051/6290 877/2052/6291 2341/2053/6292
f 871/2054/6293 2340/2050/6294 2341/2053/6295 876/2055/6296
f 875/2056/6297 872/2057/6298 2349/2058/6299 2342/2059/6300
f 2342/2059/6301 2349/2058/6302 871/2060/6303 876/2061/6304
f 2343/2062/6305 872/2057/6306 875/2056/6307 2344/2063/6308
f 873/2064/6309 2343/2062/6310 2344/2063/6311 874/2065/6312
f 2345/599/6313 426/598/6314 97/681/6315 1716/680/6316
f 427/592/6317 2345/599/6318 1716/680/6319 96/677/6320
f 2346/593/6321 427/592/6322 96/677/6323 1714/676/6324
f 428/586/6325 2346/593/6326 1714/676/6327 95/673/6328
f 2347/587/6329 428/586/6330 95/673/6331 1712/672/6332
f 429/581/6333 2347/587/6334 1712/672/6335 94/671/6336
f 93/665/6337 430/574/6338 1678/577/6339 1711/670/6340
f 1711/670/6341 1678/577/6342 429/581/6343 94/671/6344
f 2348/575/6345 430/574/6346 93/665/6347 1708/664/6348
f 415/568/6349 2348/575/6350 1708/664/6351 92/661/6352
f 423/2066/6353 100/2067/6354 2350/2068/6355 2351/2069/6356
f 100/2067/6357 1722/2070/6358 2353/2071/6359 2350/2068/6360
f 1722/2070/6361 99/2072/6362 2352/2073/6363 2353/2071/6364
f 99/2074/6365 1721/2075/6366 2355/2076/6367 2352/2077/6368
f 1721/2075/6369 98/2078/6370 2354/2079/6371 2355/2076/6372
f 98/2078/6373 1718/2080/6374 2357/2081/6375 2354/2079/6376
f 1718/2080/6377 97/2082/6378 2356/2083/6379 2357/2081/6380
f 97/2082/6381 426/2084/6382 2363/2085/6383 2356/2083/6384
f 424/2086/6385 1692/2087/6386 2358/2088/6387 2359/2089/6388
f 1692/2087/6389 423/2066/6390 2351/2069/6391 2358/2088/6392
f 425/2090/6393 1689/2091/6394 2360/2092/6395 2361/2093/6396
f 1689/2091/6397 424/2086/6398 2359/2089/6399 2360/2092/6400
f 426/2084/6401 1687/2094/6402 2362/2095/6403 2363/2085/6404
f 1687/2094/6405 425/2090/6406 2361/2093/6407 2362/2095/6408
f 431/2096/6409 753/2097/6410 2364/2098/6411 432/2099/6412
f 753/2097/6413 2365/2100/6414 2367/2101/6415 2364/2098/6416
f 2365/2100/6417 752/2102/6418 2366/2103/6419 2367/2101/6420
f 752/2104/6421 2368/2105/6422 707/2106/6423 2366/2107/6424
f 2368/2105/6425 751/2108/6426 706/2109/6427 707/2106/6428
f 751/2108/6429 708/2110/6430 710/2111/6431 706/2109/6432
f 708/2110/6433 750/2112/6434 709/2113/6435 710/2111/6436
f 750/2112/6437 749/2114/6438 719/2115/6439 709/2113/6440
f 747/2116/6441 711/2117/6442 712/2118/6443 713/2119/6444
f 711/2117/6445 431/2096/6446 432/2099/6447 712/2118/6448
f 748/2120/6449 714/2121/6450 715/2122/6451 716/2123/6452
f 714/2121/6453 747/2116/6454 713/2119/6455 715/2122/6456
f 749/2114/6457 717/2124/6458 718/2125/6459 719/2115/6460
f 717/2124/6461 748/2120/6462 716/2123/6463 718/2125/6464
f 432/2099/6465 2364/2098/6466 720/2126/6467 2681/2127/6468
f 2681/2127/6469 720/2126/6470 433/2128/6471 437/2129/6472
f 2364/2098/6473 2367/2101/6474 2682/2130/6475 720/2126/6476
f 2367/2101/6477 2366/2103/6478 721/2131/6479 2682/2130/6480
f 2682/2130/6481 721/2131/6482 434/2132/6483 722/2133/6484
f 720/2126/6485 2682/2130/6486 722/2133/6487 433/2128/6488
f 2366/2107/6489 707/2106/6490 2683/2134/6491 721/2135/6492
f 707/2106/6493 706/2109/6494 723/2136/6495 2683/2134/6496
f 2683/2134/6497 723/2136/6498 435/2137/6499 724/2138/6500
f 721/2135/6501 2683/2134/6502 724/2138/6503 434/2139/6504
f 706/2109/6505 710/2111/6506 2684/2140/6507 723/2136/6508
f 710/2111/6509 709/2113/6510 725/2141/6511 2684/2140/6512
f 2684/2140/6513 725/2141/6514 436/2142/6515 726/2143/6516
f 723/2136/6517 2684/2140/6518 726/2143/6519 435/2137/6520
f 709/2113/6521 719/2115/6522 732/2144/6523 725/2141/6524
f 725/2141/6525 732/2144/6526 440/2145/6527 436/2142/6528
f 713/2119/6529 712/2118/6530 2685/2146/6531 728/2147/6532
f 712/2118/6533 432/2099/6534 2681/2127/6535 2685/2146/6536
f 2685/2146/6537 2681/2127/6538 437/2129/6539 727/2148/6540
f 728/2147/6541 2685/2146/6542 727/2148/6543 438/2149/6544
f 716/2123/6545 715/2122/6546 2686/2150/6547 730/2151/6548
f 715/2122/6549 713/2119/6550 728/2147/6551 2686/2150/6552
f 2686/2150/6553 728/2147/6554 438/2149/6555 729/2152/6556
f 730/2151/6557 2686/2150/6558 729/2152/6559 439/2153/6560
f 719/2115/6561 718/2125/6562 2687/2154/6563 732/2144/6564
f 718/2125/6565 716/2123/6566 730/2151/6567 2687/2154/6568
f 2687/2154/6569 730/2151/6570 439/2153/6571 731/2155/6572
f 732/2144/6573 2687/2154/6574 731/2155/6575 440/2145/6576
f 437/2129/6577 433/2128/6578 733/2156/6579 734/2157/6580
f 433/2128/6581 722/2133/6582 736/2158/6583 733/2156/6584
f 722/2133/6585 434/2132/6586 735/2159/6587 736/2158/6588
f 434/2139/6589 724/2138/6590 738/2160/6591 735/2161/6592
f 724/2138/6593 435/2137/6594 737/2162/6595 738/2160/6596
f 435/2137/6597 726/2143/6598 740/2163/6599 737/2162/6600
f 726/2143/6601 436/2142/6602 739/2164/6603 740/2163/6604
f 436/2142/6605 440/2145/6606 746/2165/6607 739/2164/6608
f 438/2149/6609 727/2148/6610 741/2166/6611 742/2167/6612
f 727/2148/6613 437/2129/6614 734/2157/6615 741/2166/6616
f 439/2153/6617 729/2152/6618 743/2168/6619 744/2169/6620
f 729/2152/6621 438/2149/6622 742/2167/6623 743/2168/6624
f 440/2145/6625 731/2155/6626 745/2170/6627 746/2165/6628
f 731/2155/6629 439/2153/6630 744/2169/6631 745/2170/6632
f 2359/2089/6633 2358/2088/6634 711/2117/6635 747/2116/6636
f 2358/2088/6637 2351/2069/6638 431/2096/6639 711/2117/6640
f 2361/2093/6641 2360/2092/6642 714/2121/6643 748/2120/6644
f 2360/2092/6645 2359/2089/6646 747/2116/6647 714/2121/6648
f 2363/2085/6649 2362/2095/6650 717/2124/6651 749/2114/6652
f 2362/2095/6653 2361/2093/6654 748/2120/6655 717/2124/6656
f 2356/2083/6657 2363/2085/6658 749/2114/6659 750/2112/6660
f 2354/2079/6661 2357/2081/6662 708/2110/6663 751/2108/6664
f 2357/2081/6665 2356/2083/6666 750/2112/6667 708/2110/6668
f 2352/2077/6669 2355/2076/6670 2368/2105/6671 752/2104/6672
f 2355/2076/6673 2354/2079/6674 751/2108/6675 2368/2105/6676
f 2350/2068/6677 2353/2071/6678 2365/2100/6679 753/2097/6680
f 2353/2071/6681 2352/2073/6682 752/2102/6683 2365/2100/6684
f 2351/2069/6685 2350/2068/6686 753/2097/6687 431/2096/6688
f 741/2166/6689 734/2157/6690 760/2171/6691 754/2172/6692
f 742/2167/6693 741/2166/6694 754/2172/6695 442/2173/6696
f 743/2168/6697 742/2167/6698 442/2173/6699 755/2174/6700
f 744/2169/6701 743/2168/6702 755/2174/6703 443/2175/6704
f 745/2170/6705 744/2169/6706 443/2175/6707 756/2176/6708
f 746/2165/6709 745/2170/6710 756/2176/6711 444/2177/6712
f 739/2164/6713 746/2165/6714 444/2177/6715 445/2178/6716
f 740/2163/6717 739/2164/6718 445/2178/6719 757/2179/6720
f 737/2162/6721 740/2163/6722 757/2179/6723 446/2180/6724
f 738/2160/6725 737/2162/6726 446/2180/6727 758/2181/6728
f 735/2161/6729 738/2160/6730 758/2181/6731 447/2182/6732
f 736/2158/6733 735/2159/6734 447/2183/6735 759/2184/6736
f 733/2156/6737 736/2158/6738 759/2184/6739 448/2185/6740
f 734/2157/6741 733/2156/6742 448/2185/6743 760/2171/6744
f 18/116/6745 761/2186/6746 2688/2187/6747 1464/122/6748
f 761/2186/6749 450/2188/6750 762/2189/6751 2688/2187/6752
f 2688/2187/6753 762/2189/6754 449/2190/6755 763/2191/6756
f 1464/122/6757 2688/2187/6758 763/2191/6759 19/123/6760
f 451/2192/6761 764/2193/6762 2689/2194/6763 765/2195/6764
f 764/2193/6765 450/2188/6766 761/2186/6767 2689/2194/6768
f 2689/2194/6769 761/2186/6770 18/116/6771 1461/114/6772
f 765/2195/6773 2689/2194/6774 1461/114/6775 17/110/6776
f 452/2196/6777 766/2197/6778 2690/2198/6779 767/2199/6780
f 766/2197/6781 451/2192/6782 765/2195/6783 2690/2198/6784
f 2690/2198/6785 765/2195/6786 17/110/6787 1458/108/6788
f 767/2199/6789 2690/2198/6790 1458/108/6791 16/104/6792
f 453/2200/6793 768/2201/6794 2691/2202/6795 769/2203/6796
f 768/2201/6797 452/2196/6798 767/2199/6799 2691/2202/6800
f 2691/2202/6801 767/2199/6802 16/104/6803 1455/102/6804
f 769/2203/6805 2691/2202/6806 1455/102/6807 15/98/6808
f 454/2204/6809 770/2205/6810 2692/2206/6811 771/2207/6812
f 770/2205/6813 453/2200/6814 769/2203/6815 2692/2206/6816
f 2692/2206/6817 769/2203/6818 15/98/6819 1452/96/6820
f 771/2207/6821 2692/2206/6822 1452/96/6823 14/93/6824
f 13/86/6825 772/2208/6826 2693/2209/6827 1449/92/6828
f 772/2208/6829 455/2210/6830 773/2211/6831 2693/2209/6832
f 2693/2209/6833 773/2211/6834 454/2204/6835 771/2207/6836
f 1449/92/6837 2693/2209/6838 771/2207/6839 14/93/6840
f 456/2212/6841 774/2213/6842 2694/2214/6843 775/2215/6844
f 774/2213/6845 455/2210/6846 772/2208/6847 2694/2214/6848
f 2694/2214/6849 772/2208/6850 13/86/6851 1446/84/6852
f 775/2215/6853 2694/2214/6854 1446/84/6855 12/80/6856
f 457/2216/6857 776/2217/6858 2695/2218/6859 777/2219/6860
f 776/2217/6861 456/2212/6862 775/2215/6863 2695/2218/6864
f 2695/2218/6865 775/2215/6866 12/80/6867 1443/78/6868
f 777/2219/6869 2695/2218/6870 1443/78/6871 11/73/6872
f 458/2220/6873 778/2221/6874 2696/2222/6875 779/2223/6876
f 778/2221/6877 457/2216/6878 777/2219/6879 2696/2222/6880
f 2696/2222/6881 777/2219/6882 11/73/6883 1439/70/6884
f 779/2223/6885 2696/2222/6886 1439/70/6887 10/69/6888
f 25/158/6889 780/2224/6890 2697/2225/6891 1485/164/6892
f 780/2224/6893 459/2226/6894 781/2227/6895 2697/2225/6896
f 2697/2225/6897 781/2227/6898 458/2228/6899 779/2229/6900
f 1485/164/6901 2697/2225/6902 779/2229/6903 10/165/6904
f 460/2230/6905 782/2231/6906 2698/2232/6907 783/2233/6908
f 782/2231/6909 459/2226/6910 780/2224/6911 2698/2232/6912
f 2698/2232/6913 780/2224/6914 25/158/6915 1482/156/6916
f 783/2233/6917 2698/2232/6918 1482/156/6919 24/152/6920
f 461/2234/6921 784/2235/6922 2699/2236/6923 785/2237/6924
f 784/2235/6925 460/2230/6926 783/2233/6927 2699/2236/6928
f 2699/2236/6929 783/2233/6930 24/152/6931 1479/150/6932
f 785/2237/6933 2699/2236/6934 1479/150/6935 23/146/6936
f 462/2238/6937 786/2239/6938 2700/2240/6939 787/2241/6940
f 786/2239/6941 461/2234/6942 785/2237/6943 2700/2240/6944
f 2700/2240/6945 785/2237/6946 23/146/6947 1476/144/6948
f 787/2241/6949 2700/2240/6950 1476/144/6951 22/141/6952
f 21/134/6953 788/2242/6954 2701/2243/6955 1473/140/6956
f 788/2242/6957 463/2244/6958 789/2245/6959 2701/2243/6960
f 2701/2243/6961 789/2245/6962 462/2238/6963 787/2241/6964
f 1473/140/6965 2701/2243/6966 787/2241/6967 22/141/6968
f 464/2246/6969 790/2247/6970 2702/2248/6971 791/2249/6972
f 790/2247/6973 463/2244/6974 788/2242/6975 2702/2248/6976
f 2702/2248/6977 788/2242/6978 21/134/6979 1470/132/6980
f 791/2249/6981 2702/2248/6982 1470/132/6983 20/128/6984
f 449/2190/6985 792/2250/6986 2703/2251/6987 763/2191/6988
f 792/2250/6989 464/2246/6990 791/2249/6991 2703/2251/6992
f 2703/2251/6993 791/2249/6994 20/128/6995 1467/126/6996
f 763/2191/6997 2703/2251/6998 1467/126/6999 19/123/7000
f 450/2188/7001 793/2252/7002 2704/2253/7003 762/2189/7004
f 793/2252/7005 991/2254/7006 2811/2255/7007 2704/2253/7008
f 2704/2253/7009 2811/2255/7010 990/2256/7011 794/2257/7012
f 762/2189/7013 2704/2253/7014 794/2257/7015 449/2190/7016
f 992/2258/7017 795/2259/7018 2705/2260/7019 796/2261/7020
f 795/2259/7021 991/2254/7022 793/2252/7023 2705/2260/7024
f 2705/2260/7025 793/2252/7026 450/2188/7027 764/2193/7028
f 796/2261/7029 2705/2260/7030 764/2193/7031 451/2192/7032
f 993/2262/7033 797/2263/7034 2706/2264/7035 798/2265/7036
f 797/2263/7037 992/2258/7038 796/2261/7039 2706/2264/7040
f 2706/2264/7041 796/2261/7042 451/2192/7043 766/2197/7044
f 798/2265/7045 2706/2264/7046 766/2197/7047 452/2196/7048
f 994/2266/7049 799/2267/7050 2707/2268/7051 800/2269/7052
f 799/2267/7053 993/2262/7054 798/2265/7055 2707/2268/7056
f 2707/2268/7057 798/2265/7058 452/2196/7059 768/2201/7060
f 800/2269/7061 2707/2268/7062 768/2201/7063 453/2200/7064
f 995/2270/7065 801/2271/7066 2708/2272/7067 802/2273/7068
f 801/2271/7069 994/2266/7070 800/2269/7071 2708/2272/7072
f 2708/2272/7073 800/2269/7074 453/2200/7075 770/2205/7076
f 802/2273/7077 2708/2272/7078 770/2205/7079 454/2204/7080
f 455/2210/7081 803/2274/7082 2709/2275/7083 773/2211/7084
f 803/2274/7085 996/2276/7086 2812/2277/7087 2709/2275/7088
f 2709/2275/7089 2812/2277/7090 995/2270/7091 802/2273/7092
f 773/2211/7093 2709/2275/7094 802/2273/7095 454/2204/7096
f 998/2278/7097 804/2279/7098 2710/2280/7099 805/2281/7100
f 804/2279/7101 996/2276/7102 803/2274/7103 2710/2280/7104
f 2710/2280/7105 803/2274/7106 455/2210/7107 774/2213/7108
f 805/2281/7109 2710/2280/7110 774/2213/7111 456/2212/7112
f 1000/2282/7113 806/2283/7114 2711/2284/7115 807/2285/7116
f 806/2283/7117 998/2278/7118 805/2281/7119 2711/2284/7120
f 2711/2284/7121 805/2281/7122 456/2212/7123 776/2217/7124
f 807/2285/7125 2711/2284/7126 776/2217/7127 457/2216/7128
f 1001/2286/7129 808/2287/7130 2712/2288/7131 809/2289/7132
f 808/2287/7133 1000/2282/7134 807/2285/7135 2712/2288/7136
f 2712/2288/7137 807/2285/7138 457/2216/7139 778/2221/7140
f 809/2289/7141 2712/2288/7142 778/2221/7143 458/2220/7144
f 459/2226/7145 810/2290/7146 2713/2291/7147 781/2227/7148
f 810/2290/7149 465/2292/7150 811/2293/7151 2713/2291/7152
f 2713/2291/7153 811/2293/7154 1001/2294/7155 809/2295/7156
f 781/2227/7157 2713/2291/7158 809/2295/7159 458/2228/7160
f 466/2296/7161 812/2297/7162 2714/2298/7163 813/2299/7164
f 812/2297/7165 465/2292/7166 810/2290/7167 2714/2298/7168
f 2714/2298/7169 810/2290/7170 459/2226/7171 782/2231/7172
f 813/2299/7173 2714/2298/7174 782/2231/7175 460/2230/7176
f 987/2300/7177 814/2301/7178 2715/2302/7179 815/2303/7180
f 814/2301/7181 466/2296/7182 813/2299/7183 2715/2302/7184
f 2715/2302/7185 813/2299/7186 460/2230/7187 784/2235/7188
f 815/2303/7189 2715/2302/7190 784/2235/7191 461/2234/7192
f 988/2304/7193 816/2305/7194 2716/2306/7195 817/2307/7196
f 816/2305/7197 987/2300/7198 815/2303/7199 2716/2306/7200
f 2716/2306/7201 815/2303/7202 461/2234/7203 786/2239/7204
f 817/2307/7205 2716/2306/7206 786/2239/7207 462/2238/7208
f 463/2244/7209 818/2308/7210 2717/2309/7211 789/2245/7212
f 818/2308/7213 467/2310/7214 819/2311/7215 2717/2309/7216
f 2717/2309/7217 819/2311/7218 988/2304/7219 817/2307/7220
f 789/2245/7221 2717/2309/7222 817/2307/7223 462/2238/7224
f 989/2312/7225 820/2313/7226 2718/2314/7227 821/2315/7228
f 820/2313/7229 467/2310/7230 818/2308/7231 2718/2314/7232
f 2718/2314/7233 818/2308/7234 463/2244/7235 790/2247/7236
f 821/2315/7237 2718/2314/7238 790/2247/7239 464/2246/7240
f 990/2256/7241 822/2316/7242 2719/2317/7243 794/2257/7244
f 822/2316/7245 989/2312/7246 821/2315/7247 2719/2317/7248
f 2719/2317/7249 821/2315/7250 464/2246/7251 792/2250/7252
f 794/2257/7253 2719/2317/7254 792/2250/7255 449/2190/7256
f 57/2318/7257 823/2319/7258 2720/2320/7259 2061/2321/7260
f 823/2319/7261 469/259/7262 1534/262/7263 2720/2320/7264
f 2720/2320/7265 1534/262/7266 468/266/7267 824/2322/7268
f 2061/2321/7269 2720/2320/7270 824/2322/7271 42/2323/7272
f 470/253/7273 1532/260/7274 2721/2324/7275 825/2325/7276
f 1532/260/7277 469/259/7278 823/2319/7279 2721/2324/7280
f 2721/2324/7281 823/2319/7282 57/2318/7283 2058/2326/7284
f 825/2325/7285 2721/2324/7286 2058/2326/7287 56/2327/7288
f 471/247/7289 1529/254/7290 2722/2328/7291 826/2329/7292
f 1529/254/7293 470/253/7294 825/2325/7295 2722/2328/7296
f 2722/2328/7297 825/2325/7298 56/2327/7299 2055/2330/7300
f 826/2329/7301 2722/2328/7302 2055/2330/7303 55/2331/7304
f 472/242/7305 1526/248/7306 2723/2332/7307 827/2333/7308
f 1526/248/7309 471/247/7310 826/2329/7311 2723/2332/7312
f 2723/2332/7313 826/2329/7314 55/2331/7315 2051/2334/7316
f 827/2333/7317 2723/2332/7318 2051/2334/7319 54/338/7320
f 53/332/7321 828/2335/7322 2724/2336/7323 1569/336/7324
f 828/2335/7325 473/235/7326 1523/238/7327 2724/2336/7328
f 2724/2336/7329 1523/238/7330 472/242/7331 827/2333/7332
f 1569/336/7333 2724/2336/7334 827/2333/7335 54/338/7336
f 474/229/7337 1520/236/7338 2725/2337/7339 829/2338/7340
f 1520/236/7341 473/235/7342 828/2335/7343 2725/2337/7344
f 2725/2337/7345 828/2335/7346 53/332/7347 1566/330/7348
f 829/2338/7349 2725/2337/7350 1566/330/7351 52/326/7352
f 475/224/7353 1517/230/7354 2726/2339/7355 830/2340/7356
f 1517/230/7357 474/229/7358 829/2338/7359 2726/2339/7360
f 2726/2339/7361 829/2338/7362 52/326/7363 1563/324/7364
f 830/2340/7365 2726/2339/7366 1563/324/7367 51/320/7368
f 50/314/7369 831/2341/7370 2727/2342/7371 1560/318/7372
f 831/2341/7373 476/217/7374 1514/220/7375 2727/2342/7376
f 2727/2342/7377 1514/220/7378 475/224/7379 830/2340/7380
f 1560/318/7381 2727/2342/7382 830/2340/7383 51/320/7384
f 477/211/7385 1511/218/7386 2728/2343/7387 832/2344/7388
f 1511/218/7389 476/217/7390 831/2341/7391 2728/2343/7392
f 2728/2343/7393 831/2341/7394 50/314/7395 1557/312/7396
f 832/2344/7397 2728/2343/7398 1557/312/7399 49/308/7400
f 478/205/7401 1508/212/7402 2729/2345/7403 833/2346/7404
f 1508/212/7405 477/211/7406 832/2344/7407 2729/2345/7408
f 2729/2345/7409 832/2344/7410 49/308/7411 1554/306/7412
f 833/2346/7413 2729/2345/7414 1554/306/7415 48/302/7416
f 479/199/7417 1505/206/7418 2730/2347/7419 834/2348/7420
f 1505/206/7421 478/205/7422 833/2346/7423 2730/2347/7424
f 2730/2347/7425 833/2346/7426 48/302/7427 1551/300/7428
f 834/2348/7429 2730/2347/7430 1551/300/7431 47/296/7432
f 480/194/7433 1502/200/7434 2731/2349/7435 835/2350/7436
f 1502/200/7437 479/199/7438 834/2348/7439 2731/2349/7440
f 2731/2349/7441 834/2348/7442 47/296/7443 1548/294/7444
f 835/2350/7445 2731/2349/7446 1548/294/7447 46/290/7448
f 45/284/7449 836/2351/7450 2732/2352/7451 1545/288/7452
f 836/2351/7453 481/187/7454 1499/190/7455 2732/2352/7456
f 2732/2352/7457 1499/190/7458 480/194/7459 835/2350/7460
f 1545/288/7461 2732/2352/7462 835/2350/7463 46/290/7464
f 482/181/7465 1496/188/7466 2733/2353/7467 837/2354/7468
f 1496/188/7469 481/187/7470 836/2351/7471 2733/2353/7472
f 2733/2353/7473 836/2351/7474 45/284/7475 1542/282/7476
f 837/2354/7477 2733/2353/7478 1542/282/7479 44/278/7480
f 483/174/7481 1493/182/7482 2734/2355/7483 838/2356/7484
f 1493/182/7485 482/181/7486 837/2354/7487 2734/2355/7488
f 2734/2355/7489 837/2354/7490 44/278/7491 1539/276/7492
f 838/2356/7493 2734/2355/7494 1539/276/7495 43/275/7496
f 468/176/7497 1489/175/7498 2735/2357/7499 824/2358/7500
f 1489/175/7501 483/174/7502 838/2356/7503 2735/2357/7504
f 2735/2357/7505 838/2356/7506 43/275/7507 1537/274/7508
f 824/2358/7509 2735/2357/7510 1537/274/7511 42/273/7512
f 41/257/7513 839/2359/7514 2736/2360/7515 1533/263/7516
f 839/2359/7517 485/160/7518 1486/163/7519 2736/2360/7520
f 2736/2360/7521 1486/163/7522 484/167/7523 840/2361/7524
f 1533/263/7525 2736/2360/7526 840/2361/7527 26/264/7528
f 486/154/7529 1484/161/7530 2737/2362/7531 841/2363/7532
f 1484/161/7533 485/160/7534 839/2359/7535 2737/2362/7536
f 2737/2362/7537 839/2359/7538 41/257/7539 1530/255/7540
f 841/2363/7541 2737/2362/7542 1530/255/7543 40/251/7544
f 487/148/7545 1481/155/7546 2738/2364/7547 842/2365/7548
f 1481/155/7549 486/154/7550 841/2363/7551 2738/2364/7552
f 2738/2364/7553 841/2363/7554 40/251/7555 1527/249/7556
f 842/2365/7557 2738/2364/7558 1527/249/7559 39/245/7560
f 488/143/7561 1478/149/7562 2739/2366/7563 843/2367/7564
f 1478/149/7565 487/148/7566 842/2365/7567 2739/2366/7568
f 2739/2366/7569 842/2365/7570 39/245/7571 1524/243/7572
f 843/2367/7573 2739/2366/7574 1524/243/7575 38/240/7576
f 37/233/7577 844/2368/7578 2740/2369/7579 1521/239/7580
f 844/2368/7581 489/136/7582 1475/139/7583 2740/2369/7584
f 2740/2369/7585 1475/139/7586 488/143/7587 843/2367/7588
f 1521/239/7589 2740/2369/7590 843/2367/7591 38/240/7592
f 490/130/7593 1472/137/7594 2741/2370/7595 845/2371/7596
f 1472/137/7597 489/136/7598 844/2368/7599 2741/2370/7600
f 2741/2370/7601 844/2368/7602 37/233/7603 1518/231/7604
f 845/2371/7605 2741/2370/7606 1518/231/7607 36/227/7608
f 491/125/7609 1469/131/7610 2742/2372/7611 846/2373/7612
f 1469/131/7613 490/130/7614 845/2371/7615 2742/2372/7616
f 2742/2372/7617 845/2371/7618 36/227/7619 1515/225/7620
f 846/2373/7621 2742/2372/7622 1515/225/7623 35/222/7624
f 34/215/7625 847/2374/7626 2743/2375/7627 1512/221/7628
f 847/2374/7629 492/118/7630 1466/121/7631 2743/2375/7632
f 2743/2375/7633 1466/121/7634 491/125/7635 846/2373/7636
f 1512/221/7637 2743/2375/7638 846/2373/7639 35/222/7640
f 493/112/7641 1463/119/7642 2744/2376/7643 848/2377/7644
f 1463/119/7645 492/118/7646 847/2374/7647 2744/2376/7648
f 2744/2376/7649 847/2374/7650 34/215/7651 1509/213/7652
f 848/2377/7653 2744/2376/7654 1509/213/7655 33/209/7656
f 494/106/7657 1460/113/7658 2745/2378/7659 849/2379/7660
f 1460/113/7661 493/112/7662 848/2377/7663 2745/2378/7664
f 2745/2378/7665 848/2377/7666 33/209/7667 1506/207/7668
f 849/2379/7669 2745/2378/7670 1506/207/7671 32/203/7672
f 495/100/7673 1457/107/7674 2746/2380/7675 850/2381/7676
f 1457/107/7677 494/106/7678 849/2379/7679 2746/2380/7680
f 2746/2380/7681 849/2379/7682 32/203/7683 1503/201/7684
f 850/2381/7685 2746/2380/7686 1503/201/7687 31/197/7688
f 496/95/7689 1454/101/7690 2747/2382/7691 851/2383/7692
f 1454/101/7693 495/100/7694 850/2381/7695 2747/2382/7696
f 2747/2382/7697 850/2381/7698 31/197/7699 1500/195/7700
f 851/2383/7701 2747/2382/7702 1500/195/7703 30/192/7704
f 29/185/7705 852/2384/7706 2748/2385/7707 1497/191/7708
f 852/2384/7709 497/88/7710 1451/91/7711 2748/2385/7712
f 2748/2385/7713 1451/91/7714 496/95/7715 851/2383/7716
f 1497/191/7717 2748/2385/7718 851/2383/7719 30/192/7720
f 498/82/7721 1448/89/7722 2749/2386/7723 853/2387/7724
f 1448/89/7725 497/88/7726 852/2384/7727 2749/2386/7728
f 2749/2386/7729 852/2384/7730 29/185/7731 1494/183/7732
f 853/2387/7733 2749/2386/7734 1494/183/7735 28/179/7736
f 499/75/7737 1445/83/7738 2750/2388/7739 854/2389/7740
f 1445/83/7741 498/82/7742 853/2387/7743 2750/2388/7744
f 2750/2388/7745 853/2387/7746 28/179/7747 1491/177/7748
f 854/2389/7749 2750/2388/7750 1491/177/7751 27/172/7752
f 484/77/7753 1441/76/7754 2751/2390/7755 840/2391/7756
f 1441/76/7757 499/75/7758 854/2389/7759 2751/2390/7760
f 2751/2390/7761 854/2389/7762 27/172/7763 1487/169/7764
f 840/2391/7765 2751/2390/7766 1487/169/7767 26/168/7768
f 501/464/7769 1624/463/7770 1670/556/7771 856/555/7772
f 1624/463/7773 500/462/7774 855/559/7775 1670/556/7776
f 857/644/7777 502/547/7778 1669/550/7779 2752/650/7780
f 2752/650/7781 1669/550/7782 501/554/7783 856/651/7784
f 503/541/7785 1667/548/7786 1701/642/7787 858/638/7788
f 1667/548/7789 502/547/7790 857/644/7791 1701/642/7792
f 504/535/7793 1664/542/7794 1699/636/7795 859/632/7796
f 1664/542/7797 503/541/7798 858/638/7799 1699/636/7800
f 505/530/7801 1661/536/7802 1697/630/7803 860/627/7804
f 1661/536/7805 504/535/7806 859/632/7807 1697/630/7808
f 861/620/7809 506/523/7810 1658/526/7811 2753/626/7812
f 2753/626/7813 1658/526/7814 505/530/7815 860/627/7816
f 507/517/7817 1655/524/7818 1693/618/7819 862/614/7820
f 1655/524/7821 506/523/7822 861/620/7823 1693/618/7824
f 508/512/7825 1652/518/7826 1690/612/7827 863/609/7828
f 1652/518/7829 507/517/7830 862/614/7831 1690/612/7832
f 864/602/7833 509/505/7834 1649/508/7835 2754/608/7836
f 2754/608/7837 1649/508/7838 508/512/7839 863/609/7840
f 510/499/7841 1646/506/7842 1685/600/7843 865/596/7844
f 1646/506/7845 509/505/7846 864/602/7847 1685/600/7848
f 511/493/7849 1643/500/7850 1683/594/7851 866/590/7852
f 1643/500/7853 510/499/7854 865/596/7855 1683/594/7856
f 512/487/7857 1640/494/7858 1681/588/7859 867/584/7860
f 1640/494/7861 511/493/7862 866/590/7863 1681/588/7864
f 513/482/7865 1637/488/7866 1679/582/7867 868/579/7868
f 1637/488/7869 512/487/7870 867/584/7871 1679/582/7872
f 869/572/7873 514/475/7874 1634/478/7875 2755/578/7876
f 2755/578/7877 1634/478/7878 513/482/7879 868/579/7880
f 515/469/7881 1631/476/7882 1675/570/7883 870/566/7884
f 1631/476/7885 514/475/7886 869/572/7887 1675/570/7888
f 500/462/7889 1628/470/7890 1673/564/7891 855/559/7892
f 1628/470/7893 515/469/7894 870/566/7895 1673/564/7896
f 442/2173/7897 754/2172/7898 2340/2050/7899 871/2054/7900
f 754/2172/7901 760/2171/7902 441/2051/7903 2340/2050/7904
f 443/2175/7905 755/2174/7906 2349/2392/7907 872/2057/7908
f 755/2174/7909 442/2173/7910 871/2054/7911 2349/2392/7912
f 444/2177/7913 756/2176/7914 2343/2062/7915 873/2064/7916
f 756/2176/7917 443/2175/7918 872/2057/7919 2343/2062/7920
f 445/2178/7921 444/2177/7922 873/2064/7923 874/2065/7924
f 446/2180/7925 757/2179/7926 2344/2063/7927 875/2056/7928
f 757/2179/7929 445/2178/7930 874/2065/7931 2344/2063/7932
f 447/2182/7933 758/2181/7934 2342/2393/7935 876/2394/7936
f 758/2181/7937 446/2180/7938 875/2056/7939 2342/2393/7940
f 448/2185/7941 759/2184/7942 2341/2053/7943 877/2052/7944
f 759/2184/7945 447/2183/7946 876/2055/7947 2341/2053/7948
f 760/2171/7949 448/2185/7950 877/2052/7951 441/2051/7952
f 122/2395/7953 878/2396/7954 2756/2397/7955 880/2398/7956
f 878/2396/7957 137/2399/7958 879/2400/7959 2756/2397/7960
f 2756/2397/7961 879/2400/7962 517/811/7963 1782/814/7964
f 880/2398/7965 2756/2397/7966 1782/814/7967 516/813/7968
f 518/805/7969 1781/812/7970 2757/2401/7971 882/2402/7972
f 1781/812/7973 517/811/7974 879/2400/7975 2757/2401/7976
f 2757/2401/7977 879/2400/7978 137/2399/7979 881/2403/7980
f 882/2402/7981 2757/2401/7982 881/2403/7983 136/2404/7984
f 519/799/7985 1778/806/7986 2758/2405/7987 884/2406/7988
f 1778/806/7989 518/805/7990 882/2402/7991 2758/2405/7992
f 2758/2405/7993 882/2402/7994 136/2404/7995 883/2407/7996
f 884/2406/7997 2758/2405/7998 883/2407/7999 135/2408/8000
f 520/789/8001 1775/800/8002 2759/2409/8003 886/2410/8004
f 1775/800/8005 519/799/8006 884/2406/8007 2759/2409/8008
f 2759/2409/8009 884/2406/8010 135/2408/8011 885/2411/8012
f 886/2410/8013 2759/2409/8014 885/2411/8015 134/2412/8016
f 134/2412/8017 887/2413/8018 2760/2414/8019 886/2410/8020
f 887/2413/8021 133/2415/8022 888/2416/8023 2760/2414/8024
f 2760/2414/8025 888/2416/8026 521/787/8027 1770/790/8028
f 886/2410/8029 2760/2414/8030 1770/790/8031 520/789/8032
f 522/781/8033 1769/788/8034 2761/2417/8035 890/2418/8036
f 1769/788/8037 521/787/8038 888/2416/8039 2761/2417/8040
f 2761/2417/8041 888/2416/8042 133/2415/8043 889/2419/8044
f 890/2418/8045 2761/2417/8046 889/2419/8047 132/2420/8048
f 523/771/8049 1766/782/8050 2762/2421/8051 892/2422/8052
f 1766/782/8053 522/781/8054 890/2418/8055 2762/2421/8056
f 2762/2421/8057 890/2418/8058 132/2420/8059 891/2423/8060
f 892/2422/8061 2762/2421/8062 891/2423/8063 131/2424/8064
f 131/2424/8065 893/2425/8066 2763/2426/8067 892/2422/8068
f 893/2425/8069 130/2427/8070 894/2428/8071 2763/2426/8072
f 2763/2426/8073 894/2428/8074 524/769/8075 1761/772/8076
f 892/2422/8077 2763/2426/8078 1761/772/8079 523/771/8080
f 525/763/8081 1760/770/8082 2764/2429/8083 896/2430/8084
f 1760/770/8085 524/769/8086 894/2428/8087 2764/2429/8088
f 2764/2429/8089 894/2428/8090 130/2427/8091 895/2431/8092
f 896/2430/8093 2764/2429/8094 895/2431/8095 129/2432/8096
f 526/757/8097 1757/764/8098 2765/2433/8099 898/2434/8100
f 1757/764/8101 525/763/8102 896/2430/8103 2765/2433/8104
f 2765/2433/8105 896/2430/8106 129/2432/8107 897/2435/8108
f 898/2434/8109 2765/2433/8110 897/2435/8111 128/2436/8112
f 527/751/8113 1754/758/8114 2766/2437/8115 900/2438/8116
f 1754/758/8117 526/757/8118 898/2434/8119 2766/2437/8120
f 2766/2437/8121 898/2434/8122 128/2436/8123 899/2439/8124
f 900/2438/8125 2766/2437/8126 899/2439/8127 127/2440/8128
f 528/741/8129 1751/752/8130 2767/2441/8131 902/2442/8132
f 1751/752/8133 527/751/8134 900/2438/8135 2767/2441/8136
f 2767/2441/8137 900/2438/8138 127/2440/8139 901/2443/8140
f 902/2442/8141 2767/2441/8142 901/2443/8143 126/2444/8144
f 126/2444/8145 903/2445/8146 2768/2446/8147 902/2442/8148
f 903/2445/8149 125/2447/8150 904/2448/8151 2768/2446/8152
f 2768/2446/8153 904/2448/8154 529/739/8155 1746/742/8156
f 902/2442/8157 2768/2446/8158 1746/742/8159 528/741/8160
f 530/733/8161 1745/740/8162 2769/2449/8163 906/2450/8164
f 1745/740/8165 529/739/8166 904/2448/8167 2769/2449/8168
f 2769/2449/8169 904/2448/8170 125/2447/8171 905/2451/8172
f 906/2450/8173 2769/2449/8174 905/2451/8175 124/2452/8176
f 531/726/8177 1742/734/8178 2770/2453/8179 908/2454/8180
f 1742/734/8181 530/733/8182 906/2450/8183 2770/2453/8184
f 2770/2453/8185 906/2450/8186 124/2452/8187 907/2455/8188
f 908/2454/8189 2770/2453/8190 907/2455/8191 123/2456/8192
f 516/728/8193 1738/727/8194 2771/2457/8195 880/2458/8196
f 1738/727/8197 531/726/8198 908/2454/8199 2771/2457/8200
f 2771/2457/8201 908/2454/8202 123/2456/8203 909/2459/8204
f 880/2458/8205 2771/2457/8206 909/2459/8207 122/2460/8208
f 121/809/8209 910/2461/8210 2772/2462/8211 1783/817/8212
f 910/2461/8213 533/714/8214 1734/717/8215 2772/2462/8216
f 2772/2462/8217 1734/717/8218 532/716/8219 911/2463/8220
f 1783/817/8221 2772/2462/8222 911/2463/8223 106/818/8224
f 534/710/8225 1733/715/8226 2773/2464/8227 912/2465/8228
f 1733/715/8229 533/714/8230 910/2461/8231 2773/2464/8232
f 2773/2464/8233 910/2461/8234 121/809/8235 1779/807/8236
f 912/2465/8237 2773/2464/8238 1779/807/8239 120/803/8240
f 535/706/8241 1731/711/8242 2774/2466/8243 913/2467/8244
f 1731/711/8245 534/710/8246 912/2465/8247 2774/2466/8248
f 2774/2466/8249 912/2465/8250 120/803/8251 1776/801/8252
f 913/2467/8253 2774/2466/8254 1776/801/8255 119/797/8256
f 536/700/8257 1729/707/8258 2775/2468/8259 914/2469/8260
f 1729/707/8261 535/706/8262 913/2467/8263 2775/2468/8264
f 2775/2468/8265 913/2467/8266 119/797/8267 1773/795/8268
f 914/2469/8269 2775/2468/8270 1773/795/8271 118/794/8272
f 117/785/8273 915/2470/8274 2776/2471/8275 1771/793/8276
f 915/2470/8277 537/698/8278 1726/701/8279 2776/2471/8280
f 2776/2471/8281 1726/701/8282 536/700/8283 914/2469/8284
f 1771/793/8285 2776/2471/8286 914/2469/8287 118/794/8288
f 538/694/8289 1725/699/8290 2777/2472/8291 916/2473/8292
f 1725/699/8293 537/698/8294 915/2470/8295 2777/2472/8296
f 2777/2472/8297 915/2470/8298 117/785/8299 1767/783/8300
f 916/2473/8301 2777/2472/8302 1767/783/8303 116/779/8304
f 539/688/8305 1723/695/8306 2778/2474/8307 917/2475/8308
f 1723/695/8309 538/694/8310 916/2473/8311 2778/2474/8312
f 2778/2474/8313 916/2473/8314 116/779/8315 1764/777/8316
f 917/2475/8317 2778/2474/8318 1764/777/8319 115/776/8320
f 114/767/8321 918/2476/8322 2779/2477/8323 1762/775/8324
f 918/2476/8325 540/686/8326 1720/689/8327 2779/2477/8328
f 2779/2477/8329 1720/689/8330 539/688/8331 917/2475/8332
f 1762/775/8333 2779/2477/8334 917/2475/8335 115/776/8336
f 541/682/8337 1719/687/8338 2780/2478/8339 919/2479/8340
f 1719/687/8341 540/686/8342 918/2476/8343 2780/2478/8344
f 2780/2478/8345 918/2476/8346 114/767/8347 1758/765/8348
f 919/2479/8349 2780/2478/8350 1758/765/8351 113/761/8352
f 542/678/8353 1717/683/8354 2781/2480/8355 920/2481/8356
f 1717/683/8357 541/682/8358 919/2479/8359 2781/2480/8360
f 2781/2480/8361 919/2479/8362 113/761/8363 1755/759/8364
f 920/2481/8365 2781/2480/8366 1755/759/8367 112/755/8368
f 543/674/8369 1715/679/8370 2782/2482/8371 921/2483/8372
f 1715/679/8373 542/678/8374 920/2481/8375 2782/2482/8376
f 2782/2482/8377 920/2481/8378 112/755/8379 1752/753/8380
f 921/2483/8381 2782/2482/8382 1752/753/8383 111/749/8384
f 544/668/8385 1713/675/8386 2783/2484/8387 922/2485/8388
f 1713/675/8389 543/674/8390 921/2483/8391 2783/2484/8392
f 2783/2484/8393 921/2483/8394 111/749/8395 1749/747/8396
f 922/2485/8397 2783/2484/8398 1749/747/8399 110/746/8400
f 109/737/8401 923/2486/8402 2784/2487/8403 1747/745/8404
f 923/2486/8405 545/666/8406 1710/669/8407 2784/2487/8408
f 2784/2487/8409 1710/669/8410 544/668/8411 922/2485/8412
f 1747/745/8413 2784/2487/8414 922/2485/8415 110/746/8416
f 546/662/8417 1709/667/8418 2785/2488/8419 924/2489/8420
f 1709/667/8421 545/666/8422 923/2486/8423 2785/2488/8424
f 2785/2488/8425 923/2486/8426 109/737/8427 1743/735/8428
f 924/2489/8429 2785/2488/8430 1743/735/8431 108/731/8432
f 547/656/8433 1707/663/8434 2786/2490/8435 925/2491/8436
f 1707/663/8437 546/662/8438 924/2489/8439 2786/2490/8440
f 2786/2490/8441 924/2489/8442 108/731/8443 1740/729/8444
f 925/2491/8445 2786/2490/8446 1740/729/8447 107/724/8448
f 532/659/8449 1705/657/8450 2787/2492/8451 911/2493/8452
f 1705/657/8453 547/656/8454 925/2491/8455 2787/2492/8456
f 2787/2492/8457 925/2491/8458 107/724/8459 1736/721/8460
f 911/2493/8461 2787/2492/8462 1736/721/8463 106/720/8464
f 664/2494/8465 1405/8/8466 2788/2495/8467 929/2496/8468
f 1405/8/8469 663/7/8470 927/2497/8471 2788/2495/8472
f 2788/2495/8473 927/2497/8474 666/2498/8475 928/2499/8476
f 929/2496/8477 2788/2495/8478 928/2499/8479 667/2500/8480
f 665/15/8481 1409/13/8482 2789/2501/8483 931/2502/8484
f 1409/13/8485 664/2503/8486 929/2504/8487 2789/2501/8488
f 2789/2501/8489 929/2504/8490 667/2505/8491 930/2506/8492
f 931/2502/8493 2789/2501/8494 930/2506/8495 668/2507/8496
f 5/25/8497 1416/23/8498 2790/2508/8499 935/2509/8500
f 1416/23/8501 4/22/8502 933/2510/8503 2790/2508/8504
f 2790/2508/8505 933/2510/8506 551/2511/8507 934/2512/8508
f 935/2509/8509 2790/2508/8510 934/2512/8511 552/2513/8512
f 696/2514/8513 1419/28/8514 2791/2515/8515 938/2516/8516
f 1419/28/8517 1339/27/8518 936/2517/8519 2791/2515/8520
f 2791/2515/8521 936/2517/8522 1342/2518/8523 937/2519/8524
f 938/2516/8525 2791/2515/8526 937/2519/8527 1343/2520/8528
f 1341/2521/8529 1423/2522/8530 2792/2523/8531 940/2524/8532
f 1423/2522/8533 696/2525/8534 938/2516/8535 2792/2523/8536
f 2792/2523/8537 938/2516/8538 1343/2520/8539 939/2526/8540
f 940/2524/8541 2792/2523/8542 939/2526/8543 1344/2527/8544
f 612/2528/8545 949/2529/8546 2793/2530/8547 1087/2531/8548
f 949/2529/8549 614/2532/8550 950/2533/8551 2793/2530/8552
f 2793/2530/8553 950/2533/8554 1436/63/8555 1438/65/8556
f 1087/2531/8557 2793/2530/8558 1438/65/8559 1086/67/8560
f 1434/58/8561 1437/60/8562 2794/2534/8563 952/2535/8564
f 1437/64/8565 1436/63/8566 950/2533/8567 2794/2536/8568
f 2794/2536/8569 950/2533/8570 614/2532/8571 951/2537/8572
f 952/2535/8573 2794/2534/8574 951/2538/8575 615/2539/8576
f 1083/56/8577 1435/55/8578 2795/2540/8579 1088/2541/8580
f 1435/55/8581 1434/58/8582 952/2535/8583 2795/2540/8584
f 2795/2540/8585 952/2535/8586 615/2539/8587 953/2542/8588
f 1088/2541/8589 2795/2540/8590 953/2542/8591 613/2543/8592
f 1433/50/8593 1432/49/8594 2796/2544/8595 956/2545/8596
f 1432/49/8597 1431/52/8598 954/2546/8599 2796/2544/8600
f 2796/2544/8601 954/2546/8602 556/2547/8603 955/2548/8604
f 956/2545/8605 2796/2544/8606 955/2548/8607 557/2549/8608
f 1150/2550/8609 957/2551/8610 2797/2552/8611 1157/2553/8612
f 957/2551/8613 623/2554/8614 958/2555/8615 2797/2552/8616
f 2797/2552/8617 958/2555/8618 1427/2556/8619 1429/43/8620
f 1157/2553/8621 2797/2552/8622 1429/43/8623 1149/45/8624
f 1155/2557/8625 1428/2558/8626 2798/2559/8627 1158/2560/8628
f 1428/2558/8629 1427/2556/8630 958/2555/8631 2798/2559/8632
f 2798/2559/8633 958/2555/8634 623/2554/8635 959/2561/8636
f 1158/2560/8637 2798/2559/8638 959/2561/8639 1151/2562/8640
f 2799/2563/8641 960/2564/8642 558/2565/8643 961/2566/8644
f 962/2567/8645 2799/2563/8646 961/2566/8647 559/2568/8648
f 559/2568/8649 963/2569/8650 2800/2570/8651 962/2567/8652
f 963/2569/8653 560/2571/8654 964/2572/8655 2800/2570/8656
f 2801/2573/8657 964/2572/8658 560/2571/8659 965/2574/8660
f 966/2575/8661 2801/2573/8662 965/2574/8663 561/2576/8664
f 554/2577/8665 967/2578/8666 2802/2579/8667 969/2580/8668
f 967/2578/8669 1425/2581/8670 966/2575/8671 2802/2579/8672
f 2802/2579/8673 966/2575/8674 561/2576/8675 968/2582/8676
f 969/2580/8677 2802/2579/8678 968/2582/8679 562/2583/8680
f 1417/26/8681 970/2584/8682 2803/2585/8683 972/2586/8684
f 970/2584/8685 554/2577/8686 969/2580/8687 2803/2585/8688
f 2803/2585/8689 969/2580/8690 562/2583/8691 971/2587/8692
f 972/2586/8693 2803/2585/8694 971/2587/8695 563/2588/8696
f 1415/21/8697 1418/24/8698 2804/2589/8699 974/2590/8700
f 1418/24/8701 1417/26/8702 972/2586/8703 2804/2589/8704
f 2804/2589/8705 972/2586/8706 563/2588/8707 973/2591/8708
f 974/2590/8709 2804/2589/8710 973/2591/8711 564/2592/8712
f 564/2592/8713 975/2593/8714 2805/2594/8715 974/2590/8716
f 975/2593/8717 565/2595/8718 976/2596/8719 2805/2594/8720
f 2805/2594/8721 976/2596/8722 1413/18/8723 1412/17/8724
f 974/2590/8725 2805/2594/8726 1412/17/8727 1415/21/8728
f 1406/12/8729 1411/14/8730 2806/2597/8731 979/2598/8732
f 1411/14/8733 1410/16/8734 977/2599/8735 2806/2597/8736
f 2806/2597/8737 977/2599/8738 669/2600/8739 978/2601/8740
f 979/2598/8741 2806/2597/8742 978/2601/8743 670/2602/8744
f 1408/10/8745 1407/9/8746 2807/2603/8747 981/2604/8748
f 1407/9/8749 1406/12/8750 979/2598/8751 2807/2603/8752
f 2807/2603/8753 979/2598/8754 670/2602/8755 980/2605/8756
f 981/2604/8757 2807/2603/8758 980/2605/8759 671/2606/8760
f 1404/4/8761 1403/3/8762 2808/2607/8763 984/2608/8764
f 1403/3/8765 1402/6/8766 982/2609/8767 2808/2607/8768
f 2808/2607/8769 982/2609/8770 567/2610/8771 983/2611/8772
f 984/2608/8773 2808/2607/8774 983/2611/8775 555/2612/8776
f 985/2613/8777 614/2532/8778 949/2529/8779 2809/2614/8780
f 2809/2614/8781 949/2529/8782 612/2528/8783 1089/2615/8784
f 615/2539/8785 951/2538/8786 1090/2616/8787 986/2617/8788
f 951/2537/8789 614/2532/8790 985/2613/8791 1090/2616/8792
f 613/2543/8793 953/2542/8794 1091/2618/8795 1092/2619/8796
f 953/2542/8797 615/2539/8798 986/2617/8799 1091/2618/8800
f 557/2549/8801 955/2548/8802 816/2305/8803 988/2304/8804
f 955/2548/8805 556/2547/8806 987/2300/8807 816/2305/8808
f 1153/2620/8809 623/2554/8810 957/2551/8811 2810/2621/8812
f 2810/2621/8813 957/2551/8814 1150/2550/8815 1152/2622/8816
f 1151/2562/8817 959/2561/8818 1159/2623/8819 1160/2624/8820
f 959/2561/8821 623/2554/8822 1153/2620/8823 1159/2623/8824
f 559/2568/8825 961/2566/8826 822/2316/8827 990/2256/8828
f 961/2566/8829 558/2565/8830 989/2312/8831 822/2316/8832
f 991/2254/8833 560/2571/8834 963/2569/8835 2811/2255/8836
f 2811/2255/8837 963/2569/8838 559/2568/8839 990/2256/8840
f 561/2576/8841 965/2574/8842 795/2259/8843 992/2258/8844
f 965/2574/8845 560/2571/8846 991/2254/8847 795/2259/8848
f 562/2583/8849 968/2582/8850 797/2263/8851 993/2262/8852
f 968/2582/8853 561/2576/8854 992/2258/8855 797/2263/8856
f 563/2588/8857 971/2587/8858 799/2267/8859 994/2266/8860
f 971/2587/8861 562/2583/8862 993/2262/8863 799/2267/8864
f 564/2592/8865 973/2591/8866 801/2271/8867 995/2270/8868
f 973/2591/8869 563/2588/8870 994/2266/8871 801/2271/8872
f 996/2276/8873 565/2595/8874 975/2593/8875 2812/2277/8876
f 2812/2277/8877 975/2593/8878 564/2592/8879 995/2270/8880
f 566/2625/8881 997/2626/8882 804/2279/8883 998/2278/8884
f 997/2626/8885 565/2595/8886 996/2276/8887 804/2279/8888
f 567/2610/8889 999/2627/8890 806/2283/8891 1000/2282/8892
f 999/2627/8893 566/2625/8894 998/2278/8895 806/2283/8896
f 555/2612/8897 983/2611/8898 808/2287/8899 1001/2286/8900
f 983/2611/8901 567/2610/8902 1000/2282/8903 808/2287/8904
f 7/2628/8905 942/2629/8906 1003/2630/8907 1004/2631/8908
f 942/2629/8909 8/2632/8910 1002/2633/8911 1003/2630/8912
f 1431/2634/8913 7/2628/8914 1004/2631/8915 1005/2635/8916
f 8/2632/8917 943/2636/8918 1007/2637/8919 1002/2633/8920
f 943/2638/8921 9/2639/8922 1006/2640/8923 1007/2641/8924
f 9/2639/8925 944/2642/8926 1009/2643/8927 1006/2640/8928
f 944/2642/8929 1/2644/8930 1008/2645/8931 1009/2643/8932
f 1/2644/8933 1404/2646/8934 1010/2647/8935 1008/2645/8936
f 1404/2646/8937 984/2648/8938 1012/2649/8939 1010/2647/8940
f 984/2648/8941 555/2650/8942 1011/2651/8943 1012/2649/8944
f 556/2652/8945 954/2653/8946 1013/2654/8947 1014/2655/8948
f 954/2653/8949 1431/2634/8950 1005/2635/8951 1013/2654/8952
f 555/2650/8953 1001/2656/8954 1015/2657/8955 1011/2651/8956
f 1001/2656/8957 811/2658/8958 1017/2659/8959 1015/2657/8960
f 811/2658/8961 465/2660/8962 1016/2661/8963 1017/2659/8964
f 465/2660/8965 812/2662/8966 1019/2663/8967 1016/2661/8968
f 812/2662/8969 466/2664/8970 1018/2665/8971 1019/2663/8972
f 466/2664/8973 814/2666/8974 1020/2667/8975 1018/2665/8976
f 814/2666/8977 987/2668/8978 1021/2669/8979 1020/2667/8980
f 987/2668/8981 556/2652/8982 1014/2655/8983 1021/2669/8984
f 1003/2630/8985 1002/2633/8986 569/2670/8987 1022/2671/8988
f 1004/2631/8989 1003/2630/8990 1022/2671/8991 568/2672/8992
f 1005/2635/8993 1004/2631/8994 568/2672/8995 1023/2673/8996
f 1007/2641/8997 1006/2640/8998 570/2674/8999 1024/2675/9000
f 1002/2633/9001 1007/2637/9002 1024/2676/9003 569/2670/9004
f 1009/2643/9005 1008/2645/9006 571/2677/9007 1025/2678/9008
f 1006/2640/9009 1009/2643/9010 1025/2678/9011 570/2674/9012
f 1008/2645/9013 1010/2647/9014 1026/2679/9015 571/2677/9016
f 1012/2649/9017 1011/2651/9018 572/2680/9019 1027/2681/9020
f 1010/2647/9021 1012/2649/9022 1027/2681/9023 1026/2679/9024
f 1013/2654/9025 1005/2635/9026 1023/2673/9027 1028/2682/9028
f 1014/2655/9029 1013/2654/9030 1028/2682/9031 573/2683/9032
f 1011/2651/9033 1015/2657/9034 1029/2684/9035 572/2680/9036
f 1017/2659/9037 1016/2661/9038 574/2685/9039 1030/2686/9040
f 1015/2657/9041 1017/2659/9042 1030/2686/9043 1029/2684/9044
f 1019/2663/9045 1018/2665/9046 575/2687/9047 1031/2688/9048
f 1016/2661/9049 1019/2663/9050 1031/2688/9051 574/2685/9052
f 1020/2667/9053 1021/2669/9054 1033/2689/9055 1032/2690/9056
f 1018/2665/9057 1020/2667/9058 1032/2690/9059 575/2687/9060
f 1021/2669/9061 1014/2655/9062 573/2683/9063 1033/2689/9064
f 1022/2671/9065 569/2670/9066 577/2691/9067 1034/2692/9068
f 568/2672/9069 1022/2671/9070 1034/2692/9071 576/2693/9072
f 1023/2673/9073 568/2672/9074 576/2693/9075 1035/2694/9076
f 1024/2675/9077 570/2674/9078 578/2695/9079 1036/2696/9080
f 569/2670/9081 1024/2676/9082 1036/2697/9083 577/2691/9084
f 1025/2678/9085 571/2677/9086 579/2698/9087 1037/2699/9088
f 570/2674/9089 1025/2678/9090 1037/2699/9091 578/2695/9092
f 571/2677/9093 1026/2679/9094 1038/2700/9095 579/2698/9096
f 1027/2681/9097 572/2680/9098 580/2701/9099 1039/2702/9100
f 1026/2679/9101 1027/2681/9102 1039/2702/9103 1038/2700/9104
f 1028/2682/9105 1023/2673/9106 1035/2694/9107 1040/2703/9108
f 573/2683/9109 1028/2682/9110 1040/2703/9111 581/2704/9112
f 572/2680/9113 1029/2684/9114 1041/2705/9115 580/2701/9116
f 1030/2686/9117 574/2685/9118 582/2706/9119 1042/2707/9120
f 1029/2684/9121 1030/2686/9122 1042/2707/9123 1041/2705/9124
f 1031/2688/9125 575/2687/9126 583/2708/9127 1043/2709/9128
f 574/2685/9129 1031/2688/9130 1043/2709/9131 582/2706/9132
f 1032/2690/9133 1033/2689/9134 1045/2710/9135 1044/2711/9136
f 575/2687/9137 1032/2690/9138 1044/2711/9139 583/2708/9140
f 1033/2689/9141 573/2683/9142 581/2704/9143 1045/2710/9144
f 1034/2692/9145 577/2691/9146 585/2712/9147 1046/2713/9148
f 576/2693/9149 1034/2692/9150 1046/2713/9151 584/2714/9152
f 1035/2694/9153 576/2693/9154 584/2714/9155 1047/2715/9156
f 1036/2696/9157 578/2695/9158 586/2716/9159 1048/2717/9160
f 577/2691/9161 1036/2697/9162 1048/2718/9163 585/2712/9164
f 1037/2699/9165 579/2698/9166 587/2719/9167 1049/2720/9168
f 578/2695/9169 1037/2699/9170 1049/2720/9171 586/2716/9172
f 579/2698/9173 1038/2700/9174 1050/2721/9175 587/2719/9176
f 1039/2702/9177 580/2701/9178 588/2722/9179 1051/2723/9180
f 1038/2700/9181 1039/2702/9182 1051/2723/9183 1050/2721/9184
f 1040/2703/9185 1035/2694/9186 1047/2715/9187 1052/2724/9188
f 581/2704/9189 1040/2703/9190 1052/2724/9191 589/2725/9192
f 580/2701/9193 1041/2705/9194 1053/2726/9195 588/2722/9196
f 1042/2707/9197 582/2706/9198 590/2727/9199 1054/2728/9200
f 1041/2705/9201 1042/2707/9202 1054/2728/9203 1053/2726/9204
f 1043/2709/9205 583/2708/9206 591/2729/9207 1055/2730/9208
f 582/2706/9209 1043/2709/9210 1055/2730/9211 590/2727/9212
f 1044/2711/9213 1045/2710/9214 1057/2731/9215 1056/2732/9216
f 583/2708/9217 1044/2711/9218 1056/2732/9219 591/2729/9220
f 1045/2710/9221 581/2704/9222 589/2725/9223 1057/2731/9224
f 1046/2713/9225 585/2712/9226 593/2733/9227 1058/2734/9228
f 584/2714/9229 1046/2713/9230 1058/2734/9231 592/2735/9232
f 1047/2715/9233 584/2714/9234 592/2735/9235 1059/2736/9236
f 1048/2717/9237 586/2716/9238 594/2737/9239 1060/2738/9240
f 585/2712/9241 1048/2718/9242 1060/2739/9243 593/2733/9244
f 1049/2720/9245 587/2719/9246 595/2740/9247 1061/2741/9248
f 586/2716/9249 1049/2720/9250 1061/2741/9251 594/2737/9252
f 587/2719/9253 1050/2721/9254 1062/2742/9255 595/2740/9256
f 1051/2723/9257 588/2722/9258 596/2743/9259 1063/2744/9260
f 1050/2721/9261 1051/2723/9262 1063/2744/9263 1062/2742/9264
f 1052/2724/9265 1047/2715/9266 1059/2736/9267 1064/2745/9268
f 589/2725/9269 1052/2724/9270 1064/2745/9271 597/2746/9272
f 588/2722/9273 1053/2726/9274 1065/2747/9275 596/2743/9276
f 1054/2728/9277 590/2727/9278 598/2748/9279 1066/2749/9280
f 1053/2726/9281 1054/2728/9282 1066/2749/9283 1065/2747/9284
f 1055/2730/9285 591/2729/9286 599/2750/9287 1067/2751/9288
f 590/2727/9289 1055/2730/9290 1067/2751/9291 598/2748/9292
f 1056/2732/9293 1057/2731/9294 1069/2752/9295 1068/2753/9296
f 591/2729/9297 1056/2732/9298 1068/2753/9299 599/2750/9300
f 1057/2731/9301 589/2725/9302 597/2746/9303 1069/2752/9304
f 1058/2734/9305 593/2733/9306 601/2754/9307 1070/2755/9308
f 592/2735/9309 1058/2734/9310 1070/2755/9311 600/2756/9312
f 1059/2736/9313 592/2735/9314 600/2756/9315 1071/2757/9316
f 1060/2738/9317 594/2737/9318 602/2758/9319 1072/2759/9320
f 593/2733/9321 1060/2739/9322 1072/2760/9323 601/2754/9324
f 1061/2741/9325 595/2740/9326 603/2761/9327 1073/2762/9328
f 594/2737/9329 1061/2741/9330 1073/2762/9331 602/2758/9332
f 595/2740/9333 1062/2742/9334 1074/2763/9335 603/2761/9336
f 1063/2744/9337 596/2743/9338 604/2764/9339 1075/2765/9340
f 1062/2742/9341 1063/2744/9342 1075/2765/9343 1074/2763/9344
f 1064/2745/9345 1059/2736/9346 1071/2757/9347 1076/2766/9348
f 597/2746/9349 1064/2745/9350 1076/2766/9351 605/2767/9352
f 596/2743/9353 1065/2747/9354 1077/2768/9355 604/2764/9356
f 1066/2749/9357 598/2748/9358 606/2769/9359 1078/2770/9360
f 1065/2747/9361 1066/2749/9362 1078/2770/9363 1077/2768/9364
f 1067/2751/9365 599/2750/9366 607/2771/9367 1079/2772/9368
f 598/2748/9369 1067/2751/9370 1079/2772/9371 606/2769/9372
f 1068/2753/9373 1069/2752/9374 1081/2773/9375 1080/2774/9376
f 599/2750/9377 1068/2753/9378 1080/2774/9379 607/2771/9380
f 1069/2752/9381 597/2746/9382 605/2767/9383 1081/2773/9384
f 1070/2755/9385 601/2754/9386 609/57/9387 1082/54/9388
f 600/2756/9389 1070/2755/9390 1082/54/9391 608/53/9392
f 1071/2757/9393 600/2756/9394 608/53/9395 1083/56/9396
f 1072/2759/9397 602/2758/9398 610/62/9399 1084/61/9400
f 601/2754/9401 1072/2760/9402 1084/59/9403 609/57/9404
f 1073/2762/9405 603/2761/9406 611/68/9407 1085/66/9408
f 602/2758/9409 1073/2762/9410 1085/66/9411 610/62/9412
f 603/2761/9413 1074/2763/9414 1086/67/9415 611/68/9416
f 1075/2765/9417 604/2764/9418 612/2528/9419 1087/2531/9420
f 1074/2763/9421 1075/2765/9422 1087/2531/9423 1086/67/9424
f 1076/2766/9425 1071/2757/9426 1083/56/9427 1088/2541/9428
f 605/2767/9429 1076/2766/9430 1088/2541/9431 613/2543/9432
f 604/2764/9433 1077/2768/9434 1089/2615/9435 612/2528/9436
f 1078/2770/9437 606/2769/9438 985/2613/9439 2809/2614/9440
f 1077/2768/9441 1078/2770/9442 2809/2614/9443 1089/2615/9444
f 1079/2772/9445 607/2771/9446 986/2617/9447 1090/2616/9448
f 606/2769/9449 1079/2772/9450 1090/2616/9451 985/2613/9452
f 1080/2774/9453 1081/2773/9454 1092/2619/9455 1091/2618/9456
f 607/2771/9457 1080/2774/9458 1091/2618/9459 986/2617/9460
f 1081/2773/9461 605/2767/9462 613/2543/9463 1092/2619/9464
f 941/2775/9465 6/2776/9466 2980/2777/9467 2981/2778/9468
f 6/2776/9469 1433/2779/9470 2979/2780/9471 2980/2777/9472
f 1433/2779/9473 956/2781/9474 2978/2782/9475 2979/2780/9476
f 956/2781/9477 557/2783/9478 2977/2784/9479 2978/2782/9480
f 558/2785/9481 960/2786/9482 2970/2787/9483 2971/2788/9484
f 960/2786/9485 1426/2789/9486 2969/2790/9487 2970/2787/9488
f 557/2783/9489 988/2791/9490 2976/2792/9491 2977/2784/9492
f 988/2791/9493 819/2793/9494 2975/2794/9495 2976/2792/9496
f 819/2793/9497 467/2795/9498 2974/2796/9499 2975/2794/9500
f 467/2795/9501 820/2797/9502 2973/2798/9503 2974/2796/9504
f 820/2797/9505 989/2799/9506 2972/2800/9507 2973/2798/9508
f 989/2799/9509 558/2785/9510 2971/2788/9511 2972/2800/9512
f 1095/2801/9513 1094/2802/9514 1110/2803/9515 1111/2804/9516
f 1094/2802/9517 1093/2805/9518 1109/2806/9519 1110/2803/9520
f 1096/2807/9521 1095/2801/9522 1111/2804/9523 1112/2808/9524
f 1093/2805/9525 1098/2809/9526 1114/2810/9527 1109/2806/9528
f 1098/2809/9529 1097/2811/9530 1113/2812/9531 1114/2810/9532
f 1097/2811/9533 1099/2813/9534 1115/2814/9535 1113/2812/9536
f 1099/2813/9537 1101/2815/9538 1117/2816/9539 1115/2814/9540
f 1101/2815/9541 1100/2817/9542 1116/2818/9543 1117/2816/9544
f 1103/2819/9545 1102/2820/9546 1118/2821/9547 1119/2822/9548
f 1102/2820/9549 1096/2823/9550 1112/2824/9551 1118/2821/9552
f 1100/2817/9553 1104/2825/9554 1120/2826/9555 1116/2818/9556
f 1104/2825/9557 1106/2827/9558 1122/2828/9559 1120/2826/9560
f 1106/2827/9561 1105/2829/9562 1121/2830/9563 1122/2828/9564
f 1105/2829/9565 1107/2831/9566 1123/2832/9567 1121/2830/9568
f 1107/2831/9569 1108/2833/9570 1124/2834/9571 1123/2832/9572
f 1108/2833/9573 1103/2819/9574 1119/2822/9575 1124/2834/9576
f 1125/2835/9577 1168/2836/9578 2940/2837/9579 2941/2838/9580
f 1161/2839/9581 1125/2835/9582 2941/2838/9583 2926/2840/9584
f 1126/2841/9585 1161/2839/9586 2926/2840/9587 2927/2842/9588
f 1127/2843/9589 1167/2844/9590 2938/2845/9591 2939/2846/9592
f 1168/2836/9593 1127/2843/9594 2939/2846/9595 2940/2837/9596
f 1167/2844/9597 1166/2847/9598 2937/2848/9599 2938/2845/9600
f 1128/2849/9601 1165/2850/9602 2935/2851/9603 2936/2852/9604
f 1166/2847/9605 1128/2849/9606 2936/2852/9607 2937/2848/9608
f 1138/2853/9609 1126/2854/9610 2927/2855/9611 2928/2856/9612
f 616/2857/9613 1138/2853/9614 2928/2856/9615 2929/2858/9616
f 1165/2850/9617 1164/2859/9618 2934/2860/9619 2935/2851/9620
f 1130/2861/9621 1163/2862/9622 2932/2863/9623 2933/2864/9624
f 1164/2859/9625 1130/2861/9626 2933/2864/9627 2934/2860/9628
f 1142/2865/9629 1144/2866/9630 2930/2867/9631 2931/2868/9632
f 1163/2862/9633 1142/2865/9634 2931/2868/9635 2932/2863/9636
f 1144/2866/9637 616/2857/9638 2929/2858/9639 2930/2867/9640
f 617/2869/9641 1133/2870/9642 1154/38/9643 1147/37/9644
f 1133/2870/9645 618/2871/9646 1146/41/9647 1154/38/9648
f 1134/2872/9649 617/2869/9650 1147/37/9651 1155/40/9652
f 618/2871/9653 1135/2873/9654 1156/44/9655 1146/41/9656
f 1135/2873/9657 619/2874/9658 1148/46/9659 1156/44/9660
f 619/2874/9661 1136/2875/9662 1149/45/9663 1148/46/9664
f 1136/2875/9665 1137/2876/9666 1157/2553/9667 1149/45/9668
f 1137/2876/9669 620/2877/9670 1150/2550/9671 1157/2553/9672
f 621/2878/9673 1139/2879/9674 1158/2560/9675 1151/2562/9676
f 1139/2879/9677 1134/2880/9678 1155/2557/9679 1158/2560/9680
f 620/2877/9681 1140/2881/9682 1152/2622/9683 1150/2550/9684
f 1140/2881/9685 1141/2882/9686 2810/2621/9687 1152/2622/9688
f 1141/2882/9689 622/2883/9690 1153/2620/9691 2810/2621/9692
f 622/2883/9693 1143/2884/9694 1159/2623/9695 1153/2620/9696
f 1143/2884/9697 1145/2885/9698 1160/2624/9699 1159/2623/9700
f 1145/2885/9701 621/2878/9702 1151/2562/9703 1160/2624/9704
f 1112/2808/9705 1111/2804/9706 2942/2886/9707 2943/2887/9708
f 629/2888/9709 1189/2889/9710 2949/2890/9711 2950/2891/9712
f 1189/2889/9713 628/2892/9714 2948/2893/9715 2949/2890/9716
f 1191/2894/9717 629/2888/9718 2950/2891/9719 2951/2895/9720
f 630/2896/9721 1192/2897/9722 2952/2898/9723 2953/2899/9724
f 1192/2897/9725 1191/2894/9726 2951/2895/9727 2952/2898/9728
f 1120/2826/9729 1122/2828/9730 2959/2900/9731 2960/2901/9732
f 1122/2828/9733 1121/2830/9734 2958/2902/9735 2959/2900/9736
f 1116/2818/9737 1120/2826/9738 2960/2901/9739 2961/2903/9740
f 1115/2814/9741 1117/2816/9742 2962/2904/9743 2963/2905/9744
f 1117/2816/9745 1116/2818/9746 2961/2903/9747 2962/2904/9748
f 1113/2812/9749 1115/2814/9750 2963/2905/9751 2964/2906/9752
f 1109/2806/9753 1114/2810/9754 2965/2907/9755 2966/2908/9756
f 1114/2810/9757 1113/2812/9758 2964/2906/9759 2965/2907/9760
f 1111/2804/9761 1110/2803/9762 2967/2909/9763 2942/2886/9764
f 1110/2803/9765 1109/2806/9766 2966/2908/9767 2967/2909/9768
f 1126/2854/9769 1138/2853/9770 1171/2910/9771 1169/2911/9772
f 1138/2853/9773 616/2857/9774 1170/2912/9775 1171/2910/9776
f 616/2857/9777 1144/2866/9778 1172/2913/9779 1170/2912/9780
f 1144/2866/9781 1142/2865/9782 1173/2914/9783 1172/2913/9784
f 1142/2865/9785 1163/2862/9786 1180/2915/9787 1173/2914/9788
f 1119/2822/9789 1118/2821/9790 1175/2916/9791 1176/2917/9792
f 1118/2821/9793 1112/2824/9794 1174/2918/9795 1175/2916/9796
f 1112/2808/9797 2943/2887/9798 2944/2919/9799 1174/2920/9800
f 1124/2834/9801 1119/2822/9802 1176/2917/9803 1177/2921/9804
f 1121/2830/9805 1123/2832/9806 1178/2922/9807 1179/2923/9808
f 1123/2832/9809 1124/2834/9810 1177/2921/9811 1178/2922/9812
f 2957/2924/9813 2958/2902/9814 1121/2830/9815 1179/2923/9816
f 1171/2925/9817 1170/2926/9818 2912/2927/9819 2913/2928/9820
f 1169/2929/9821 1171/2925/9822 2913/2928/9823 2902/2930/9824
f 1170/2926/9825 1172/2931/9826 2911/2932/9827 2912/2927/9828
f 1173/2933/9829 1180/2934/9830 2909/2935/9831 2910/2936/9832
f 1172/2931/9833 1173/2933/9834 2910/2936/9835 2911/2932/9836
f 1175/2937/9837 1174/2938/9838 2903/2939/9839 2904/2940/9840
f 1176/2941/9841 1175/2937/9842 2904/2940/9843 2905/2942/9844
f 1174/2938/9845 2944/2943/9846 2945/2944/9847 2903/2939/9848
f 1177/2945/9849 1176/2941/9850 2905/2942/9851 2906/2946/9852
f 1178/2947/9853 1177/2945/9854 2906/2946/9855 2907/2948/9856
f 1179/2949/9857 1178/2947/9858 2907/2948/9859 2908/2950/9860
f 2956/2951/9861 2957/2952/9862 1179/2949/9863 2908/2950/9864
f 1182/2953/9865 624/2954/9866 2924/2955/9867 2925/2956/9868
f 1181/2957/9869 1182/2953/9870 2925/2956/9871 2914/2958/9872
f 624/2954/9873 1183/2959/9874 2923/2960/9875 2924/2955/9876
f 1184/2961/9877 1188/2962/9878 2921/2963/9879 2922/2964/9880
f 1183/2959/9881 1184/2961/9882 2922/2964/9883 2923/2960/9884
f 1185/2965/9885 625/2966/9886 2915/2967/9887 2916/2968/9888
f 626/2969/9889 1185/2965/9890 2916/2968/9891 2917/2970/9892
f 625/2966/9893 2946/2971/9894 2947/2972/9895 2915/2967/9896
f 1186/2973/9897 626/2969/9898 2917/2970/9899 2918/2974/9900
f 1187/2975/9901 1186/2973/9902 2918/2974/9903 2919/2976/9904
f 627/2977/9905 1187/2975/9906 2919/2976/9907 2920/2978/9908
f 2954/2979/9909 2955/2980/9910 627/2977/9911 2920/2978/9912
f 1402/2981/9913 2/2982/9914 1194/2983/9915 2813/2984/9916
f 2813/2984/9917 1194/2983/9918 631/2985/9919 1195/2986/9920
f 3/2987/9921 1413/2988/9922 1196/2989/9923 1198/2990/9924
f 1198/2990/9925 1196/2989/9926 1197/2991/9927 632/2992/9928
f 2/2982/9929 926/2993/9930 2814/2994/9931 1194/2983/9932
f 926/2993/9933 548/2995/9934 1199/2996/9935 2814/2994/9936
f 2814/2994/9937 1199/2996/9938 633/2997/9939 1200/2998/9940
f 1194/2983/9941 2814/2994/9942 1200/2998/9943 631/2985/9944
f 548/2995/9945 945/2999/9946 2815/3000/9947 1199/2996/9948
f 945/2999/9949 549/3001/9950 1201/3002/9951 2815/3000/9952
f 2815/3000/9953 1201/3002/9954 634/3003/9955 1202/3004/9956
f 1199/2996/9957 2815/3000/9958 1202/3004/9959 633/2997/9960
f 549/3005/9961 946/3006/9962 2816/3007/9963 1201/3008/9964
f 946/3006/9965 550/3009/9966 1203/3010/9967 2816/3007/9968
f 2816/3007/9969 1203/3010/9970 635/3011/9971 1204/3012/9972
f 1201/3008/9973 2816/3007/9974 1204/3012/9975 634/3013/9976
f 550/3009/9977 932/3014/9978 2817/3015/9979 1203/3010/9980
f 932/3014/9981 3/2987/9982 1198/2990/9983 2817/3015/9984
f 2817/3015/9985 1198/2990/9986 632/2992/9987 1205/3016/9988
f 1203/3010/9989 2817/3015/9990 1205/3016/9991 635/3011/9992
f 1413/2988/9993 976/3017/9994 2818/3018/9995 1196/2989/9996
f 976/3017/9997 565/3019/9998 1206/3020/9999 2818/3018/10000
f 2818/3018/10001 1206/3020/10002 636/3021/10003 1207/3022/10004
f 1196/2989/10005 2818/3018/10006 1207/3022/10007 1197/2991/10008
f 565/3019/10009 997/3023/10010 2819/3024/10011 1206/3020/10012
f 997/3023/10013 566/3025/10014 1208/3026/10015 2819/3024/10016
f 2819/3024/10017 1208/3026/10018 637/3027/10019 1209/3028/10020
f 1206/3020/10021 2819/3024/10022 1209/3028/10023 636/3021/10024
f 566/3025/10025 999/3029/10026 2820/3030/10027 1208/3026/10028
f 999/3029/10029 567/3031/10030 1210/3032/10031 2820/3030/10032
f 2820/3030/10033 1210/3032/10034 638/3033/10035 1211/3034/10036
f 1208/3026/10037 2820/3030/10038 1211/3034/10039 637/3027/10040
f 567/3031/10041 982/3035/10042 2821/3036/10043 1210/3032/10044
f 982/3035/10045 1402/2981/10046 2813/2984/10047 2821/3036/10048
f 2821/3036/10049 2813/2984/10050 1195/2986/10051 1212/3037/10052
f 1210/3032/10053 2821/3036/10054 1212/3037/10055 638/3033/10056
f 1195/2986/10057 631/2985/10058 1213/3038/10059 2822/3039/10060
f 2822/3039/10061 1213/3038/10062 639/3040/10063 1214/3041/10064
f 632/2992/10065 1197/2991/10066 1215/3042/10067 1217/3043/10068
f 1217/3043/10069 1215/3042/10070 1216/3044/10071 640/3045/10072
f 631/2985/10073 1200/2998/10074 2823/3046/10075 1213/3038/10076
f 1200/2998/10077 633/2997/10078 1218/3047/10079 2823/3046/10080
f 2823/3046/10081 1218/3047/10082 641/3048/10083 1219/3049/10084
f 1213/3038/10085 2823/3046/10086 1219/3049/10087 639/3040/10088
f 633/2997/10089 1202/3004/10090 2824/3050/10091 1218/3047/10092
f 1202/3004/10093 634/3003/10094 1220/3051/10095 2824/3050/10096
f 2824/3050/10097 1220/3051/10098 642/3052/10099 1221/3053/10100
f 1218/3047/10101 2824/3050/10102 1221/3053/10103 641/3048/10104
f 634/3013/10105 1204/3012/10106 2825/3054/10107 1220/3055/10108
f 1204/3012/10109 635/3011/10110 1222/3056/10111 2825/3054/10112
f 2825/3054/10113 1222/3056/10114 643/3057/10115 1223/3058/10116
f 1220/3055/10117 2825/3054/10118 1223/3058/10119 642/3059/10120
f 635/3011/10121 1205/3016/10122 2826/3060/10123 1222/3056/10124
f 1205/3016/10125 632/2992/10126 1217/3043/10127 2826/3060/10128
f 2826/3060/10129 1217/3043/10130 640/3045/10131 1224/3061/10132
f 1222/3056/10133 2826/3060/10134 1224/3061/10135 643/3057/10136
f 1197/2991/10137 1207/3022/10138 2827/3062/10139 1215/3042/10140
f 1207/3022/10141 636/3021/10142 1225/3063/10143 2827/3062/10144
f 2827/3062/10145 1225/3063/10146 644/3064/10147 1226/3065/10148
f 1215/3042/10149 2827/3062/10150 1226/3065/10151 1216/3044/10152
f 636/3021/10153 1209/3028/10154 2828/3066/10155 1225/3063/10156
f 1209/3028/10157 637/3027/10158 1227/3067/10159 2828/3066/10160
f 2828/3066/10161 1227/3067/10162 645/3068/10163 1228/3069/10164
f 1225/3063/10165 2828/3066/10166 1228/3069/10167 644/3064/10168
f 637/3027/10169 1211/3034/10170 2829/3070/10171 1227/3067/10172
f 1211/3034/10173 638/3033/10174 1229/3071/10175 2829/3070/10176
f 2829/3070/10177 1229/3071/10178 646/3072/10179 1230/3073/10180
f 1227/3067/10181 2829/3070/10182 1230/3073/10183 645/3068/10184
f 638/3033/10185 1212/3037/10186 2830/3074/10187 1229/3071/10188
f 1212/3037/10189 1195/2986/10190 2822/3039/10191 2830/3074/10192
f 2830/3074/10193 2822/3039/10194 1214/3041/10195 1231/3075/10196
f 1229/3071/10197 2830/3074/10198 1231/3075/10199 646/3072/10200
f 1214/3041/10201 639/3040/10202 1232/3076/10203 2831/3077/10204
f 2831/3077/10205 1232/3076/10206 647/3078/10207 1233/3079/10208
f 640/3045/10209 1216/3044/10210 1234/3080/10211 1236/3081/10212
f 1236/3081/10213 1234/3080/10214 1235/3082/10215 648/3083/10216
f 639/3040/10217 1219/3049/10218 2832/3084/10219 1232/3076/10220
f 1219/3049/10221 641/3048/10222 1237/3085/10223 2832/3084/10224
f 2832/3084/10225 1237/3085/10226 649/3086/10227 1238/3087/10228
f 1232/3076/10229 2832/3084/10230 1238/3087/10231 647/3078/10232
f 641/3048/10233 1221/3053/10234 2833/3088/10235 1237/3085/10236
f 1221/3053/10237 642/3052/10238 1239/3089/10239 2833/3088/10240
f 2833/3088/10241 1239/3089/10242 650/3090/10243 1240/3091/10244
f 1237/3085/10245 2833/3088/10246 1240/3091/10247 649/3086/10248
f 642/3059/10249 1223/3058/10250 2834/3092/10251 1239/3093/10252
f 1223/3058/10253 643/3057/10254 1241/3094/10255 2834/3092/10256
f 2834/3092/10257 1241/3094/10258 651/3095/10259 1242/3096/10260
f 1239/3093/10261 2834/3092/10262 1242/3096/10263 650/3097/10264
f 643/3057/10265 1224/3061/10266 2835/3098/10267 1241/3094/10268
f 1224/3061/10269 640/3045/10270 1236/3081/10271 2835/3098/10272
f 2835/3098/10273 1236/3081/10274 648/3083/10275 1243/3099/10276
f 1241/3094/10277 2835/3098/10278 1243/3099/10279 651/3095/10280
f 1216/3044/10281 1226/3065/10282 2836/3100/10283 1234/3080/10284
f 1226/3065/10285 644/3064/10286 1244/3101/10287 2836/3100/10288
f 2836/3100/10289 1244/3101/10290 652/3102/10291 1245/3103/10292
f 1234/3080/10293 2836/3100/10294 1245/3103/10295 1235/3082/10296
f 644/3064/10297 1228/3069/10298 2837/3104/10299 1244/3101/10300
f 1228/3069/10301 645/3068/10302 1246/3105/10303 2837/3104/10304
f 2837/3104/10305 1246/3105/10306 653/3106/10307 1247/3107/10308
f 1244/3101/10309 2837/3104/10310 1247/3107/10311 652/3102/10312
f 645/3068/10313 1230/3073/10314 2838/3108/10315 1246/3105/10316
f 1230/3073/10317 646/3072/10318 1248/3109/10319 2838/3108/10320
f 2838/3108/10321 1248/3109/10322 654/3110/10323 1249/3111/10324
f 1246/3105/10325 2838/3108/10326 1249/3111/10327 653/3106/10328
f 646/3072/10329 1231/3075/10330 2839/3112/10331 1248/3109/10332
f 1231/3075/10333 1214/3041/10334 2831/3077/10335 2839/3112/10336
f 2839/3112/10337 2831/3077/10338 1233/3079/10339 1250/3113/10340
f 1248/3109/10341 2839/3112/10342 1250/3113/10343 654/3110/10344
f 1233/3079/10345 647/3078/10346 1251/3114/10347 2840/3115/10348
f 2840/3115/10349 1251/3114/10350 655/3116/10351 1252/3117/10352
f 648/3083/10353 1235/3082/10354 1253/3118/10355 1255/3119/10356
f 1255/3119/10357 1253/3118/10358 1254/3120/10359 656/3121/10360
f 647/3078/10361 1238/3087/10362 2841/3122/10363 1251/3114/10364
f 1238/3087/10365 649/3086/10366 1256/3123/10367 2841/3122/10368
f 2841/3122/10369 1256/3123/10370 657/3124/10371 1257/3125/10372
f 1251/3114/10373 2841/3122/10374 1257/3125/10375 655/3116/10376
f 649/3086/10377 1240/3091/10378 2842/3126/10379 1256/3123/10380
f 1240/3091/10381 650/3090/10382 1258/3127/10383 2842/3126/10384
f 2842/3126/10385 1258/3127/10386 658/3128/10387 1259/3129/10388
f 1256/3123/10389 2842/3126/10390 1259/3129/10391 657/3124/10392
f 650/3097/10393 1242/3096/10394 2843/3130/10395 1258/3131/10396
f 1242/3096/10397 651/3095/10398 1260/3132/10399 2843/3130/10400
f 2843/3130/10401 1260/3132/10402 659/3133/10403 1261/3134/10404
f 1258/3131/10405 2843/3130/10406 1261/3134/10407 658/3135/10408
f 651/3095/10409 1243/3099/10410 2844/3136/10411 1260/3132/10412
f 1243/3099/10413 648/3083/10414 1255/3119/10415 2844/3136/10416
f 2844/3136/10417 1255/3119/10418 656/3121/10419 1262/3137/10420
f 1260/3132/10421 2844/3136/10422 1262/3137/10423 659/3133/10424
f 1235/3082/10425 1245/3103/10426 2845/3138/10427 1253/3118/10428
f 1245/3103/10429 652/3102/10430 1263/3139/10431 2845/3138/10432
f 2845/3138/10433 1263/3139/10434 660/3140/10435 1264/3141/10436
f 1253/3118/10437 2845/3138/10438 1264/3141/10439 1254/3120/10440
f 652/3102/10441 1247/3107/10442 2846/3142/10443 1263/3139/10444
f 1247/3107/10445 653/3106/10446 1265/3143/10447 2846/3142/10448
f 2846/3142/10449 1265/3143/10450 661/3144/10451 1266/3145/10452
f 1263/3139/10453 2846/3142/10454 1266/3145/10455 660/3140/10456
f 653/3106/10457 1249/3111/10458 2847/3146/10459 1265/3143/10460
f 1249/3111/10461 654/3110/10462 1267/3147/10463 2847/3146/10464
f 2847/3146/10465 1267/3147/10466 662/3148/10467 1268/3149/10468
f 1265/3143/10469 2847/3146/10470 1268/3149/10471 661/3144/10472
f 654/3110/10473 1250/3113/10474 2848/3150/10475 1267/3147/10476
f 1250/3113/10477 1233/3079/10478 2840/3115/10479 2848/3150/10480
f 2848/3150/10481 2840/3115/10482 1252/3117/10483 1269/3151/10484
f 1267/3147/10485 2848/3150/10486 1269/3151/10487 662/3148/10488
f 1252/3117/10489 655/3116/10490 1270/3152/10491 2849/3153/10492
f 2849/3153/10493 1270/3152/10494 663/7/10495 1408/10/10496
f 656/3121/10497 1254/3120/10498 1271/3154/10499 1272/3155/10500
f 1272/3155/10501 1271/3154/10502 1410/16/10503 665/15/10504
f 655/3116/10505 1257/3125/10506 2850/3156/10507 1270/3152/10508
f 1257/3125/10509 657/3124/10510 1273/3157/10511 2850/3156/10512
f 2850/3156/10513 1273/3157/10514 666/2498/10515 927/2497/10516
f 1270/3152/10517 2850/3156/10518 927/2497/10519 663/7/10520
f 657/3124/10521 1259/3129/10522 2851/3158/10523 1273/3157/10524
f 1259/3129/10525 658/3128/10526 1274/3159/10527 2851/3158/10528
f 2851/3158/10529 1274/3159/10530 667/2500/10531 928/2499/10532
f 1273/3157/10533 2851/3158/10534 928/2499/10535 666/2498/10536
f 658/3135/10537 1261/3134/10538 2852/3160/10539 1274/3161/10540
f 1261/3134/10541 659/3133/10542 1275/3162/10543 2852/3160/10544
f 2852/3160/10545 1275/3162/10546 668/2507/10547 930/2506/10548
f 1274/3161/10549 2852/3160/10550 930/2506/10551 667/2505/10552
f 659/3133/10553 1262/3137/10554 2853/3163/10555 1275/3162/10556
f 1262/3137/10557 656/3121/10558 1272/3155/10559 2853/3163/10560
f 2853/3163/10561 1272/3155/10562 665/15/10563 931/2502/10564
f 1275/3162/10565 2853/3163/10566 931/2502/10567 668/2507/10568
f 1254/3120/10569 1264/3141/10570 2854/3164/10571 1271/3154/10572
f 1264/3141/10573 660/3140/10574 1276/3165/10575 2854/3164/10576
f 2854/3164/10577 1276/3165/10578 669/2600/10579 977/2599/10580
f 1271/3154/10581 2854/3164/10582 977/2599/10583 1410/16/10584
f 660/3140/10585 1266/3145/10586 2855/3166/10587 1276/3165/10588
f 1266/3145/10589 661/3144/10590 1277/3167/10591 2855/3166/10592
f 2855/3166/10593 1277/3167/10594 670/2602/10595 978/2601/10596
f 1276/3165/10597 2855/3166/10598 978/2601/10599 669/2600/10600
f 661/3144/10601 1268/3149/10602 2856/3168/10603 1277/3167/10604
f 1268/3149/10605 662/3148/10606 1278/3169/10607 2856/3168/10608
f 2856/3168/10609 1278/3169/10610 671/2606/10611 980/2605/10612
f 1277/3167/10613 2856/3168/10614 980/2605/10615 670/2602/10616
f 662/3148/10617 1269/3151/10618 2857/3170/10619 1278/3169/10620
f 1269/3151/10621 1252/3117/10622 2849/3153/10623 2857/3170/10624
f 2857/3170/10625 2849/3153/10626 1408/10/10627 981/2604/10628
f 1278/3169/10629 2857/3170/10630 981/2604/10631 671/2606/10632
f 554/3171/10633 970/3172/10634 2858/3173/10635 1280/3174/10636
f 970/3172/10637 1417/3175/10638 2859/3176/10639 2858/3173/10640
f 2858/3173/10641 2859/3176/10642 1282/3177/10643 1279/3178/10644
f 1280/3174/10645 2858/3173/10646 1279/3178/10647 673/3179/10648
f 1417/3175/10649 5/3180/10650 1281/3181/10651 2859/3176/10652
f 2859/3176/10653 1281/3181/10654 672/3182/10655 1282/3177/10656
f 1285/3183/10657 1283/3184/10658 1284/3185/10659 674/3186/10660
f 1425/3187/10661 967/3188/10662 2860/3189/10663 1283/3184/10664
f 967/3188/10665 554/3171/10666 1280/3174/10667 2860/3189/10668
f 2860/3189/10669 1280/3174/10670 673/3179/10671 1286/3190/10672
f 1283/3184/10673 2860/3189/10674 1286/3190/10675 1284/3185/10676
f 5/3180/10677 935/3191/10678 2861/3192/10679 1281/3181/10680
f 935/3191/10681 552/3193/10682 1287/3194/10683 2861/3192/10684
f 2861/3192/10685 1287/3194/10686 675/3195/10687 1288/3196/10688
f 1281/3181/10689 2861/3192/10690 1288/3196/10691 672/3182/10692
f 552/3193/10693 947/3197/10694 2862/3198/10695 1287/3194/10696
f 947/3197/10697 553/3199/10698 1289/3200/10699 2862/3198/10700
f 2862/3198/10701 1289/3200/10702 676/3201/10703 1290/3202/10704
f 1287/3194/10705 2862/3198/10706 1290/3202/10707 675/3195/10708
f 553/3199/10709 948/3203/10710 2863/3204/10711 1289/3200/10712
f 2863/3204/10713 1291/3205/10714 677/3206/10715 1292/3207/10716
f 1289/3200/10717 2863/3204/10718 1292/3207/10719 676/3201/10720
f 2864/3208/10721 1285/3209/10722 674/3210/10723 1293/3211/10724
f 1291/3205/10725 2864/3208/10726 1293/3211/10727 677/3206/10728
f 673/3179/10729 1279/3178/10730 2865/3212/10731 1295/3213/10732
f 1279/3178/10733 1282/3177/10734 2866/3214/10735 2865/3212/10736
f 2865/3212/10737 2866/3214/10738 1297/3215/10739 1294/3216/10740
f 1295/3213/10741 2865/3212/10742 1294/3216/10743 679/3217/10744
f 1282/3177/10745 672/3182/10746 1296/3218/10747 2866/3214/10748
f 2866/3214/10749 1296/3218/10750 678/3219/10751 1297/3215/10752
f 674/3186/10753 1284/3185/10754 1298/3220/10755 1300/3221/10756
f 1300/3221/10757 1298/3220/10758 1299/3222/10759 680/3223/10760
f 1284/3185/10761 1286/3190/10762 2867/3224/10763 1298/3220/10764
f 1286/3190/10765 673/3179/10766 1295/3213/10767 2867/3224/10768
f 2867/3224/10769 1295/3213/10770 679/3217/10771 1301/3225/10772
f 1298/3220/10773 2867/3224/10774 1301/3225/10775 1299/3222/10776
f 672/3182/10777 1288/3196/10778 2868/3226/10779 1296/3218/10780
f 1288/3196/10781 675/3195/10782 1302/3227/10783 2868/3226/10784
f 2868/3226/10785 1302/3227/10786 681/3228/10787 1303/3229/10788
f 1296/3218/10789 2868/3226/10790 1303/3229/10791 678/3219/10792
f 675/3195/10793 1290/3202/10794 2869/3230/10795 1302/3227/10796
f 1290/3202/10797 676/3201/10798 1304/3231/10799 2869/3230/10800
f 2869/3230/10801 1304/3231/10802 682/3232/10803 1305/3233/10804
f 1302/3227/10805 2869/3230/10806 1305/3233/10807 681/3228/10808
f 676/3201/10809 1292/3207/10810 2870/3234/10811 1304/3231/10812
f 1292/3207/10813 677/3206/10814 1306/3235/10815 2870/3234/10816
f 2870/3234/10817 1306/3235/10818 683/3236/10819 1307/3237/10820
f 1304/3231/10821 2870/3234/10822 1307/3237/10823 682/3232/10824
f 677/3206/10825 1293/3211/10826 2871/3238/10827 1306/3235/10828
f 1293/3211/10829 674/3210/10830 1300/3239/10831 2871/3238/10832
f 2871/3238/10833 1300/3239/10834 680/3240/10835 1308/3241/10836
f 1306/3235/10837 2871/3238/10838 1308/3241/10839 683/3236/10840
f 679/3217/10841 1294/3216/10842 2872/3242/10843 1310/3243/10844
f 1294/3216/10845 1297/3215/10846 2873/3244/10847 2872/3242/10848
f 2872/3242/10849 2873/3244/10850 1312/3245/10851 1309/3246/10852
f 1310/3243/10853 2872/3242/10854 1309/3246/10855 685/3247/10856
f 1297/3215/10857 678/3219/10858 1311/3248/10859 2873/3244/10860
f 2873/3244/10861 1311/3248/10862 684/3249/10863 1312/3245/10864
f 680/3223/10865 1299/3222/10866 1313/3250/10867 1315/3251/10868
f 1315/3251/10869 1313/3250/10870 1314/3252/10871 686/3253/10872
f 1299/3222/10873 1301/3225/10874 2874/3254/10875 1313/3250/10876
f 1301/3225/10877 679/3217/10878 1310/3243/10879 2874/3254/10880
f 2874/3254/10881 1310/3243/10882 685/3247/10883 1316/3255/10884
f 1313/3250/10885 2874/3254/10886 1316/3255/10887 1314/3252/10888
f 678/3219/10889 1303/3229/10890 2875/3256/10891 1311/3248/10892
f 1303/3229/10893 681/3228/10894 1317/3257/10895 2875/3256/10896
f 2875/3256/10897 1317/3257/10898 687/3258/10899 1318/3259/10900
f 1311/3248/10901 2875/3256/10902 1318/3259/10903 684/3249/10904
f 681/3228/10905 1305/3233/10906 2876/3260/10907 1317/3257/10908
f 1305/3233/10909 682/3232/10910 1319/3261/10911 2876/3260/10912
f 2876/3260/10913 1319/3261/10914 688/3262/10915 1320/3263/10916
f 1317/3257/10917 2876/3260/10918 1320/3263/10919 687/3258/10920
f 682/3232/10921 1307/3237/10922 2877/3264/10923 1319/3261/10924
f 1307/3237/10925 683/3236/10926 1321/3265/10927 2877/3264/10928
f 2877/3264/10929 1321/3265/10930 689/3266/10931 1322/3267/10932
f 1319/3261/10933 2877/3264/10934 1322/3267/10935 688/3262/10936
f 683/3236/10937 1308/3241/10938 2878/3268/10939 1321/3265/10940
f 1308/3241/10941 680/3240/10942 1315/3269/10943 2878/3268/10944
f 2878/3268/10945 1315/3269/10946 686/3270/10947 1323/3271/10948
f 1321/3265/10949 2878/3268/10950 1323/3271/10951 689/3266/10952
f 685/3247/10953 1309/3246/10954 2879/3272/10955 1325/3273/10956
f 1309/3246/10957 1312/3245/10958 2880/3274/10959 2879/3272/10960
f 2879/3272/10961 2880/3274/10962 1327/3275/10963 1324/3276/10964
f 1325/3273/10965 2879/3272/10966 1324/3276/10967 691/3277/10968
f 1312/3245/10969 684/3249/10970 1326/3278/10971 2880/3274/10972
f 2880/3274/10973 1326/3278/10974 690/3279/10975 1327/3275/10976
f 686/3253/10977 1314/3252/10978 1328/3280/10979 1330/3281/10980
f 1330/3281/10981 1328/3280/10982 1329/3282/10983 692/3283/10984
f 1314/3252/10985 1316/3255/10986 2881/3284/10987 1328/3280/10988
f 1316/3255/10989 685/3247/10990 1325/3273/10991 2881/3284/10992
f 2881/3284/10993 1325/3273/10994 691/3277/10995 1331/3285/10996
f 1328/3280/10997 2881/3284/10998 1331/3285/10999 1329/3282/11000
f 684/3249/11001 1318/3259/11002 2882/3286/11003 1326/3278/11004
f 1318/3259/11005 687/3258/11006 1332/3287/11007 2882/3286/11008
f 2882/3286/11009 1332/3287/11010 693/3288/11011 1333/3289/11012
f 1326/3278/11013 2882/3286/11014 1333/3289/11015 690/3279/11016
f 687/3258/11017 1320/3263/11018 2883/3290/11019 1332/3287/11020
f 1320/3263/11021 688/3262/11022 1334/3291/11023 2883/3290/11024
f 2883/3290/11025 1334/3291/11026 694/3292/11027 1335/3293/11028
f 1332/3287/11029 2883/3290/11030 1335/3293/11031 693/3288/11032
f 688/3262/11033 1322/3267/11034 2884/3294/11035 1334/3291/11036
f 1322/3267/11037 689/3266/11038 1336/3295/11039 2884/3294/11040
f 2884/3294/11041 1336/3295/11042 695/3296/11043 1337/3297/11044
f 1334/3291/11045 2884/3294/11046 1337/3297/11047 694/3292/11048
f 689/3266/11049 1323/3271/11050 2885/3298/11051 1336/3295/11052
f 1323/3271/11053 686/3270/11054 1330/3299/11055 2885/3298/11056
f 2885/3298/11057 1330/3299/11058 692/3300/11059 1338/3301/11060
f 1336/3295/11061 2885/3298/11062 1338/3301/11063 695/3296/11064
f 691/3277/11065 1324/3276/11066 1421/29/11067 1420/32/11068
f 1324/3276/11069 1327/3275/11070 1422/30/11071 1421/29/11072
f 1327/3275/11073 690/3279/11074 1339/27/11075 1422/30/11076
f 692/3283/11077 1329/3282/11078 1340/36/11079 1341/35/11080
f 1329/3282/11081 1331/3285/11082 1424/34/11083 1340/36/11084
f 1331/3285/11085 691/3277/11086 1420/32/11087 1424/34/11088
f 690/3279/11089 1333/3289/11090 936/2517/11091 1339/27/11092
f 1333/3289/11093 693/3288/11094 1342/2518/11095 936/2517/11096
f 693/3288/11097 1335/3293/11098 937/2519/11099 1342/2518/11100
f 1335/3293/11101 694/3292/11102 1343/2520/11103 937/2519/11104
f 694/3292/11105 1337/3297/11106 939/2526/11107 1343/2520/11108
f 1337/3297/11109 695/3296/11110 1344/2527/11111 939/2526/11112
f 695/3296/11113 1338/3301/11114 940/2524/11115 1344/2527/11116
f 1338/3301/11117 692/3300/11118 1341/2521/11119 940/2524/11120
f 122/2460/11121 909/2459/11122 1346/3302/11123 1347/3303/11124
f 909/2459/11125 123/2456/11126 1345/3304/11127 1346/3302/11128
f 123/2456/11129 907/2455/11130 1349/3305/11131 1345/3304/11132
f 907/2455/11133 124/2452/11134 1348/3306/11135 1349/3305/11136
f 124/2452/11137 905/2451/11138 1351/3307/11139 1348/3306/11140
f 905/2451/11141 125/2447/11142 1350/3308/11143 1351/3307/11144
f 125/2447/11145 903/2445/11146 1353/3309/11147 1350/3308/11148
f 903/2445/11149 126/2444/11150 1352/3310/11151 1353/3309/11152
f 126/2444/11153 901/2443/11154 1355/3311/11155 1352/3310/11156
f 901/2443/11157 127/2440/11158 1354/3312/11159 1355/3311/11160
f 127/2440/11161 899/2439/11162 1357/3313/11163 1354/3312/11164
f 899/2439/11165 128/2436/11166 1356/3314/11167 1357/3313/11168
f 128/2436/11169 897/2435/11170 1359/3315/11171 1356/3314/11172
f 897/2435/11173 129/2432/11174 1358/3316/11175 1359/3315/11176
f 129/2432/11177 895/2431/11178 1361/3317/11179 1358/3316/11180
f 895/2431/11181 130/2427/11182 1360/3318/11183 1361/3317/11184
f 130/2427/11185 893/2425/11186 1363/3319/11187 1360/3318/11188
f 893/2425/11189 131/2424/11190 1362/3320/11191 1363/3319/11192
f 131/2424/11193 891/2423/11194 1365/3321/11195 1362/3320/11196
f 891/2423/11197 132/2420/11198 1364/3322/11199 1365/3321/11200
f 132/2420/11201 889/2419/11202 1367/3323/11203 1364/3322/11204
f 889/2419/11205 133/2415/11206 1366/3324/11207 1367/3323/11208
f 133/2415/11209 887/2413/11210 1369/3325/11211 1366/3324/11212
f 887/2413/11213 134/2412/11214 1368/3326/11215 1369/3325/11216
f 134/2412/11217 885/2411/11218 1371/3327/11219 1368/3326/11220
f 885/2411/11221 135/2408/11222 1370/3328/11223 1371/3327/11224
f 135/2408/11225 883/2407/11226 1373/3329/11227 1370/3328/11228
f 883/2407/11229 136/2404/11230 1372/3330/11231 1373/3329/11232
f 136/2404/11233 881/2403/11234 1375/3331/11235 1372/3330/11236
f 881/2403/11237 137/2399/11238 1374/3332/11239 1375/3331/11240
f 137/2399/11241 878/2396/11242 1376/3333/11243 1374/3332/11244
f 878/2396/11245 122/2395/11246 1347/3334/11247 1376/3333/11248
f 1370/3335/11249 1377/3336/11250 2886/3337/11251 1371/3338/11252
f 1377/3336/11253 697/3339/11254 1378/3340/11255 2886/3337/11256
f 2886/3337/11257 1378/3340/11258 698/3341/11259 1379/3342/11260
f 1371/3338/11261 2886/3337/11262 1379/3342/11263 1368/3343/11264
f 1366/3344/11265 1380/3345/11266 2887/3346/11267 1367/3347/11268
f 1380/3345/11269 699/3348/11270 1381/3349/11271 2887/3346/11272
f 2887/3346/11273 1381/3349/11274 1362/3350/11275 1365/3351/11276
f 1367/3347/11277 2887/3346/11278 1365/3351/11279 1364/3352/11280
f 1368/3353/11281 1379/3342/11282 2888/3354/11283 1369/3355/11284
f 1379/3342/11285 698/3341/11286 1382/3356/11287 2888/3354/11288
f 2888/3354/11289 1382/3356/11290 699/3348/11291 1380/3345/11292
f 1369/3355/11293 2888/3354/11294 1380/3345/11295 1366/3357/11296
f 1374/3358/11297 1383/3359/11298 2889/3360/11299 1375/3361/11300
f 1383/3359/11301 697/3339/11302 1377/3336/11303 2889/3360/11304
f 2889/3360/11305 1377/3336/11306 1370/3362/11307 1373/3363/11308
f 1375/3361/11309 2889/3360/11310 1373/3363/11311 1372/3364/11312
f 1347/3365/11313 1384/3366/11314 2890/3367/11315 1376/3368/11316
f 1384/3366/11317 700/3369/11318 1385/3370/11319 2890/3367/11320
f 2890/3367/11321 1385/3370/11322 697/3339/11323 1383/3359/11324
f 1376/3368/11325 2890/3367/11326 1383/3359/11327 1374/3371/11328
f 698/3341/11329 1378/3340/11330 2891/3372/11331 1387/3373/11332
f 1378/3340/11333 697/3339/11334 1385/3370/11335 2891/3372/11336
f 2891/3372/11337 1385/3370/11338 700/3369/11339 1386/3374/11340
f 1387/3373/11341 2891/3372/11342 1386/3374/11343 701/3375/11344
f 699/3348/11345 1382/3356/11346 2892/3376/11347 1389/3377/11348
f 1382/3356/11349 698/3341/11350 1387/3373/11351 2892/3376/11352
f 2892/3376/11353 1387/3373/11354 701/3375/11355 1388/3378/11356
f 1389/3377/11357 2892/3376/11358 1388/3378/11359 702/3379/11360
f 1362/3380/11361 1381/3349/11362 2893/3381/11363 1363/3382/11364
f 1381/3349/11365 699/3348/11366 1389/3377/11367 2893/3381/11368
f 2893/3381/11369 1389/3377/11370 702/3379/11371 1390/3383/11372
f 1363/3382/11373 2893/3381/11374 1390/3383/11375 1360/3384/11376
f 1345/3385/11377 1391/3386/11378 2894/3387/11379 1346/3388/11380
f 1391/3386/11381 703/3389/11382 1392/3390/11383 2894/3387/11384
f 2894/3387/11385 1392/3390/11386 700/3369/11387 1384/3366/11388
f 1346/3388/11389 2894/3387/11390 1384/3366/11391 1347/3391/11392
f 701/3375/11393 1386/3374/11394 2895/3392/11395 1394/3393/11396
f 1386/3374/11397 700/3369/11398 1392/3390/11399 2895/3392/11400
f 2895/3392/11401 1392/3390/11402 703/3389/11403 1393/3394/11404
f 1394/3393/11405 2895/3392/11406 1393/3394/11407 704/3395/11408
f 702/3379/11409 1388/3378/11410 2896/3396/11411 1396/3397/11412
f 1388/3378/11413 701/3375/11414 1394/3393/11415 2896/3396/11416
f 2896/3396/11417 1394/3393/11418 704/3395/11419 1395/3398/11420
f 1396/3397/11421 2896/3396/11422 1395/3398/11423 705/3399/11424
f 1360/3400/11425 1390/3383/11426 2897/3401/11427 1361/3402/11428
f 1390/3383/11429 702/3379/11430 1396/3397/11431 2897/3401/11432
f 2897/3401/11433 1396/3397/11434 705/3399/11435 1397/3403/11436
f 1361/3402/11437 2897/3401/11438 1397/3403/11439 1358/3404/11440
f 1345/3405/11441 1349/3406/11442 2898/3407/11443 1391/3386/11444
f 1349/3406/11445 1348/3408/11446 1351/3409/11447 2898/3407/11448
f 2898/3407/11449 1351/3409/11450 1350/3410/11451 1398/3411/11452
f 1391/3386/11453 2898/3407/11454 1398/3411/11455 703/3389/11456
f 704/3395/11457 1393/3394/11458 2899/3412/11459 1399/3413/11460
f 1393/3394/11461 703/3389/11462 1398/3411/11463 2899/3412/11464
f 2899/3412/11465 1398/3411/11466 1350/3414/11467 1353/3415/11468
f 1399/3413/11469 2899/3412/11470 1353/3415/11471 1352/3416/11472
f 705/3399/11473 1395/3398/11474 2900/3417/11475 1400/3418/11476
f 1395/3398/11477 704/3395/11478 1399/3413/11479 2900/3417/11480
f 2900/3417/11481 1399/3413/11482 1352/3419/11483 1355/3420/11484
f 1400/3418/11485 2900/3417/11486 1355/3420/11487 1354/3421/11488
f 1358/3422/11489 1397/3403/11490 2901/3423/11491 1359/3424/11492
f 1397/3403/11493 705/3399/11494 1400/3418/11495 2901/3423/11496
f 2901/3423/11497 1400/3418/11498 1354/3425/11499 1357/3426/11500
f 1359/3424/11501 2901/3423/11502 1357/3426/11503 1356/3427/11504
f 2903/2939/11505 2945/2944/11506 2946/2971/11507 625/2966/11508
f 2904/2940/11509 2903/2939/11510 625/2966/11511 1185/2965/11512
f 2905/2942/11513 2904/2940/11514 1185/2965/11515 626/2969/11516
f 2906/2946/11517 2905/2942/11518 626/2969/11519 1186/2973/11520
f 2907/2948/11521 2906/2946/11522 1186/2973/11523 1187/2975/11524
f 2908/2950/11525 2907/2948/11526 1187/2975/11527 627/2977/11528
f 2955/2980/11529 2956/2951/11530 2908/2950/11531 627/2977/11532
f 2910/2936/11533 2909/2935/11534 1188/2962/11535 1184/2961/11536
f 2911/2932/11537 2910/2936/11538 1184/2961/11539 1183/2959/11540
f 2912/2927/11541 2911/2932/11542 1183/2959/11543 624/2954/11544
f 2913/2928/11545 2912/2927/11546 624/2954/11547 1182/2953/11548
f 2902/2930/11549 2913/2928/11550 1182/2953/11551 1181/2957/11552
f 2915/2967/11553 2947/2972/11554 2948/3428/11555 628/3429/11556
f 2916/2968/11557 2915/2967/11558 628/3429/11559 1189/3430/11560
f 2917/2970/11561 2916/2968/11562 1189/3430/11563 629/3431/11564
f 2918/2974/11565 2917/2970/11566 629/3431/11567 1191/3432/11568
f 2919/2976/11569 2918/2974/11570 1191/3432/11571 1192/3433/11572
f 2920/2978/11573 2919/2976/11574 1192/3433/11575 630/3434/11576
f 2953/3435/11577 2954/2979/11578 2920/2978/11579 630/3434/11580
f 2922/2964/11581 2921/2963/11582 1193/3436/11583 1131/3437/11584
f 2923/2960/11585 2922/2964/11586 1131/3437/11587 1132/3438/11588
f 2924/2955/11589 2923/2960/11590 1132/3438/11591 1162/3439/11592
f 2925/2956/11593 2924/2955/11594 1162/3439/11595 1129/3440/11596
f 2914/2958/11597 2925/2956/11598 1129/3440/11599 1190/3441/11600
f 2927/2842/11601 2926/2840/11602 617/2869/11603 1134/2872/11604
f 2928/2856/11605 2927/2855/11606 1134/2880/11607 1139/2879/11608
f 2929/2858/11609 2928/2856/11610 1139/2879/11611 621/2878/11612
f 2930/2867/11613 2929/2858/11614 621/2878/11615 1145/2885/11616
f 2931/2868/11617 2930/2867/11618 1145/2885/11619 1143/2884/11620
f 2932/2863/11621 2931/2868/11622 1143/2884/11623 622/2883/11624
f 2933/2864/11625 2932/2863/11626 622/2883/11627 1141/2882/11628
f 2934/2860/11629 2933/2864/11630 1141/2882/11631 1140/2881/11632
f 2935/2851/11633 2934/2860/11634 1140/2881/11635 620/2877/11636
f 2936/2852/11637 2935/2851/11638 620/2877/11639 1137/2876/11640
f 2937/2848/11641 2936/2852/11642 1137/2876/11643 1136/2875/11644
f 2938/2845/11645 2937/2848/11646 1136/2875/11647 619/2874/11648
f 2939/2846/11649 2938/2845/11650 619/2874/11651 1135/2873/11652
f 2940/2837/11653 2939/2846/11654 1135/2873/11655 618/2871/11656
f 2941/2838/11657 2940/2837/11658 618/2871/11659 1133/2870/11660
f 2926/2840/11661 2941/2838/11662 1133/2870/11663 617/2869/11664
f 2943/2887/11665 2942/2886/11666 1161/2839/11667 1126/2841/11668
f 2944/2919/11669 2943/2887/11670 1126/2841/11671 1169/3442/11672
f 2945/2944/11673 2944/2943/11674 1169/3443/11675 2902/3444/11676
f 2946/2971/11677 2945/2944/11678 2902/3444/11679 1181/3445/11680
f 2947/2972/11681 2946/2971/11682 1181/3445/11683 2914/3446/11684
f 2948/3428/11685 2947/2972/11686 2914/3446/11687 1190/3447/11688
f 2949/2890/11689 2948/2893/11690 1190/3448/11691 1129/3449/11692
f 2950/2891/11693 2949/2890/11694 1129/3449/11695 1162/3450/11696
f 2951/2895/11697 2950/2891/11698 1162/3450/11699 1132/3438/11700
f 2952/2898/11701 2951/2895/11702 1132/3438/11703 1131/3437/11704
f 2953/2899/11705 2952/2898/11706 1131/3437/11707 1193/3436/11708
f 2921/2963/11709 2954/2979/11710 2953/3435/11711 1193/3436/11712
f 1188/2962/11713 2955/2980/11714 2954/2979/11715 2921/2963/11716
f 2909/2935/11717 2956/2951/11718 2955/2980/11719 1188/2962/11720
f 1180/2934/11721 2957/2952/11722 2956/2951/11723 2909/2935/11724
f 1163/2862/11725 2958/2902/11726 2957/2924/11727 1180/2915/11728
f 2959/2900/11729 2958/2902/11730 1163/2862/11731 1130/2861/11732
f 2960/2901/11733 2959/2900/11734 1130/2861/11735 1164/2859/11736
f 2961/2903/11737 2960/2901/11738 1164/2859/11739 1165/2850/11740
f 2962/2904/11741 2961/2903/11742 1165/2850/11743 1128/2849/11744
f 2963/2905/11745 2962/2904/11746 1128/2849/11747 1166/2847/11748
f 2964/2906/11749 2963/2905/11750 1166/2847/11751 1167/2844/11752
f 2965/2907/11753 2964/2906/11754 1167/2844/11755 1127/2843/11756
f 2966/2908/11757 2965/2907/11758 1127/2843/11759 1168/2836/11760
f 2967/2909/11761 2966/2908/11762 1168/2836/11763 1125/2835/11764
f 2942/2886/11765 2967/2909/11766 1125/2835/11767 1161/2839/11768
f 2969/3451/11769 2968/3452/11770 1095/2801/11771 1096/2807/11772
f 2970/2787/11773 2969/2790/11774 1096/2823/11775 1102/2820/11776
f 2971/2788/11777 2970/2787/11778 1102/2820/11779 1103/2819/11780
f 2972/2800/11781 2971/2788/11782 1103/2819/11783 1108/2833/11784
f 2973/2798/11785 2972/2800/11786 1108/2833/11787 1107/2831/11788
f 2974/2796/11789 2973/2798/11790 1107/2831/11791 1105/2829/11792
f 2975/2794/11793 2974/2796/11794 1105/2829/11795 1106/2827/11796
f 2976/2792/11797 2975/2794/11798 1106/2827/11799 1104/2825/11800
f 2977/2784/11801 2976/2792/11802 1104/2825/11803 1100/2817/11804
f 2978/2782/11805 2977/2784/11806 1100/2817/11807 1101/2815/11808
f 2979/2780/11809 2978/2782/11810 1101/2815/11811 1099/2813/11812
f 2980/2777/11813 2979/2780/11814 1099/2813/11815 1097/2811/11816
f 2981/2778/11817 2980/2777/11818 1097/2811/11819 1098/2809/11820
f 2982/3453/11821 2981/2778/11822 1098/2809/11823 1093/2805/11824
f 2983/3454/11825 2982/3453/11826 1093/2805/11827 1094/2802/11828
f 2968/3452/11829 2983/3454/11830 1094/2802/11831 1095/2801/11832
f 2988/3455/11833 2989/3456/11834 2985/3457/11835 2984/3458/11836
f 2989/3456/11837 2990/3459/11838 2986/3460/11839 2985/3457/11840
f 2990/3459/11841 2991/3461/11842 2987/3462/11843 2986/3460/11844
f 2992/3463/11845 2993/3464/11846 2989/3456/11847 2988/3455/11848
f 2993/3464/11849 2994/3465/11850 2990/3459/11851 2989/3456/11852
f 2994/3465/11853 2995/3466/11854 2991/3461/11855 2990/3459/11856
f 2996/3467/11857 2997/3468/11858 2993/3464/11859 2992/3463/11860
f 2997/3468/11861 2998/3469/11862 2994/3465/11863 2993/3464/11864
f 2998/3469/11865 2999/3470/11866 2995/3466/11867 2994/3465/11868
f 3007/3471/11869 3008/3472/11870 3004/3473/11871 3003/3474/11872
f 3008/3472/11873 3009/3475/11874 3005/3476/11875 3004/3473/11876
f 3009/3475/11877 3010/3477/11878 3006/3478/11879 3005/3476/11880
f 3011/3479/11881 3012/3480/11882 3008/3472/11883 3007/3471/11884
f 3012/3480/11885 3013/3481/11886 3009/3475/11887 3008/3472/11888
f 3013/3481/11889 3014/3482/11890 3010/3477/11891 3009/3475/11892
f 2999/3470/11893 2998/3469/11894 3012/3480/11895 3011/3479/11896
f 2998/3469/11897 2997/3468/11898 3013/3481/11899 3012/3480/11900
f 2997/3468/11901 2996/3467/11902 3014/3482/11903 3013/3481/11904
f 3019/3483/11905 2988/3455/11906 2984/3458/11907 3016/3484/11908
f 3020/3485/11909 3021/3486/11910 3019/3483/11911 3018/3487/11912
f 3021/3486/11913 2992/3463/11914 2988/3455/11915 3019/3483/11916
f 3010/3477/11917 3014/3482/11918 3021/3486/11919 3020/3485/11920
f 3014/3482/11921 2996/3467/11922 2992/3463/11923 3021/3486/11924
f 2991/3461/11925 3022/3488/11926 3017/3489/11927 2987/3462/11928
f 3022/3488/11929 3023/3490/11930 3015/3491/11931 3017/3489/11932
f 3023/3490/11933 3001/3492/11934 3000/3493/11935 3015/3491/11936
f 2995/3466/11937 3024/3494/11938 3022/3488/11939 2991/3461/11940
f 3024/3494/11941 3025/3495/11942 3023/3490/11943 3022/3488/11944
f 3025/3495/11945 3002/3496/11946 3001/3492/11947 3023/3490/11948
f 2999/3470/11949 3011/3479/11950 3024/3494/11951 2995/3466/11952
f 3011/3479/11953 3007/3471/11954 3025/3495/11955 3024/3494/11956
f 3007/3471/11957 3003/3474/11958 3002/3496/11959 3025/3495/11960
f 3035/3497/11961 3036/3498/11962 3031/3499/11963 3030/3500/11964
f 3042/3501/11965 3043/3502/11966 3038/3503/11967 3037/3504/11968
f 3043/3502/11969 3044/3505/11970 3039/3506/11971 3038/3503/11972
f 3044/3505/11973 3045/3507/11974 3040/3508/11975 3039/3506/11976
f 3045/3507/11977 3046/3509/11978 3041/3510/11979 3040/3508/11980
f 3047/3511/11981 3048/3512/11982 3043/3502/11983 3042/3501/11984
f 3048/3512/11985 3049/3513/11986 3044/3505/11987 3043/3502/11988
f 3049/3513/11989 3050/3514/11990 3045/3507/11991 3044/3505/11992
f 3050/3514/11993 3051/3515/11994 3046/3509/11995 3045/3507/11996
f 3052/3516/11997 3053/3517/11998 3048/3512/11999 3047/3511/12000
f 3053/3517/12001 3054/3518/12002 3049/3513/12003 3048/3512/12004
f 3054/3518/12005 3055/3519/12006 3050/3514/12007 3049/3513/12008
f 3055/3519/12009 3056/3520/12010 3051/3515/12011 3050/3514/12012
f 3057/3521/12013 3058/3522/12014 3053/3517/12015 3052/3516/12016
f 3058/3522/12017 3059/3523/12018 3054/3518/12019 3053/3517/12020
f 3059/3523/12021 3060/3524/12022 3055/3519/12023 3054/3518/12024
f 3060/3524/12025 3061/3525/12026 3056/3520/12027 3055/3519/12028
f 3062/3526/12029 3063/3527/12030 3058/3522/12031 3057/3521/12032
f 3063/3527/12033 3064/3528/12034 3059/3523/12035 3058/3522/12036
f 3064/3528/12037 3065/3529/12038 3060/3524/12039 3059/3523/12040
f 3065/3529/12041 3066/3530/12042 3061/3525/12043 3060/3524/12044
f 3067/3531/12045 3068/3532/12046 3063/3527/12047 3062/3526/12048
f 3068/3532/12049 3069/3533/12050 3064/3528/12051 3063/3527/12052
f 3069/3533/12053 3070/3534/12054 3065/3529/12055 3064/3528/12056
f 3070/3534/12057 3071/3535/12058 3066/3530/12059 3065/3529/12060
f 3072/3536/12061 3073/3537/12062 3068/3532/12063 3067/3531/12064
f 3073/3537/12065 3074/3538/12066 3069/3533/12067 3068/3532/12068
f 3074/3538/12069 3075/3539/12070 3070/3534/12071 3069/3533/12072
f 3075/3539/12073 3076/3540/12074 3071/3535/12075 3070/3534/12076
f 3036/3498/12077 3035/3497/12078 3073/3537/12079 3072/3536/12080
f 3035/3497/12081 3034/3541/12082 3074/3538/12083 3073/3537/12084
f 3034/3541/12085 3033/3542/12086 3075/3539/12087 3074/3538/12088
f 3033/3542/12089 3032/3543/12090 3076/3540/12091 3075/3539/12092
f 3077/3544/12093 3078/3545/12094 3040/3508/12095 3041/3510/12096
f 3079/3546/12097 3080/3547/12098 3037/3504/12099 3038/3503/12100
f 3026/3548/12101 3027/3549/12102 3084/3550/12103 3083/3551/12104
f 3046/3509/12105 3085/3552/12106 3077/3544/12107 3041/3510/12108
f 3085/3552/12109 3086/3553/12110 3081/3554/12111 3077/3544/12112
f 3051/3515/12113 3087/3555/12114 3085/3552/12115 3046/3509/12116
f 3087/3555/12117 3088/3556/12118 3086/3553/12119 3085/3552/12120
f 3056/3520/12121 3089/3557/12122 3087/3555/12123 3051/3515/12124
f 3089/3557/12125 3090/3558/12126 3088/3556/12127 3087/3555/12128
f 3061/3525/12129 3066/3530/12130 3089/3557/12131 3056/3520/12132
f 3066/3530/12133 3071/3535/12134 3090/3558/12135 3089/3557/12136
f 3071/3535/12137 3076/3540/12138 3091/3559/12139 3090/3558/12140
f 3028/3560/12141 3092/3561/12142 3084/3550/12143 3027/3549/12144
f 3092/3561/12145 3093/3562/12146 3082/3563/12147 3084/3550/12148
f 3093/3562/12149 3094/3564/12150 3080/3547/12151 3082/3563/12152
f 3094/3564/12153 3042/3501/12154 3037/3504/12155 3080/3547/12156
f 3029/3565/12157 3095/3566/12158 3092/3561/12159 3028/3560/12160
f 3095/3566/12161 3096/3567/12162 3093/3562/12163 3092/3561/12164
f 3096/3567/12165 3097/3568/12166 3094/3564/12167 3093/3562/12168
f 3097/3568/12169 3047/3511/12170 3042/3501/12171 3094/3564/12172
f 3031/3499/12173 3098/3569/12174 3095/3566/12175 3029/3565/12176
f 3098/3569/12177 3099/3570/12178 3096/3567/12179 3095/3566/12180
f 3099/3570/12181 3100/3571/12182 3097/3568/12183 3096/3567/12184
f 3100/3571/12185 3052/3516/12186 3047/3511/12187 3097/3568/12188
f 3036/3498/12189 3072/3536/12190 3098/3569/12191 3031/3499/12192
f 3072/3536/12193 3067/3531/12194 3099/3570/12195 3098/3569/12196
f 3067/3531/12197 3062/3526/12198 3100/3571/12199 3099/3570/12200
f 3062/3526/12201 3057/3521/12202 3052/3516/12203 3100/3571/12204
f 3106/3572/12205 3107/3573/12206 3102/3574/12207 3101/3575/12208
f 3107/3573/12209 3108/3576/12210 3103/3577/12211 3102/3574/12212
f 3108/3576/12213 3109/3578/12214 3104/3579/12215 3103/3577/12216
f 3109/3578/12217 3110/3580/12218 3105/3581/12219 3104/3579/12220
f 3111/3582/12221 3112/3583/12222 3107/3573/12223 3106/3572/12224
f 3112/3583/12225 3113/3584/12226 3108/3576/12227 3107/3573/12228
f 3113/3584/12229 3114/3585/12230 3109/3578/12231 3108/3576/12232
f 3114/3585/12233 3115/3586/12234 3110/3580/12235 3109/3578/12236
f 3116/3587/12237 3117/3588/12238 3112/3583/12239 3111/3582/12240
f 3117/3588/12241 3118/3589/12242 3113/3584/12243 3112/3583/12244
f 3118/3589/12245 3119/3590/12246 3114/3585/12247 3113/3584/12248
f 3119/3590/12249 3120/3591/12250 3115/3586/12251 3114/3585/12252
f 3121/3592/12253 3122/3593/12254 3117/3588/12255 3116/3587/12256
f 3122/3593/12257 3123/3594/12258 3118/3589/12259 3117/3588/12260
f 3123/3594/12261 3124/3595/12262 3119/3590/12263 3118/3589/12264
f 3124/3595/12265 3125/3596/12266 3120/3591/12267 3119/3590/12268
f 3130/3597/12269 3131/3598/12270 3128/3599/12271 3127/3600/12272
f 3134/3601/12273 3135/3602/12274 3130/3597/12275 3129/3603/12276
f 3135/3602/12277 3136/3604/12278 3131/3598/12279 3130/3597/12280
f 3136/3604/12281 3137/3605/12282 3132/3606/12283 3131/3598/12284
f 3137/3605/12285 3138/3607/12286 3133/3608/12287 3132/3606/12288
f 3125/3596/12289 3124/3595/12290 3135/3602/12291 3134/3601/12292
f 3124/3595/12293 3123/3594/12294 3136/3604/12295 3135/3602/12296
f 3123/3594/12297 3122/3593/12298 3137/3605/12299 3136/3604/12300
f 3122/3593/12301 3121/3592/12302 3138/3607/12303 3137/3605/12304
f 3143/3609/12305 3144/3610/12306 3141/3611/12307 3139/3612/12308
f 3144/3610/12309 3106/3572/12310 3101/3575/12311 3141/3611/12312
f 3145/3613/12313 3146/3614/12314 3144/3610/12315 3143/3609/12316
f 3146/3614/12317 3111/3582/12318 3106/3572/12319 3144/3610/12320
f 3147/3615/12321 3148/3616/12322 3146/3614/12323 3145/3613/12324
f 3148/3616/12325 3116/3587/12326 3111/3582/12327 3146/3614/12328
f 3138/3607/12329 3121/3592/12330 3116/3587/12331 3148/3616/12332
f 3110/3580/12333 3149/3617/12334 3142/3618/12335 3105/3581/12336
f 3149/3617/12337 3150/3619/12338 3140/3620/12339 3142/3618/12340
f 3115/3586/12341 3152/3621/12342 3149/3617/12343 3110/3580/12344
f 3152/3621/12345 3153/3622/12346 3150/3619/12347 3149/3617/12348
f 3153/3622/12349 3154/3623/12350 3151/3624/12351 3150/3619/12352
f 3120/3591/12353 3155/3625/12354 3152/3621/12355 3115/3586/12356
f 3155/3625/12357 3156/3626/12358 3153/3622/12359 3152/3621/12360
f 3156/3626/12361 3157/3627/12362 3154/3623/12363 3153/3622/12364
f 3125/3596/12365 3134/3601/12366 3155/3625/12367 3120/3591/12368
f 3134/3601/12369 3129/3603/12370 3156/3626/12371 3155/3625/12372
f 3129/3603/12373 3126/3628/12374 3157/3627/12375 3156/3626/12376
f 3163/3629/12377 3164/3630/12378 3159/3631/12379 3158/3632/12380
f 3164/3630/12381 3165/3633/12382 3160/3634/12383 3159/3631/12384
f 3165/3633/12385 3166/3635/12386 3161/3636/12387 3160/3634/12388
f 3166/3635/12389 3167/3637/12390 3162/3638/12391 3161/3636/12392
f 3168/3639/12393 3169/3640/12394 3164/3630/12395 3163/3629/12396
f 3169/3640/12397 3170/3641/12398 3165/3633/12399 3164/3630/12400
f 3170/3641/12401 3171/3642/12402 3166/3635/12403 3165/3633/12404
f 3171/3642/12405 3172/3643/12406 3167/3637/12407 3166/3635/12408
f 3173/3644/12409 3174/3645/12410 3169/3640/12411 3168/3639/12412
f 3174/3645/12413 3175/3646/12414 3170/3641/12415 3169/3640/12416
f 3175/3646/12417 3176/3647/12418 3171/3642/12419 3170/3641/12420
f 3176/3647/12421 3177/3648/12422 3172/3643/12423 3171/3642/12424
f 3178/3649/12425 3179/3650/12426 3174/3645/12427 3173/3644/12428
f 3179/3650/12429 3180/3651/12430 3175/3646/12431 3174/3645/12432
f 3180/3651/12433 3181/3652/12434 3176/3647/12435 3175/3646/12436
f 3181/3652/12437 3182/3653/12438 3177/3648/12439 3176/3647/12440
f 3188/3654/12441 3189/3655/12442 3184/3656/12443 3183/3657/12444
f 3189/3655/12445 3190/3658/12446 3185/3659/12447 3184/3656/12448
f 3190/3658/12449 3191/3660/12450 3186/3661/12451 3185/3659/12452
f 3191/3660/12453 3192/3662/12454 3187/3663/12455 3186/3661/12456
f 3193/3664/12457 3194/3665/12458 3189/3655/12459 3188/3654/12460
f 3194/3665/12461 3195/3666/12462 3190/3658/12463 3189/3655/12464
f 3195/3666/12465 3196/3667/12466 3191/3660/12467 3190/3658/12468
f 3196/3667/12469 3197/3668/12470 3192/3662/12471 3191/3660/12472
f 3198/3669/12473 3199/3670/12474 3194/3665/12475 3193/3664/12476
f 3199/3670/12477 3200/3671/12478 3195/3666/12479 3194/3665/12480
f 3200/3671/12481 3201/3672/12482 3196/3667/12483 3195/3666/12484
f 3201/3672/12485 3202/3673/12486 3197/3668/12487 3196/3667/12488
f 3203/3674/12489 3204/3675/12490 3199/3670/12491 3198/3669/12492
f 3204/3675/12493 3205/3676/12494 3200/3671/12495 3199/3670/12496
f 3205/3676/12497 3206/3677/12498 3201/3672/12499 3200/3671/12500
f 3206/3677/12501 3207/3678/12502 3202/3673/12503 3201/3672/12504
f 3208/3679/12505 3209/3680/12506 3204/3681/12507 3203/3682/12508
f 3209/3680/12509 3210/3683/12510 3205/3684/12511 3204/3681/12512
f 3210/3683/12513 3211/3685/12514 3206/3686/12515 3205/3684/12516
f 3211/3685/12517 3212/3687/12518 3207/3688/12519 3206/3686/12520
f 3213/3689/12521 3214/3690/12522 3209/3680/12523 3208/3679/12524
f 3214/3690/12525 3215/3691/12526 3210/3683/12527 3209/3680/12528
f 3215/3691/12529 3216/3692/12530 3211/3685/12531 3210/3683/12532
f 3216/3692/12533 3217/3693/12534 3212/3687/12535 3211/3685/12536
f 3218/3694/12537 3219/3695/12538 3214/3690/12539 3213/3689/12540
f 3219/3695/12541 3220/3696/12542 3215/3691/12543 3214/3690/12544
f 3220/3696/12545 3221/3697/12546 3216/3692/12547 3215/3691/12548
f 3221/3697/12549 3222/3698/12550 3217/3693/12551 3216/3692/12552
f 3182/3653/12553 3181/3652/12554 3219/3695/12555 3218/3694/12556
f 3181/3652/12557 3180/3651/12558 3220/3696/12559 3219/3695/12560
f 3180/3651/12561 3179/3650/12562 3221/3697/12563 3220/3696/12564
f 3179/3650/12565 3178/3649/12566 3222/3698/12567 3221/3697/12568
f 3224/3699/12569 3225/3700/12570 3183/3657/12571 3184/3656/12572
f 3161/3636/12573 3162/3638/12574 3230/3701/12575 3229/3702/12576
f 3192/3662/12577 3231/3703/12578 3223/3704/12579 3187/3663/12580
f 3231/3703/12581 3232/3705/12582 3226/3706/12583 3223/3704/12584
f 3232/3705/12585 3233/3707/12586 3228/3708/12587 3226/3706/12588
f 3233/3707/12589 3163/3709/12590 3158/3710/12591 3228/3708/12592
f 3197/3668/12593 3234/3711/12594 3231/3703/12595 3192/3662/12596
f 3234/3711/12597 3235/3712/12598 3232/3705/12599 3231/3703/12600
f 3235/3712/12601 3236/3713/12602 3233/3707/12603 3232/3705/12604
f 3236/3713/12605 3168/3714/12606 3163/3709/12607 3233/3707/12608
f 3202/3673/12609 3237/3715/12610 3234/3711/12611 3197/3668/12612
f 3237/3715/12613 3238/3716/12614 3235/3712/12615 3234/3711/12616
f 3238/3716/12617 3239/3717/12618 3236/3713/12619 3235/3712/12620
f 3239/3717/12621 3173/3718/12622 3168/3714/12623 3236/3713/12624
f 3207/3678/12625 3212/3719/12626 3237/3715/12627 3202/3673/12628
f 3212/3719/12629 3217/3720/12630 3238/3716/12631 3237/3715/12632
f 3217/3720/12633 3222/3721/12634 3239/3717/12635 3238/3716/12636
f 3222/3721/12637 3178/3722/12638 3173/3718/12639 3239/3717/12640
f 3167/3637/12641 3240/3723/12642 3230/3701/12643 3162/3638/12644
f 3240/3723/12645 3241/3724/12646 3227/3725/12647 3230/3701/12648
f 3241/3724/12649 3242/3726/12650 3225/3727/12651 3227/3725/12652
f 3242/3726/12653 3188/3728/12654 3183/3729/12655 3225/3727/12656
f 3172/3643/12657 3243/3730/12658 3240/3723/12659 3167/3637/12660
f 3243/3730/12661 3244/3731/12662 3241/3724/12663 3240/3723/12664
f 3244/3731/12665 3245/3732/12666 3242/3726/12667 3241/3724/12668
f 3245/3732/12669 3193/3733/12670 3188/3728/12671 3242/3726/12672
f 3177/3648/12673 3246/3734/12674 3243/3730/12675 3172/3643/12676
f 3246/3734/12677 3247/3735/12678 3244/3731/12679 3243/3730/12680
f 3247/3735/12681 3248/3736/12682 3245/3732/12683 3244/3731/12684
f 3248/3736/12685 3198/3737/12686 3193/3733/12687 3245/3732/12688
f 3182/3653/12689 3218/3694/12690 3246/3734/12691 3177/3648/12692
f 3218/3694/12693 3213/3689/12694 3247/3735/12695 3246/3734/12696
f 3213/3689/12697 3208/3679/12698 3248/3736/12699 3247/3735/12700
f 3208/3679/12701 3203/3682/12702 3198/3737/12703 3248/3736/12704
f 3254/3738/12705 3255/3739/12706 3250/3740/12707 3249/3741/12708
f 3255/3739/12709 3256/3742/12710 3251/3743/12711 3250/3740/12712
f 3256/3742/12713 3257/3744/12714 3252/3745/12715 3251/3743/12716
f 3257/3744/12717 3258/3746/12718 3253/3747/12719 3252/3745/12720
f 3259/3748/12721 3260/3749/12722 3255/3739/12723 3254/3738/12724
f 3260/3749/12725 3261/3750/12726 3256/3742/12727 3255/3739/12728
f 3261/3750/12729 3262/3751/12730 3257/3744/12731 3256/3742/12732
f 3262/3751/12733 3263/3752/12734 3258/3746/12735 3257/3744/12736
f 3264/3753/12737 3265/3754/12738 3260/3749/12739 3259/3748/12740
f 3265/3754/12741 3266/3755/12742 3261/3750/12743 3260/3749/12744
f 3266/3755/12745 3267/3756/12746 3262/3751/12747 3261/3750/12748
f 3267/3756/12749 3268/3757/12750 3263/3752/12751 3262/3751/12752
f 3269/3758/12753 3270/3759/12754 3265/3754/12755 3264/3753/12756
f 3270/3759/12757 3271/3760/12758 3266/3755/12759 3265/3754/12760
f 3271/3760/12761 3272/3761/12762 3267/3756/12763 3266/3755/12764
f 3272/3761/12765 3273/3762/12766 3268/3757/12767 3267/3756/12768
f 3277/3763/12769 3278/3764/12770 3275/3765/12771 3274/3766/12772
f 3280/3767/12773 3281/3768/12774 3278/3764/12775 3277/3763/12776
f 3283/3769/12777 3284/3770/12778 3281/3768/12779 3280/3767/12780
f 3286/3771/12781 3287/3772/12782 3284/3770/12783 3283/3769/12784
f 3289/3773/12785 3290/3774/12786 3287/3772/12787 3286/3771/12788
f 3294/3775/12789 3295/3776/12790 3290/3774/12791 3289/3773/12792
f 3295/3776/12793 3296/3777/12794 3291/3778/12795 3290/3774/12796
f 3296/3777/12797 3297/3779/12798 3292/3780/12799 3291/3778/12800
f 3297/3779/12801 3298/3781/12802 3293/3782/12803 3292/3780/12804
f 3299/3783/12805 3300/3784/12806 3295/3776/12807 3294/3775/12808
f 3300/3784/12809 3301/3785/12810 3296/3777/12811 3295/3776/12812
f 3301/3785/12813 3302/3786/12814 3297/3779/12815 3296/3777/12816
f 3302/3786/12817 3303/3787/12818 3298/3781/12819 3297/3779/12820
f 3273/3762/12821 3272/3761/12822 3300/3784/12823 3299/3783/12824
f 3272/3761/12825 3271/3760/12826 3301/3785/12827 3300/3784/12828
f 3271/3760/12829 3270/3759/12830 3302/3786/12831 3301/3785/12832
f 3270/3759/12833 3269/3758/12834 3303/3787/12835 3302/3786/12836
f 3279/3788/12837 3310/3789/12838 3304/3790/12839 3276/3791/12840
f 3310/3789/12841 3311/3792/12842 3306/3793/12843 3304/3790/12844
f 3311/3792/12845 3312/3794/12846 3308/3795/12847 3306/3793/12848
f 3312/3794/12849 3254/3738/12850 3249/3741/12851 3308/3795/12852
f 3282/3796/12853 3313/3797/12854 3310/3789/12855 3279/3788/12856
f 3313/3797/12857 3314/3798/12858 3311/3792/12859 3310/3789/12860
f 3314/3798/12861 3315/3799/12862 3312/3794/12863 3311/3792/12864
f 3315/3799/12865 3259/3748/12866 3254/3738/12867 3312/3794/12868
f 3285/3800/12869 3316/3801/12870 3313/3797/12871 3282/3796/12872
f 3316/3801/12873 3317/3802/12874 3314/3798/12875 3313/3797/12876
f 3317/3802/12877 3318/3803/12878 3315/3799/12879 3314/3798/12880
f 3318/3803/12881 3264/3753/12882 3259/3748/12883 3315/3799/12884
f 3288/3804/12885 3293/3782/12886 3316/3801/12887 3285/3800/12888
f 3293/3782/12889 3298/3781/12890 3317/3802/12891 3316/3801/12892
f 3298/3781/12893 3303/3787/12894 3318/3803/12895 3317/3802/12896
f 3303/3787/12897 3269/3758/12898 3264/3753/12899 3318/3803/12900
f 3258/3746/12901 3319/3805/12902 3309/3806/12903 3253/3747/12904
f 3319/3805/12905 3320/3807/12906 3307/3808/12907 3309/3806/12908
f 3320/3807/12909 3321/3809/12910 3305/3810/12911 3307/3808/12912
f 3321/3809/12913 3277/3763/12914 3274/3766/12915 3305/3810/12916
f 3263/3752/12917 3322/3811/12918 3319/3805/12919 3258/3746/12920
f 3322/3811/12921 3323/3812/12922 3320/3807/12923 3319/3805/12924
f 3323/3812/12925 3324/3813/12926 3321/3809/12927 3320/3807/12928
f 3324/3813/12929 3280/3767/12930 3277/3763/12931 3321/3809/12932
f 3268/3757/12933 3325/3814/12934 3322/3811/12935 3263/3752/12936
f 3325/3814/12937 3326/3815/12938 3323/3812/12939 3322/3811/12940
f 3326/3815/12941 3327/3816/12942 3324/3813/12943 3323/3812/12944
f 3327/3816/12945 3283/3769/12946 3280/3767/12947 3324/3813/12948
f 3273/3762/12949 3299/3783/12950 3325/3814/12951 3268/3757/12952
f 3299/3783/12953 3294/3775/12954 3326/3815/12955 3325/3814/12956
f 3294/3775/12957 3289/3773/12958 3327/3816/12959 3326/3815/12960
f 3289/3773/12961 3286/3771/12962 3283/3769/12963 3327/3816/12964
f 3333/3817/12965 3334/3818/12966 3329/3819/12967 3328/3820/12968
f 3334/3818/12969 3335/3821/12970 3330/3822/12971 3329/3819/12972
f 3335/3821/12973 3336/3823/12974 3331/3824/12975 3330/3822/12976
f 3336/3823/12977 3337/3825/12978 3332/3826/12979 3331/3824/12980
f 3338/3827/12981 3339/3828/12982 3334/3818/12983 3333/3817/12984
f 3339/3828/12985 3340/3829/12986 3335/3821/12987 3334/3818/12988
f 3340/3829/12989 3341/3830/12990 3336/3823/12991 3335/3821/12992
f 3341/3830/12993 3342/3831/12994 3337/3825/12995 3336/3823/12996
f 3343/3832/12997 3344/3833/12998 3339/3828/12999 3338/3827/13000
f 3344/3833/13001 3345/3834/13002 3340/3829/13003 3339/3828/13004
f 3345/3834/13005 3346/3835/13006 3341/3830/13007 3340/3829/13008
f 3346/3835/13009 3347/3836/13010 3342/3831/13011 3341/3830/13012
f 3348/3837/13013 3349/3838/13014 3344/3833/13015 3343/3832/13016
f 3349/3838/13017 3350/3839/13018 3345/3834/13019 3344/3833/13020
f 3350/3839/13021 3351/3840/13022 3346/3835/13023 3345/3834/13024
f 3351/3840/13025 3352/3841/13026 3347/3836/13027 3346/3835/13028
f 3358/3842/13029 3359/3843/13030 3354/3844/13031 3353/3845/13032
f 3359/3843/13033 3360/3846/13034 3355/3847/13035 3354/3844/13036
f 3360/3846/13037 3361/3848/13038 3356/3849/13039 3355/3847/13040
f 3361/3848/13041 3362/3850/13042 3357/3851/13043 3356/3849/13044
f 3363/3852/13045 3364/3853/13046 3359/3843/13047 3358/3842/13048
f 3364/3853/13049 3365/3854/13050 3360/3846/13051 3359/3843/13052
f 3365/3854/13053 3366/3855/13054 3361/3848/13055 3360/3846/13056
f 3366/3855/13057 3367/3856/13058 3362/3850/13059 3361/3848/13060
f 3368/3857/13061 3369/3858/13062 3364/3853/13063 3363/3852/13064
f 3369/3858/13065 3370/3859/13066 3365/3854/13067 3364/3853/13068
f 3370/3859/13069 3371/3860/13070 3366/3855/13071 3365/3854/13072
f 3371/3860/13073 3372/3861/13074 3367/3856/13075 3366/3855/13076
f 3373/3862/13077 3374/3863/13078 3369/3858/13079 3368/3857/13080
f 3374/3863/13081 3375/3864/13082 3370/3859/13083 3369/3858/13084
f 3375/3864/13085 3376/3865/13086 3371/3860/13087 3370/3859/13088
f 3376/3865/13089 3377/3866/13090 3372/3861/13091 3371/3860/13092
f 3378/3867/13093 3379/3868/13094 3374/3863/13095 3373/3862/13096
f 3379/3868/13097 3380/3869/13098 3375/3864/13099 3374/3863/13100
f 3380/3869/13101 3381/3870/13102 3376/3865/13103 3375/3864/13104
f 3381/3870/13105 3382/3871/13106 3377/3866/13107 3376/3865/13108
f 3383/3872/13109 3384/3873/13110 3379/3874/13111 3378/3875/13112
f 3384/3873/13113 3385/3876/13114 3380/3877/13115 3379/3874/13116
f 3385/3876/13117 3386/3878/13118 3381/3879/13119 3380/3877/13120
f 3386/3878/13121 3387/3880/13122 3382/3881/13123 3381/3879/13124
f 3388/3882/13125 3389/3883/13126 3384/3873/13127 3383/3872/13128
f 3389/3883/13129 3390/3884/13130 3385/3876/13131 3384/3873/13132
f 3390/3884/13133 3391/3885/13134 3386/3878/13135 3385/3876/13136
f 3391/3885/13137 3392/3886/13138 3387/3880/13139 3386/3878/13140
f 3352/3841/13141 3351/3840/13142 3389/3883/13143 3388/3882/13144
f 3351/3840/13145 3350/3839/13146 3390/3884/13147 3389/3883/13148
f 3350/3839/13149 3349/3838/13150 3391/3885/13151 3390/3884/13152
f 3349/3838/13153 3348/3837/13154 3392/3886/13155 3391/3885/13156
f 3328/3820/13157 3329/3819/13158 3398/3887/13159 3397/3888/13160
f 3329/3819/13161 3330/3822/13162 3399/3889/13163 3398/3887/13164
f 3330/3822/13165 3331/3824/13166 3400/3890/13167 3399/3889/13168
f 3331/3824/13169 3332/3826/13170 3401/3891/13171 3400/3890/13172
f 3362/3850/13173 3402/3892/13174 3393/3893/13175 3357/3851/13176
f 3402/3894/13177 3403/3895/13178 3395/3896/13179 3393/3897/13180
f 3403/3895/13181 3404/3898/13182 3397/3888/13183 3395/3896/13184
f 3404/3898/13185 3333/3817/13186 3328/3820/13187 3397/3888/13188
f 3367/3856/13189 3405/3899/13190 3402/3892/13191 3362/3850/13192
f 3405/3900/13193 3406/3901/13194 3403/3895/13195 3402/3894/13196
f 3406/3901/13197 3407/3902/13198 3404/3898/13199 3403/3895/13200
f 3407/3902/13201 3338/3827/13202 3333/3817/13203 3404/3898/13204
f 3372/3861/13205 3408/3903/13206 3405/3899/13207 3367/3856/13208
f 3408/3904/13209 3409/3905/13210 3406/3901/13211 3405/3900/13212
f 3409/3905/13213 3410/3906/13214 3407/3902/13215 3406/3901/13216
f 3410/3906/13217 3343/3832/13218 3338/3827/13219 3407/3902/13220
f 3377/3866/13221 3382/3871/13222 3408/3903/13223 3372/3861/13224
f 3382/3881/13225 3387/3880/13226 3409/3905/13227 3408/3904/13228
f 3387/3880/13229 3392/3886/13230 3410/3906/13231 3409/3905/13232
f 3392/3886/13233 3348/3837/13234 3343/3832/13235 3410/3906/13236
f 3337/3825/13237 3411/3907/13238 3401/3891/13239 3332/3826/13240
f 3411/3907/13241 3412/3908/13242 3396/3909/13243 3401/3891/13244
f 3412/3908/13245 3413/3910/13246 3394/3911/13247 3396/3909/13248
f 3413/3912/13249 3358/3842/13250 3353/3845/13251 3394/3913/13252
f 3342/3831/13253 3414/3914/13254 3411/3907/13255 3337/3825/13256
f 3414/3914/13257 3415/3915/13258 3412/3908/13259 3411/3907/13260
f 3415/3915/13261 3416/3916/13262 3413/3910/13263 3412/3908/13264
f 3416/3917/13265 3363/3852/13266 3358/3842/13267 3413/3912/13268
f 3347/3836/13269 3417/3918/13270 3414/3914/13271 3342/3831/13272
f 3417/3918/13273 3418/3919/13274 3415/3915/13275 3414/3914/13276
f 3418/3919/13277 3419/3920/13278 3416/3916/13279 3415/3915/13280
f 3419/3921/13281 3368/3857/13282 3363/3852/13283 3416/3917/13284
f 3352/3841/13285 3388/3882/13286 3417/3918/13287 3347/3836/13288
f 3388/3882/13289 3383/3872/13290 3418/3919/13291 3417/3918/13292
f 3383/3872/13293 3378/3875/13294 3419/3920/13295 3418/3919/13296
f 3378/3867/13297 3373/3862/13298 3368/3857/13299 3419/3921/13300
g default
v 249.520660 1919.931519 147.750031
v 205.108246 1830.351318 61.309013
v 157.983475 1696.812500 47.760498
v 121.547928 1590.428101 71.682976
v 195.338959 1948.821167 239.377701
v 94.270851 1857.000610 184.161423
v 30.819782 1730.425415 158.763153
v 44.206985 1595.088867 185.906433
v 103.835884 1967.223755 376.263092
v 2.767777 1875.403198 321.046814
v -25.022663 1733.617676 321.531250
v -47.296082 1613.491577 322.791809
v 87.107880 1960.864014 497.131592
v 5.374094 1860.796631 455.948212
v -41.750683 1727.257935 442.399780
v -41.754120 1674.675537 391.155304
v -81.332771 1317.848633 -84.369675
v -58.084572 1335.422485 -85.989784
v -29.393261 1338.578125 -98.390099
v -8.390167 1334.725464 -112.123932
v -93.118179 1309.161499 -103.836159
v -71.780487 1328.011230 -119.564911
v -44.145031 1335.565430 -133.288849
v -16.500858 1323.910156 -139.442368
v -105.563774 1296.541626 -135.843857
v -84.226059 1315.391479 -151.572617
v -54.284393 1313.338623 -162.405441
v -28.946461 1311.290283 -171.450058
v -110.916626 1276.663574 -153.287796
v -88.328529 1290.304688 -167.449081
v -59.637222 1293.460571 -179.849396
v -45.637260 1300.661987 -175.970734
v -159.459167 1364.947021 104.768539
v -169.275864 1367.027832 155.970612
v -160.892151 1340.926392 204.981842
v -145.870407 1312.116333 236.669525
v -119.468292 1361.360352 87.922531
v -104.249344 1365.257690 143.905014
v -93.717064 1346.492920 196.456055
v -93.640144 1300.587280 226.284500
v -56.986023 1350.901611 71.665344
v -41.767815 1354.798950 127.647781
v -35.929527 1320.008667 172.467209
v -31.158537 1290.128418 210.027390
v -21.786058 1324.673096 51.675602
v -9.112637 1319.881714 103.466476
v -0.729801 1293.779907 152.477661
v -14.564310 1290.753052 177.766876
v 399.292114 1487.108276 -205.665237
v 377.530945 1515.999390 -168.060410
v 374.939545 1523.887329 -112.519852
v 383.001251 1520.931885 -67.954613
v 442.239197 1481.387085 -209.992584
v 443.583649 1518.617798 -165.350449
v 441.982635 1534.795410 -110.941032
v 436.572418 1514.465576 -60.398933
v 507.119141 1474.188721 -205.943130
v 508.463593 1511.419312 -161.300980
v 504.699402 1509.490479 -104.420990
v 501.452362 1507.267090 -56.349476
v 546.950562 1447.575684 -200.305130
v 547.122192 1474.989380 -154.323456
v 544.530823 1482.877441 -98.782883
v 525.200562 1492.366943 -79.381920
v -175.681274 1849.585449 242.490829
v -112.408997 1937.980103 406.535034
v 25.321417 1932.678589 549.399902
v 153.648376 1890.630005 629.054810
v -77.759956 1803.976562 72.911926
v 72.531555 1900.225342 164.912811
v 218.286377 1922.526733 298.622833
v 308.369202 1828.198486 448.961090
v 97.677849 1733.533203 -157.868591
v 247.969452 1829.781982 -65.867844
v 376.197113 1791.791870 87.838722
v 483.807190 1757.755005 218.180450
v 191.256760 1614.510742 -284.668732
v 332.045654 1678.070923 -181.826263
v 469.776154 1672.769287 -38.961349
v 475.524628 1705.845459 77.774590
v -119.838493 1132.910645 -277.468781
v -125.184639 1186.220947 -269.553497
v -95.840851 1236.226196 -263.520874
v -61.174267 1268.094604 -262.122803
v -96.528183 1114.812256 -311.700958
v -90.464714 1172.809448 -327.267090
v -66.512009 1226.666504 -326.941986
v -24.205540 1256.317017 -303.272888
v -55.424049 1096.839233 -362.655609
v -49.360580 1154.836060 -378.221619
v -13.632750 1200.279663 -365.429962
v 16.898514 1238.343872 -354.227295
v -14.287027 1074.901855 -380.912262
v -1.839443 1128.337280 -389.719360
v 27.504347 1178.342529 -383.686554
v 23.886036 1204.674805 -369.590881
v -286.547424 1077.937988 112.273338
v -255.378952 1102.117554 131.484100
v -213.928238 1123.639038 124.493507
v -182.658737 1137.902466 107.898071
v -303.517700 1087.516479 81.273468
v -276.225006 1127.721680 86.704178
v -237.266510 1155.071289 82.878532
v -194.181519 1154.257446 66.677231
v -321.412354 1106.218994 32.744904
v -294.120056 1146.424194 38.175789
v -249.717834 1161.044189 27.436924
v -212.076294 1172.960083 18.148876
v -326.535339 1103.056274 -7.368032
v -296.291443 1136.359741 -5.685314
v -254.840668 1157.881348 -12.675821
v -235.151535 1163.734253 0.445673
v -246.722916 1043.174927 -210.542160
v -256.963562 1046.616333 -237.657104
v -261.872314 1032.023804 -265.041260
v -263.636993 1014.140015 -282.976013
v -254.257614 1025.695923 -195.342987
v -274.550720 1019.290771 -219.943192
v -283.832031 1006.451782 -247.477951
v -273.741211 988.431763 -270.091156
v -266.667694 996.293701 -177.450378
v -286.960815 989.888428 -202.050400
v -286.692139 973.219604 -229.255920
v -286.151398 959.029663 -252.198608
v -263.235229 972.423584 -165.345673
v -278.350739 963.941772 -189.767227
v -283.259552 949.349487 -217.151154
v -283.837372 953.263550 -232.875397
v 0.903116 1682.077637 -70.958534
v 43.411892 1754.614868 25.498241
v 137.041351 1766.485107 117.047897
v 224.343430 1749.159302 171.438507
v 65.304771 1642.942993 -178.929443
v 165.054977 1718.375244 -132.251709
v 263.478027 1748.028442 -49.927540
v 326.869904 1700.154663 57.344517
v 181.271194 1585.643921 -325.754364
v 281.021545 1661.075928 -279.076904
v 368.974487 1651.886719 -176.602524
v 442.836487 1642.855469 -89.480698
v 244.477585 1501.167725 -397.440277
v 338.551208 1555.540405 -339.837830
v 432.180573 1567.410645 -248.288208
v 436.696747 1598.013306 -175.569336
v -259.053467 1204.365601 169.463623
v -233.444046 1273.805176 176.542145
v -195.054901 1344.475098 137.568161
v -165.872543 1393.112793 90.419907
v -292.160004 1201.761597 119.536926
v -285.134460 1292.743408 96.800293
v -254.046097 1371.324219 60.969673
v -197.890549 1405.197876 17.854002
v -335.204437 1211.332031 36.072250
v -328.178802 1302.313599 13.335449
v -281.143768 1363.615845 -29.361320
v -240.934906 1414.768066 -65.610741
v -344.075775 1196.691650 -26.841293
v -328.404358 1278.305420 -53.300484
v -290.014954 1348.975220 -92.274460
v -266.725586 1377.326416 -81.200096
v -261.643250 1187.429810 -61.508705
v -241.216034 1245.585205 -97.900185
v -196.055557 1270.464966 -150.358322
v -157.203461 1271.015503 -193.890793
v -286.582458 1123.243408 -87.653564
v -281.843872 1156.259888 -154.464508
v -246.236649 1184.194336 -212.596848
v -177.035858 1195.242310 -238.386261
v -315.896606 1030.301025 -137.498749
v -311.158020 1063.317627 -204.310120
v -254.684631 1084.579712 -250.049133
v -206.350159 1102.299805 -288.231567
v -309.833710 961.421631 -155.118576
v -293.781647 990.820801 -215.210632
v -248.621201 1015.700684 -267.668823
v -227.935074 1053.831177 -276.180115
v -218.716782 1006.509521 -269.624756
v -207.100220 1057.026733 -253.931702
v -172.665451 1102.918701 -264.234467
v -140.998062 1131.863159 -283.695892
v -228.663132 995.096558 -312.210999
v -223.899796 1054.692749 -320.478851
v -196.434998 1105.861816 -330.568237
v -144.693497 1127.401001 -339.955475
v -237.209106 986.512207 -379.010925
v -232.445709 1046.108398 -387.278687
v -189.757416 1085.750000 -397.834473
v -153.239410 1118.816895 -406.755524
v -224.384460 966.951050 -423.279205
v -211.367371 1020.297119 -431.799896
v -176.932388 1066.188965 -442.102417
v -165.007568 1088.977417 -426.493347
v -116.650330 1273.664917 153.040955
v -98.853752 1272.091187 202.063019
v -52.462738 1268.552002 233.512299
v -9.019695 1267.052246 246.558365
v -102.774895 1302.137207 123.162193
v -72.113037 1322.291016 168.267853
v -28.479895 1325.114868 204.500839
v 19.636669 1301.414062 215.463135
v -72.769295 1344.801147 83.702408
v -42.107334 1364.954834 128.808105
v 7.548627 1353.879395 154.592926
v 49.642044 1344.077637 176.003586
v -45.851948 1355.900146 45.246498
v -11.925291 1368.518066 84.687225
v 34.465904 1364.978760 116.136803
v 41.969280 1354.591797 142.135132
v 364.592438 1585.543091 344.572266
v 286.462036 1618.739868 298.024261
v 196.397583 1590.747070 253.719040
v 130.061783 1545.585205 228.188278
v 361.173767 1539.932251 411.172577
v 255.351395 1557.652466 399.862610
v 157.975983 1541.232178 363.107452
v 105.787033 1479.942627 301.149139
v 338.721039 1465.140259 504.069763
v 232.898697 1482.860596 492.759827
v 151.492157 1441.162964 439.513458
v 83.334328 1405.150635 394.046356
v 343.348694 1385.629395 544.899109
v 246.184250 1389.644897 524.648010
v 156.119797 1361.652100 480.342773
v 124.437256 1378.854004 440.432831
v 491.414368 1484.214111 217.391891
v 477.499451 1571.335693 177.525925
v 405.428436 1642.794678 153.913452
v 332.485352 1684.506104 148.318573
v 466.256927 1464.218628 291.519684
v 436.153259 1567.812500 293.062347
v 373.161682 1650.442627 275.544556
v 282.798553 1674.367920 235.782501
v 414.158447 1447.466187 399.838470
v 384.054749 1551.060059 401.381134
v 301.231415 1609.289551 370.551025
v 230.700027 1657.615356 344.101318
v 356.082184 1406.988525 454.602936
v 315.226166 1497.353027 448.927948
v 243.155212 1568.811890 425.315491
v 235.631424 1606.844360 388.040649
v -10.279902 1388.202393 367.304474
v 25.948971 1427.948486 317.659607
v 61.227257 1430.869873 243.580719
v 82.231384 1417.165649 182.901154
v -57.235138 1360.043579 355.280701
v -44.771492 1396.681274 282.747620
v -14.559041 1408.923218 206.623810
v 31.696243 1381.046997 150.779587
v -121.956436 1317.738525 322.790436
v -109.492798 1354.376221 250.257309
v -68.215332 1346.259766 178.600098
v -33.025063 1338.741943 118.289276
v -150.915527 1265.432739 306.936584
v -132.452682 1291.032593 236.825165
v -97.174400 1293.953857 162.746277
v -67.584518 1312.304199 142.865692
v 304.819244 1541.968018 224.539322
v 293.959137 1618.696777 160.920013
v 254.210236 1647.611328 64.850449
v 212.282089 1646.378418 -11.611983
v 241.281921 1494.910034 251.915161
v 181.602173 1568.076538 192.172485
v 135.077026 1610.059692 102.839973
v 123.599457 1591.913208 -0.145602
v 136.949814 1428.813477 275.189209
v 77.270020 1501.980103 215.446594
v 45.546013 1515.418091 111.398705
v 19.267311 1525.816772 23.128510
v 86.594742 1351.038574 272.615479
v 34.939739 1408.728882 204.894409
v -4.809028 1437.643433 108.824890
v 6.786263 1474.807251 68.992889
v 587.965637 1618.296509 275.618286
v 522.549194 1670.621704 227.080994
v 420.464722 1685.875244 212.789612
v 336.735779 1681.743652 220.804977
v 589.018250 1611.180542 356.091217
v 507.109680 1680.984131 348.426880
v 407.143707 1711.668213 335.472260
v 314.117798 1674.307129 319.062958
v 571.069824 1603.269531 475.854065
v 489.161316 1673.073120 468.189728
v 384.568024 1670.053223 452.315277
v 296.169464 1666.395996 438.825806
v 553.729370 1557.322021 550.677612
v 469.311951 1608.852051 541.430237
v 367.227509 1624.105713 527.138855
v 334.643982 1640.391235 487.571350
v 482.861511 1511.955688 -62.275734
v 452.132660 1551.884888 -48.719940
v 408.693512 1566.931763 -16.465836
v 375.426300 1566.290283 14.399393
v 504.741943 1487.466919 -33.684441
v 482.165955 1525.542358 4.017490
v 442.987030 1547.390137 38.836342
v 392.469238 1537.946899 57.700333
v 529.730286 1453.070679 16.015640
v 507.154297 1491.146118 53.717606
v 458.670227 1498.139160 82.934357
v 417.457550 1503.550537 107.400391
v 534.822632 1412.597046 41.755478
v 507.201691 1442.618774 76.420128
v 463.762604 1457.665649 108.674164
v 442.188477 1477.005615 107.877937
v 365.377411 1432.723145 -157.728210
v 359.567596 1472.652344 -124.648438
v 362.237671 1487.699341 -70.610085
v 369.406647 1487.057739 -25.799549
v 401.307007 1408.234375 -160.026855
v 420.101654 1446.309814 -120.304398
v 427.271545 1468.157593 -68.381973
v 414.875824 1458.714355 -15.901084
v 456.511963 1373.838135 -153.176865
v 475.306610 1411.913574 -113.454414
v 472.647675 1418.906738 -56.910172
v 470.080841 1424.317993 -9.051173
v 480.740295 1333.364502 -143.104141
v 494.205963 1363.386108 -100.875809
v 496.875977 1378.433105 -46.837372
v 484.223236 1397.772949 -29.344965
v -53.071228 1312.581787 -172.190262
v -30.334679 1330.154907 -177.306274
v -1.702101 1331.626587 -190.148621
v 19.452812 1325.744263 -202.894623
v -64.530731 1299.876831 -189.527267
v -43.689972 1315.853638 -208.721283
v -16.235020 1321.342285 -223.728973
v 11.756170 1309.507446 -227.515411
v -76.491402 1280.818481 -218.377975
v -55.650650 1296.795288 -237.571991
v -25.623363 1293.509888 -247.850143
v -0.204491 1290.449097 -256.366180
v -81.205048 1257.735352 -231.532349
v -58.969643 1268.955200 -248.162125
v -30.337040 1270.426880 -261.004456
v -16.564932 1278.656616 -258.657990
v 228.477814 1469.930176 102.033150
v 186.661133 1525.447754 174.295288
v 181.681488 1540.605591 281.023041
v 197.173019 1534.926270 366.660461
v 311.005829 1458.936279 93.717628
v 313.589355 1530.479492 179.502777
v 310.512848 1561.566650 284.056976
v 300.116455 1522.500366 381.179596
v 435.680359 1445.103516 101.499146
v 438.263855 1516.646851 187.284302
v 431.030457 1512.940186 296.585938
v 424.790924 1508.667603 388.961090
v 512.221008 1393.963379 112.333260
v 512.551025 1446.642334 200.692444
v 507.571320 1461.800049 307.420258
v 470.425903 1480.035278 344.701569
v 391.374390 1341.647461 50.963192
v 398.721405 1469.423706 83.954132
v 345.982727 1569.286865 170.457748
v 287.603394 1622.069458 254.262924
v 401.691101 1258.981812 123.253235
v 427.782745 1370.391235 215.999008
v 394.851593 1476.739746 307.091858
v 285.876465 1539.883911 365.136353
v 407.295532 1152.269287 249.863312
v 433.387207 1263.678711 342.609100
v 357.191620 1355.861938 423.677917
v 291.480927 1433.171509 491.746429
v 358.625427 1065.316284 320.572815
v 361.260193 1169.045532 407.883789
v 308.521484 1268.908813 494.387390
v 297.269104 1341.450562 492.983276
v 249.004272 1728.332153 328.459839
v 246.494385 1819.975098 232.341431
v 212.627182 1854.509888 91.409111
v 172.414917 1853.037476 -18.902889
v 162.220001 1672.127075 382.128113
v 96.124580 1759.515503 300.794861
v 52.313004 1809.659180 171.471420
v 56.110954 1787.985474 14.775831
v 23.627005 1593.182983 436.833710
v -42.468555 1680.571289 355.500763
v -64.559097 1696.621582 200.820755
v -82.482109 1709.041382 69.481598
v -40.772549 1500.290527 441.952026
v -95.091591 1569.194458 346.871277
v -128.958649 1603.729248 205.938843
v -106.835068 1648.116943 142.440079
v -115.969902 1310.053223 -218.233734
v -86.866760 1357.836914 -214.281265
v -31.244555 1381.289917 -213.632050
v 17.207003 1386.237793 -216.495239
v -110.826996 1279.272217 -253.118469
v -71.455605 1322.948608 -274.310028
v -18.425875 1352.715454 -279.613708
v 36.942726 1351.950928 -259.687195
v -92.345291 1236.907227 -306.097168
v -52.973965 1280.583862 -327.288818
v 5.718483 1296.560547 -319.589630
v 55.424339 1309.586182 -312.665894
v -73.403282 1192.507935 -325.029419
v -30.961674 1228.707764 -339.171234
v 24.660648 1252.161133 -338.521973
v 39.122250 1276.765381 -326.020142
v -10.893063 1826.572876 151.448273
v 92.883385 1898.671143 110.263023
v 227.537628 1904.708862 24.507483
v 329.044647 1880.575195 -56.103291
v -50.853554 1774.447021 66.740463
v 53.260078 1839.996582 -47.821709
v 184.045593 1862.514893 -144.314468
v 310.248810 1813.959473 -181.715515
v -85.895103 1696.255005 -78.629379
v 18.218533 1761.804443 -193.191727
v 157.454468 1748.324829 -266.232208
v 275.207184 1735.767334 -327.085205
v -98.598824 1601.550537 -145.368668
v 10.096563 1647.582642 -247.215942
v 144.750793 1653.620361 -332.971466
v 204.235413 1687.385254 -329.081573
v -125.799316 1322.994263 -320.238007
v -144.289749 1369.328613 -268.906891
v -126.471748 1395.016479 -202.326187
v -96.654228 1404.324463 -153.039993
v -61.343357 1316.533325 -355.296387
v -41.352741 1376.545898 -315.608490
v -22.346716 1412.479248 -254.166534
v -11.180603 1400.800659 -181.263672
v 40.186760 1311.617554 -395.912231
v 60.177490 1371.630249 -356.224609
v 76.588806 1385.185059 -283.558380
v 90.349693 1395.884888 -221.879913
v 103.474869 1281.330078 -408.907806
v 122.058716 1329.209717 -363.134613
v 139.876648 1354.897583 -296.553772
v 117.775482 1371.545776 -262.076599
v -38.308769 1643.488281 128.613754
v 26.783428 1717.497314 242.641296
v 148.685760 1713.058716 349.579987
v 257.327057 1677.853271 413.964661
v 23.311192 1605.301880 25.826910
v 150.428726 1685.886841 100.382469
v 277.818665 1704.558960 202.024979
v 362.805145 1625.581909 309.490509
v 140.457916 1546.322632 -110.159927
v 267.575531 1626.907593 -35.604507
v 382.979218 1595.100098 77.606155
v 479.952026 1566.602661 173.503571
v 202.602325 1446.670288 -185.136520
v 323.221436 1499.886475 -104.309052
v 445.123779 1495.447754 2.629635
v 460.444519 1523.140869 80.144623
v 440.559662 1432.723145 -121.406097
v 409.830811 1472.652344 -107.850304
v 366.391693 1487.699341 -75.596191
v 333.124481 1487.057739 -44.730972
v 462.440063 1408.234375 -92.814796
v 439.864136 1446.309814 -55.112869
v 400.685181 1468.157593 -20.294018
v 350.167389 1458.714355 -1.430030
v 487.428406 1373.838135 -43.114723
v 464.852478 1411.913574 -5.412754
v 416.368347 1418.906738 23.804001
v 375.155701 1424.317993 48.270031
v 492.520813 1333.364502 -17.374884
v 464.899841 1363.386108 17.289768
v 421.460785 1378.433105 49.543804
v 399.886658 1397.772949 48.747574
v -342.844299 1206.916992 -24.009007
v -339.759949 1235.935791 -23.431572
v -329.452026 1260.753174 -39.703014
v -320.308411 1275.411499 -58.307449
v -354.118896 1194.855591 -41.917400
v -359.684631 1225.048706 -52.659912
v -353.375336 1252.163574 -67.960808
v -331.659698 1265.623657 -84.847824
v -369.307648 1181.247803 -72.294754
v -374.873322 1211.441162 -83.037300
v -359.828918 1233.537842 -100.457687
v -346.848450 1252.015991 -115.225388
v -368.678101 1166.274902 -94.733627
v -369.507874 1193.747559 -106.625237
v -359.199646 1218.564819 -122.896194
v -352.969635 1233.200684 -119.753281
v 477.443359 1524.596436 -276.250549
v 446.714478 1564.525635 -262.694763
v 403.275360 1579.572510 -230.440674
v 370.008148 1578.931030 -199.575439
v 499.323761 1500.107666 -247.659271
v 476.747803 1538.183105 -209.957336
v 437.568848 1560.031006 -175.138489
v 387.051086 1550.587646 -156.274506
v 524.312134 1465.711426 -197.959183
v 501.736145 1503.786865 -160.257217
v 453.252045 1510.780029 -131.040466
v 412.039398 1516.191284 -106.574432
v 529.404480 1425.237793 -172.219360
v 501.783508 1455.259521 -137.554703
v 458.344421 1470.306396 -105.300667
v 436.770325 1489.646362 -106.096893
v 257.658203 1595.699097 151.978317
v 279.512909 1715.225830 99.969818
v 224.001007 1844.974365 82.063332
v 154.910385 1936.601807 89.018166
v 230.103912 1578.842651 257.441650
v 248.781113 1724.776733 264.445251
v 211.714737 1863.275146 252.756500
v 104.833557 1944.261841 217.408112
v 177.528168 1578.031372 414.553741
v 196.205368 1723.965332 421.557343
v 118.849503 1843.352173 396.287537
v 52.257812 1943.450684 374.520203
v 94.392090 1554.381104 500.916443
v 91.225327 1689.953247 500.556702
v 35.713425 1819.701904 482.650269
v 39.600857 1874.042480 433.427521
v 113.543640 1556.915527 399.056152
v 104.711525 1544.343994 314.643890
v 117.154366 1485.449585 239.545181
v 132.441788 1425.027954 194.382217
v 90.748886 1514.667603 443.929718
v 58.363895 1471.536011 364.062805
v 58.958366 1414.991577 285.157990
v 108.026222 1357.651611 234.186615
v 58.432579 1439.076538 497.856018
v 26.047588 1395.944946 417.989075
v 52.521744 1334.267334 347.397797
v 75.709915 1282.060547 288.112885
v 68.595963 1383.410889 543.194458
v 50.242294 1337.496216 467.834900
v 62.685116 1278.601807 392.736237
v 70.554169 1279.371094 346.405212
v 217.188904 1728.332153 -164.362213
v 191.337982 1819.975098 -64.350922
v 179.210175 1854.509888 94.808937
v 181.418213 1853.037476 225.071808
v 306.922363 1672.127075 -183.629913
v 339.671631 1759.515503 -72.471153
v 339.416046 1809.659180 78.860161
v 290.535828 1787.985474 238.629837
v 441.196136 1593.182983 -182.478546
v 473.945251 1680.571289 -71.319855
v 447.757812 1696.621582 97.111168
v 424.809845 1709.041382 239.780777
v 497.675964 1500.290527 -161.039490
v 516.365356 1569.194458 -40.609440
v 504.237427 1603.729248 118.550514
v 466.852936 1648.116943 174.757996
v 390.693420 1728.332153 -82.828339
v 309.929993 1819.975098 -32.015289
v 191.221573 1854.509888 78.597473
v 98.173126 1853.037476 181.568863
v 434.940308 1672.127075 -5.714910
v 365.985626 1759.515503 113.802742
v 256.933044 1809.659180 230.536407
v 125.345627 1787.985474 303.936035
v 479.561279 1593.182983 132.854431
v 410.606506 1680.571289 252.372223
v 280.463287 1696.621582 355.736389
v 169.966370 1709.041382 442.505463
v 483.241486 1500.290527 207.341522
v 402.851990 1569.194458 319.610779
v 284.143585 1603.729248 430.223358
v 231.017395 1648.116943 435.345093
v 286.880219 1475.526978 -60.311043
v 327.523956 1506.940552 -69.456429
v 378.707397 1509.571167 -92.413315
v 416.523743 1499.056030 -115.198090
v 266.395264 1452.815552 -91.302567
v 303.650116 1481.375732 -125.613678
v 352.728394 1491.187134 -152.441376
v 402.765289 1470.031250 -159.209991
v 245.014496 1418.746948 -142.875961
v 282.269287 1447.307129 -177.187119
v 335.945801 1441.434082 -195.560120
v 381.384491 1435.962646 -210.783340
v 236.588440 1377.483887 -166.390656
v 276.336304 1397.540283 -196.117905
v 327.519745 1400.170898 -219.074783
v 352.138611 1414.882446 -214.880264
v -42.777470 1680.794678 326.569885
v 54.367580 1752.895386 253.976654
v 160.583466 1765.843018 117.236633
v 232.215454 1750.036011 -3.970711
v -118.696640 1645.152954 271.399536
v -48.258377 1722.489380 140.209381
v 51.708672 1753.482178 0.432290
v 161.665314 1705.663452 -105.050308
v -213.922577 1593.376831 161.228638
v -143.484314 1670.713257 30.038509
v -29.868479 1662.290771 -103.105148
v 66.439362 1653.887451 -215.221176
v -259.713959 1511.821411 97.173157
v -181.875610 1567.787842 -30.420540
v -75.659729 1580.735352 -167.160767
v -10.777557 1610.281616 -188.869919
v -204.728149 1155.034546 -251.257660
v -189.172394 1187.275024 -276.629974
v -157.679230 1197.668823 -310.250702
v -130.778809 1194.562134 -337.145691
v -216.896820 1123.019653 -264.208099
v -207.619080 1144.548218 -307.118408
v -181.154175 1158.334106 -344.400299
v -138.215057 1156.061157 -360.847961
v -229.388748 1076.275879 -290.360443
v -220.111267 1097.804321 -333.270935
v -182.663757 1104.180786 -362.555878
v -150.707458 1109.317017 -387.000610
v -224.276413 1036.730225 -297.797150
v -209.044464 1054.241333 -336.371552
v -177.551376 1064.635132 -369.992310
v -164.572357 1083.986816 -377.145081
v 295.739716 1314.104126 -273.695892
v 192.550385 1368.643066 -202.580948
v 124.724670 1368.643066 -72.046944
v 98.200676 1347.834961 41.957432
v 404.141602 1314.104126 -238.226349
v 344.575531 1394.777588 -123.588409
v 276.749817 1416.846313 6.945599
v 219.524704 1345.006714 117.078232
v 556.166809 1314.104126 -159.233795
v 496.600677 1394.777588 -44.595856
v 428.774963 1368.643066 85.938148
v 371.549835 1345.006714 196.070786
v 655.630310 1255.792969 -107.552376
v 596.064209 1310.331787 7.085569
v 528.238464 1310.331787 137.619583
v 458.169342 1322.015137 164.421188
v 179.173035 1636.704346 272.749054
v 148.160172 1568.449097 231.024765
v 119.275841 1476.747437 235.462280
v 98.708427 1406.514038 259.303772
v 151.396210 1660.797607 327.210907
v 88.037506 1591.060913 306.954437
v 48.760342 1502.313110 304.784607
v 58.222019 1415.328125 330.037323
v 103.581177 1679.911377 410.965271
v 40.222481 1610.174683 390.708771
v 23.645807 1514.975098 402.971008
v 10.407005 1434.441895 413.791656
v 99.758560 1684.611938 483.220490
v 48.707489 1611.377197 470.788727
v 19.823166 1519.675659 475.226227
v 17.211840 1480.715942 449.065216
v -204.034653 1133.533081 -282.770294
v -214.275131 1136.974609 -309.885468
v -219.183746 1122.382202 -337.269409
v -220.948410 1104.498657 -355.204102
v -211.569550 1116.054199 -267.571045
v -231.862656 1109.648926 -292.171356
v -241.143524 1096.810303 -319.705933
v -231.052811 1078.790039 -342.319366
v -223.979370 1086.651978 -249.678467
v -244.272461 1080.246948 -274.278656
v -244.003876 1063.577637 -301.484009
v -243.463150 1049.387695 -324.426819
v -220.546631 1062.781860 -237.573715
v -235.662231 1054.300293 -261.995422
v -240.571259 1039.707642 -289.379395
v -241.148865 1043.621826 -305.103577
v 413.936829 1658.952881 314.345642
v 332.628448 1711.308716 309.773499
v 230.069229 1709.682251 328.134247
v 153.355789 1685.806396 353.370026
v 439.840485 1622.003174 381.363190
v 353.687592 1671.127197 423.846069
v 252.199905 1683.329590 449.417114
v 162.181732 1636.940308 441.436493
v 459.630737 1565.444702 486.896881
v 373.477844 1614.568848 529.379761
v 269.649689 1596.565430 539.201599
v 181.971970 1580.381836 546.970093
v 469.747406 1491.901245 536.891296
v 382.325623 1524.648682 570.835327
v 279.766388 1523.021973 589.196106
v 235.473511 1546.169678 569.325867
v 307.283234 1739.539917 530.209106
v 276.936829 1750.980225 438.987823
v 205.490372 1720.778320 369.407623
v 138.162888 1684.768921 333.880402
v 259.648590 1748.555176 594.841125
v 187.789948 1776.596313 519.406860
v 113.850632 1761.321045 445.907379
v 61.685509 1687.249390 399.960358
v 173.453812 1756.494629 679.901611
v 101.595169 1784.535767 604.467346
v 33.100792 1736.657349 539.528564
v -24.509270 1695.188843 485.020844
v 123.646988 1722.249023 745.908875
v 54.740448 1732.613647 675.116028
v -16.706028 1702.411743 605.535828
v -20.203245 1696.489502 552.195496
v 121.669365 1646.631104 378.844421
v 78.708038 1585.222778 355.709015
v 55.892998 1506.398315 375.527222
v 47.687454 1447.480591 408.933899
v 116.692917 1674.306763 437.951141
v 52.438805 1615.694214 446.663757
v 17.527878 1539.772949 464.104218
v 37.654163 1463.817261 488.565338
v 104.748184 1701.339966 531.721680
v 40.494045 1642.727539 540.434387
v 32.003471 1560.464966 563.068481
v 25.709379 1490.850586 582.335999
v 128.893829 1711.355713 599.354553
v 78.964157 1649.305054 610.883057
v 56.149109 1570.480591 630.701294
v 44.519608 1534.101196 609.731384
v 105.214294 1460.925537 351.862183
v 112.432289 1479.013916 298.431854
v 100.050362 1470.217773 236.473175
v 81.802765 1453.493042 191.864243
v 65.953171 1453.205200 369.067688
v 48.003654 1475.207275 311.847809
v 33.686230 1474.542969 249.121399
v 29.540150 1440.649658 199.345398
v 3.816643 1439.768311 383.392792
v -14.132859 1461.770386 326.172882
v -24.222649 1443.343872 265.123322
v -32.596359 1427.212769 213.670486
v -31.722446 1409.490234 394.793518
v -47.379837 1421.862061 338.482788
v -59.761749 1413.065796 276.524048
v -47.438850 1417.924316 248.327499
vt 0.904402 0.149292
vt 0.867445 0.164588
vt 0.868113 0.116338
vt 0.910502 0.116498
vt 0.824224 0.163688
vt 0.826784 0.114123
vt 0.790486 0.153649
vt 0.787116 0.111443
vt 0.867968 0.069320
vt 0.910154 0.065920
vt 0.826939 0.064252
vt 0.791572 0.061287
vt 0.872852 0.031025
vt 0.913578 0.029625
vt 0.829468 0.028716
vt 0.811834 0.042275
vt 0.362615 0.050090
vt 0.358617 0.057966
vt 0.351794 0.049780
vt 0.358925 0.043715
vt 0.351241 0.064027
vt 0.344546 0.055349
vt 0.344141 0.067193
vt 0.337510 0.060600
vt 0.345013 0.041918
vt 0.351597 0.035284
vt 0.337405 0.046965
vt 0.331049 0.051550
vt 0.340328 0.034795
vt 0.346955 0.028707
vt 0.332722 0.040643
vt 0.331714 0.045451
vt 0.915224 0.064121
vt 0.920052 0.049087
vt 0.934411 0.061604
vt 0.923543 0.074328
vt 0.931355 0.036302
vt 0.945627 0.049724
vt 0.942990 0.028704
vt 0.956560 0.038463
vt 0.948607 0.073562
vt 0.938863 0.087134
vt 0.960606 0.062500
vt 0.970526 0.052607
vt 0.958892 0.084808
vt 0.948918 0.097430
vt 0.970661 0.072333
vt 0.971079 0.063561
vt 0.915224 0.134599
vt 0.915314 0.118810
vt 0.932770 0.126437
vt 0.926224 0.141838
vt 0.922257 0.103220
vt 0.939901 0.111737
vt 0.931073 0.092480
vt 0.946947 0.097713
vt 0.949901 0.133581
vt 0.944682 0.149452
vt 0.958025 0.119426
vt 0.964517 0.107010
vt 0.963089 0.141219
vt 0.957365 0.156253
vt 0.970569 0.125785
vt 0.968334 0.117293
vt 0.480439 0.477960
vt 0.525929 0.439989
vt 0.538043 0.528933
vt 0.479655 0.538557
vt 0.583783 0.424352
vt 0.593511 0.514707
vt 0.630265 0.424340
vt 0.647349 0.495255
vt 0.549941 0.612745
vt 0.495216 0.628055
vt 0.606382 0.598735
vt 0.655501 0.585540
vt 0.554467 0.671313
vt 0.501564 0.686411
vt 0.613770 0.657160
vt 0.633633 0.625800
vt 0.493539 0.878651
vt 0.496384 0.894791
vt 0.477140 0.890249
vt 0.480960 0.873304
vt 0.492194 0.912003
vt 0.472591 0.906587
vt 0.485188 0.924611
vt 0.468004 0.922220
vt 0.458316 0.886140
vt 0.460694 0.868962
vt 0.452653 0.902106
vt 0.448333 0.915992
vt 0.443428 0.880793
vt 0.446477 0.864376
vt 0.438660 0.897945
vt 0.442522 0.906202
vt 0.424242 0.053743
vt 0.421460 0.066726
vt 0.408398 0.057452
vt 0.416429 0.045897
vt 0.413070 0.078369
vt 0.400005 0.068331
vt 0.403969 0.085699
vt 0.391798 0.078668
vt 0.395520 0.048633
vt 0.402539 0.036462
vt 0.386404 0.058892
vt 0.378930 0.067999
vt 0.385973 0.040082
vt 0.393264 0.028687
vt 0.377168 0.051505
vt 0.377551 0.058879
vt 0.778395 0.060059
vt 0.769663 0.058727
vt 0.775303 0.049686
vt 0.783295 0.054559
vt 0.761598 0.053619
vt 0.767745 0.044545
vt 0.756370 0.047867
vt 0.760555 0.039506
vt 0.780648 0.040784
vt 0.789008 0.044961
vt 0.773473 0.035138
vt 0.767128 0.030536
vt 0.785946 0.034105
vt 0.793802 0.038493
vt 0.778011 0.028711
vt 0.773129 0.029259
vt 0.766618 0.281361
vt 0.795431 0.255939
vt 0.806723 0.314038
vt 0.768719 0.320930
vt 0.833202 0.243890
vt 0.843115 0.303432
vt 0.864059 0.242045
vt 0.878182 0.287882
vt 0.817848 0.368433
vt 0.780905 0.378880
vt 0.854729 0.357449
vt 0.886920 0.347013
vt 0.822234 0.405881
vt 0.786998 0.416439
vt 0.861543 0.394974
vt 0.873799 0.373902
vt 0.092277 0.747168
vt 0.102546 0.766788
vt 0.076426 0.776925
vt 0.074694 0.749738
vt 0.104665 0.793770
vt 0.077269 0.803376
vt 0.101369 0.816059
vt 0.078895 0.825853
vt 0.051194 0.786303
vt 0.047779 0.759415
vt 0.051077 0.811668
vt 0.051525 0.833351
vt 0.031038 0.788932
vt 0.028712 0.762947
vt 0.032530 0.815895
vt 0.040709 0.823950
vt 0.970995 0.537488
vt 0.956657 0.553502
vt 0.946569 0.521967
vt 0.967230 0.515643
vt 0.936464 0.562675
vt 0.927048 0.530248
vt 0.919443 0.565726
vt 0.908588 0.541189
vt 0.936817 0.492478
vt 0.956655 0.484249
vt 0.917050 0.501001
vt 0.899851 0.508913
vt 0.931922 0.471962
vt 0.950804 0.463783
vt 0.910801 0.480602
vt 0.905375 0.493113
vt 0.493765 0.028715
vt 0.509907 0.031550
vt 0.499068 0.048088
vt 0.484445 0.038713
vt 0.524655 0.041364
vt 0.512872 0.057940
vt 0.534114 0.052253
vt 0.526000 0.067589
vt 0.488781 0.064378
vt 0.473446 0.056279
vt 0.501854 0.075151
vt 0.513432 0.083952
vt 0.478673 0.076547
vt 0.464282 0.068077
vt 0.493167 0.086883
vt 0.502246 0.086072
vt 0.443912 0.648288
vt 0.457234 0.639812
vt 0.460276 0.658617
vt 0.443784 0.661455
vt 0.474100 0.637205
vt 0.476496 0.656650
vt 0.487903 0.638800
vt 0.492102 0.654979
vt 0.463549 0.676887
vt 0.447380 0.681095
vt 0.479848 0.676050
vt 0.493801 0.674783
vt 0.464270 0.692110
vt 0.448532 0.695441
vt 0.481296 0.690039
vt 0.487224 0.683561
vt 0.126382 0.876696
vt 0.131822 0.905485
vt 0.097324 0.897788
vt 0.103780 0.867416
vt 0.124710 0.936342
vt 0.089553 0.927092
vt 0.112465 0.959032
vt 0.081696 0.955135
vt 0.063587 0.890858
vt 0.067460 0.860099
vt 0.053815 0.919520
vt 0.046398 0.944436
vt 0.036858 0.881627
vt 0.041947 0.852214
vt 0.028712 0.912390
vt 0.035797 0.927064
vt 0.419434 0.957741
vt 0.391259 0.965776
vt 0.395787 0.930721
vt 0.426620 0.934389
vt 0.359883 0.961501
vt 0.365898 0.925647
vt 0.336173 0.951369
vt 0.337256 0.920374
vt 0.399620 0.896495
vt 0.430603 0.897554
vt 0.370188 0.889369
vt 0.344701 0.884249
vt 0.406382 0.869037
vt 0.436136 0.871430
vt 0.375006 0.863722
vt 0.361037 0.872112
vt 0.961024 0.841276
vt 0.968848 0.861927
vt 0.944410 0.861644
vt 0.944469 0.837930
vt 0.968290 0.886815
vt 0.943141 0.885449
vt 0.962903 0.906098
vt 0.941618 0.907700
vt 0.920527 0.861600
vt 0.919004 0.838010
vt 0.917848 0.885268
vt 0.916359 0.905648
vt 0.901028 0.859232
vt 0.900727 0.836135
vt 0.899851 0.884166
vt 0.906745 0.894120
vt 0.305982 0.797739
vt 0.331885 0.813539
vt 0.302025 0.834713
vt 0.283162 0.808671
vt 0.350667 0.840421
vt 0.319156 0.861024
vt 0.359608 0.865582
vt 0.335258 0.886527
vt 0.273284 0.855834
vt 0.252330 0.831509
vt 0.288532 0.883238
vt 0.302536 0.906232
vt 0.247637 0.869972
vt 0.228562 0.845646
vt 0.265629 0.897584
vt 0.281825 0.902323
vt 0.502345 0.886386
vt 0.500152 0.857170
vt 0.533576 0.868668
vt 0.523771 0.898130
vt 0.510662 0.827299
vt 0.544568 0.840415
vt 0.525363 0.806117
vt 0.555505 0.813423
vt 0.566328 0.879320
vt 0.559048 0.909454
vt 0.579238 0.851927
vt 0.589389 0.827994
vt 0.591860 0.891476
vt 0.583521 0.920137
vt 0.603388 0.861814
vt 0.597985 0.846441
vt 0.214186 0.395396
vt 0.201010 0.386695
vt 0.216936 0.376242
vt 0.226258 0.390138
vt 0.191746 0.372362
vt 0.208520 0.362238
vt 0.187567 0.359110
vt 0.200623 0.348674
vt 0.232278 0.365796
vt 0.242720 0.378839
vt 0.224862 0.351259
vt 0.218009 0.339038
vt 0.245881 0.358924
vt 0.255346 0.371931
vt 0.237041 0.344227
vt 0.228707 0.341459
vt 0.173197 0.029767
vt 0.188987 0.029800
vt 0.181423 0.047283
vt 0.165998 0.040793
vt 0.204602 0.036685
vt 0.196149 0.054361
vt 0.215374 0.045463
vt 0.210199 0.061356
vt 0.174342 0.064440
vt 0.158451 0.059279
vt 0.188526 0.072512
vt 0.200965 0.078959
vt 0.166752 0.077655
vt 0.151697 0.071987
vt 0.182212 0.085079
vt 0.190696 0.082813
vt 0.623357 0.028705
vt 0.631392 0.032375
vt 0.623495 0.039530
vt 0.617140 0.032656
vt 0.637752 0.039494
vt 0.629358 0.046541
vt 0.641208 0.046457
vt 0.634896 0.053355
vt 0.615919 0.046630
vt 0.609020 0.040325
vt 0.621276 0.054023
vt 0.626120 0.060184
vt 0.608996 0.051605
vt 0.602639 0.045235
vt 0.615153 0.058963
vt 0.619998 0.059772
vt 0.792240 0.876207
vt 0.792485 0.845867
vt 0.825993 0.860604
vt 0.813344 0.890168
vt 0.805896 0.815941
vt 0.839763 0.832388
vt 0.822887 0.795342
vt 0.853367 0.805470
vt 0.858880 0.874408
vt 0.848779 0.904883
vt 0.874555 0.847246
vt 0.887086 0.823417
vt 0.884187 0.889146
vt 0.873120 0.918009
vt 0.898631 0.859522
vt 0.894374 0.843193
vt 0.669256 0.207242
vt 0.682784 0.169602
vt 0.718048 0.202540
vt 0.689427 0.233808
vt 0.712513 0.138216
vt 0.747478 0.173439
vt 0.742629 0.119994
vt 0.776135 0.145880
vt 0.752947 0.234048
vt 0.727098 0.267560
vt 0.784287 0.207087
vt 0.810263 0.182903
vt 0.778008 0.263413
vt 0.751660 0.294499
vt 0.808889 0.232854
vt 0.810711 0.210684
vt 0.589234 0.664150
vt 0.623091 0.686472
vt 0.576391 0.708224
vt 0.555101 0.673868
vt 0.650778 0.722673
vt 0.601394 0.741501
vt 0.666161 0.754031
vt 0.631295 0.775491
vt 0.533819 0.728742
vt 0.509588 0.699305
vt 0.559729 0.764835
vt 0.583848 0.795945
vt 0.503488 0.745041
vt 0.479655 0.714636
vt 0.530658 0.782265
vt 0.554496 0.789548
vt 0.870967 0.213064
vt 0.858750 0.224846
vt 0.851516 0.205689
vt 0.868281 0.199166
vt 0.841542 0.231206
vt 0.834852 0.211236
vt 0.826659 0.232484
vt 0.818771 0.216341
vt 0.844154 0.187144
vt 0.860284 0.179247
vt 0.827164 0.191518
vt 0.812737 0.195842
vt 0.840132 0.171263
vt 0.855998 0.164382
vt 0.822642 0.177092
vt 0.817785 0.185186
vt 0.678741 0.242731
vt 0.711622 0.264774
vt 0.679258 0.302999
vt 0.653322 0.261783
vt 0.737991 0.305338
vt 0.703170 0.343819
vt 0.751848 0.343155
vt 0.724917 0.377729
vt 0.647642 0.339272
vt 0.619318 0.299963
vt 0.669118 0.379207
vt 0.688337 0.412877
vt 0.618232 0.360614
vt 0.592390 0.321791
vt 0.643600 0.401684
vt 0.663323 0.407348
vt 0.889603 0.624477
vt 0.895880 0.603919
vt 0.918290 0.628293
vt 0.902201 0.642715
vt 0.910346 0.587108
vt 0.932521 0.612573
vt 0.924508 0.577184
vt 0.944672 0.594885
vt 0.939534 0.650950
vt 0.924993 0.666756
vt 0.953887 0.634907
vt 0.966167 0.620499
vt 0.952599 0.667508
vt 0.938905 0.682866
vt 0.968132 0.650789
vt 0.967796 0.637157
vt 0.648758 0.440357
vt 0.685782 0.413719
vt 0.697652 0.467450
vt 0.650558 0.478352
vt 0.733992 0.403422
vt 0.744105 0.459107
vt 0.774064 0.405747
vt 0.788837 0.451715
vt 0.710101 0.519602
vt 0.664164 0.534402
vt 0.756968 0.514504
vt 0.796999 0.508552
vt 0.714689 0.563385
vt 0.669849 0.575584
vt 0.763448 0.554610
vt 0.779479 0.534950
vt 0.319965 0.554443
vt 0.307238 0.545099
vt 0.323662 0.535449
vt 0.332284 0.549790
vt 0.298695 0.530325
vt 0.315950 0.521045
vt 0.295178 0.516882
vt 0.308736 0.507106
vt 0.339503 0.525776
vt 0.349286 0.539320
vt 0.332816 0.510889
vt 0.326578 0.498344
vt 0.353430 0.519587
vt 0.362238 0.533048
vt 0.345329 0.504470
vt 0.337143 0.501292
vt 0.489381 0.086908
vt 0.490310 0.095692
vt 0.480132 0.092533
vt 0.482817 0.083565
vt 0.487416 0.104789
vt 0.477078 0.101148
vt 0.483180 0.111307
vt 0.474030 0.109381
vt 0.470165 0.089623
vt 0.472083 0.080476
vt 0.466526 0.097996
vt 0.463686 0.105301
vt 0.462360 0.086194
vt 0.464610 0.077481
vt 0.459157 0.095238
vt 0.460926 0.099821
vt 0.268665 0.626075
vt 0.255952 0.616711
vt 0.272390 0.607086
vt 0.280991 0.621440
vt 0.247431 0.601925
vt 0.264700 0.592670
vt 0.243935 0.588476
vt 0.257507 0.578720
vt 0.288246 0.597437
vt 0.298008 0.610996
vt 0.281582 0.582540
vt 0.275363 0.569986
vt 0.302182 0.591269
vt 0.310970 0.604743
vt 0.294104 0.576139
vt 0.285923 0.572950
vt 0.882938 0.639250
vt 0.845616 0.653632
vt 0.847471 0.605414
vt 0.889843 0.606616
vt 0.802430 0.651669
vt 0.806209 0.602182
vt 0.768950 0.640803
vt 0.766618 0.598527
vt 0.848483 0.558406
vt 0.890739 0.556045
vt 0.807591 0.552330
vt 0.772307 0.548496
vt 0.854307 0.520243
vt 0.895056 0.519846
vt 0.810994 0.516867
vt 0.793030 0.529988
vt 0.116716 0.549251
vt 0.109674 0.574163
vt 0.086853 0.556841
vt 0.103458 0.534547
vt 0.091779 0.597215
vt 0.069045 0.578377
vt 0.073247 0.611618
vt 0.052082 0.598273
vt 0.064389 0.540132
vt 0.079418 0.516850
vt 0.045348 0.560555
vt 0.029723 0.578711
vt 0.047676 0.524294
vt 0.063512 0.502329
vt 0.029166 0.546957
vt 0.028712 0.561144
vt 0.238811 0.754663
vt 0.239268 0.712405
vt 0.279999 0.735844
vt 0.264018 0.775709
vt 0.256944 0.665632
vt 0.296180 0.693126
vt 0.277519 0.632717
vt 0.312423 0.647637
vt 0.318296 0.757099
vt 0.307674 0.796328
vt 0.337641 0.712263
vt 0.352811 0.672277
vt 0.350487 0.771062
vt 0.337287 0.810816
vt 0.367557 0.724512
vt 0.362069 0.700612
vt 0.686231 0.752274
vt 0.656836 0.726160
vt 0.694106 0.695146
vt 0.713958 0.738098
vt 0.636450 0.680436
vt 0.676017 0.650402
vt 0.628261 0.639016
vt 0.659748 0.609762
vt 0.730696 0.665044
vt 0.752767 0.706547
vt 0.714752 0.619664
vt 0.700292 0.581196
vt 0.762352 0.645466
vt 0.783121 0.687261
vt 0.742980 0.599465
vt 0.724253 0.590604
vt 0.571185 0.028708
vt 0.585921 0.034378
vt 0.572612 0.048006
vt 0.560523 0.036435
vt 0.598047 0.046387
vt 0.583838 0.059877
vt 0.604973 0.058433
vt 0.594463 0.071430
vt 0.559869 0.061502
vt 0.546871 0.051006
vt 0.570234 0.074108
vt 0.579550 0.084573
vt 0.548059 0.071135
vt 0.536023 0.060462
vt 0.559848 0.083591
vt 0.568582 0.084505
vt 0.472770 0.710469
vt 0.495643 0.745994
vt 0.453513 0.762009
vt 0.443079 0.714579
vt 0.505742 0.797517
vt 0.461518 0.811718
vt 0.504400 0.840564
vt 0.468200 0.857156
vt 0.412189 0.777602
vt 0.399450 0.730939
vt 0.417681 0.827645
vt 0.423778 0.870355
vt 0.377125 0.785977
vt 0.366919 0.739304
vt 0.386179 0.837602
vt 0.402423 0.852932
vt 0.073506 0.172242
vt 0.063484 0.180953
vt 0.058609 0.165693
vt 0.071970 0.161276
vt 0.049783 0.185224
vt 0.045366 0.169352
vt 0.038105 0.185620
vt 0.032596 0.172689
vt 0.053608 0.150907
vt 0.066530 0.145391
vt 0.040158 0.153636
vt 0.028712 0.156430
vt 0.051110 0.138338
vt 0.063783 0.133605
vt 0.037209 0.142183
vt 0.033087 0.148310
vt 0.116710 0.746315
vt 0.154466 0.729430
vt 0.155178 0.779324
vt 0.111357 0.780390
vt 0.199168 0.729105
vt 0.197963 0.780412
vt 0.234333 0.738501
vt 0.239044 0.782030
vt 0.156694 0.827920
vt 0.113187 0.832661
vt 0.199252 0.831967
vt 0.235895 0.834004
vt 0.152759 0.867646
vt 0.110702 0.870277
vt 0.197670 0.868772
vt 0.215504 0.854244
vt 0.148072 0.943599
vt 0.141448 0.918573
vt 0.169909 0.921862
vt 0.166970 0.949504
vt 0.145111 0.889622
vt 0.174269 0.894258
vt 0.153727 0.867789
vt 0.178738 0.868497
vt 0.197751 0.924803
vt 0.196671 0.952494
vt 0.203739 0.897530
vt 0.207942 0.873948
vt 0.220200 0.929924
vt 0.217755 0.956892
vt 0.224590 0.900994
vt 0.217757 0.888553
vt 0.665338 0.060060
vt 0.656644 0.058504
vt 0.662514 0.049610
vt 0.670378 0.054688
vt 0.648713 0.053190
vt 0.655091 0.044277
vt 0.643634 0.047305
vt 0.648033 0.039054
vt 0.668086 0.040849
vt 0.676336 0.045240
vt 0.661059 0.035020
vt 0.654835 0.030257
vt 0.673555 0.034308
vt 0.681296 0.038898
vt 0.665761 0.028713
vt 0.660867 0.029134
vt 0.828110 0.706466
vt 0.837573 0.678739
vt 0.863791 0.702445
vt 0.843198 0.725685
vt 0.858975 0.655400
vt 0.885000 0.680783
vt 0.880817 0.641698
vt 0.905663 0.660260
vt 0.889724 0.725109
vt 0.871188 0.749959
vt 0.912358 0.704992
vt 0.931096 0.686972
vt 0.908426 0.746320
vt 0.889496 0.769399
vt 0.930681 0.723573
vt 0.931753 0.707314
vt 0.793774 0.911588
vt 0.771693 0.930845
vt 0.760880 0.897193
vt 0.790344 0.887397
vt 0.741478 0.940322
vt 0.731671 0.905315
vt 0.715711 0.941238
vt 0.703506 0.912726
vt 0.749790 0.864587
vt 0.778281 0.852366
vt 0.720122 0.870658
vt 0.694877 0.876866
vt 0.744230 0.836861
vt 0.772175 0.826370
vt 0.713573 0.845397
vt 0.704500 0.858932
vt 0.681901 0.094214
vt 0.679504 0.070599
vt 0.706817 0.079202
vt 0.699503 0.103270
vt 0.687381 0.046185
vt 0.715119 0.056086
vt 0.698837 0.028718
vt 0.723403 0.033994
vt 0.733569 0.087132
vt 0.728313 0.111691
vt 0.743441 0.064673
vt 0.751154 0.045075
vt 0.754505 0.096434
vt 0.748360 0.119823
vt 0.763210 0.072167
vt 0.758508 0.059832
vt 0.333341 0.061564
vt 0.327825 0.077812
vt 0.313314 0.065562
vt 0.325070 0.051375
vt 0.315189 0.092456
vt 0.300787 0.079207
vt 0.302427 0.101354
vt 0.288875 0.091794
vt 0.299018 0.053731
vt 0.309765 0.038836
vt 0.285713 0.066596
vt 0.274747 0.078078
vt 0.288499 0.042674
vt 0.299735 0.028678
vt 0.275468 0.057040
vt 0.274681 0.066415
vn -0.422886 0.743593 -0.517916
vn -0.551920 0.515550 -0.655433
vn -0.622302 0.561848 -0.545039
vn -0.453571 0.762810 -0.460863
vn -0.551920 0.515550 -0.655433
vn -0.678964 0.191610 -0.708727
vn -0.794021 0.180134 -0.580588
vn -0.622302 0.561848 -0.545039
vn -0.678964 0.191610 -0.708727
vn -0.744397 -0.069324 -0.664129
vn -0.835719 -0.041661 -0.547574
vn -0.794021 0.180134 -0.580588
vn -0.453571 0.762810 -0.460863
vn -0.622302 0.561848 -0.545039
vn -0.785727 0.549938 -0.283199
vn -0.609239 0.758938 -0.229872
vn -0.622302 0.561848 -0.545039
vn -0.794021 0.180134 -0.580588
vn -0.933070 0.191673 -0.304371
vn -0.785727 0.549938 -0.283199
vn -0.794021 0.180134 -0.580588
vn -0.835719 -0.041661 -0.547574
vn -0.920842 0.010548 -0.389794
vn -0.933070 0.191673 -0.304371
vn -0.609239 0.758938 -0.229872
vn -0.785727 0.549938 -0.283199
vn -0.866169 0.499705 -0.006861
vn -0.727949 0.685444 0.015996
vn -0.785727 0.549938 -0.283199
vn -0.933070 0.191673 -0.304371
vn -0.968663 0.244275 -0.044967
vn -0.866169 0.499705 -0.006861
vn -0.933070 0.191673 -0.304371
vn -0.920842 0.010548 -0.389794
vn -0.982226 0.156630 -0.103441
vn -0.968663 0.244275 -0.044967
vn -0.617750 0.784176 0.058768
vn -0.370770 0.928572 -0.016829
vn -0.446483 0.885994 -0.125173
vn -0.651996 0.758194 0.006633
vn -0.370770 0.928572 -0.016829
vn -0.051349 0.986925 -0.152780
vn -0.077982 0.944865 -0.318040
vn -0.446483 0.885994 -0.125173
vn -0.051349 0.986925 -0.152780
vn 0.186713 0.942251 -0.278030
vn 0.126353 0.903120 -0.410376
vn -0.077982 0.944865 -0.318040
vn -0.651996 0.758194 0.006633
vn -0.446483 0.885994 -0.125173
vn -0.508013 0.762123 -0.401362
vn -0.713353 0.656458 -0.245338
vn -0.446483 0.885994 -0.125173
vn -0.077982 0.944865 -0.318040
vn -0.164336 0.799770 -0.577374
vn -0.508013 0.762123 -0.401362
vn -0.077982 0.944865 -0.318040
vn 0.126353 0.903120 -0.410376
vn 0.032537 0.831252 -0.554943
vn -0.164336 0.799770 -0.577374
vn -0.713353 0.656458 -0.245338
vn -0.508013 0.762123 -0.401362
vn -0.531265 0.573684 -0.623414
vn -0.708830 0.510089 -0.487206
vn -0.508013 0.762123 -0.401362
vn -0.164336 0.799770 -0.577374
vn -0.280484 0.617804 -0.734607
vn -0.531265 0.573684 -0.623414
vn -0.164336 0.799770 -0.577374
vn 0.032537 0.831252 -0.554943
vn -0.182149 0.657811 -0.730826
vn -0.280484 0.617804 -0.734607
vn 0.782412 0.611644 -0.117148
vn 0.598671 0.800813 0.017085
vn 0.677921 0.727661 0.104561
vn 0.817029 0.571691 -0.075059
vn 0.598671 0.800813 0.017085
vn 0.333869 0.917122 0.217758
vn 0.376372 0.849120 0.370593
vn 0.677921 0.727661 0.104561
vn 0.333869 0.917122 0.217758
vn 0.117467 0.915970 0.383668
vn 0.187144 0.846797 0.497907
vn 0.376372 0.849120 0.370593
vn 0.817029 0.571691 -0.075059
vn 0.677921 0.727661 0.104561
vn 0.751058 0.558358 0.352347
vn 0.891670 0.426807 0.150864
vn 0.677921 0.727661 0.104561
vn 0.376372 0.849120 0.370593
vn 0.464633 0.655532 0.595310
vn 0.751058 0.558358 0.352347
vn 0.376372 0.849120 0.370593
vn 0.187144 0.846797 0.497907
vn 0.282092 0.736462 0.614856
vn 0.464633 0.655532 0.595310
vn 0.891670 0.426807 0.150864
vn 0.751058 0.558358 0.352347
vn 0.761644 0.343164 0.549670
vn 0.890306 0.256283 0.376396
vn 0.751058 0.558358 0.352347
vn 0.464633 0.655532 0.595310
vn 0.554063 0.432282 0.711440
vn 0.761644 0.343164 0.549670
vn 0.464633 0.655532 0.595310
vn 0.282092 0.736462 0.614856
vn 0.470527 0.495110 0.730391
vn 0.554063 0.432282 0.711440
vn 0.012961 0.780871 -0.624558
vn -0.054803 0.925274 -0.375319
vn 0.081651 0.913615 -0.398297
vn 0.079037 0.769810 -0.633360
vn -0.054803 0.925274 -0.375319
vn -0.078303 0.996436 -0.031369
vn 0.088342 0.995998 0.013559
vn 0.081651 0.913615 -0.398297
vn -0.078303 0.996436 -0.031369
vn -0.053796 0.969558 0.238879
vn 0.096795 0.966057 0.239509
vn 0.088342 0.995998 0.013559
vn 0.079037 0.769810 -0.633360
vn 0.081651 0.913615 -0.398297
vn 0.379766 0.861826 -0.336205
vn 0.350459 0.733787 -0.582010
vn 0.081651 0.913615 -0.398297
vn 0.088342 0.995998 0.013559
vn 0.386689 0.921004 0.047153
vn 0.379766 0.861826 -0.336205
vn 0.088342 0.995998 0.013559
vn 0.096795 0.966057 0.239509
vn 0.279514 0.935498 0.216139
vn 0.386689 0.921004 0.047153
vn 0.350459 0.733787 -0.582010
vn 0.379766 0.861826 -0.336205
vn 0.629869 0.732542 -0.258163
vn 0.596804 0.648471 -0.472557
vn 0.379766 0.861826 -0.336205
vn 0.386689 0.921004 0.047153
vn 0.615754 0.787818 0.013769
vn 0.629869 0.732542 -0.258163
vn 0.386689 0.921004 0.047153
vn 0.279514 0.935498 0.216139
vn 0.563016 0.820368 0.100048
vn 0.615754 0.787818 0.013769
vn -0.297933 0.874700 -0.382276
vn -0.080044 0.980681 -0.178490
vn -0.048175 0.955575 -0.290785
vn -0.277348 0.860176 -0.427990
vn -0.080044 0.980681 -0.178490
vn 0.191319 0.981101 0.028929
vn 0.296252 0.953987 -0.046307
vn -0.048175 0.955575 -0.290785
vn 0.191319 0.981101 0.028929
vn 0.392319 0.905071 0.164111
vn 0.459459 0.883160 0.094475
vn 0.296252 0.953987 -0.046307
vn -0.277348 0.860176 -0.427990
vn -0.048175 0.955575 -0.290785
vn 0.142229 0.881843 -0.449581
vn -0.115239 0.805942 -0.580670
vn -0.048175 0.955575 -0.290785
vn 0.296252 0.953987 -0.046307
vn 0.464916 0.862087 -0.201643
vn 0.142229 0.881843 -0.449581
vn 0.296252 0.953987 -0.046307
vn 0.459459 0.883160 0.094475
vn 0.544616 0.838306 -0.025235
vn 0.464916 0.862087 -0.201643
vn -0.115239 0.805942 -0.580670
vn 0.142229 0.881843 -0.449581
vn 0.322875 0.740445 -0.589486
vn 0.092486 0.697689 -0.710406
vn 0.142229 0.881843 -0.449581
vn 0.464916 0.862087 -0.201643
vn 0.570092 0.728434 -0.379974
vn 0.322875 0.740445 -0.589486
vn 0.464916 0.862087 -0.201643
vn 0.544616 0.838306 -0.025235
vn 0.612270 0.740152 -0.278030
vn 0.570092 0.728434 -0.379974
vn 0.335278 0.675979 -0.656233
vn 0.255001 0.861129 -0.439809
vn 0.386032 0.816252 -0.429781
vn 0.396905 0.649297 -0.648753
vn 0.255001 0.861129 -0.439809
vn 0.178800 0.976993 -0.116256
vn 0.327049 0.944392 -0.034107
vn 0.386032 0.816252 -0.429781
vn 0.178800 0.976993 -0.116256
vn 0.139123 0.978302 0.153524
vn 0.280638 0.940986 0.189178
vn 0.327049 0.944392 -0.034107
vn 0.396905 0.649297 -0.648753
vn 0.386032 0.816252 -0.429781
vn 0.642431 0.706411 -0.297097
vn 0.634175 0.559417 -0.533736
vn 0.386032 0.816252 -0.429781
vn 0.327049 0.944392 -0.034107
vn 0.583859 0.808607 0.072548
vn 0.642431 0.706411 -0.297097
vn 0.327049 0.944392 -0.034107
vn 0.280638 0.940986 0.189178
vn 0.450861 0.867345 0.210801
vn 0.583859 0.808607 0.072548
vn 0.634175 0.559417 -0.533736
vn 0.642431 0.706411 -0.297097
vn 0.830914 0.534444 -0.154764
vn 0.823439 0.434613 -0.364774
vn 0.642431 0.706411 -0.297097
vn 0.583859 0.808607 0.072548
vn 0.774650 0.624087 0.102141
vn 0.830914 0.534444 -0.154764
vn 0.583859 0.808607 0.072548
vn 0.450861 0.867345 0.210801
vn 0.714839 0.677939 0.171476
vn 0.774650 0.624087 0.102141
vn -0.258994 0.859516 -0.440629
vn -0.075439 0.968848 -0.235888
vn -0.012908 0.934741 -0.355095
vn -0.228371 0.837372 -0.496644
vn -0.075439 0.968848 -0.235888
vn 0.187156 0.982329 -0.001838
vn 0.321938 0.941300 -0.101537
vn -0.012908 0.934741 -0.355095
vn 0.187156 0.982329 -0.001838
vn 0.398106 0.904579 0.152474
vn 0.489069 0.871457 0.037066
vn 0.321938 0.941300 -0.101537
vn -0.228371 0.837372 -0.496644
vn -0.012908 0.934741 -0.355095
vn 0.201254 0.815308 -0.542927
vn -0.034395 0.740272 -0.671427
vn -0.012908 0.934741 -0.355095
vn 0.321938 0.941300 -0.101537
vn 0.508815 0.804386 -0.306708
vn 0.201254 0.815308 -0.542927
vn 0.321938 0.941300 -0.101537
vn 0.489069 0.871457 0.037066
vn 0.574486 0.810078 -0.117215
vn 0.508815 0.804386 -0.306708
vn -0.034395 0.740272 -0.671427
vn 0.201254 0.815308 -0.542927
vn 0.378174 0.627774 -0.680356
vn 0.175239 0.590441 -0.787827
vn 0.201254 0.815308 -0.542927
vn 0.508815 0.804386 -0.306708
vn 0.588241 0.636602 -0.498709
vn 0.378174 0.627774 -0.680356
vn 0.508815 0.804386 -0.306708
vn 0.574486 0.810078 -0.117215
vn 0.629492 0.663385 -0.404549
vn 0.588241 0.636602 -0.498709
vn -0.640350 0.762036 -0.096193
vn -0.397373 0.895730 -0.199406
vn -0.471435 0.830379 -0.297017
vn -0.673644 0.725270 -0.142081
vn -0.397373 0.895730 -0.199406
vn -0.079284 0.935280 -0.344913
vn -0.104097 0.860602 -0.498526
vn -0.471435 0.830379 -0.297017
vn -0.079284 0.935280 -0.344913
vn 0.160417 0.873640 -0.459369
vn 0.101689 0.807364 -0.581225
vn -0.104097 0.860602 -0.498526
vn -0.673644 0.725270 -0.142081
vn -0.471435 0.830379 -0.297017
vn -0.528368 0.652585 -0.543102
vn -0.731130 0.573960 -0.368807
vn -0.471435 0.830379 -0.297017
vn -0.104097 0.860602 -0.498526
vn -0.185290 0.664626 -0.723837
vn -0.528368 0.652585 -0.543102
vn -0.104097 0.860602 -0.498526
vn 0.101689 0.807364 -0.581225
vn 0.010509 0.705624 -0.708509
vn -0.185290 0.664626 -0.723837
vn -0.731130 0.573960 -0.368807
vn -0.528368 0.652585 -0.543102
vn -0.545368 0.423347 -0.723430
vn -0.721511 0.382829 -0.576944
vn -0.528368 0.652585 -0.543102
vn -0.185290 0.664626 -0.723837
vn -0.295568 0.451857 -0.841703
vn -0.545368 0.423347 -0.723430
vn -0.185290 0.664626 -0.723837
vn 0.010509 0.705624 -0.708509
vn -0.198443 0.494659 -0.846128
vn -0.295568 0.451857 -0.841703
vn -0.355834 0.803599 -0.477086
vn -0.141289 0.946525 -0.290047
vn -0.109116 0.909730 -0.400605
vn -0.336427 0.783844 -0.521925
vn -0.141289 0.946525 -0.290047
vn 0.136819 0.986993 -0.084407
vn 0.245400 0.956070 -0.160340
vn -0.109116 0.909730 -0.400605
vn 0.136819 0.986993 -0.084407
vn 0.345054 0.936898 0.056215
vn 0.413802 0.910290 -0.011844
vn 0.245400 0.956070 -0.160340
vn -0.336427 0.783844 -0.521925
vn -0.109116 0.909730 -0.400605
vn 0.088732 0.821762 -0.562879
vn -0.178119 0.714321 -0.676771
vn -0.109116 0.909730 -0.400605
vn 0.245400 0.956070 -0.160340
vn 0.421955 0.851036 -0.312557
vn 0.088732 0.821762 -0.562879
vn 0.245400 0.956070 -0.160340
vn 0.413802 0.910290 -0.011844
vn 0.504002 0.853806 -0.130372
vn 0.421955 0.851036 -0.312557
vn -0.178119 0.714321 -0.676771
vn 0.088732 0.821762 -0.562879
vn 0.280253 0.662372 -0.694782
vn 0.040331 0.588490 -0.807498
vn 0.088732 0.821762 -0.562879
vn 0.421955 0.851036 -0.312557
vn 0.535923 0.691725 -0.484048
vn 0.280253 0.662372 -0.694782
vn 0.421955 0.851036 -0.312557
vn 0.504002 0.853806 -0.130372
vn 0.579092 0.720645 -0.381214
vn 0.535923 0.691725 -0.484048
vn -0.620665 0.769992 -0.147947
vn -0.435290 0.879325 -0.193160
vn -0.477786 0.834388 -0.274806
vn -0.650799 0.737165 -0.181790
vn -0.435290 0.879325 -0.193160
vn -0.146242 0.950968 -0.272530
vn -0.155257 0.889957 -0.428803
vn -0.477786 0.834388 -0.274806
vn -0.146242 0.950968 -0.272530
vn 0.106463 0.925133 -0.364410
vn 0.025289 0.866843 -0.497939
vn -0.155257 0.889957 -0.428803
vn -0.650799 0.737165 -0.181790
vn -0.477786 0.834388 -0.274806
vn -0.555603 0.659566 -0.506239
vn -0.723329 0.597948 -0.345331
vn -0.477786 0.834388 -0.274806
vn -0.155257 0.889957 -0.428803
vn -0.266626 0.715411 -0.645832
vn -0.555603 0.659566 -0.506239
vn -0.155257 0.889957 -0.428803
vn 0.025289 0.866843 -0.497939
vn -0.082550 0.777719 -0.623168
vn -0.266626 0.715411 -0.645832
vn -0.723329 0.597948 -0.345331
vn -0.555603 0.659566 -0.506239
vn -0.599561 0.444471 -0.665562
vn -0.749445 0.385732 -0.538092
vn -0.555603 0.659566 -0.506239
vn -0.266626 0.715411 -0.645832
vn -0.403358 0.500657 -0.765928
vn -0.599561 0.444471 -0.665562
vn -0.266626 0.715411 -0.645832
vn -0.082550 0.777719 -0.623168
vn -0.314080 0.554030 -0.770976
vn -0.403358 0.500657 -0.765928
vn -0.355834 0.803599 -0.477086
vn -0.141289 0.946525 -0.290047
vn -0.109116 0.909730 -0.400605
vn -0.336427 0.783844 -0.521925
vn -0.141289 0.946525 -0.290047
vn 0.136819 0.986993 -0.084407
vn 0.245400 0.956070 -0.160340
vn -0.109116 0.909730 -0.400605
vn 0.136819 0.986993 -0.084407
vn 0.345054 0.936898 0.056215
vn 0.413802 0.910290 -0.011844
vn 0.245400 0.956070 -0.160340
vn -0.336427 0.783844 -0.521925
vn -0.109116 0.909730 -0.400605
vn 0.088732 0.821762 -0.562879
vn -0.178119 0.714321 -0.676771
vn -0.109116 0.909730 -0.400605
vn 0.245400 0.956070 -0.160340
vn 0.421955 0.851036 -0.312557
vn 0.088732 0.821762 -0.562879
vn 0.245400 0.956070 -0.160340
vn 0.413802 0.910290 -0.011844
vn 0.504002 0.853806 -0.130372
vn 0.421955 0.851036 -0.312557
vn -0.178119 0.714321 -0.676771
vn 0.088732 0.821762 -0.562879
vn 0.280253 0.662372 -0.694782
vn 0.040331 0.588490 -0.807498
vn 0.088732 0.821762 -0.562879
vn 0.421955 0.851036 -0.312557
vn 0.535923 0.691725 -0.484048
vn 0.280253 0.662372 -0.694782
vn 0.421955 0.851036 -0.312557
vn 0.504002 0.853806 -0.130372
vn 0.579092 0.720645 -0.381214
vn 0.535923 0.691725 -0.484048
vn -0.435166 0.621475 -0.651460
vn -0.509270 0.761265 -0.401397
vn -0.387632 0.801883 -0.454670
vn -0.373544 0.636579 -0.674709
vn -0.509270 0.761265 -0.401397
vn -0.495417 0.866170 -0.065658
vn -0.338955 0.938852 -0.060555
vn -0.387632 0.801883 -0.454670
vn -0.495417 0.866170 -0.065658
vn -0.411512 0.890817 0.192623
vn -0.276332 0.947889 0.158576
vn -0.338955 0.938852 -0.060555
vn -0.373544 0.636579 -0.674709
vn -0.387632 0.801883 -0.454670
vn -0.089669 0.883084 -0.460568
vn -0.107927 0.719831 -0.685708
vn -0.387632 0.801883 -0.454670
vn -0.338955 0.938852 -0.060555
vn -0.036364 0.995007 -0.092948
vn -0.089669 0.883084 -0.460568
vn -0.338955 0.938852 -0.060555
vn -0.276332 0.947889 0.158576
vn -0.105760 0.989821 0.095228
vn -0.036364 0.995007 -0.092948
vn -0.107927 0.719831 -0.685708
vn -0.089669 0.883084 -0.460568
vn 0.201373 0.877268 -0.435718
vn 0.167154 0.756870 -0.631829
vn -0.089669 0.883084 -0.460568
vn -0.036364 0.995007 -0.092948
vn 0.216702 0.961099 -0.171257
vn 0.201373 0.877268 -0.435718
vn -0.036364 0.995007 -0.092948
vn -0.105760 0.989821 0.095228
vn 0.172427 0.982009 -0.076984
vn 0.216702 0.961099 -0.171257
vn 0.012960 0.780871 -0.624558
vn -0.054804 0.925274 -0.375319
vn 0.081650 0.913615 -0.398297
vn 0.079036 0.769810 -0.633360
vn -0.054804 0.925274 -0.375319
vn -0.078303 0.996436 -0.031369
vn 0.088341 0.995998 0.013559
vn 0.081650 0.913615 -0.398297
vn -0.078303 0.996436 -0.031369
vn -0.053796 0.969558 0.238879
vn 0.096794 0.966057 0.239509
vn 0.088341 0.995998 0.013559
vn 0.079036 0.769810 -0.633360
vn 0.081650 0.913615 -0.398297
vn 0.379766 0.861826 -0.336204
vn 0.350458 0.733788 -0.582009
vn 0.081650 0.913615 -0.398297
vn 0.088341 0.995998 0.013559
vn 0.386689 0.921004 0.047153
vn 0.379766 0.861826 -0.336204
vn 0.088341 0.995998 0.013559
vn 0.096794 0.966057 0.239509
vn 0.279513 0.935498 0.216139
vn 0.386689 0.921004 0.047153
vn 0.350458 0.733788 -0.582009
vn 0.379766 0.861826 -0.336204
vn 0.629870 0.732541 -0.258162
vn 0.596804 0.648471 -0.472557
vn 0.379766 0.861826 -0.336204
vn 0.386689 0.921004 0.047153
vn 0.615756 0.787817 0.013770
vn 0.629870 0.732541 -0.258162
vn 0.386689 0.921004 0.047153
vn 0.279513 0.935498 0.216139
vn 0.563017 0.820367 0.100049
vn 0.615756 0.787817 0.013770
vn 0.061019 0.837497 0.543024
vn -0.206822 0.881217 0.425067
vn -0.208920 0.811782 0.545310
vn 0.061175 0.798830 0.598439
vn -0.206822 0.881217 0.425067
vn -0.518451 0.808531 0.278364
vn -0.587403 0.704770 0.397815
vn -0.208920 0.811782 0.545310
vn -0.518451 0.808531 0.278364
vn -0.725376 0.666625 0.171585
vn -0.753828 0.586622 0.296005
vn -0.587403 0.704770 0.397815
vn 0.061175 0.798830 0.598439
vn -0.208920 0.811782 0.545310
vn -0.288958 0.594845 0.750109
vn -0.013778 0.611848 0.790855
vn -0.208920 0.811782 0.545310
vn -0.587403 0.704770 0.397815
vn -0.631567 0.481605 0.607602
vn -0.288958 0.594845 0.750109
vn -0.587403 0.704770 0.397815
vn -0.753828 0.586622 0.296005
vn -0.754192 0.479325 0.448823
vn -0.631567 0.481605 0.607602
vn -0.013778 0.611848 0.790855
vn -0.288958 0.594845 0.750109
vn -0.328784 0.337275 0.882126
vn -0.102771 0.376886 0.920541
vn -0.288958 0.594845 0.750109
vn -0.631567 0.481605 0.607602
vn -0.575496 0.276776 0.769545
vn -0.328784 0.337275 0.882126
vn -0.631567 0.481605 0.607602
vn -0.754192 0.479325 0.448823
vn -0.652612 0.293673 0.698465
vn -0.575496 0.276776 0.769545
vn 0.350914 0.934126 0.065325
vn 0.106801 0.989985 -0.092321
vn 0.087475 0.995145 0.045097
vn 0.340917 0.930770 0.132069
vn 0.106801 0.989985 -0.092321
vn -0.217501 0.950169 -0.223320
vn -0.311154 0.947122 -0.078376
vn 0.087475 0.995145 0.045097
vn -0.217501 0.950169 -0.223320
vn -0.463461 0.843188 -0.272467
vn -0.510942 0.849779 -0.129666
vn -0.311154 0.947122 -0.078376
vn 0.340917 0.930770 0.132069
vn 0.087475 0.995145 0.045097
vn -0.049595 0.946904 0.317668
vn 0.217803 0.899005 0.379936
vn 0.087475 0.995145 0.045097
vn -0.311154 0.947122 -0.078376
vn -0.416102 0.885636 0.206175
vn -0.049595 0.946904 0.317668
vn -0.311154 0.947122 -0.078376
vn -0.510942 0.849779 -0.129666
vn -0.539477 0.840227 0.054618
vn -0.416102 0.885636 0.206175
vn 0.217803 0.899005 0.379936
vn -0.049595 0.946904 0.317668
vn -0.164825 0.816978 0.552611
vn 0.063283 0.800900 0.595445
vn -0.049595 0.946904 0.317668
vn -0.416102 0.885636 0.206175
vn -0.422374 0.784864 0.453420
vn -0.164825 0.816978 0.552611
vn -0.416102 0.885636 0.206175
vn -0.539477 0.840227 0.054618
vn -0.492831 0.785684 0.373924
vn -0.422374 0.784864 0.453420
vn -0.521556 0.801295 0.293097
vn -0.403011 0.911648 0.080503
vn -0.522991 0.850934 0.048906
vn -0.579859 0.765731 0.278244
vn -0.403011 0.911648 0.080503
vn -0.268765 0.941760 -0.202122
vn -0.391775 0.870367 -0.298286
vn -0.522991 0.850934 0.048906
vn -0.268765 0.941760 -0.202122
vn -0.178833 0.889440 -0.420614
vn -0.305936 0.824095 -0.476728
vn -0.391775 0.870367 -0.298286
vn -0.579859 0.765731 0.278244
vn -0.522991 0.850934 0.048906
vn -0.733129 0.672943 -0.098332
vn -0.777593 0.612290 0.143002
vn -0.522991 0.850934 0.048906
vn -0.391775 0.870367 -0.298286
vn -0.605396 0.678885 -0.415464
vn -0.733129 0.672943 -0.098332
vn -0.391775 0.870367 -0.298286
vn -0.305936 0.824095 -0.476728
vn -0.455014 0.724931 -0.517143
vn -0.605396 0.678885 -0.415464
vn -0.777593 0.612290 0.143002
vn -0.733129 0.672943 -0.098332
vn -0.867808 0.445382 -0.220328
vn -0.910520 0.413110 -0.017163
vn -0.733129 0.672943 -0.098332
vn -0.605396 0.678885 -0.415464
vn -0.765546 0.468882 -0.440555
vn -0.867808 0.445382 -0.220328
vn -0.605396 0.678885 -0.415464
vn -0.455014 0.724931 -0.517143
vn -0.701271 0.510569 -0.497532
vn -0.765546 0.468882 -0.440555
vn -0.077222 0.611644 0.787356
vn -0.162586 0.800813 0.576424
vn -0.266750 0.727661 0.631944
vn -0.126483 0.571691 0.810661
vn -0.162586 0.800813 0.576424
vn -0.292613 0.917122 0.270675
vn -0.451199 0.849120 0.274618
vn -0.266750 0.727661 0.631944
vn -0.292613 0.917122 0.270675
vn -0.400732 0.915969 0.020343
vn -0.528515 0.846797 0.060052
vn -0.451199 0.849120 0.274618
vn -0.126483 0.571691 0.810661
vn -0.266750 0.727661 0.631944
vn -0.524891 0.558358 0.642437
vn -0.363789 0.426807 0.827945
vn -0.266750 0.727661 0.631944
vn -0.451199 0.849120 0.274618
vn -0.690656 0.655532 0.305404
vn -0.524891 0.558358 0.642437
vn -0.451199 0.849120 0.274618
vn -0.528515 0.846797 0.060052
vn -0.665090 0.736462 0.123608
vn -0.690656 0.655532 0.305404
vn -0.363789 0.426807 0.827945
vn -0.524891 0.558358 0.642437
vn -0.718837 0.343164 0.604576
vn -0.582177 0.256283 0.771615
vn -0.524891 0.558358 0.642437
vn -0.690656 0.655532 0.305404
vn -0.825092 0.432282 0.363807
vn -0.718837 0.343164 0.604576
vn -0.690656 0.655532 0.305404
vn -0.665090 0.736462 0.123608
vn -0.823096 0.495110 0.278172
vn -0.825092 0.432282 0.363807
vn 0.412077 0.907540 -0.081020
vn 0.144467 0.971064 -0.190169
vn 0.154268 0.986632 -0.052527
vn 0.415890 0.909314 -0.013579
vn 0.144467 0.971064 -0.190169
vn -0.201679 0.947125 -0.249558
vn -0.263406 0.960576 -0.088940
vn 0.154268 0.986632 -0.052527
vn -0.201679 0.947125 -0.249558
vn -0.458437 0.855849 -0.239495
vn -0.474937 0.875298 -0.091037
vn -0.263406 0.960576 -0.088940
vn 0.415890 0.909314 -0.013579
vn 0.154268 0.986632 -0.052527
vn 0.073782 0.966706 0.245022
vn 0.344919 0.903123 0.255733
vn 0.154268 0.986632 -0.052527
vn -0.263406 0.960576 -0.088940
vn -0.310841 0.925853 0.214882
vn 0.073782 0.966706 0.245022
vn -0.263406 0.960576 -0.088940
vn -0.474937 0.875298 -0.091037
vn -0.465335 0.879980 0.095382
vn -0.310841 0.925853 0.214882
vn 0.344919 0.903123 0.255733
vn 0.073782 0.966706 0.245022
vn 0.001971 0.861406 0.507914
vn 0.232628 0.831153 0.505043
vn 0.073782 0.966706 0.245022
vn -0.310841 0.925853 0.214882
vn -0.271956 0.842219 0.465517
vn 0.001971 0.861406 0.507914
vn -0.310841 0.925853 0.214882
vn -0.465335 0.879980 0.095382
vn -0.357130 0.843104 0.402037
vn -0.271956 0.842219 0.465517
vn 0.782413 0.611643 -0.117146
vn 0.598671 0.800813 0.017085
vn 0.677921 0.727661 0.104561
vn 0.817029 0.571691 -0.075059
vn 0.598671 0.800813 0.017085
vn 0.333869 0.917122 0.217758
vn 0.376372 0.849120 0.370593
vn 0.677921 0.727661 0.104561
vn 0.333869 0.917122 0.217758
vn 0.117469 0.915969 0.383668
vn 0.187145 0.846797 0.497907
vn 0.376372 0.849120 0.370593
vn 0.817029 0.571691 -0.075059
vn 0.677921 0.727661 0.104561
vn 0.751057 0.558358 0.352347
vn 0.891670 0.426807 0.150864
vn 0.677921 0.727661 0.104561
vn 0.376372 0.849120 0.370593
vn 0.464633 0.655532 0.595310
vn 0.751057 0.558358 0.352347
vn 0.376372 0.849120 0.370593
vn 0.187145 0.846797 0.497907
vn 0.282092 0.736462 0.614856
vn 0.464633 0.655532 0.595310
vn 0.891670 0.426807 0.150864
vn 0.751057 0.558358 0.352347
vn 0.761644 0.343164 0.549670
vn 0.890306 0.256283 0.376396
vn 0.751057 0.558358 0.352347
vn 0.464633 0.655532 0.595310
vn 0.554062 0.432283 0.711440
vn 0.761644 0.343164 0.549670
vn 0.464633 0.655532 0.595310
vn 0.282092 0.736462 0.614856
vn 0.470525 0.495110 0.730392
vn 0.554062 0.432283 0.711440
vn 0.337476 0.611644 -0.715543
vn 0.346943 0.800813 -0.488190
vn 0.463710 0.727661 -0.505453
vn 0.391705 0.571691 -0.720928
vn 0.346943 0.800813 -0.488190
vn 0.366590 0.917122 -0.156522
vn 0.517267 0.849120 -0.106910
vn 0.463710 0.727661 -0.505453
vn 0.366590 0.917122 -0.156522
vn 0.384239 0.915969 0.115589
vn 0.517933 0.846797 0.121159
vn 0.517267 0.849120 -0.106910
vn 0.391705 0.571691 -0.720928
vn 0.463710 0.727661 -0.505453
vn 0.710349 0.558358 -0.428533
vn 0.621005 0.426807 -0.657411
vn 0.463710 0.727661 -0.505453
vn 0.517267 0.849120 -0.106910
vn 0.753133 0.655532 -0.055386
vn 0.710349 0.558358 -0.428533
vn 0.517267 0.849120 -0.106910
vn 0.517933 0.846797 0.121159
vn 0.667927 0.736462 0.107228
vn 0.753133 0.655532 -0.055386
vn 0.621005 0.426807 -0.657411
vn 0.710349 0.558358 -0.428533
vn 0.880270 0.343164 -0.327663
vn 0.807734 0.256284 -0.530927
vn 0.710349 0.558358 -0.428533
vn 0.753133 0.655532 -0.055386
vn 0.899379 0.432282 -0.065185
vn 0.880270 0.343164 -0.327663
vn 0.753133 0.655532 -0.055386
vn 0.667927 0.736462 0.107228
vn 0.868704 0.495110 0.014793
vn 0.899379 0.432282 -0.065185
vn -0.640350 0.762036 -0.096193
vn -0.397374 0.895729 -0.199406
vn -0.471435 0.830379 -0.297017
vn -0.673644 0.725270 -0.142081
vn -0.397374 0.895729 -0.199406
vn -0.079285 0.935280 -0.344913
vn -0.104097 0.860602 -0.498526
vn -0.471435 0.830379 -0.297017
vn -0.079285 0.935280 -0.344913
vn 0.160417 0.873639 -0.459370
vn 0.101689 0.807364 -0.581225
vn -0.104097 0.860602 -0.498526
vn -0.673644 0.725270 -0.142081
vn -0.471435 0.830379 -0.297017
vn -0.528369 0.652585 -0.543102
vn -0.731130 0.573960 -0.368807
vn -0.471435 0.830379 -0.297017
vn -0.104097 0.860602 -0.498526
vn -0.185290 0.664626 -0.723837
vn -0.528369 0.652585 -0.543102
vn -0.104097 0.860602 -0.498526
vn 0.101689 0.807364 -0.581225
vn 0.010509 0.705623 -0.708509
vn -0.185290 0.664626 -0.723837
vn -0.731130 0.573960 -0.368807
vn -0.528369 0.652585 -0.543102
vn -0.545369 0.423347 -0.723430
vn -0.721512 0.382828 -0.576943
vn -0.528369 0.652585 -0.543102
vn -0.185290 0.664626 -0.723837
vn -0.295568 0.451857 -0.841704
vn -0.545369 0.423347 -0.723430
vn -0.185290 0.664626 -0.723837
vn 0.010509 0.705623 -0.708509
vn -0.198443 0.494659 -0.846128
vn -0.295568 0.451857 -0.841704
vn 0.012960 0.780871 -0.624558
vn -0.054804 0.925274 -0.375319
vn 0.081650 0.913615 -0.398297
vn 0.079037 0.769810 -0.633360
vn -0.054804 0.925274 -0.375319
vn -0.078303 0.996436 -0.031369
vn 0.088342 0.995998 0.013559
vn 0.081650 0.913615 -0.398297
vn -0.078303 0.996436 -0.031369
vn -0.053795 0.969558 0.238879
vn 0.096795 0.966057 0.239509
vn 0.088342 0.995998 0.013559
vn 0.079037 0.769810 -0.633360
vn 0.081650 0.913615 -0.398297
vn 0.379766 0.861826 -0.336204
vn 0.350458 0.733787 -0.582010
vn 0.081650 0.913615 -0.398297
vn 0.088342 0.995998 0.013559
vn 0.386689 0.921004 0.047153
vn 0.379766 0.861826 -0.336204
vn 0.088342 0.995998 0.013559
vn 0.096795 0.966057 0.239509
vn 0.279514 0.935498 0.216139
vn 0.386689 0.921004 0.047153
vn 0.350458 0.733787 -0.582010
vn 0.379766 0.861826 -0.336204
vn 0.629869 0.732541 -0.258163
vn 0.596804 0.648471 -0.472558
vn 0.379766 0.861826 -0.336204
vn 0.386689 0.921004 0.047153
vn 0.615754 0.787818 0.013770
vn 0.629869 0.732541 -0.258163
vn 0.386689 0.921004 0.047153
vn 0.279514 0.935498 0.216139
vn 0.563016 0.820368 0.100048
vn 0.615754 0.787818 0.013770
vn 0.977129 -0.025633 -0.211099
vn 0.968198 0.238025 -0.077050
vn 0.991242 0.131731 0.009289
vn 0.982507 -0.078215 -0.169003
vn 0.968198 0.238025 -0.077050
vn 0.857211 0.497348 0.133546
vn 0.861481 0.418790 0.287167
vn 0.991242 0.131731 0.009289
vn 0.857211 0.497348 0.133546
vn 0.705883 0.635004 0.313845
vn 0.726632 0.538033 0.427231
vn 0.861481 0.418790 0.287167
vn 0.982507 -0.078215 -0.169003
vn 0.991242 0.131731 0.009289
vn 0.964091 -0.043918 0.261916
vn 0.969864 -0.236102 0.060161
vn 0.991242 0.131731 0.009289
vn 0.861481 0.418790 0.287167
vn 0.828411 0.214635 0.517365
vn 0.964091 -0.043918 0.261916
vn 0.861481 0.418790 0.287167
vn 0.726632 0.538033 0.427231
vn 0.741054 0.393238 0.544246
vn 0.828411 0.214635 0.517365
vn 0.969864 -0.236102 0.060161
vn 0.964091 -0.043918 0.261916
vn 0.855019 -0.215570 0.471669
vn 0.882528 -0.365492 0.295905
vn 0.964091 -0.043918 0.261916
vn 0.828411 0.214635 0.517365
vn 0.767139 -0.013843 0.641331
vn 0.855019 -0.215570 0.471669
vn 0.828411 0.214635 0.517365
vn 0.741054 0.393238 0.544246
vn 0.744418 0.087868 0.661907
vn 0.767139 -0.013843 0.641331
vn 0.016270 0.707012 0.707015
vn -0.108433 0.885822 0.451177
vn -0.217838 0.819691 0.529768
vn -0.037719 0.673086 0.738601
vn -0.108433 0.885822 0.451177
vn -0.276553 0.948945 0.151731
vn -0.410847 0.893356 0.181989
vn -0.217838 0.819691 0.529768
vn -0.276553 0.948945 0.151731
vn -0.379170 0.924889 -0.028465
vn -0.481741 0.876199 -0.014199
vn -0.410847 0.893356 0.181989
vn -0.037719 0.673086 0.738601
vn -0.217838 0.819691 0.529768
vn -0.505156 0.662006 0.553684
vn -0.330991 0.535767 0.776788
vn -0.217838 0.819691 0.529768
vn -0.410847 0.893356 0.181989
vn -0.667885 0.719527 0.190294
vn -0.505156 0.662006 0.553684
vn -0.410847 0.893356 0.181989
vn -0.481741 0.876199 -0.014199
vn -0.629868 0.776454 0.019634
vn -0.667885 0.719527 0.190294
vn -0.330991 0.535767 0.776788
vn -0.505156 0.662006 0.553684
vn -0.756285 0.424709 0.497650
vn -0.610881 0.337654 0.716111
vn -0.505156 0.662006 0.553684
vn -0.667885 0.719527 0.190294
vn -0.841172 0.492335 0.223688
vn -0.756285 0.424709 0.497650
vn -0.667885 0.719527 0.190294
vn -0.629868 0.776454 0.019634
vn -0.824494 0.547781 0.141937
vn -0.841172 0.492335 0.223688
vn -0.640350 0.762036 -0.096193
vn -0.397374 0.895730 -0.199405
vn -0.471435 0.830379 -0.297017
vn -0.673644 0.725270 -0.142081
vn -0.397374 0.895730 -0.199405
vn -0.079285 0.935280 -0.344913
vn -0.104097 0.860602 -0.498526
vn -0.471435 0.830379 -0.297017
vn -0.079285 0.935280 -0.344913
vn 0.160416 0.873640 -0.459369
vn 0.101689 0.807364 -0.581225
vn -0.104097 0.860602 -0.498526
vn -0.673644 0.725270 -0.142081
vn -0.471435 0.830379 -0.297017
vn -0.528368 0.652585 -0.543103
vn -0.731130 0.573960 -0.368807
vn -0.471435 0.830379 -0.297017
vn -0.104097 0.860602 -0.498526
vn -0.185290 0.664626 -0.723837
vn -0.528368 0.652585 -0.543103
vn -0.104097 0.860602 -0.498526
vn 0.101689 0.807364 -0.581225
vn 0.010509 0.705624 -0.708509
vn -0.185290 0.664626 -0.723837
vn -0.731130 0.573960 -0.368807
vn -0.528368 0.652585 -0.543103
vn -0.545369 0.423347 -0.723430
vn -0.721511 0.382829 -0.576943
vn -0.528368 0.652585 -0.543103
vn -0.185290 0.664626 -0.723837
vn -0.295568 0.451857 -0.841704
vn -0.545369 0.423347 -0.723430
vn -0.185290 0.664626 -0.723837
vn 0.010509 0.705624 -0.708509
vn -0.198442 0.494658 -0.846129
vn -0.295568 0.451857 -0.841704
vn -0.620665 0.769992 -0.147947
vn -0.435290 0.879325 -0.193160
vn -0.477786 0.834388 -0.274806
vn -0.650799 0.737165 -0.181790
vn -0.435290 0.879325 -0.193160
vn -0.146242 0.950968 -0.272530
vn -0.155257 0.889957 -0.428803
vn -0.477786 0.834388 -0.274806
vn -0.146242 0.950968 -0.272530
vn 0.106463 0.925133 -0.364410
vn 0.025289 0.866843 -0.497939
vn -0.155257 0.889957 -0.428803
vn -0.650799 0.737165 -0.181790
vn -0.477786 0.834388 -0.274806
vn -0.555603 0.659566 -0.506239
vn -0.723329 0.597948 -0.345331
vn -0.477786 0.834388 -0.274806
vn -0.155257 0.889957 -0.428803
vn -0.266626 0.715411 -0.645832
vn -0.555603 0.659566 -0.506239
vn -0.155257 0.889957 -0.428803
vn 0.025289 0.866843 -0.497939
vn -0.082550 0.777719 -0.623168
vn -0.266626 0.715411 -0.645832
vn -0.723329 0.597948 -0.345331
vn -0.555603 0.659566 -0.506239
vn -0.599561 0.444471 -0.665562
vn -0.749445 0.385732 -0.538092
vn -0.555603 0.659566 -0.506239
vn -0.266626 0.715411 -0.645832
vn -0.403358 0.500657 -0.765928
vn -0.599561 0.444471 -0.665562
vn -0.266626 0.715411 -0.645832
vn -0.082550 0.777719 -0.623168
vn -0.314080 0.554030 -0.770976
vn -0.403358 0.500657 -0.765928
vn -0.355834 0.803599 -0.477086
vn -0.141289 0.946525 -0.290047
vn -0.109116 0.909730 -0.400605
vn -0.336427 0.783844 -0.521925
vn -0.141289 0.946525 -0.290047
vn 0.136819 0.986993 -0.084407
vn 0.245400 0.956070 -0.160340
vn -0.109116 0.909730 -0.400605
vn 0.136819 0.986993 -0.084407
vn 0.345054 0.936898 0.056215
vn 0.413802 0.910290 -0.011844
vn 0.245400 0.956070 -0.160340
vn -0.336427 0.783844 -0.521925
vn -0.109116 0.909730 -0.400605
vn 0.088732 0.821762 -0.562879
vn -0.178119 0.714321 -0.676771
vn -0.109116 0.909730 -0.400605
vn 0.245400 0.956070 -0.160340
vn 0.421955 0.851036 -0.312557
vn 0.088732 0.821762 -0.562879
vn 0.245400 0.956070 -0.160340
vn 0.413802 0.910290 -0.011844
vn 0.504002 0.853806 -0.130372
vn 0.421955 0.851036 -0.312557
vn -0.178119 0.714321 -0.676771
vn 0.088732 0.821762 -0.562879
vn 0.280253 0.662372 -0.694782
vn 0.040331 0.588490 -0.807498
vn 0.088732 0.821762 -0.562879
vn 0.421955 0.851036 -0.312557
vn 0.535923 0.691725 -0.484048
vn 0.280253 0.662372 -0.694782
vn 0.421955 0.851036 -0.312557
vn 0.504002 0.853806 -0.130372
vn 0.579092 0.720645 -0.381214
vn 0.535923 0.691725 -0.484048
vn -0.258994 0.859517 -0.440628
vn -0.075439 0.968848 -0.235888
vn -0.012907 0.934741 -0.355095
vn -0.228371 0.837372 -0.496644
vn -0.075439 0.968848 -0.235888
vn 0.187157 0.982328 -0.001838
vn 0.321938 0.941300 -0.101537
vn -0.012907 0.934741 -0.355095
vn 0.187157 0.982328 -0.001838
vn 0.398107 0.904579 0.152474
vn 0.489069 0.871457 0.037066
vn 0.321938 0.941300 -0.101537
vn -0.228371 0.837372 -0.496644
vn -0.012907 0.934741 -0.355095
vn 0.201254 0.815308 -0.542927
vn -0.034395 0.740272 -0.671427
vn -0.012907 0.934741 -0.355095
vn 0.321938 0.941300 -0.101537
vn 0.508815 0.804386 -0.306708
vn 0.201254 0.815308 -0.542927
vn 0.321938 0.941300 -0.101537
vn 0.489069 0.871457 0.037066
vn 0.574486 0.810078 -0.117215
vn 0.508815 0.804386 -0.306708
vn -0.034395 0.740272 -0.671427
vn 0.201254 0.815308 -0.542927
vn 0.378174 0.627773 -0.680356
vn 0.175239 0.590441 -0.787827
vn 0.201254 0.815308 -0.542927
vn 0.508815 0.804386 -0.306708
vn 0.588241 0.636602 -0.498709
vn 0.378174 0.627773 -0.680356
vn 0.508815 0.804386 -0.306708
vn 0.574486 0.810078 -0.117215
vn 0.629491 0.663386 -0.404551
vn 0.588241 0.636602 -0.498709
vn 0.782413 0.611643 -0.117147
vn 0.598671 0.800813 0.017085
vn 0.677921 0.727661 0.104561
vn 0.817029 0.571691 -0.075059
vn 0.598671 0.800813 0.017085
vn 0.333870 0.917122 0.217758
vn 0.376373 0.849120 0.370593
vn 0.677921 0.727661 0.104561
vn 0.333870 0.917122 0.217758
vn 0.117469 0.915969 0.383668
vn 0.187145 0.846797 0.497907
vn 0.376373 0.849120 0.370593
vn 0.817029 0.571691 -0.075059
vn 0.677921 0.727661 0.104561
vn 0.751057 0.558358 0.352347
vn 0.891670 0.426807 0.150864
vn 0.677921 0.727661 0.104561
vn 0.376373 0.849120 0.370593
vn 0.464633 0.655532 0.595310
vn 0.751057 0.558358 0.352347
vn 0.376373 0.849120 0.370593
vn 0.187145 0.846797 0.497907
vn 0.282092 0.736461 0.614857
vn 0.464633 0.655532 0.595310
vn 0.891670 0.426807 0.150864
vn 0.751057 0.558358 0.352347
vn 0.761644 0.343164 0.549670
vn 0.890306 0.256283 0.376396
vn 0.751057 0.558358 0.352347
vn 0.464633 0.655532 0.595310
vn 0.554062 0.432283 0.711440
vn 0.761644 0.343164 0.549670
vn 0.464633 0.655532 0.595310
vn 0.282092 0.736461 0.614857
vn 0.470526 0.495110 0.730391
vn 0.554062 0.432283 0.711440
vn -0.617749 0.784176 0.058768
vn -0.370770 0.928572 -0.016829
vn -0.446483 0.885994 -0.125173
vn -0.651996 0.758194 0.006633
vn -0.370770 0.928572 -0.016829
vn -0.051349 0.986925 -0.152780
vn -0.077982 0.944865 -0.318040
vn -0.446483 0.885994 -0.125173
vn -0.051349 0.986925 -0.152780
vn 0.186714 0.942251 -0.278030
vn 0.126354 0.903120 -0.410376
vn -0.077982 0.944865 -0.318040
vn -0.651996 0.758194 0.006633
vn -0.446483 0.885994 -0.125173
vn -0.508013 0.762123 -0.401362
vn -0.713353 0.656458 -0.245338
vn -0.446483 0.885994 -0.125173
vn -0.077982 0.944865 -0.318040
vn -0.164335 0.799770 -0.577374
vn -0.508013 0.762123 -0.401362
vn -0.077982 0.944865 -0.318040
vn 0.126354 0.903120 -0.410376
vn 0.032537 0.831252 -0.554943
vn -0.164335 0.799770 -0.577374
vn -0.713353 0.656458 -0.245338
vn -0.508013 0.762123 -0.401362
vn -0.531265 0.573684 -0.623414
vn -0.708830 0.510088 -0.487206
vn -0.508013 0.762123 -0.401362
vn -0.164335 0.799770 -0.577374
vn -0.280484 0.617804 -0.734607
vn -0.531265 0.573684 -0.623414
vn -0.164335 0.799770 -0.577374
vn 0.032537 0.831252 -0.554943
vn -0.182148 0.657811 -0.730826
vn -0.280484 0.617804 -0.734607
vn 0.782413 0.611643 -0.117147
vn 0.598671 0.800813 0.017085
vn 0.677920 0.727661 0.104561
vn 0.817029 0.571690 -0.075059
vn 0.598671 0.800813 0.017085
vn 0.333870 0.917122 0.217758
vn 0.376372 0.849120 0.370593
vn 0.677920 0.727661 0.104561
vn 0.333870 0.917122 0.217758
vn 0.117469 0.915969 0.383668
vn 0.187145 0.846797 0.497907
vn 0.376372 0.849120 0.370593
vn 0.817029 0.571690 -0.075059
vn 0.677920 0.727661 0.104561
vn 0.751057 0.558359 0.352347
vn 0.891670 0.426807 0.150864
vn 0.677920 0.727661 0.104561
vn 0.376372 0.849120 0.370593
vn 0.464633 0.655533 0.595310
vn 0.751057 0.558359 0.352347
vn 0.376372 0.849120 0.370593
vn 0.187145 0.846797 0.497907
vn 0.282092 0.736462 0.614856
vn 0.464633 0.655533 0.595310
vn 0.891670 0.426807 0.150864
vn 0.751057 0.558359 0.352347
vn 0.761644 0.343164 0.549670
vn 0.890306 0.256283 0.376396
vn 0.751057 0.558359 0.352347
vn 0.464633 0.655533 0.595310
vn 0.554062 0.432283 0.711440
vn 0.761644 0.343164 0.549670
vn 0.464633 0.655533 0.595310
vn 0.282092 0.736462 0.614856
vn 0.470525 0.495110 0.730392
vn 0.554062 0.432283 0.711440
vn 0.971805 -0.113326 0.206768
vn 0.974957 0.174452 0.137935
vn 0.950624 0.148964 0.272256
vn 0.954312 -0.126581 0.270676
vn 0.974957 0.174452 0.137935
vn 0.859235 0.503509 0.090524
vn 0.802908 0.541525 0.249179
vn 0.950624 0.148964 0.272256
vn 0.859235 0.503509 0.090524
vn 0.691160 0.718059 0.081788
vn 0.658529 0.716918 0.228840
vn 0.802908 0.541525 0.249179
vn 0.954312 -0.126581 0.270676
vn 0.950624 0.148964 0.272256
vn 0.817033 0.174356 0.549598
vn 0.844628 -0.101930 0.525560
vn 0.950624 0.148964 0.272256
vn 0.802908 0.541525 0.249179
vn 0.664863 0.530440 0.525918
vn 0.817033 0.174356 0.549598
vn 0.802908 0.541525 0.249179
vn 0.658529 0.716918 0.228840
vn 0.609674 0.681099 0.405465
vn 0.664863 0.530440 0.525918
vn 0.844628 -0.101930 0.525560
vn 0.817033 0.174356 0.549598
vn 0.620129 0.171959 0.765422
vn 0.668592 -0.054342 0.741642
vn 0.817033 0.174356 0.549598
vn 0.664863 0.530440 0.525918
vn 0.526947 0.431597 0.732155
vn 0.620129 0.171959 0.765422
vn 0.664863 0.530440 0.525918
vn 0.609674 0.681099 0.405465
vn 0.519270 0.521903 0.676739
vn 0.526947 0.431597 0.732155
vn -0.845234 0.533486 0.031174
vn -0.866759 0.447165 -0.220844
vn -0.923764 0.360277 -0.129846
vn -0.868982 0.488483 0.079084
vn -0.866759 0.447165 -0.220844
vn -0.838600 0.265385 -0.475732
vn -0.903194 0.119529 -0.412255
vn -0.923764 0.360277 -0.129846
vn -0.838600 0.265385 -0.475732
vn -0.779052 0.081709 -0.621612
vn -0.843040 -0.029327 -0.537051
vn -0.903194 0.119529 -0.412255
vn -0.868982 0.488483 0.079084
vn -0.923764 0.360277 -0.129846
vn -0.995236 0.095517 0.019524
vn -0.944557 0.249433 0.213531
vn -0.923764 0.360277 -0.129846
vn -0.903194 0.119529 -0.412255
vn -0.963037 -0.128683 -0.236644
vn -0.995236 0.095517 0.019524
vn -0.903194 0.119529 -0.412255
vn -0.843040 -0.029327 -0.537051
vn -0.898980 -0.150711 -0.411244
vn -0.963037 -0.128683 -0.236644
vn -0.944557 0.249433 0.213531
vn -0.995236 0.095517 0.019524
vn -0.973972 -0.156392 0.164073
vn -0.947219 -0.018220 0.320068
vn -0.995236 0.095517 0.019524
vn -0.963037 -0.128683 -0.236644
vn -0.953807 -0.298591 -0.033113
vn -0.973972 -0.156392 0.164073
vn -0.963037 -0.128683 -0.236644
vn -0.898980 -0.150711 -0.411244
vn -0.942978 -0.307444 -0.127557
vn -0.953807 -0.298591 -0.033113
vn 0.284180 0.726717 -0.625399
vn 0.298912 0.883666 -0.360258
vn 0.436385 0.812502 -0.386534
vn 0.353959 0.687746 -0.633813
vn 0.298912 0.883666 -0.360258
vn 0.342507 0.937975 -0.053776
vn 0.485993 0.873229 -0.035799
vn 0.436385 0.812502 -0.386534
vn 0.342507 0.937975 -0.053776
vn 0.375451 0.917161 0.133612
vn 0.491002 0.857912 0.151339
vn 0.485993 0.873229 -0.035799
vn 0.353959 0.687746 -0.633813
vn 0.436385 0.812502 -0.386534
vn 0.709587 0.631949 -0.311652
vn 0.645990 0.524563 -0.554555
vn 0.436385 0.812502 -0.386534
vn 0.485993 0.873229 -0.035799
vn 0.730438 0.682075 0.035130
vn 0.709587 0.631949 -0.311652
vn 0.485993 0.873229 -0.035799
vn 0.491002 0.857912 0.151339
vn 0.637875 0.752985 0.161647
vn 0.730438 0.682075 0.035130
vn 0.645990 0.524563 -0.554555
vn 0.709587 0.631949 -0.311652
vn 0.902744 0.391645 -0.177953
vn 0.859974 0.313577 -0.402634
vn 0.709587 0.631949 -0.311652
vn 0.730438 0.682075 0.035130
vn 0.887448 0.457976 0.051897
vn 0.902744 0.391645 -0.177953
vn 0.730438 0.682075 0.035130
vn 0.637875 0.752985 0.161647
vn 0.850870 0.513414 0.111472
vn 0.887448 0.457976 0.051897
vn 0.764155 0.645003 -0.006269
vn 0.605173 0.793131 0.068623
vn 0.657400 0.738991 0.147371
vn 0.795158 0.605773 0.027611
vn 0.605173 0.793131 0.068623
vn 0.361805 0.912095 0.192820
vn 0.396964 0.851726 0.342028
vn 0.657400 0.738991 0.147371
vn 0.361805 0.912095 0.192820
vn 0.156079 0.934004 0.321365
vn 0.250218 0.862345 0.440173
vn 0.396964 0.851726 0.342028
vn 0.795158 0.605773 0.027611
vn 0.657400 0.738991 0.147371
vn 0.741986 0.558793 0.370415
vn 0.867213 0.458214 0.194888
vn 0.657400 0.738991 0.147371
vn 0.396964 0.851726 0.342028
vn 0.508452 0.669133 0.541975
vn 0.741986 0.558793 0.370415
vn 0.396964 0.851726 0.342028
vn 0.250218 0.862345 0.440173
vn 0.354624 0.761912 0.541970
vn 0.508452 0.669133 0.541975
vn 0.867213 0.458214 0.194888
vn 0.741986 0.558793 0.370415
vn 0.764470 0.357124 0.536701
vn 0.882000 0.256633 0.395241
vn 0.741986 0.558793 0.370415
vn 0.508452 0.669133 0.541975
vn 0.616056 0.453074 0.644360
vn 0.764470 0.357124 0.536701
vn 0.508452 0.669133 0.541975
vn 0.354624 0.761912 0.541970
vn 0.548467 0.518092 0.656327
vn 0.616056 0.453074 0.644360
vn -0.640349 0.762037 -0.096193
vn -0.397373 0.895730 -0.199405
vn -0.471435 0.830380 -0.297017
vn -0.673644 0.725271 -0.142081
vn -0.397373 0.895730 -0.199405
vn -0.079285 0.935280 -0.344913
vn -0.104097 0.860602 -0.498526
vn -0.471435 0.830380 -0.297017
vn -0.079285 0.935280 -0.344913
vn 0.160416 0.873640 -0.459370
vn 0.101689 0.807364 -0.581225
vn -0.104097 0.860602 -0.498526
vn -0.673644 0.725271 -0.142081
vn -0.471435 0.830380 -0.297017
vn -0.528368 0.652585 -0.543102
vn -0.731130 0.573960 -0.368807
vn -0.471435 0.830380 -0.297017
vn -0.104097 0.860602 -0.498526
vn -0.185290 0.664626 -0.723837
vn -0.528368 0.652585 -0.543102
vn -0.104097 0.860602 -0.498526
vn 0.101689 0.807364 -0.581225
vn 0.010509 0.705624 -0.708509
vn -0.185290 0.664626 -0.723837
vn -0.731130 0.573960 -0.368807
vn -0.528368 0.652585 -0.543102
vn -0.545368 0.423347 -0.723430
vn -0.721512 0.382828 -0.576944
vn -0.528368 0.652585 -0.543102
vn -0.185290 0.664626 -0.723837
vn -0.295568 0.451857 -0.841704
vn -0.545368 0.423347 -0.723430
vn -0.185290 0.664626 -0.723837
vn 0.010509 0.705624 -0.708509
vn -0.198442 0.494658 -0.846129
vn -0.295568 0.451857 -0.841704
vn -0.502732 0.840319 0.202792
vn -0.332427 0.939039 0.087741
vn -0.428109 0.903569 0.016891
vn -0.555997 0.813423 0.170909
vn -0.332427 0.939039 0.087741
vn -0.126599 0.987565 -0.093212
vn -0.223524 0.947515 -0.228587
vn -0.428109 0.903569 0.016891
vn -0.126599 0.987565 -0.093212
vn 0.012054 0.965196 -0.261248
vn -0.117285 0.925587 -0.359907
vn -0.223524 0.947515 -0.228587
vn -0.555997 0.813423 0.170909
vn -0.428109 0.903569 0.016891
vn -0.614087 0.764942 -0.194322
vn -0.716207 0.697883 -0.002690
vn -0.428109 0.903569 0.016891
vn -0.223524 0.947515 -0.228587
vn -0.423967 0.806773 -0.411544
vn -0.614087 0.764942 -0.194322
vn -0.223524 0.947515 -0.228587
vn -0.117285 0.925587 -0.359907
vn -0.258072 0.858611 -0.442929
vn -0.423967 0.806773 -0.411544
vn -0.716207 0.697883 -0.002690
vn -0.614087 0.764942 -0.194322
vn -0.730335 0.578471 -0.363293
vn -0.829256 0.518749 -0.207928
vn -0.614087 0.764942 -0.194322
vn -0.423967 0.806773 -0.411544
vn -0.595511 0.628428 -0.500444
vn -0.730335 0.578471 -0.363293
vn -0.423967 0.806773 -0.411544
vn -0.258072 0.858611 -0.442929
vn -0.523205 0.672062 -0.524013
vn -0.595511 0.628428 -0.500444
vn -0.258993 0.859517 -0.440628
vn -0.075439 0.968848 -0.235888
vn -0.012907 0.934741 -0.355095
vn -0.228371 0.837372 -0.496644
vn -0.075439 0.968848 -0.235888
vn 0.187157 0.982328 -0.001838
vn 0.321938 0.941300 -0.101537
vn -0.012907 0.934741 -0.355095
vn 0.187157 0.982328 -0.001838
vn 0.398106 0.904579 0.152474
vn 0.489069 0.871457 0.037066
vn 0.321938 0.941300 -0.101537
vn -0.228371 0.837372 -0.496644
vn -0.012907 0.934741 -0.355095
vn 0.201254 0.815308 -0.542927
vn -0.034395 0.740272 -0.671427
vn -0.012907 0.934741 -0.355095
vn 0.321938 0.941300 -0.101537
vn 0.508815 0.804386 -0.306708
vn 0.201254 0.815308 -0.542927
vn 0.321938 0.941300 -0.101537
vn 0.489069 0.871457 0.037066
vn 0.574486 0.810078 -0.117215
vn 0.508815 0.804386 -0.306708
vn -0.034395 0.740272 -0.671427
vn 0.201254 0.815308 -0.542927
vn 0.378174 0.627773 -0.680356
vn 0.175240 0.590441 -0.787827
vn 0.201254 0.815308 -0.542927
vn 0.508815 0.804386 -0.306708
vn 0.588241 0.636602 -0.498709
vn 0.378174 0.627773 -0.680356
vn 0.508815 0.804386 -0.306708
vn 0.574486 0.810078 -0.117215
vn 0.629491 0.663385 -0.404550
vn 0.588241 0.636602 -0.498709
vn 0.135338 0.853713 -0.502849
vn -0.049170 0.954371 -0.294549
vn 0.084957 0.962024 -0.259407
vn 0.200235 0.851779 -0.484126
vn -0.049170 0.954371 -0.294549
vn -0.219861 0.975450 0.012596
vn -0.087573 0.988576 0.122672
vn 0.084957 0.962024 -0.259407
vn -0.219861 0.975450 0.012596
vn -0.301789 0.915601 0.265702
vn -0.165710 0.929774 0.328726
vn -0.087573 0.988576 0.122672
vn 0.200235 0.851779 -0.484126
vn 0.084957 0.962024 -0.259407
vn 0.337227 0.937773 -0.082822
vn 0.430187 0.841345 -0.327226
vn 0.084957 0.962024 -0.259407
vn -0.087573 0.988576 0.122672
vn 0.180105 0.945346 0.271815
vn 0.337227 0.937773 -0.082822
vn -0.087573 0.988576 0.122672
vn -0.165710 0.929774 0.328726
vn 0.013354 0.924321 0.381382
vn 0.180105 0.945346 0.271815
vn 0.430187 0.841345 -0.327226
vn 0.337227 0.937773 -0.082822
vn 0.552403 0.829485 0.082495
vn 0.622236 0.771662 -0.131762
vn 0.337227 0.937773 -0.082822
vn 0.180105 0.945346 0.271815
vn 0.421637 0.845706 0.327114
vn 0.552403 0.829485 0.082495
vn 0.180105 0.945346 0.271815
vn 0.013354 0.924321 0.381382
vn 0.334202 0.859950 0.385740
vn 0.421637 0.845706 0.327114
vn -0.528344 0.621259 -0.578697
vn -0.636403 0.392253 -0.664176
vn -0.702804 0.444901 -0.555094
vn -0.557435 0.646793 -0.520504
vn -0.636403 0.392253 -0.664176
vn -0.739605 0.095352 -0.666253
vn -0.842540 0.101492 -0.528985
vn -0.702804 0.444901 -0.555094
vn -0.739605 0.095352 -0.666253
vn -0.792345 -0.130150 -0.596029
vn -0.876117 -0.091207 -0.473392
vn -0.842540 0.101492 -0.528985
vn -0.557435 0.646793 -0.520504
vn -0.702804 0.444901 -0.555094
vn -0.841658 0.464124 -0.276046
vn -0.692709 0.668300 -0.271162
vn -0.702804 0.444901 -0.555094
vn -0.842540 0.101492 -0.528985
vn -0.958735 0.144361 -0.244924
vn -0.841658 0.464124 -0.276046
vn -0.842540 0.101492 -0.528985
vn -0.876117 -0.091207 -0.473392
vn -0.948102 -0.028289 -0.316706
vn -0.958735 0.144361 -0.244924
vn -0.692709 0.668300 -0.271162
vn -0.841658 0.464124 -0.276046
vn -0.893912 0.448131 0.009994
vn -0.780746 0.624849 -0.000317
vn -0.841658 0.464124 -0.276046
vn -0.958735 0.144361 -0.244924
vn -0.975826 0.218351 0.009266
vn -0.893912 0.448131 0.009994
vn -0.958735 0.144361 -0.244924
vn -0.948102 -0.028289 -0.316706
vn -0.990005 0.136076 -0.037050
vn -0.975826 0.218351 0.009266
vn -0.640349 0.762037 -0.096193
vn -0.397373 0.895730 -0.199405
vn -0.471435 0.830380 -0.297017
vn -0.673643 0.725271 -0.142081
vn -0.397373 0.895730 -0.199405
vn -0.079284 0.935280 -0.344913
vn -0.104097 0.860602 -0.498526
vn -0.471435 0.830380 -0.297017
vn -0.079284 0.935280 -0.344913
vn 0.160416 0.873640 -0.459369
vn 0.101688 0.807364 -0.581225
vn -0.104097 0.860602 -0.498526
vn -0.673643 0.725271 -0.142081
vn -0.471435 0.830380 -0.297017
vn -0.528368 0.652585 -0.543103
vn -0.731130 0.573960 -0.368807
vn -0.471435 0.830380 -0.297017
vn -0.104097 0.860602 -0.498526
vn -0.185290 0.664626 -0.723837
vn -0.528368 0.652585 -0.543103
vn -0.104097 0.860602 -0.498526
vn 0.101688 0.807364 -0.581225
vn 0.010508 0.705623 -0.708509
vn -0.185290 0.664626 -0.723837
vn -0.731130 0.573960 -0.368807
vn -0.528368 0.652585 -0.543103
vn -0.545368 0.423347 -0.723430
vn -0.721511 0.382828 -0.576944
vn -0.528368 0.652585 -0.543103
vn -0.185290 0.664626 -0.723837
vn -0.295568 0.451857 -0.841704
vn -0.545368 0.423347 -0.723430
vn -0.185290 0.664626 -0.723837
vn 0.010508 0.705623 -0.708509
vn -0.198442 0.494659 -0.846128
vn -0.295568 0.451857 -0.841704
vn 0.312335 0.945868 0.088211
vn 0.021267 0.993449 0.112284
vn 0.084468 0.968698 0.233431
vn 0.342608 0.928074 0.145941
vn 0.021267 0.993449 0.112284
vn -0.318791 0.930893 0.178354
vn -0.311932 0.885371 0.344697
vn 0.084468 0.968698 0.233431
vn -0.318791 0.930893 0.178354
vn -0.546807 0.799267 0.249349
vn -0.503550 0.770553 0.390751
vn -0.311932 0.885371 0.344697
vn 0.342608 0.928074 0.145941
vn 0.084468 0.968698 0.233431
vn 0.129854 0.847870 0.514057
vn 0.384975 0.830158 0.403277
vn 0.084468 0.968698 0.233431
vn -0.311932 0.885371 0.344697
vn -0.233213 0.754281 0.613737
vn 0.129854 0.847870 0.514057
vn -0.311932 0.885371 0.344697
vn -0.503550 0.770553 0.390751
vn -0.420718 0.721001 0.550594
vn -0.233213 0.754281 0.613737
vn 0.384975 0.830158 0.403277
vn 0.129854 0.847870 0.514057
vn 0.172515 0.658577 0.732472
vn 0.383908 0.669483 0.635930
vn 0.129854 0.847870 0.514057
vn -0.233213 0.754281 0.613737
vn -0.094753 0.607474 0.788668
vn 0.172515 0.658577 0.732472
vn -0.233213 0.754281 0.613737
vn -0.420718 0.721001 0.550594
vn -0.198126 0.613011 0.764829
vn -0.094753 0.607474 0.788668
vn 0.291968 0.955260 0.047251
vn 0.138925 0.968714 -0.205655
vn 0.062685 0.993754 -0.092323
vn 0.254368 0.961603 0.103036
vn 0.138925 0.968714 -0.205655
vn -0.098276 0.886391 -0.452386
vn -0.244943 0.899292 -0.362321
vn 0.062685 0.993754 -0.092323
vn -0.098276 0.886391 -0.452386
vn -0.299880 0.756079 -0.581736
vn -0.403868 0.781388 -0.475735
vn -0.244943 0.899292 -0.362321
vn 0.254368 0.961603 0.103036
vn 0.062685 0.993754 -0.092323
vn -0.177955 0.978866 0.100761
vn 0.036959 0.960099 0.277206
vn 0.062685 0.993754 -0.092323
vn -0.244943 0.899292 -0.362321
vn -0.461713 0.875466 -0.142760
vn -0.177955 0.978866 0.100761
vn -0.244943 0.899292 -0.362321
vn -0.403868 0.781388 -0.475735
vn -0.508525 0.798552 -0.322052
vn -0.461713 0.875466 -0.142760
vn 0.036959 0.960099 0.277206
vn -0.177955 0.978866 0.100761
vn -0.382996 0.879184 0.283459
vn -0.195187 0.886001 0.420601
vn -0.177955 0.978866 0.100761
vn -0.461713 0.875466 -0.142760
vn -0.573447 0.814071 0.091911
vn -0.382996 0.879184 0.283459
vn -0.461713 0.875466 -0.142760
vn -0.508525 0.798552 -0.322052
vn -0.603121 0.797602 -0.008752
vn -0.573447 0.814071 0.091911
vn -0.664340 0.639879 -0.386274
vn -0.825200 0.392320 -0.406362
vn -0.840652 0.459883 -0.286028
vn -0.666942 0.670069 -0.325878
vn -0.825200 0.392320 -0.406362
vn -0.939065 0.066473 -0.337252
vn -0.981943 0.081462 -0.170741
vn -0.840652 0.459883 -0.286028
vn -0.939065 0.066473 -0.337252
vn -0.958158 -0.180131 -0.222455
vn -0.988052 -0.129326 -0.083835
vn -0.981943 0.081462 -0.170741
vn -0.666942 0.670069 -0.325878
vn -0.840652 0.459883 -0.286028
vn -0.865491 0.500558 0.019159
vn -0.699529 0.712672 -0.052515
vn -0.840652 0.459883 -0.286028
vn -0.981943 0.081462 -0.170741
vn -0.980278 0.147437 0.131597
vn -0.865491 0.500558 0.019159
vn -0.981943 0.081462 -0.170741
vn -0.988052 -0.129326 -0.083835
vn -0.995413 -0.046748 0.083476
vn -0.980278 0.147437 0.131597
vn -0.699529 0.712672 -0.052515
vn -0.865491 0.500558 0.019159
vn -0.807357 0.504856 0.305443
vn -0.687572 0.689064 0.228989
vn -0.865491 0.500558 0.019159
vn -0.980278 0.147437 0.131597
vn -0.897413 0.248703 0.364412
vn -0.807357 0.504856 0.305443
vn -0.980278 0.147437 0.131597
vn -0.995413 -0.046748 0.083476
vn -0.929830 0.151852 0.335196
vn -0.897413 0.248703 0.364412
vn -0.003810 0.940066 0.340971
vn -0.008331 0.996773 0.079837
vn -0.134866 0.981871 0.133190
vn -0.066672 0.927170 0.368662
vn -0.008331 0.996773 0.079837
vn -0.064175 0.971437 -0.228457
vn -0.233926 0.946273 -0.223261
vn -0.134866 0.981871 0.133190
vn -0.064175 0.971437 -0.228457
vn -0.138678 0.886082 -0.442297
vn -0.286324 0.868863 -0.403850
vn -0.233926 0.946273 -0.223261
vn -0.066672 0.927170 0.368662
vn -0.134866 0.981871 0.133190
vn -0.430247 0.886862 0.168414
vn -0.338811 0.850966 0.401327
vn -0.134866 0.981871 0.133190
vn -0.233926 0.946273 -0.223261
vn -0.517988 0.840516 -0.158813
vn -0.430247 0.886862 0.168414
vn -0.233926 0.946273 -0.223261
vn -0.286324 0.868863 -0.403850
vn -0.450753 0.828143 -0.333169
vn -0.517988 0.840516 -0.158813
vn -0.338811 0.850966 0.401327
vn -0.430247 0.886862 0.168414
vn -0.667033 0.719298 0.194109
vn -0.588904 0.708514 0.388844
vn -0.430247 0.886862 0.168414
vn -0.517988 0.840516 -0.158813
vn -0.712321 0.700420 -0.044852
vn -0.667033 0.719298 0.194109
vn -0.517988 0.840516 -0.158813
vn -0.450753 0.828143 -0.333169
vn -0.685480 0.715421 -0.135239
vn -0.712321 0.700420 -0.044852
s off
g polySurface12
f 3420/3922/13301 3421/3923/13302 3425/3924/13303 3424/3925/13304
f 3421/3923/13305 3422/3926/13306 3426/3927/13307 3425/3924/13308
f 3422/3926/13309 3423/3928/13310 3427/3929/13311 3426/3927/13312
f 3424/3925/13313 3425/3924/13314 3429/3930/13315 3428/3931/13316
f 3425/3924/13317 3426/3927/13318 3430/3932/13319 3429/3930/13320
f 3426/3927/13321 3427/3929/13322 3431/3933/13323 3430/3932/13324
f 3428/3931/13325 3429/3930/13326 3433/3934/13327 3432/3935/13328
f 3429/3930/13329 3430/3932/13330 3434/3936/13331 3433/3934/13332
f 3430/3932/13333 3431/3933/13334 3435/3937/13335 3434/3936/13336
f 3436/3938/13337 3437/3939/13338 3441/3940/13339 3440/3941/13340
f 3437/3939/13341 3438/3942/13342 3442/3943/13343 3441/3940/13344
f 3438/3942/13345 3439/3944/13346 3443/3945/13347 3442/3943/13348
f 3440/3941/13349 3441/3940/13350 3445/3946/13351 3444/3947/13352
f 3441/3940/13353 3442/3943/13354 3446/3948/13355 3445/3946/13356
f 3442/3943/13357 3443/3945/13358 3447/3949/13359 3446/3948/13360
f 3444/3947/13361 3445/3946/13362 3449/3950/13363 3448/3951/13364
f 3445/3946/13365 3446/3948/13366 3450/3952/13367 3449/3950/13368
f 3446/3948/13369 3447/3949/13370 3451/3953/13371 3450/3952/13372
f 3452/3954/13373 3453/3955/13374 3457/3956/13375 3456/3957/13376
f 3453/3955/13377 3454/3958/13378 3458/3959/13379 3457/3956/13380
f 3454/3958/13381 3455/3960/13382 3459/3961/13383 3458/3959/13384
f 3456/3957/13385 3457/3956/13386 3461/3962/13387 3460/3963/13388
f 3457/3956/13389 3458/3959/13390 3462/3964/13391 3461/3962/13392
f 3458/3959/13393 3459/3961/13394 3463/3965/13395 3462/3964/13396
f 3460/3963/13397 3461/3962/13398 3465/3966/13399 3464/3967/13400
f 3461/3962/13401 3462/3964/13402 3466/3968/13403 3465/3966/13404
f 3462/3964/13405 3463/3965/13406 3467/3969/13407 3466/3968/13408
f 3468/3970/13409 3469/3971/13410 3473/3972/13411 3472/3973/13412
f 3469/3971/13413 3470/3974/13414 3474/3975/13415 3473/3972/13416
f 3470/3974/13417 3471/3976/13418 3475/3977/13419 3474/3975/13420
f 3472/3973/13421 3473/3972/13422 3477/3978/13423 3476/3979/13424
f 3473/3972/13425 3474/3975/13426 3478/3980/13427 3477/3978/13428
f 3474/3975/13429 3475/3977/13430 3479/3981/13431 3478/3980/13432
f 3476/3979/13433 3477/3978/13434 3481/3982/13435 3480/3983/13436
f 3477/3978/13437 3478/3980/13438 3482/3984/13439 3481/3982/13440
f 3478/3980/13441 3479/3981/13442 3483/3985/13443 3482/3984/13444
f 3484/3986/13445 3485/3987/13446 3489/3988/13447 3488/3989/13448
f 3485/3987/13449 3486/3990/13450 3490/3991/13451 3489/3988/13452
f 3486/3990/13453 3487/3992/13454 3491/3993/13455 3490/3991/13456
f 3488/3989/13457 3489/3988/13458 3493/3994/13459 3492/3995/13460
f 3489/3988/13461 3490/3991/13462 3494/3996/13463 3493/3994/13464
f 3490/3991/13465 3491/3993/13466 3495/3997/13467 3494/3996/13468
f 3492/3995/13469 3493/3994/13470 3497/3998/13471 3496/3999/13472
f 3493/3994/13473 3494/3996/13474 3498/4000/13475 3497/3998/13476
f 3494/3996/13477 3495/3997/13478 3499/4001/13479 3498/4000/13480
f 3500/4002/13481 3501/4003/13482 3505/4004/13483 3504/4005/13484
f 3501/4003/13485 3502/4006/13486 3506/4007/13487 3505/4004/13488
f 3502/4006/13489 3503/4008/13490 3507/4009/13491 3506/4007/13492
f 3504/4005/13493 3505/4004/13494 3509/4010/13495 3508/4011/13496
f 3505/4004/13497 3506/4007/13498 3510/4012/13499 3509/4010/13500
f 3506/4007/13501 3507/4009/13502 3511/4013/13503 3510/4012/13504
f 3508/4011/13505 3509/4010/13506 3513/4014/13507 3512/4015/13508
f 3509/4010/13509 3510/4012/13510 3514/4016/13511 3513/4014/13512
f 3510/4012/13513 3511/4013/13514 3515/4017/13515 3514/4016/13516
f 3516/4018/13517 3517/4019/13518 3521/4020/13519 3520/4021/13520
f 3517/4019/13521 3518/4022/13522 3522/4023/13523 3521/4020/13524
f 3518/4022/13525 3519/4024/13526 3523/4025/13527 3522/4023/13528
f 3520/4021/13529 3521/4020/13530 3525/4026/13531 3524/4027/13532
f 3521/4020/13533 3522/4023/13534 3526/4028/13535 3525/4026/13536
f 3522/4023/13537 3523/4025/13538 3527/4029/13539 3526/4028/13540
f 3524/4027/13541 3525/4026/13542 3529/4030/13543 3528/4031/13544
f 3525/4026/13545 3526/4028/13546 3530/4032/13547 3529/4030/13548
f 3526/4028/13549 3527/4029/13550 3531/4033/13551 3530/4032/13552
f 3532/4034/13553 3533/4035/13554 3537/4036/13555 3536/4037/13556
f 3533/4035/13557 3534/4038/13558 3538/4039/13559 3537/4036/13560
f 3534/4038/13561 3535/4040/13562 3539/4041/13563 3538/4039/13564
f 3536/4037/13565 3537/4036/13566 3541/4042/13567 3540/4043/13568
f 3537/4036/13569 3538/4039/13570 3542/4044/13571 3541/4042/13572
f 3538/4039/13573 3539/4041/13574 3543/4045/13575 3542/4044/13576
f 3540/4043/13577 3541/4042/13578 3545/4046/13579 3544/4047/13580
f 3541/4042/13581 3542/4044/13582 3546/4048/13583 3545/4046/13584
f 3542/4044/13585 3543/4045/13586 3547/4049/13587 3546/4048/13588
f 3548/4050/13589 3549/4051/13590 3553/4052/13591 3552/4053/13592
f 3549/4051/13593 3550/4054/13594 3554/4055/13595 3553/4052/13596
f 3550/4054/13597 3551/4056/13598 3555/4057/13599 3554/4055/13600
f 3552/4053/13601 3553/4052/13602 3557/4058/13603 3556/4059/13604
f 3553/4052/13605 3554/4055/13606 3558/4060/13607 3557/4058/13608
f 3554/4055/13609 3555/4057/13610 3559/4061/13611 3558/4060/13612
f 3556/4059/13613 3557/4058/13614 3561/4062/13615 3560/4063/13616
f 3557/4058/13617 3558/4060/13618 3562/4064/13619 3561/4062/13620
f 3558/4060/13621 3559/4061/13622 3563/4065/13623 3562/4064/13624
f 3564/4066/13625 3565/4067/13626 3569/4068/13627 3568/4069/13628
f 3565/4067/13629 3566/4070/13630 3570/4071/13631 3569/4068/13632
f 3566/4070/13633 3567/4072/13634 3571/4073/13635 3570/4071/13636
f 3568/4069/13637 3569/4068/13638 3573/4074/13639 3572/4075/13640
f 3569/4068/13641 3570/4071/13642 3574/4076/13643 3573/4074/13644
f 3570/4071/13645 3571/4073/13646 3575/4077/13647 3574/4076/13648
f 3572/4075/13649 3573/4074/13650 3577/4078/13651 3576/4079/13652
f 3573/4074/13653 3574/4076/13654 3578/4080/13655 3577/4078/13656
f 3574/4076/13657 3575/4077/13658 3579/4081/13659 3578/4080/13660
f 3580/4082/13661 3581/4083/13662 3585/4084/13663 3584/4085/13664
f 3581/4083/13665 3582/4086/13666 3586/4087/13667 3585/4084/13668
f 3582/4086/13669 3583/4088/13670 3587/4089/13671 3586/4087/13672
f 3584/4085/13673 3585/4084/13674 3589/4090/13675 3588/4091/13676
f 3585/4084/13677 3586/4087/13678 3590/4092/13679 3589/4090/13680
f 3586/4087/13681 3587/4089/13682 3591/4093/13683 3590/4092/13684
f 3588/4091/13685 3589/4090/13686 3593/4094/13687 3592/4095/13688
f 3589/4090/13689 3590/4092/13690 3594/4096/13691 3593/4094/13692
f 3590/4092/13693 3591/4093/13694 3595/4097/13695 3594/4096/13696
f 3596/4098/13697 3597/4099/13698 3601/4100/13699 3600/4101/13700
f 3597/4099/13701 3598/4102/13702 3602/4103/13703 3601/4100/13704
f 3598/4102/13705 3599/4104/13706 3603/4105/13707 3602/4103/13708
f 3600/4101/13709 3601/4100/13710 3605/4106/13711 3604/4107/13712
f 3601/4100/13713 3602/4103/13714 3606/4108/13715 3605/4106/13716
f 3602/4103/13717 3603/4105/13718 3607/4109/13719 3606/4108/13720
f 3604/4107/13721 3605/4106/13722 3609/4110/13723 3608/4111/13724
f 3605/4106/13725 3606/4108/13726 3610/4112/13727 3609/4110/13728
f 3606/4108/13729 3607/4109/13730 3611/4113/13731 3610/4112/13732
f 3612/4114/13733 3613/4115/13734 3617/4116/13735 3616/4117/13736
f 3613/4115/13737 3614/4118/13738 3618/4119/13739 3617/4116/13740
f 3614/4118/13741 3615/4120/13742 3619/4121/13743 3618/4119/13744
f 3616/4117/13745 3617/4116/13746 3621/4122/13747 3620/4123/13748
f 3617/4116/13749 3618/4119/13750 3622/4124/13751 3621/4122/13752
f 3618/4119/13753 3619/4121/13754 3623/4125/13755 3622/4124/13756
f 3620/4123/13757 3621/4122/13758 3625/4126/13759 3624/4127/13760
f 3621/4122/13761 3622/4124/13762 3626/4128/13763 3625/4126/13764
f 3622/4124/13765 3623/4125/13766 3627/4129/13767 3626/4128/13768
f 3628/4130/13769 3629/4131/13770 3633/4132/13771 3632/4133/13772
f 3629/4131/13773 3630/4134/13774 3634/4135/13775 3633/4132/13776
f 3630/4134/13777 3631/4136/13778 3635/4137/13779 3634/4135/13780
f 3632/4133/13781 3633/4132/13782 3637/4138/13783 3636/4139/13784
f 3633/4132/13785 3634/4135/13786 3638/4140/13787 3637/4138/13788
f 3634/4135/13789 3635/4137/13790 3639/4141/13791 3638/4140/13792
f 3636/4139/13793 3637/4138/13794 3641/4142/13795 3640/4143/13796
f 3637/4138/13797 3638/4140/13798 3642/4144/13799 3641/4142/13800
f 3638/4140/13801 3639/4141/13802 3643/4145/13803 3642/4144/13804
f 3644/4146/13805 3645/4147/13806 3649/4148/13807 3648/4149/13808
f 3645/4147/13809 3646/4150/13810 3650/4151/13811 3649/4148/13812
f 3646/4150/13813 3647/4152/13814 3651/4153/13815 3650/4151/13816
f 3648/4149/13817 3649/4148/13818 3653/4154/13819 3652/4155/13820
f 3649/4148/13821 3650/4151/13822 3654/4156/13823 3653/4154/13824
f 3650/4151/13825 3651/4153/13826 3655/4157/13827 3654/4156/13828
f 3652/4155/13829 3653/4154/13830 3657/4158/13831 3656/4159/13832
f 3653/4154/13833 3654/4156/13834 3658/4160/13835 3657/4158/13836
f 3654/4156/13837 3655/4157/13838 3659/4161/13839 3658/4160/13840
f 3660/4162/13841 3661/4163/13842 3665/4164/13843 3664/4165/13844
f 3661/4163/13845 3662/4166/13846 3666/4167/13847 3665/4164/13848
f 3662/4166/13849 3663/4168/13850 3667/4169/13851 3666/4167/13852
f 3664/4165/13853 3665/4164/13854 3669/4170/13855 3668/4171/13856
f 3665/4164/13857 3666/4167/13858 3670/4172/13859 3669/4170/13860
f 3666/4167/13861 3667/4169/13862 3671/4173/13863 3670/4172/13864
f 3668/4171/13865 3669/4170/13866 3673/4174/13867 3672/4175/13868
f 3669/4170/13869 3670/4172/13870 3674/4176/13871 3673/4174/13872
f 3670/4172/13873 3671/4173/13874 3675/4177/13875 3674/4176/13876
f 3676/4178/13877 3677/4179/13878 3681/4180/13879 3680/4181/13880
f 3677/4179/13881 3678/4182/13882 3682/4183/13883 3681/4180/13884
f 3678/4182/13885 3679/4184/13886 3683/4185/13887 3682/4183/13888
f 3680/4181/13889 3681/4180/13890 3685/4186/13891 3684/4187/13892
f 3681/4180/13893 3682/4183/13894 3686/4188/13895 3685/4186/13896
f 3682/4183/13897 3683/4185/13898 3687/4189/13899 3686/4188/13900
f 3684/4187/13901 3685/4186/13902 3689/4190/13903 3688/4191/13904
f 3685/4186/13905 3686/4188/13906 3690/4192/13907 3689/4190/13908
f 3686/4188/13909 3687/4189/13910 3691/4193/13911 3690/4192/13912
f 3692/4194/13913 3693/4195/13914 3697/4196/13915 3696/4197/13916
f 3693/4195/13917 3694/4198/13918 3698/4199/13919 3697/4196/13920
f 3694/4198/13921 3695/4200/13922 3699/4201/13923 3698/4199/13924
f 3696/4197/13925 3697/4196/13926 3701/4202/13927 3700/4203/13928
f 3697/4196/13929 3698/4199/13930 3702/4204/13931 3701/4202/13932
f 3698/4199/13933 3699/4201/13934 3703/4205/13935 3702/4204/13936
f 3700/4203/13937 3701/4202/13938 3705/4206/13939 3704/4207/13940
f 3701/4202/13941 3702/4204/13942 3706/4208/13943 3705/4206/13944
f 3702/4204/13945 3703/4205/13946 3707/4209/13947 3706/4208/13948
f 3708/4210/13949 3709/4211/13950 3713/4212/13951 3712/4213/13952
f 3709/4211/13953 3710/4214/13954 3714/4215/13955 3713/4212/13956
f 3710/4214/13957 3711/4216/13958 3715/4217/13959 3714/4215/13960
f 3712/4213/13961 3713/4212/13962 3717/4218/13963 3716/4219/13964
f 3713/4212/13965 3714/4215/13966 3718/4220/13967 3717/4218/13968
f 3714/4215/13969 3715/4217/13970 3719/4221/13971 3718/4220/13972
f 3716/4219/13973 3717/4218/13974 3721/4222/13975 3720/4223/13976
f 3717/4218/13977 3718/4220/13978 3722/4224/13979 3721/4222/13980
f 3718/4220/13981 3719/4221/13982 3723/4225/13983 3722/4224/13984
f 3724/4226/13985 3725/4227/13986 3729/4228/13987 3728/4229/13988
f 3725/4227/13989 3726/4230/13990 3730/4231/13991 3729/4228/13992
f 3726/4230/13993 3727/4232/13994 3731/4233/13995 3730/4231/13996
f 3728/4229/13997 3729/4228/13998 3733/4234/13999 3732/4235/14000
f 3729/4228/14001 3730/4231/14002 3734/4236/14003 3733/4234/14004
f 3730/4231/14005 3731/4233/14006 3735/4237/14007 3734/4236/14008
f 3732/4235/14009 3733/4234/14010 3737/4238/14011 3736/4239/14012
f 3733/4234/14013 3734/4236/14014 3738/4240/14015 3737/4238/14016
f 3734/4236/14017 3735/4237/14018 3739/4241/14019 3738/4240/14020
f 3740/4242/14021 3741/4243/14022 3745/4244/14023 3744/4245/14024
f 3741/4243/14025 3742/4246/14026 3746/4247/14027 3745/4244/14028
f 3742/4246/14029 3743/4248/14030 3747/4249/14031 3746/4247/14032
f 3744/4245/14033 3745/4244/14034 3749/4250/14035 3748/4251/14036
f 3745/4244/14037 3746/4247/14038 3750/4252/14039 3749/4250/14040
f 3746/4247/14041 3747/4249/14042 3751/4253/14043 3750/4252/14044
f 3748/4251/14045 3749/4250/14046 3753/4254/14047 3752/4255/14048
f 3749/4250/14049 3750/4252/14050 3754/4256/14051 3753/4254/14052
f 3750/4252/14053 3751/4253/14054 3755/4257/14055 3754/4256/14056
f 3756/4258/14057 3757/4259/14058 3761/4260/14059 3760/4261/14060
f 3757/4259/14061 3758/4262/14062 3762/4263/14063 3761/4260/14064
f 3758/4262/14065 3759/4264/14066 3763/4265/14067 3762/4263/14068
f 3760/4261/14069 3761/4260/14070 3765/4266/14071 3764/4267/14072
f 3761/4260/14073 3762/4263/14074 3766/4268/14075 3765/4266/14076
f 3762/4263/14077 3763/4265/14078 3767/4269/14079 3766/4268/14080
f 3764/4267/14081 3765/4266/14082 3769/4270/14083 3768/4271/14084
f 3765/4266/14085 3766/4268/14086 3770/4272/14087 3769/4270/14088
f 3766/4268/14089 3767/4269/14090 3771/4273/14091 3770/4272/14092
f 3772/4274/14093 3773/4275/14094 3777/4276/14095 3776/4277/14096
f 3773/4275/14097 3774/4278/14098 3778/4279/14099 3777/4276/14100
f 3774/4278/14101 3775/4280/14102 3779/4281/14103 3778/4279/14104
f 3776/4277/14105 3777/4276/14106 3781/4282/14107 3780/4283/14108
f 3777/4276/14109 3778/4279/14110 3782/4284/14111 3781/4282/14112
f 3778/4279/14113 3779/4281/14114 3783/4285/14115 3782/4284/14116
f 3780/4283/14117 3781/4282/14118 3785/4286/14119 3784/4287/14120
f 3781/4282/14121 3782/4284/14122 3786/4288/14123 3785/4286/14124
f 3782/4284/14125 3783/4285/14126 3787/4289/14127 3786/4288/14128
f 3788/4290/14129 3789/4291/14130 3793/4292/14131 3792/4293/14132
f 3789/4291/14133 3790/4294/14134 3794/4295/14135 3793/4292/14136
f 3790/4294/14137 3791/4296/14138 3795/4297/14139 3794/4295/14140
f 3792/4293/14141 3793/4292/14142 3797/4298/14143 3796/4299/14144
f 3793/4292/14145 3794/4295/14146 3798/4300/14147 3797/4298/14148
f 3794/4295/14149 3795/4297/14150 3799/4301/14151 3798/4300/14152
f 3796/4299/14153 3797/4298/14154 3801/4302/14155 3800/4303/14156
f 3797/4298/14157 3798/4300/14158 3802/4304/14159 3801/4302/14160
f 3798/4300/14161 3799/4301/14162 3803/4305/14163 3802/4304/14164
f 3804/4306/14165 3805/4307/14166 3809/4308/14167 3808/4309/14168
f 3805/4307/14169 3806/4310/14170 3810/4311/14171 3809/4308/14172
f 3806/4310/14173 3807/4312/14174 3811/4313/14175 3810/4311/14176
f 3808/4309/14177 3809/4308/14178 3813/4314/14179 3812/4315/14180
f 3809/4308/14181 3810/4311/14182 3814/4316/14183 3813/4314/14184
f 3810/4311/14185 3811/4313/14186 3815/4317/14187 3814/4316/14188
f 3812/4315/14189 3813/4314/14190 3817/4318/14191 3816/4319/14192
f 3813/4314/14193 3814/4316/14194 3818/4320/14195 3817/4318/14196
f 3814/4316/14197 3815/4317/14198 3819/4321/14199 3818/4320/14200
f 3820/4322/14201 3821/4323/14202 3825/4324/14203 3824/4325/14204
f 3821/4323/14205 3822/4326/14206 3826/4327/14207 3825/4324/14208
f 3822/4326/14209 3823/4328/14210 3827/4329/14211 3826/4327/14212
f 3824/4325/14213 3825/4324/14214 3829/4330/14215 3828/4331/14216
f 3825/4324/14217 3826/4327/14218 3830/4332/14219 3829/4330/14220
f 3826/4327/14221 3827/4329/14222 3831/4333/14223 3830/4332/14224
f 3828/4331/14225 3829/4330/14226 3833/4334/14227 3832/4335/14228
f 3829/4330/14229 3830/4332/14230 3834/4336/14231 3833/4334/14232
f 3830/4332/14233 3831/4333/14234 3835/4337/14235 3834/4336/14236
f 3836/4338/14237 3837/4339/14238 3841/4340/14239 3840/4341/14240
f 3837/4339/14241 3838/4342/14242 3842/4343/14243 3841/4340/14244
f 3838/4342/14245 3839/4344/14246 3843/4345/14247 3842/4343/14248
f 3840/4341/14249 3841/4340/14250 3845/4346/14251 3844/4347/14252
f 3841/4340/14253 3842/4343/14254 3846/4348/14255 3845/4346/14256
f 3842/4343/14257 3843/4345/14258 3847/4349/14259 3846/4348/14260
f 3844/4347/14261 3845/4346/14262 3849/4350/14263 3848/4351/14264
f 3845/4346/14265 3846/4348/14266 3850/4352/14267 3849/4350/14268
f 3846/4348/14269 3847/4349/14270 3851/4353/14271 3850/4352/14272
f 3852/4354/14273 3853/4355/14274 3857/4356/14275 3856/4357/14276
f 3853/4355/14277 3854/4358/14278 3858/4359/14279 3857/4356/14280
f 3854/4358/14281 3855/4360/14282 3859/4361/14283 3858/4359/14284
f 3856/4357/14285 3857/4356/14286 3861/4362/14287 3860/4363/14288
f 3857/4356/14289 3858/4359/14290 3862/4364/14291 3861/4362/14292
f 3858/4359/14293 3859/4361/14294 3863/4365/14295 3862/4364/14296
f 3860/4363/14297 3861/4362/14298 3865/4366/14299 3864/4367/14300
f 3861/4362/14301 3862/4364/14302 3866/4368/14303 3865/4366/14304
f 3862/4364/14305 3863/4365/14306 3867/4369/14307 3866/4368/14308
f 3868/4370/14309 3869/4371/14310 3873/4372/14311 3872/4373/14312
f 3869/4371/14313 3870/4374/14314 3874/4375/14315 3873/4372/14316
f 3870/4374/14317 3871/4376/14318 3875/4377/14319 3874/4375/14320
f 3872/4373/14321 3873/4372/14322 3877/4378/14323 3876/4379/14324
f 3873/4372/14325 3874/4375/14326 3878/4380/14327 3877/4378/14328
f 3874/4375/14329 3875/4377/14330 3879/4381/14331 3878/4380/14332
f 3876/4379/14333 3877/4378/14334 3881/4382/14335 3880/4383/14336
f 3877/4378/14337 3878/4380/14338 3882/4384/14339 3881/4382/14340
f 3878/4380/14341 3879/4381/14342 3883/4385/14343 3882/4384/14344
f 3884/4386/14345 3885/4387/14346 3889/4388/14347 3888/4389/14348
f 3885/4387/14349 3886/4390/14350 3890/4391/14351 3889/4388/14352
f 3886/4390/14353 3887/4392/14354 3891/4393/14355 3890/4391/14356
f 3888/4389/14357 3889/4388/14358 3893/4394/14359 3892/4395/14360
f 3889/4388/14361 3890/4391/14362 3894/4396/14363 3893/4394/14364
f 3890/4391/14365 3891/4393/14366 3895/4397/14367 3894/4396/14368
f 3892/4395/14369 3893/4394/14370 3897/4398/14371 3896/4399/14372
f 3893/4394/14373 3894/4396/14374 3898/4400/14375 3897/4398/14376
f 3894/4396/14377 3895/4397/14378 3899/4401/14379 3898/4400/14380
f 3900/4402/14381 3901/4403/14382 3905/4404/14383 3904/4405/14384
f 3901/4403/14385 3902/4406/14386 3906/4407/14387 3905/4404/14388
f 3902/4406/14389 3903/4408/14390 3907/4409/14391 3906/4407/14392
f 3904/4405/14393 3905/4404/14394 3909/4410/14395 3908/4411/14396
f 3905/4404/14397 3906/4407/14398 3910/4412/14399 3909/4410/14400
f 3906/4407/14401 3907/4409/14402 3911/4413/14403 3910/4412/14404
f 3908/4411/14405 3909/4410/14406 3913/4414/14407 3912/4415/14408
f 3909/4410/14409 3910/4412/14410 3914/4416/14411 3913/4414/14412
f 3910/4412/14413 3911/4413/14414 3915/4417/14415 3914/4416/14416
f 3916/4418/14417 3917/4419/14418 3921/4420/14419 3920/4421/14420
f 3917/4419/14421 3918/4422/14422 3922/4423/14423 3921/4420/14424
f 3918/4422/14425 3919/4424/14426 3923/4425/14427 3922/4423/14428
f 3920/4421/14429 3921/4420/14430 3925/4426/14431 3924/4427/14432
f 3921/4420/14433 3922/4423/14434 3926/4428/14435 3925/4426/14436
f 3922/4423/14437 3923/4425/14438 3927/4429/14439 3926/4428/14440
f 3924/4427/14441 3925/4426/14442 3929/4430/14443 3928/4431/14444
f 3925/4426/14445 3926/4428/14446 3930/4432/14447 3929/4430/14448
f 3926/4428/14449 3927/4429/14450 3931/4433/14451 3930/4432/14452
f 3932/4434/14453 3933/4435/14454 3937/4436/14455 3936/4437/14456
f 3933/4435/14457 3934/4438/14458 3938/4439/14459 3937/4436/14460
f 3934/4438/14461 3935/4440/14462 3939/4441/14463 3938/4439/14464
f 3936/4437/14465 3937/4436/14466 3941/4442/14467 3940/4443/14468
f 3937/4436/14469 3938/4439/14470 3942/4444/14471 3941/4442/14472
f 3938/4439/14473 3939/4441/14474 3943/4445/14475 3942/4444/14476
f 3940/4443/14477 3941/4442/14478 3945/4446/14479 3944/4447/14480
f 3941/4442/14481 3942/4444/14482 3946/4448/14483 3945/4446/14484
f 3942/4444/14485 3943/4445/14486 3947/4449/14487 3946/4448/14488
f 3948/4450/14489 3949/4451/14490 3953/4452/14491 3952/4453/14492
f 3949/4451/14493 3950/4454/14494 3954/4455/14495 3953/4452/14496
f 3950/4454/14497 3951/4456/14498 3955/4457/14499 3954/4455/14500
f 3952/4453/14501 3953/4452/14502 3957/4458/14503 3956/4459/14504
f 3953/4452/14505 3954/4455/14506 3958/4460/14507 3957/4458/14508
f 3954/4455/14509 3955/4457/14510 3959/4461/14511 3958/4460/14512
f 3956/4459/14513 3957/4458/14514 3961/4462/14515 3960/4463/14516
f 3957/4458/14517 3958/4460/14518 3962/4464/14519 3961/4462/14520
f 3958/4460/14521 3959/4461/14522 3963/4465/14523 3962/4464/14524
f 3964/4466/14525 3965/4467/14526 3969/4468/14527 3968/4469/14528
f 3965/4467/14529 3966/4470/14530 3970/4471/14531 3969/4468/14532
f 3966/4470/14533 3967/4472/14534 3971/4473/14535 3970/4471/14536
f 3968/4469/14537 3969/4468/14538 3973/4474/14539 3972/4475/14540
f 3969/4468/14541 3970/4471/14542 3974/4476/14543 3973/4474/14544
f 3970/4471/14545 3971/4473/14546 3975/4477/14547 3974/4476/14548
f 3972/4475/14549 3973/4474/14550 3977/4478/14551 3976/4479/14552
f 3973/4474/14553 3974/4476/14554 3978/4480/14555 3977/4478/14556
f 3974/4476/14557 3975/4477/14558 3979/4481/14559 3978/4480/14560
f 3980/4482/14561 3981/4483/14562 3985/4484/14563 3984/4485/14564
f 3981/4483/14565 3982/4486/14566 3986/4487/14567 3985/4484/14568
f 3982/4486/14569 3983/4488/14570 3987/4489/14571 3986/4487/14572
f 3984/4485/14573 3985/4484/14574 3989/4490/14575 3988/4491/14576
f 3985/4484/14577 3986/4487/14578 3990/4492/14579 3989/4490/14580
f 3986/4487/14581 3987/4489/14582 3991/4493/14583 3990/4492/14584
f 3988/4491/14585 3989/4490/14586 3993/4494/14587 3992/4495/14588
f 3989/4490/14589 3990/4492/14590 3994/4496/14591 3993/4494/14592
f 3990/4492/14593 3991/4493/14594 3995/4497/14595 3994/4496/14596
f 3996/4498/14597 3997/4499/14598 4001/4500/14599 4000/4501/14600
f 3997/4499/14601 3998/4502/14602 4002/4503/14603 4001/4500/14604
f 3998/4502/14605 3999/4504/14606 4003/4505/14607 4002/4503/14608
f 4000/4501/14609 4001/4500/14610 4005/4506/14611 4004/4507/14612
f 4001/4500/14613 4002/4503/14614 4006/4508/14615 4005/4506/14616
f 4002/4503/14617 4003/4505/14618 4007/4509/14619 4006/4508/14620
f 4004/4507/14621 4005/4506/14622 4009/4510/14623 4008/4511/14624
f 4005/4506/14625 4006/4508/14626 4010/4512/14627 4009/4510/14628
f 4006/4508/14629 4007/4509/14630 4011/4513/14631 4010/4512/14632
f 4012/4514/14633 4013/4515/14634 4017/4516/14635 4016/4517/14636
f 4013/4515/14637 4014/4518/14638 4018/4519/14639 4017/4516/14640
f 4014/4518/14641 4015/4520/14642 4019/4521/14643 4018/4519/14644
f 4016/4517/14645 4017/4516/14646 4021/4522/14647 4020/4523/14648
f 4017/4516/14649 4018/4519/14650 4022/4524/14651 4021/4522/14652
f 4018/4519/14653 4019/4521/14654 4023/4525/14655 4022/4524/14656
f 4020/4523/14657 4021/4522/14658 4025/4526/14659 4024/4527/14660
f 4021/4522/14661 4022/4524/14662 4026/4528/14663 4025/4526/14664
f 4022/4524/14665 4023/4525/14666 4027/4529/14667 4026/4528/14668
f 4028/4530/14669 4029/4531/14670 4033/4532/14671 4032/4533/14672
f 4029/4531/14673 4030/4534/14674 4034/4535/14675 4033/4532/14676
f 4030/4534/14677 4031/4536/14678 4035/4537/14679 4034/4535/14680
f 4032/4533/14681 4033/4532/14682 4037/4538/14683 4036/4539/14684
f 4033/4532/14685 4034/4535/14686 4038/4540/14687 4037/4538/14688
f 4034/4535/14689 4035/4537/14690 4039/4541/14691 4038/4540/14692
f 4036/4539/14693 4037/4538/14694 4041/4542/14695 4040/4543/14696
f 4037/4538/14697 4038/4540/14698 4042/4544/14699 4041/4542/14700
f 4038/4540/14701 4039/4541/14702 4043/4545/14703 4042/4544/14704
f 4044/4546/14705 4045/4547/14706 4049/4548/14707 4048/4549/14708
f 4045/4547/14709 4046/4550/14710 4050/4551/14711 4049/4548/14712
f 4046/4550/14713 4047/4552/14714 4051/4553/14715 4050/4551/14716
f 4048/4549/14717 4049/4548/14718 4053/4554/14719 4052/4555/14720
f 4049/4548/14721 4050/4551/14722 4054/4556/14723 4053/4554/14724
f 4050/4551/14725 4051/4553/14726 4055/4557/14727 4054/4556/14728
f 4052/4555/14729 4053/4554/14730 4057/4558/14731 4056/4559/14732
f 4053/4554/14733 4054/4556/14734 4058/4560/14735 4057/4558/14736
f 4054/4556/14737 4055/4557/14738 4059/4561/14739 4058/4560/14740
f 4060/4562/14741 4061/4563/14742 4065/4564/14743 4064/4565/14744
f 4061/4563/14745 4062/4566/14746 4066/4567/14747 4065/4564/14748
f 4062/4566/14749 4063/4568/14750 4067/4569/14751 4066/4567/14752
f 4064/4565/14753 4065/4564/14754 4069/4570/14755 4068/4571/14756
f 4065/4564/14757 4066/4567/14758 4070/4572/14759 4069/4570/14760
f 4066/4567/14761 4067/4569/14762 4071/4573/14763 4070/4572/14764
f 4068/4571/14765 4069/4570/14766 4073/4574/14767 4072/4575/14768
f 4069/4570/14769 4070/4572/14770 4074/4576/14771 4073/4574/14772
f 4070/4572/14773 4071/4573/14774 4075/4577/14775 4074/4576/14776
f 4076/4578/14777 4077/4579/14778 4081/4580/14779 4080/4581/14780
f 4077/4579/14781 4078/4582/14782 4082/4583/14783 4081/4580/14784
f 4078/4582/14785 4079/4584/14786 4083/4585/14787 4082/4583/14788
f 4080/4581/14789 4081/4580/14790 4085/4586/14791 4084/4587/14792
f 4081/4580/14793 4082/4583/14794 4086/4588/14795 4085/4586/14796
f 4082/4583/14797 4083/4585/14798 4087/4589/14799 4086/4588/14800
f 4084/4587/14801 4085/4586/14802 4089/4590/14803 4088/4591/14804
f 4085/4586/14805 4086/4588/14806 4090/4592/14807 4089/4590/14808
f 4086/4588/14809 4087/4589/14810 4091/4593/14811 4090/4592/14812
f 4092/4594/14813 4093/4595/14814 4097/4596/14815 4096/4597/14816
f 4093/4595/14817 4094/4598/14818 4098/4599/14819 4097/4596/14820
f 4094/4598/14821 4095/4600/14822 4099/4601/14823 4098/4599/14824
f 4096/4597/14825 4097/4596/14826 4101/4602/14827 4100/4603/14828
f 4097/4596/14829 4098/4599/14830 4102/4604/14831 4101/4602/14832
f 4098/4599/14833 4099/4601/14834 4103/4605/14835 4102/4604/14836
f 4100/4603/14837 4101/4602/14838 4105/4606/14839 4104/4607/14840
f 4101/4602/14841 4102/4604/14842 4106/4608/14843 4105/4606/14844
f 4102/4604/14845 4103/4605/14846 4107/4609/14847 4106/4608/14848
f 4108/4610/14849 4109/4611/14850 4113/4612/14851 4112/4613/14852
f 4109/4611/14853 4110/4614/14854 4114/4615/14855 4113/4612/14856
f 4110/4614/14857 4111/4616/14858 4115/4617/14859 4114/4615/14860
f 4112/4613/14861 4113/4612/14862 4117/4618/14863 4116/4619/14864
f 4113/4612/14865 4114/4615/14866 4118/4620/14867 4117/4618/14868
f 4114/4615/14869 4115/4617/14870 4119/4621/14871 4118/4620/14872
f 4116/4619/14873 4117/4618/14874 4121/4622/14875 4120/4623/14876
f 4117/4618/14877 4118/4620/14878 4122/4624/14879 4121/4622/14880
f 4118/4620/14881 4119/4621/14882 4123/4625/14883 4122/4624/14884
f 4124/4626/14885 4125/4627/14886 4129/4628/14887 4128/4629/14888
f 4125/4627/14889 4126/4630/14890 4130/4631/14891 4129/4628/14892
f 4126/4630/14893 4127/4632/14894 4131/4633/14895 4130/4631/14896
f 4128/4629/14897 4129/4628/14898 4133/4634/14899 4132/4635/14900
f 4129/4628/14901 4130/4631/14902 4134/4636/14903 4133/4634/14904
f 4130/4631/14905 4131/4633/14906 4135/4637/14907 4134/4636/14908
f 4132/4635/14909 4133/4634/14910 4137/4638/14911 4136/4639/14912
f 4133/4634/14913 4134/4636/14914 4138/4640/14915 4137/4638/14916
f 4134/4636/14917 4135/4637/14918 4139/4641/14919 4138/4640/14920
